event_slug,order,card,bout_type,division,fighter_1_corner,fighter_1_slug,fighter_1_uuid,fighter_1_weight,fighter_1_height,fighter_1_fist_size,fighter_1_odds,fighter_2_corner,fighter_2_slug,fighter_2_uuid,fighter_2_weight,fighter_2_height,fighter_2_fist_size,fighter_2_odds
bkfc-1-eight-man-heavyweight-tournament-quarterfinals,1,Main Card,,,blue,ricco-rodriguez,3b58b2cf-2552-492d-aaa0-68aad7e0ee1f,,1.94,,,red,lewis-rumsey,91ad1ee9-c83d-443b-9151-1a114a2aa4a6,,,,
bkfc-1-eight-man-heavyweight-tournament-quarterfinals,2,Main Card,,,blue,joey-beltran,c4feb944-078a-4d52-a5fa-4d235df52e3c,235.0,73.0,,,red,tony-krytonite-lopez,70bf98ab-5315-475a-b1ea-0d1f92099576,,,,
bkfc-1-eight-man-heavyweight-tournament-quarterfinals,3,Main Card,,,blue,joey-beltran,c4feb944-078a-4d52-a5fa-4d235df52e3c,235.0,73.0,,,red,tony-krytonite-lopez,70bf98ab-5315-475a-b1ea-0d1f92099576,,,,
bkfc-1-eight-man-heavyweight-tournament-quarterfinals,4,Main Card,,,blue,bec-rawlings,bd7470ea-ecf6-432b-9d41-821d30a84324,126.0,66.0,,,red,alma-garcia,6d317bbc-428f-4f31-9bdc-1bdd55f3684f,,,,
bkfc-1-eight-man-heavyweight-tournament-quarterfinals,5,Main Card,,,blue,sam-shewmaker,a9c1f02b-2fe2-4530-945d-dde15ba4fcf7,238.0,75.0,77cm,,red,eric-prindle,d98e2258-ad57-4320-b851-b400ccdc1be1,,,,
bkfc-1-eight-man-heavyweight-tournament-quarterfinals,6,Main Card,,,blue,bobby-gunn,c53e062d-71c4-4862-be29-0eb3fc1ed7b2,,1.8,,,red,irineu-beato-costa-junior,f80521a0-1314-4e82-8612-bb1122eb8227,,,,
bkfc-1-eight-man-heavyweight-tournament-quarterfinals,7,Main Card,,,blue,johnny-brutal-bedford,ffd4e798-2fd8-44e1-b26b-8ab327402f46,136.0,70.0,,,red,nick-mamalis,2216fa25-6be9-4bad-96e8-dc0b70381829,,,,
bkfc-1-eight-man-heavyweight-tournament-quarterfinals,8,Main Card,,,blue,reggie-barnett-jr,0fc95a6a-09ac-44ce-8acd-76f054abb63b,135.0,66.0,27cm,,red,travis-thompson,1cdf04cc-7a87-470a-a4a7-607bcba7ff6c,,,,
bkfc-1-eight-man-heavyweight-tournament-quarterfinals,9,Main Card,,,blue,maurice-jackson,bf4aa41f-e379-4bb8-a984-44a772e76cce,,2.06,,,red,dale-sopi,4679b4f8-8b98-4d93-a7a4-299f2bc9859d,,,,
bkfc-1-eight-man-heavyweight-tournament-quarterfinals,10,Main Card,,,blue,estevan-payan,77e8c9c2-9859-4454-b2a4-f48e11af4430,,1.78,,,red,omar-avelar,3bc3accd-0330-400f-8bb5-2a6ea61e1a09,,,,
bkfc-1-eight-man-heavyweight-tournament-quarterfinals,11,Main Card,Headline event,,blue,arnold-bomaye-adams,a6c314d6-4d6f-4183-9c2a-bdf0580b077f,246.0,75.0,34cm,,red,dj-linderman,e6d31ceb-6b29-4e80-8cb5-349362386b75,,,,
bkfc-2-rawlings-vs-hart,1,Main Card,,,blue,marcel-swift-stamps,4a39556d-3817-4f4e-b06a-919e6d95f197,185.0,75.0,,,red,brandon-martin,4c61bb05-06f6-4141-bf65-575e9acced78,,,,
bkfc-2-rawlings-vs-hart,2,Main Card,,,blue,jimmy-jennett,6688cccd-2e25-4fcb-95f0-6bea592324b8,,1.98,,,red,tony-krytonite-lopez,70bf98ab-5315-475a-b1ea-0d1f92099576,,,,
bkfc-2-rawlings-vs-hart,3,Main Card,,,blue,harris-stephenson,c53e5bb1-57ca-4d3f-90d3-2bd7e57dd949,185.0,74.0,12cm,,red,jorge-gonzalez-rolon,8f3009db-51ff-42bd-8328-a59e15814d05,,,,
bkfc-2-rawlings-vs-hart,4,Main Card,,,blue,reggie-barnett-jr,0fc95a6a-09ac-44ce-8acd-76f054abb63b,135.0,66.0,27cm,,red,clay-burns,5bca328f-8ab7-4635-b1f1-7277bd9f94c6,,,,
bkfc-2-rawlings-vs-hart,5,Main Card,,,blue,diego-garijo,48f541aa-fc2a-4f3a-a56a-ad2629913505,,1.76,,,red,tom-shoaff,a0aff456-c120-44aa-b36b-573f52f80dcc,,,,
bkfc-2-rawlings-vs-hart,6,Main Card,,,blue,jamie-campbell,4826dd39-6fbe-4025-ab01-6396bdddd766,,1.96,,,red,dale-sopi,4679b4f8-8b98-4d93-a7a4-299f2bc9859d,,,,
bkfc-2-rawlings-vs-hart,7,Main Card,,,blue,michael-mcdonald,23caaef3-b721-4653-82a6-44c9bacd54ba,,1.75,,,red,felony-charles-bennett,29f879ba-b752-4f10-a474-47e60f0ebaa0,,,,
bkfc-2-rawlings-vs-hart,8,Main Card,,,blue,kendall-grove,fa27d5e1-1526-46b7-bca9-a2e27c825c37,84.36,1.99,,,red,bruce-abramski,14bc83bb-4a9d-47f9-81a1-db2c1523e3c3,,,,
bkfc-2-rawlings-vs-hart,9,Main Card,,,blue,arnold-bomaye-adams,a6c314d6-4d6f-4183-9c2a-bdf0580b077f,246.0,75.0,34cm,,red,joey-beltran,c4feb944-078a-4d52-a5fa-4d235df52e3c,,,,
bkfc-2-rawlings-vs-hart,10,Main Card,,,blue,sam-shewmaker,a9c1f02b-2fe2-4530-945d-dde15ba4fcf7,238.0,75.0,77cm,,red,maurice-jackson,bf4aa41f-e379-4bb8-a984-44a772e76cce,,,,
bkfc-2-rawlings-vs-hart,11,Main Card,,,blue,chris-lytle,82c370f3-d683-4ffd-aba3-175efa5ab73b,,1.81,,,red,drew-lipton,554eaa2d-ba9b-4b86-8c6e-fba717b217a1,,,,
bkfc-2-rawlings-vs-hart,12,Main Card,Headline event,,blue,bec-rawlings,bd7470ea-ecf6-432b-9d41-821d30a84324,126.0,66.0,,,red,britain-hart,d8c8b412-15c7-4f58-91d0-888745652786,,,,
bkfc-3-adams-vs-shewmaker,1,Main Card,,,blue,mike-bisset,411d2a2e-f900-4d1f-9a73-25b2323ed2d2,,1.91,,,red,aaron-brink,35eaeae6-78e5-417d-b5f6-5acac87e6705,,,,
bkfc-3-adams-vs-shewmaker,2,Main Card,,,blue,elvin-brito,24688b86-dc55-452a-b371-1587f64b7780,160.0,68.0,31cm,,red,harris-stephenson,c53e5bb1-57ca-4d3f-90d3-2bd7e57dd949,,,,
bkfc-3-adams-vs-shewmaker,3,Main Card,,,blue,christine-ferea,25620a83-a11c-4e61-b7cf-8a42cb5667f1,125.0,65.0,,,red,jennifer-tate,ace88c39-54b7-4b4c-9b72-a2e973ca50f7,,,,
bkfc-3-adams-vs-shewmaker,4,Main Card,,,blue,abdiel-velazquez,ae902198-645f-4a9e-981f-ac55dcf95465,135.0,64.0,,,red,shawn-west,a0e2a49f-edf5-4050-8329-c6af97bbb363,,,,
bkfc-3-adams-vs-shewmaker,5,Main Card,,,blue,brok-weaver,d221be41-f967-4246-a6b6-c43d96396e24,,1.83,,,red,joe-riggs,7756b42a-4fa5-4688-9940-04d7ceb1cc38,,,,
bkfc-3-adams-vs-shewmaker,6,Main Card,,,blue,rusty-crowder,4535042c-9513-4f74-8983-c75f2c8e66a1,145.0,69.0,,,red,joe-pegg,b6aa174c-9449-42c6-8104-b89ad98a6ee2,,,,
bkfc-3-adams-vs-shewmaker,7,Main Card,,,blue,johnny-brutal-bedford,ffd4e798-2fd8-44e1-b26b-8ab327402f46,136.0,70.0,,,red,matt-murphy,cd298812-3f69-4606-85a6-edf2263f0a6b,,,,
bkfc-3-adams-vs-shewmaker,8,Main Card,,,blue,marcel-swift-stamps,4a39556d-3817-4f4e-b06a-919e6d95f197,185.0,75.0,,,red,kendall-grove,fa27d5e1-1526-46b7-bca9-a2e27c825c37,,,,
bkfc-3-adams-vs-shewmaker,9,Main Card,Headline event,,blue,arnold-bomaye-adams,a6c314d6-4d6f-4183-9c2a-bdf0580b077f,246.0,75.0,34cm,,red,sam-shewmaker,a9c1f02b-2fe2-4530-945d-dde15ba4fcf7,,,,
bkfc-4-usa-vs-mexico,1,Main Card,,,blue,shannon-ritch,e07df27e-cecc-4188-8526-03141903774b,,1.76,,,red,omar-molina,aa96d705-781e-444c-83f6-ee447fc2f7cf,,,,
bkfc-4-usa-vs-mexico,2,Main Card,,,blue,gilberto-aguilar,9c06cfbb-ea59-4ea6-9eb1-56c513bce72f,130.0,68.0,,,red,jose-guadalupe-ruelas-soto,13cc3d2a-aea2-4843-8d2d-88aa3acafa23,,,,
bkfc-4-usa-vs-mexico,3,Main Card,,,blue,sergio-herrea,c5ce2997-6ccf-4efa-af7a-828e345fe50f,,,,,red,jesus-quevedo,82ee5250-96a1-4e78-a728-f0e2f09aaf94,,,,
bkfc-4-usa-vs-mexico,4,Main Card,,,blue,ivan-rocka,b8c98485-d79e-4bba-b1d6-7cc620d35e9d,61.23,,,,red,travis-thompson,1cdf04cc-7a87-470a-a4a7-607bcba7ff6c,,,,
bkfc-4-usa-vs-mexico,5,Main Card,,,blue,alejandro-solorzano,20765206-1429-4ce2-a592-cf374ec872dc,120.0,,,,red,erik-leander,1200d7d4-c503-4295-81cc-825bc351780d,,,,
bkfc-4-usa-vs-mexico,6,Main Card,,,blue,tom-shoaff,a0aff456-c120-44aa-b36b-573f52f80dcc,155.0,72.0,,,red,diego-garijo,48f541aa-fc2a-4f3a-a56a-ad2629913505,,,,
bkfc-4-usa-vs-mexico,7,Main Card,,,blue,joe-riggs,7756b42a-4fa5-4688-9940-04d7ceb1cc38,185.0,72.0,,,red,rudo-tovar,08bef62e-5af4-43d8-8d6e-f583184c24f2,,,,
bkfc-4-usa-vs-mexico,8,Main Card,,,blue,jamie-arevalo,98e0bb0c-68b6-41d3-9c14-415f59f2a53e,121.0,,,,red,sam-shewmaker,a9c1f02b-2fe2-4530-945d-dde15ba4fcf7,,,,
bkfc-4-usa-vs-mexico,9,Main Card,,,blue,chris-lytle,82c370f3-d683-4ffd-aba3-175efa5ab73b,,1.81,,,red,jc-llamas,77589e65-d6a2-4434-a971-cd4ff78a1832,,,,
bkfc-4-usa-vs-mexico,10,Main Card,,,blue,joey-beltran,c4feb944-078a-4d52-a5fa-4d235df52e3c,235.0,73.0,,,red,tony-krytonite-lopez,70bf98ab-5315-475a-b1ea-0d1f92099576,,,,
bkfc-4-usa-vs-mexico,11,Main Card,,,blue,joey-beltran,c4feb944-078a-4d52-a5fa-4d235df52e3c,235.0,73.0,,,red,tony-krytonite-lopez,70bf98ab-5315-475a-b1ea-0d1f92099576,,,,
bkfc-4-usa-vs-mexico,12,Main Card,,,blue,joey-beltran,c4feb944-078a-4d52-a5fa-4d235df52e3c,235.0,73.0,,,red,tony-krytonite-lopez,70bf98ab-5315-475a-b1ea-0d1f92099576,,,,
bkfc-4-usa-vs-mexico,13,Main Card,,,blue,bec-rawlings,bd7470ea-ecf6-432b-9d41-821d30a84324,126.0,66.0,,,red,cecilia-ulloa-flores,e82de240-57e0-48cc-a79e-67170f48f8b1,,,,
bkfc-4-usa-vs-mexico,14,Main Card,Headline event,,blue,leonard-garcia,c2b6f7dd-d206-431e-9ddd-4463c082d8cc,145.0,70.0,,,red,julian-lane,db5938a5-558a-491a-a9a0-5b738fd0075a,,,,
bkfc-5-lobov-vs-knight,1,Main Card,,,blue,bobo-obannon,11437a8e-9d12-4b6e-9eed-d4b30b74cf68,255.0,74.0,,,red,troy-beets,a7353368-888e-40bc-91fa-25ccbddaa59f,,,,
bkfc-5-lobov-vs-knight,2,Main Card,,,blue,sheena-brandenburg,38bc1613-84f6-451f-a36e-96e266a2256d,56.7,1.66,,,red,ivana-coleman,c92592c9-5fc9-47c4-a2bb-5114a25166d5,,,,
bkfc-5-lobov-vs-knight,3,Main Card,,,blue,johnny-brutal-bedford,ffd4e798-2fd8-44e1-b26b-8ab327402f46,136.0,70.0,,,red,abdiel-velazquez,ae902198-645f-4a9e-981f-ac55dcf95465,,,,
bkfc-5-lobov-vs-knight,4,Main Card,,,blue,isaac-vallie-flagg,5d6610ac-408f-4bce-a12f-697d11bc55fa,,1.73,,,red,randy-hedderick,7f7dd2f3-bb29-4a23-b3f0-220694715dee,,,,
bkfc-5-lobov-vs-knight,5,Main Card,,,blue,reggie-barnett-jr,0fc95a6a-09ac-44ce-8acd-76f054abb63b,135.0,66.0,27cm,,red,rusty-crowder,4535042c-9513-4f74-8983-c75f2c8e66a1,,,,
bkfc-5-lobov-vs-knight,6,Main Card,,,blue,sam-shewmaker,a9c1f02b-2fe2-4530-945d-dde15ba4fcf7,238.0,75.0,77cm,,red,chase-sherman,e22b9a62-1446-4817-a89d-30b182a912b0,,,,
bkfc-5-lobov-vs-knight,7,Main Card,,,blue,christine-ferea,25620a83-a11c-4e61-b7cf-8a42cb5667f1,125.0,65.0,,,red,britain-hart,d8c8b412-15c7-4f58-91d0-888745652786,,,,
bkfc-5-lobov-vs-knight,8,Main Card,,,blue,chris-leben,2af4da22-99a0-49b6-bf33-51260d11447b,193.0,71.0,,,red,justin-baesman,69b9870d-c7ab-477b-9f9d-0bfb938643e1,,,,
bkfc-5-lobov-vs-knight,9,Main Card,,,blue,harris-stephenson,c53e5bb1-57ca-4d3f-90d3-2bd7e57dd949,185.0,74.0,12cm,,red,kaleb-lionheart-harris,845845ae-1bfc-478d-a33b-7fb1d5e591c5,,,,
bkfc-5-lobov-vs-knight,10,Main Card,Headline event,,blue,artem-lobov,82ea664b-1c6d-438c-aa5e-a67361806e82,,1.75,,,red,jason-knight,e380466a-7cfb-46d1-9ac2-c02b8896a12b,,,,
bkfc-6-malignaggi-vs-lobov,1,Main Card,,,blue,chris-boffil,6fc3e723-4571-47a2-afba-1412fe809a0f,92.98,1.78,,,red,jared-hayes,5a4c72d4-7c2d-4bba-87cc-48306c4a9042,,,,
bkfc-6-malignaggi-vs-lobov,2,Main Card,,,blue,abdiel-velazquez,ae902198-645f-4a9e-981f-ac55dcf95465,135.0,64.0,,,red,travis-thompson,1cdf04cc-7a87-470a-a4a7-607bcba7ff6c,,,,
bkfc-6-malignaggi-vs-lobov,3,Main Card,,,blue,david-mundell,d264f058-b892-4500-8a24-68c92659fdb0,175.0,69.0,30cm,,red,drew-lipton,554eaa2d-ba9b-4b86-8c6e-fba717b217a1,,,,
bkfc-6-malignaggi-vs-lobov,4,Main Card,,,blue,jim-the-beast-alers,cbf394f5-cd03-4dbb-a6e8-10da2627ce07,155.0,69.0,,,red,elvin-brito,24688b86-dc55-452a-b371-1587f64b7780,,,,
bkfc-6-malignaggi-vs-lobov,5,Main Card,,,blue,walber-brito-de-barros,8ee6c83c-67dc-4ba2-8e33-3f50b3511bcc,,1.83,,,red,joe-riggs,7756b42a-4fa5-4688-9940-04d7ceb1cc38,,,,
bkfc-6-malignaggi-vs-lobov,6,Main Card,,,blue,joey-beltran,c4feb944-078a-4d52-a5fa-4d235df52e3c,235.0,73.0,,,red,jamie-campbell,4826dd39-6fbe-4025-ab01-6396bdddd766,,,,
bkfc-6-malignaggi-vs-lobov,7,Main Card,,,blue,julian-lane,db5938a5-558a-491a-a9a0-5b738fd0075a,175.0,69.0,30cm,,red,tom-shoaff,a0aff456-c120-44aa-b36b-573f52f80dcc,,,,
bkfc-6-malignaggi-vs-lobov,8,Main Card,,,blue,johnny-brutal-bedford,ffd4e798-2fd8-44e1-b26b-8ab327402f46,136.0,70.0,,,red,reggie-barnett-jr,0fc95a6a-09ac-44ce-8acd-76f054abb63b,,,,
bkfc-6-malignaggi-vs-lobov,9,Main Card,,,blue,dakota-cochrane,c77fc41a-0f89-4535-887a-f2f26c9ef08f,185.0,67.0,31cm,,red,chris-leben,2af4da22-99a0-49b6-bf33-51260d11447b,,,,
bkfc-6-malignaggi-vs-lobov,10,Main Card,Headline event,,blue,artem-lobov,82ea664b-1c6d-438c-aa5e-a67361806e82,,1.75,,,red,paulie-malignaggi,9bbb71e2-55d5-47be-ac1e-9c74a465c7e0,,,,
bkfc-7-alers-vs-garcia,1,Main Card,,,blue,quentin-henry,59f76b5b-ee55-48a2-ab11-8fe379d31980,205.0,73.0,,,red,brandon-malbrough,110f19c3-78e1-445f-866d-39637a454e7e,,,,
bkfc-7-alers-vs-garcia,2,Main Card,,,blue,kaleb-lionheart-harris,845845ae-1bfc-478d-a33b-7fb1d5e591c5,164.0,71.0,,,red,johnavan-vistante,03b0c7c9-1f88-437a-9148-fca3b9adb8f3,,,,
bkfc-7-alers-vs-garcia,3,Main Card,,,blue,dale-sopi,4679b4f8-8b98-4d93-a7a4-299f2bc9859d,,1.8,,,red,juan-torres,e3a9c569-2ce1-4f21-b028-29c8ced1023d,,,,
bkfc-7-alers-vs-garcia,4,Main Card,,,blue,adam-pellerano,1fef26ac-1eb2-48eb-b262-6c2ea58ba4e3,155.0,71.0,,,red,josh-bourdeaux,5ffbfabc-dc7b-428d-96a9-33f768dd4692,,,,
bkfc-7-alers-vs-garcia,5,Main Card,,,blue,isaac-vallie-flagg,5d6610ac-408f-4bce-a12f-697d11bc55fa,,1.73,,,red,melvin-the-young-assassin-guillard,b8e9b7f7-3301-468e-bff9-058369d66d88,,,,
bkfc-7-alers-vs-garcia,6,Main Card,,,blue,helen-peralta,1144b620-5322-4e93-b764-5e2931c4a552,,1.55,,,red,christine-ferea,25620a83-a11c-4e61-b7cf-8a42cb5667f1,,,,
bkfc-7-alers-vs-garcia,7,Main Card,,,blue,chase-sherman,e22b9a62-1446-4817-a89d-30b182a912b0,2.53,,,,red,arnold-bomaye-adams,a6c314d6-4d6f-4183-9c2a-bdf0580b077f,,,,
bkfc-7-alers-vs-garcia,8,Main Card,Headline event,,blue,jim-the-beast-alers,cbf394f5-cd03-4dbb-a6e8-10da2627ce07,155.0,69.0,,,red,leonard-garcia,c2b6f7dd-d206-431e-9ddd-4463c082d8cc,,,,
bkfc-8-silva-vs-gonzaga,1,Main Card,,,blue,zach-juusola,e54aaa6e-5578-4c87-87b1-ebe13236aae1,77.292,1.8542,,,red,fred-pierce,78fc46cf-a765-421a-977c-bab595013792,,,,
bkfc-8-silva-vs-gonzaga,2,Main Card,,,blue,jared-warren,b1b22d17-ef2b-41b7-aac6-c24be38399de,185.0,73.0,34cm,,red,brian-maxwell,df0aaab1-0823-4aa0-b94e-54df9d3ad413,,,,
bkfc-8-silva-vs-gonzaga,3,Main Card,,,blue,gustavo-cuban-assassin-trujillo,d234d325-131a-4863-bde8-7524c7b673a0,217.0,76.0,,,red,robert-morrow,c86a46bd-b168-49d5-959a-ac2f28ee3973,,,,
bkfc-8-silva-vs-gonzaga,4,Main Card,,,blue,david-mundell,d264f058-b892-4500-8a24-68c92659fdb0,175.0,69.0,30cm,,red,ronnie-forney,4765e3e6-84ba-43e0-995a-195247651e95,,,,
bkfc-8-silva-vs-gonzaga,5,Main Card,,,blue,delaney-bailey,5c426c5c-3e2f-4844-8bd5-7b9b1c5c659c,120.0,61.0,,,red,sheena-brandenburg,38bc1613-84f6-451f-a36e-96e266a2256d,,,,
bkfc-8-silva-vs-gonzaga,6,Main Card,,,blue,joey-angelo,fc30c14a-2ee1-4560-a806-f0b0804a7592,,1.78,,,red,walber-brito-de-barros,8ee6c83c-67dc-4ba2-8e33-3f50b3511bcc,,,,
bkfc-8-silva-vs-gonzaga,7,Main Card,,,blue,lorenzo-the-juggernaut-hunt,3b7e8da2-1279-4f16-9160-bc6770d51634,185.0,72.0,32cm,,red,reggie-pena,95977de8-decd-4a1e-b5e6-e14668421ebf,,,,
bkfc-8-silva-vs-gonzaga,8,Main Card,,,blue,abdiel-velazquez,ae902198-645f-4a9e-981f-ac55dcf95465,135.0,64.0,,,red,rick-caruso,78fd8f9a-df07-4ae2-923f-93b15a0492a1,,,,
bkfc-8-silva-vs-gonzaga,9,Main Card,,,blue,dat-nguyen,e5b9626d-095a-43b9-b360-7443a81a7c21,152.0,67.0,,,red,travis-thompson,1cdf04cc-7a87-470a-a4a7-607bcba7ff6c,,,,
bkfc-8-silva-vs-gonzaga,10,Main Card,,,blue,jim-the-beast-alers,cbf394f5-cd03-4dbb-a6e8-10da2627ce07,155.0,69.0,,,red,julian-lane,db5938a5-558a-491a-a9a0-5b738fd0075a,,,,
bkfc-8-silva-vs-gonzaga,11,Main Card,Headline event,,blue,gabriel-gonzaga,08a0da36-2d03-4c3a-b6a1-10a08f08db79,,1.88,,,red,antonio-silva,6ace76b1-00e7-4599-a8b4-13e96b3075c9,,,,
bkfc-9-lobov-vs-knight-2,1,Main Card,,,blue,wes-the-soldier-combs,c1a0b38c-3d9f-4c21-bba2-994b44efcc67,230.0,73.0,,,red,adrian-miles,471ac193-81ac-4b8a-9f93-01eaee9d8f45,,,,
bkfc-9-lobov-vs-knight-2,2,Main Card,,,blue,joe-pegg,b6aa174c-9449-42c6-8104-b89ad98a6ee2,145.0,68.0,,,red,adam-pellerano,1fef26ac-1eb2-48eb-b262-6c2ea58ba4e3,,,,
bkfc-9-lobov-vs-knight-2,3,Main Card,,,blue,kaleb-lionheart-harris,845845ae-1bfc-478d-a33b-7fb1d5e591c5,164.0,71.0,,,red,jeff-chiffens,c09ff109-1706-4147-be47-355a1bafc787,,,,
bkfc-9-lobov-vs-knight-2,4,Main Card,,,blue,chris-sarro,23dc877b-d1a1-4f3b-9b18-c2112b935de4,230.0,73.0,,,red,john-mcallister,65d1a8af-d1d3-4684-8528-e0610c2b20eb,,,,
bkfc-9-lobov-vs-knight-2,5,Main Card,,,blue,kenny-licea,c68f91ed-25a4-40bc-98a9-b03bf7e4575f,170.0,72.0,,,red,harris-stephenson,c53e5bb1-57ca-4d3f-90d3-2bd7e57dd949,,,,
bkfc-9-lobov-vs-knight-2,6,Main Card,,,blue,helen-peralta,1144b620-5322-4e93-b764-5e2931c4a552,,1.55,,,red,maia-kahaunaele,36eeee86-48dc-454f-b0fa-fdc39d2684c9,,,,
bkfc-9-lobov-vs-knight-2,7,Main Card,,,blue,johnny-brutal-bedford,ffd4e798-2fd8-44e1-b26b-8ab327402f46,136.0,70.0,,,red,felony-charles-bennett,29f879ba-b752-4f10-a474-47e60f0ebaa0,,,,
bkfc-9-lobov-vs-knight-2,8,Main Card,,,blue,chase-sherman,e22b9a62-1446-4817-a89d-30b182a912b0,2.53,,,,red,joey-beltran,c4feb944-078a-4d52-a5fa-4d235df52e3c,,,,
bkfc-9-lobov-vs-knight-2,9,Main Card,Headline event,,blue,jason-knight,e380466a-7cfb-46d1-9ac2-c02b8896a12b,,1.78,,,red,artem-lobov,82ea664b-1c6d-438c-aa5e-a67361806e82,,,,
bkfc-10-lombard-vs-mundell,1,Main Card,,,blue,reggie-barnett-jr,0fc95a6a-09ac-44ce-8acd-76f054abb63b,135.0,66.0,27cm,,red,matt-murphy,cd298812-3f69-4606-85a6-edf2263f0a6b,,,,
bkfc-10-lombard-vs-mundell,2,Main Card,,,blue,travis-thompson,1cdf04cc-7a87-470a-a4a7-607bcba7ff6c,135.0,66.0,,,red,josh-bourdeaux,5ffbfabc-dc7b-428d-96a9-33f768dd4692,,,,
bkfc-10-lombard-vs-mundell,3,Main Card,,,blue,francesco-ricchi,a0a39342-c784-406b-8658-1d00273a70b1,175.0,75.0,33cm,,red,fred-pierce,78fc46cf-a765-421a-977c-bab595013792,,,,
bkfc-10-lombard-vs-mundell,4,Main Card,,,blue,gustavo-cuban-assassin-trujillo,d234d325-131a-4863-bde8-7524c7b673a0,217.0,76.0,,,red,lorenzo-the-juggernaut-hunt,3b7e8da2-1279-4f16-9160-bc6770d51634,,,,
bkfc-10-lombard-vs-mundell,5,Main Card,,,blue,dat-nguyen,e5b9626d-095a-43b9-b360-7443a81a7c21,152.0,67.0,,,red,abdiel-velazquez,ae902198-645f-4a9e-981f-ac55dcf95465,,,,
bkfc-10-lombard-vs-mundell,6,Main Card,,,blue,uly-monster-diaz,ac5310c5-3630-4b7a-b6a8-c1f574ad83fb,200.0,70.0,,,red,brian-maxwell,df0aaab1-0823-4aa0-b94e-54df9d3ad413,,,,
bkfc-10-lombard-vs-mundell,7,Main Card,,,blue,luis-baboon-palomino,f5cac268-2f02-44d3-9c0e-629399487752,165.0,69.0,31cm,,red,elvin-brito,24688b86-dc55-452a-b371-1587f64b7780,,,,
bkfc-10-lombard-vs-mundell,8,Main Card,,,blue,jim-the-beast-alers,cbf394f5-cd03-4dbb-a6e8-10da2627ce07,155.0,69.0,,,red,kaleb-lionheart-harris,845845ae-1bfc-478d-a33b-7fb1d5e591c5,,,,
bkfc-10-lombard-vs-mundell,9,Main Card,Headline event,,blue,hector-lightning-lombard,a1dcb635-a395-4e99-ba4a-3e0d239d284e,88.45,1.8,,,red,david-mundell,d264f058-b892-4500-8a24-68c92659fdb0,,,,
bkfc-11-vallie-flagg-vs-palomino,1,Main Card,,,blue,tee-cummins,51cad3df-4107-4c2b-8b77-4b368adb4dfd,92.53,1.83,,,red,john-mcallister,65d1a8af-d1d3-4684-8528-e0610c2b20eb,,,,
bkfc-11-vallie-flagg-vs-palomino,2,Main Card,,,blue,will-chope,f959c66c-0cdd-4ac8-93d1-9575b60f6abd,77.11,1.94,,,red,joe-elmore,7251f411-9e2e-471d-9037-4098a9607bfa,,,,
bkfc-11-vallie-flagg-vs-palomino,3,Main Card,,,blue,chris-sarro,23dc877b-d1a1-4f3b-9b18-c2112b935de4,230.0,73.0,,,red,victor-jones,ea8f5f6b-1486-4fec-b2ec-07c5cae28e57,,,,
bkfc-11-vallie-flagg-vs-palomino,4,Main Card,,,blue,bobby-taylor,521c75fd-d9a1-45e9-88fa-9280c1405192,155.0,68.0,32cm,,red,louis-hernandez,5b705740-6da0-44db-a28f-29b93d9785cb,,,,
bkfc-11-vallie-flagg-vs-palomino,5,Main Card,,,blue,codie-shuffield,e8a5600c-2b96-475a-a74d-808a2e8e8b12,92.98,,,,red,herbert-morgan,ac1731db-2814-44d0-ba61-e08cd58a5e81,,,,
bkfc-11-vallie-flagg-vs-palomino,6,Main Card,,,blue,elvin-brito,24688b86-dc55-452a-b371-1587f64b7780,160.0,68.0,31cm,,red,kaleb-lionheart-harris,845845ae-1bfc-478d-a33b-7fb1d5e591c5,,,,
bkfc-11-vallie-flagg-vs-palomino,7,Main Card,,,blue,dillon-cleckler,cc84d0ac-249d-44aa-9c60-a424cd8b71d0,265.0,75.0,35cm,,red,frank-tate,89d7eae4-9fcb-4f69-842d-b04283d49de2,,,,
bkfc-11-vallie-flagg-vs-palomino,8,Main Card,,,blue,isaac-vallie-flagg,5d6610ac-408f-4bce-a12f-697d11bc55fa,,1.73,,,red,luis-baboon-palomino,f5cac268-2f02-44d3-9c0e-629399487752,,,,
bkfc-12-alves-vs-lane,1,Main Card,,,blue,rusty-crowder,4535042c-9513-4f74-8983-c75f2c8e66a1,145.0,69.0,,,red,jacob-brunelle,0fd6daf0-b4c5-45dd-b005-54f475654921,,,,
bkfc-12-alves-vs-lane,2,Main Card,,,blue,robert-washington,db1e3cd0-cbb2-46ef-872d-d2af729e85d5,169.0,71.0,,,red,kenmon-evans,f5c78a9b-b1ed-421d-8daa-138c7e50c0d5,,,,
bkfc-12-alves-vs-lane,3,Main Card,,,blue,joe-elmore,7251f411-9e2e-471d-9037-4098a9607bfa,175.0,68.0,13cm,,red,tom-shoaff,a0aff456-c120-44aa-b36b-573f52f80dcc,,,,
bkfc-12-alves-vs-lane,4,Main Card,,,blue,jarod-grant,ef9fb879-1396-4156-9f97-dcba1ae05e1d,145.0,67.0,,,red,josh-bourdeaux,5ffbfabc-dc7b-428d-96a9-33f768dd4692,,,,
bkfc-12-alves-vs-lane,5,Main Card,,,blue,josh-dyer,c5dd048e-6bd6-44ab-b46d-0bde81378330,185.0,71.0,33cm,,red,jared-warren,b1b22d17-ef2b-41b7-aac6-c24be38399de,,,,
bkfc-12-alves-vs-lane,6,Main Card,,,blue,lorenzo-the-juggernaut-hunt,3b7e8da2-1279-4f16-9160-bc6770d51634,185.0,72.0,32cm,,red,erick-lozano,bd19a914-b42a-43d5-92da-ce9996ffbff3,,,,
bkfc-12-alves-vs-lane,7,Main Card,,,blue,christine-ferea,25620a83-a11c-4e61-b7cf-8a42cb5667f1,125.0,65.0,,,red,calie-cutler,b54afe93-7de8-415a-adc5-59f70be8042c,,,,
bkfc-12-alves-vs-lane,8,Main Card,,,blue,reggie-barnett-jr,0fc95a6a-09ac-44ce-8acd-76f054abb63b,135.0,66.0,27cm,,red,abdiel-velazquez,ae902198-645f-4a9e-981f-ac55dcf95465,,,,
bkfc-12-alves-vs-lane,9,Main Card,Co Headline event,,blue,hector-lightning-lombard,a1dcb635-a395-4e99-ba4a-3e0d239d284e,88.45,1.8,,,red,kendall-grove,fa27d5e1-1526-46b7-bca9-a2e27c825c37,,,,
bkfc-12-alves-vs-lane,10,Main Card,Headline event,,blue,thiago-pitbull-alves,9e2b5205-eec8-4ba8-b2cb-799f3f78dfd1,190.0,70.0,,,red,julian-lane,db5938a5-558a-491a-a9a0-5b738fd0075a,,,,
bkfc-13-beltran-vs-stamps,1,Prelims,Undercard,Men Flyweight,blue,miles-mcdonald,82449985-9a7f-4493-b18b-4be5dc41a8a7,56.0,1.7,,,red,kendrick-latchman,1d277138-6e95-467e-9595-14676c4e8f4c,,,,
bkfc-13-beltran-vs-stamps,2,Prelims,Undercard,Featherweight,blue,john-hollis,c2768dc6-2156-43be-952f-6fb8aaefdef1,65.31,1.73,,,red,fred-pierce,78fc46cf-a765-421a-977c-bab595013792,,,,
bkfc-13-beltran-vs-stamps,3,Main Card,,,blue,lj-hermreck,aed65ef9-5df5-4da2-b0ed-e08e46f09286,165.0,70.0,,,red,rowdy-akers,048864fa-cc4e-4933-9530-8273d677dd83,,,,
bkfc-13-beltran-vs-stamps,4,Main Card,,,blue,jack-lawless-freriks,ff635437-8c1a-4176-8f9a-a17479896543,170.0,75.0,,,red,antonio-hernandez,9c030ae8-b64c-4146-959e-da77a62466d2,,,,
bkfc-13-beltran-vs-stamps,5,Main Card,,,blue,isaac-doolittle,96528a4b-8845-4aee-9742-dc49d70b4db1,185.0,70.0,,,red,brandon-boss-hogg-johnson,8589074c-e9d6-4972-b4c5-4c9c323aa80a,,,,
bkfc-13-beltran-vs-stamps,6,Main Card,,,blue,austin-levine,79f706f7-014d-4319-a3b5-11689c2bdcc8,119.75,1.83,,,red,bill-dieckhoff,ea3fecd1-1d19-4a29-b760-4beb15764aed,,,,
bkfc-13-beltran-vs-stamps,7,Main Card,,,blue,david-the-caveman-rickels,335d1143-8ff2-4698-aed3-f658855403a2,188.0,71.0,,,red,cliff-wright-jr,469e4ff0-aa2b-447f-a07a-a623200b550a,,,,
bkfc-13-beltran-vs-stamps,8,Main Card,,,blue,nico-hernandez,1afcc453-c6ee-4b67-ae8a-d510663cf8ac,52.16,1.63,,,red,chancey-wilson,b5915360-b597-4ccf-9de2-3393f779724f,,,,
bkfc-13-beltran-vs-stamps,9,Main Card,Championship Bout,,blue,joey-beltran,c4feb944-078a-4d52-a5fa-4d235df52e3c,235.0,73.0,,,red,marcel-swift-stamps,4a39556d-3817-4f4e-b06a-919e6d95f197,,,,
bkfc-14-palomino-vs-alers,1,Prelims,Undercard,Middleweight,blue,kenmon-evans,f5c78a9b-b1ed-421d-8daa-138c7e50c0d5,79.37,1.8,,,red,sedric-johnson,174de502-9835-408b-bd23-d952cb8a9dfc,,,,
bkfc-14-palomino-vs-alers,2,Prelims,Undercard,Middleweight,blue,fred-pierce,78fc46cf-a765-421a-977c-bab595013792,86.18,1.83,,,red,alan-the-rebel-arzeno,c83f3491-8af3-4579-8fc6-300f7bf2f25d,,,,
bkfc-14-palomino-vs-alers,3,Main Card,,,blue,lorenzo-the-juggernaut-hunt,3b7e8da2-1279-4f16-9160-bc6770d51634,185.0,72.0,32cm,,red,davian-green,539ade5b-2a5f-4b51-9841-646d7806383b,,,,
bkfc-14-palomino-vs-alers,4,Main Card,,,blue,eddie-hoch,536b6cdc-76b8-4e31-96ad-09fcb955986e,155.0,69.0,,,red,jeff-chiffens,c09ff109-1706-4147-be47-355a1bafc787,,,,
bkfc-14-palomino-vs-alers,5,Main Card,,,blue,jarod-grant,ef9fb879-1396-4156-9f97-dcba1ae05e1d,145.0,67.0,,,red,chris-johnson,f20fe0d6-bbcf-4328-942b-4455d5bdccdc,,,,
bkfc-14-palomino-vs-alers,6,Main Card,,,blue,uly-monster-diaz,ac5310c5-3630-4b7a-b6a8-c1f574ad83fb,200.0,70.0,,,red,donelei-benedetto,e8c0123e-928c-4f61-bab2-f40c7775e077,,,,
bkfc-14-palomino-vs-alers,7,Main Card,,,blue,francesco-ricchi,a0a39342-c784-406b-8658-1d00273a70b1,175.0,75.0,33cm,,red,noah-cutter,d2f914df-9085-4848-8a1b-5eb85527cab7,,,,
bkfc-14-palomino-vs-alers,8,Main Card,,,blue,britain-hart,d8c8b412-15c7-4f58-91d0-888745652786,123.0,67.0,25cm,,red,randine-eckholm,4bd0e687-1dab-4924-aa47-6e52bf7101d2,,,,
bkfc-14-palomino-vs-alers,9,Main Card,,,blue,brutal-jake-bostwick,9ba2f9b1-2391-45dd-a6c9-dd74a3c00bc6,175.0,68.0,32cm,,red,tyler-vogel,81f26753-69f4-4392-b8bd-bdb550499b6e,,,,
bkfc-14-palomino-vs-alers,10,Main Card,Championship Bout,,blue,luis-baboon-palomino,f5cac268-2f02-44d3-9c0e-629399487752,165.0,69.0,31cm,,red,jim-the-beast-alers,cbf394f5-cd03-4dbb-a6e8-10da2627ce07,,,,
bkfc-15-obannon-vs-shewmaker,1,Prelims,Undercard,Lightweight,blue,rusty-crowder,4535042c-9513-4f74-8983-c75f2c8e66a1,145.0,69.0,,,red,adam-pellerano,1fef26ac-1eb2-48eb-b262-6c2ea58ba4e3,,,,
bkfc-15-obannon-vs-shewmaker,2,Prelims,Undercard,Heavyweight,blue,lewis-rumsey,91ad1ee9-c83d-443b-9151-1a114a2aa4a6,228.0,71.0,32cm,,red,adrian-miles,471ac193-81ac-4b8a-9f93-01eaee9d8f45,,,,
bkfc-15-obannon-vs-shewmaker,3,Main Card,,,blue,quentin-henry,59f76b5b-ee55-48a2-ab11-8fe379d31980,205.0,73.0,,,red,jason-fann,b4db3fc4-ddf7-43c7-93d0-d2f60fe0ae5f,,,,
bkfc-15-obannon-vs-shewmaker,4,Main Card,,,blue,harris-stephenson,c53e5bb1-57ca-4d3f-90d3-2bd7e57dd949,185.0,74.0,12cm,,red,drew-lipton,554eaa2d-ba9b-4b86-8c6e-fba717b217a1,,,,
bkfc-15-obannon-vs-shewmaker,5,Main Card,,,blue,brad-machine-gun-kelly,ca3a8ff6-7834-4c85-9caf-a7ab3ea4923f,165.0,68.0,,,red,kaine-tomlinson-sr,dd2e0809-836e-485d-b2bb-64d7b8ebc4ba,,,,
bkfc-15-obannon-vs-shewmaker,6,Main Card,,,blue,sheena-brandenburg,38bc1613-84f6-451f-a36e-96e266a2256d,56.7,1.66,,,red,jenny-savage,7fb61c13-e2f8-4dde-852f-9705c73660fb,,,,
bkfc-15-obannon-vs-shewmaker,7,Main Card,,,blue,chris-sarro,23dc877b-d1a1-4f3b-9b18-c2112b935de4,230.0,73.0,,,red,josh-burns,12a4e836-4a1d-45ce-bf91-de90657cd6f7,,,,
bkfc-15-obannon-vs-shewmaker,8,Main Card,,,blue,dakota-cochrane,c77fc41a-0f89-4535-887a-f2f26c9ef08f,185.0,67.0,31cm,,red,tyler-vogel,81f26753-69f4-4392-b8bd-bdb550499b6e,,,,
bkfc-15-obannon-vs-shewmaker,9,Main Card,,,blue,tyler-goodjohn,b837efb4-924a-4edf-9979-836a16dfe1f9,154.0,69.0,,,red,felony-charles-bennett,29f879ba-b752-4f10-a474-47e60f0ebaa0,,,,
bkfc-15-obannon-vs-shewmaker,10,Main Card,Headline event,,blue,bobo-obannon,11437a8e-9d12-4b6e-9eed-d4b30b74cf68,255.0,74.0,,,red,sam-shewmaker,a9c1f02b-2fe2-4530-945d-dde15ba4fcf7,,,,
knucklemania,1,Main Card,,,blue,jarod-grant,ef9fb879-1396-4156-9f97-dcba1ae05e1d,145.0,67.0,,,red,brandon-lambert,b444e3e9-1e37-4a33-b960-65e95f92e1f9,,,,
knucklemania,2,Main Card,,,blue,david-morgan,8770eccc-a515-466c-940a-eecfea6d52c0,65.77,,,,red,travis-thompson,1cdf04cc-7a87-470a-a4a7-607bcba7ff6c,,,,
knucklemania,3,Main Card,,,blue,taylor-starling,7c806f80-1893-422a-aeee-3a26316d6f23,125.0,67.0,25cm,,red,charisa-sigala,8a19627e-86f0-43ab-8d17-d8df8e0b6df5,,,,
knucklemania,4,Main Card,,,blue,dillon-cleckler,cc84d0ac-249d-44aa-9c60-a424cd8b71d0,265.0,75.0,35cm,,red,chris-big-boy-jensen,1c4bb745-dd0a-4fd3-aedb-fb10216696ce,,,,
knucklemania,5,Main Card,,,blue,haim-gozali,14feb1bc-8d59-4cd9-a302-1e08d11f464a,184.0,71.0,,,red,john-mcallister,65d1a8af-d1d3-4684-8528-e0610c2b20eb,,,,
knucklemania,6,Main Card,,,blue,greg-bono,27707e79-7636-47b5-a0a6-805bf2b9c7a0,145.0,66.0,,,red,john-chalbeck,9a2182b6-005b-4608-9e34-2db57a1ae920,,,,
knucklemania,7,Main Card,,,blue,lorenzo-the-juggernaut-hunt,3b7e8da2-1279-4f16-9160-bc6770d51634,185.0,72.0,32cm,,red,robert-morrow,c86a46bd-b168-49d5-959a-ac2f28ee3973,,,,
knucklemania,8,Main Card,,,blue,zach-zane,7983e2e9-b26c-4f47-b847-941b1a47c3c6,170.0,70.0,31cm,,red,martin-trey-brown,0f1a0dfd-d051-4a04-8756-7d114af3cf9f,,,,
knucklemania,9,Main Card,,,blue,chris-leben,2af4da22-99a0-49b6-bf33-51260d11447b,193.0,71.0,,,red,quentin-henry,59f76b5b-ee55-48a2-ab11-8fe379d31980,,,,
knucklemania,10,Main Card,Championship Bout,,blue,dat-nguyen,e5b9626d-095a-43b9-b360-7443a81a7c21,152.0,67.0,,,red,johnny-brutal-bedford,ffd4e798-2fd8-44e1-b26b-8ab327402f46,,,,
knucklemania,11,Main Card,Headline event,,blue,britain-hart,d8c8b412-15c7-4f58-91d0-888745652786,123.0,67.0,25cm,,red,paige-vanzant,9698924f-de43-4a2c-9ae7-dcaaf84d09ec,,,,
bkfc-16-garcia-vs-elmore,1,Prelims,Undercard,Cruiserweight,blue,ryan-jones,006f6b5a-aaa3-4fd6-8bcb-8608afb1adc6,185.0,71.0,,,red,eric-thompson,67bb5f16-139e-443d-aea1-932c5df9cf40,,,,
bkfc-16-garcia-vs-elmore,2,Prelims,Undercard,Light Heavyweight,blue,tyler-hill,c4e47334-7e0e-4199-8091-3bc63e10afaa,185.0,75.0,,,red,zion-tomlinson,f3578562-bd21-4df5-82fd-ef1d7615d653,,,,
bkfc-16-garcia-vs-elmore,3,Main Card,,,blue,brad-machine-gun-kelly,ca3a8ff6-7834-4c85-9caf-a7ab3ea4923f,165.0,68.0,,,red,elvin-brito,24688b86-dc55-452a-b371-1587f64b7780,,,,
bkfc-16-garcia-vs-elmore,4,Main Card,,,blue,david-diaz,1e0b8e36-e2bf-4230-9ac6-d3e82a715eff,135.0,65.0,,,red,spencer-ruggeri,056df99c-e364-44ce-a7d0-f0f979259761,,,,
bkfc-16-garcia-vs-elmore,5,Main Card,,,blue,adrian-miles,471ac193-81ac-4b8a-9f93-01eaee9d8f45,210.0,71.0,,,red,jason-fish,3cffac11-4622-48fc-8ec8-01722970a2b6,,,,
bkfc-16-garcia-vs-elmore,6,Main Card,,,blue,melvin-the-young-assassin-guillard,b8e9b7f7-3301-468e-bff9-058369d66d88,185.0,69.0,,,red,scott-oshaughnessy,271ec473-9279-449e-b378-f4d4e7d3b0d2,,,,
bkfc-16-garcia-vs-elmore,7,Main Card,,,blue,kaleb-lionheart-harris,845845ae-1bfc-478d-a33b-7fb1d5e591c5,164.0,71.0,,,red,noah-cutter,d2f914df-9085-4848-8a1b-5eb85527cab7,,,,
bkfc-16-garcia-vs-elmore,8,Main Card,,,blue,bobo-obannon,11437a8e-9d12-4b6e-9eed-d4b30b74cf68,255.0,74.0,,,red,arnold-bomaye-adams,a6c314d6-4d6f-4183-9c2a-bdf0580b077f,,,,
bkfc-16-garcia-vs-elmore,9,Main Card,Co Headline event,,blue,demarcus-chop-chop-corley,07d2366b-7e72-4d4b-ae9b-7f5f210bdf09,138.0,67.0,,,red,reggie-barnett-jr,0fc95a6a-09ac-44ce-8acd-76f054abb63b,,,,
bkfc-16-garcia-vs-elmore,10,Main Card,Headline event,,blue,leonard-garcia,c2b6f7dd-d206-431e-9ddd-4463c082d8cc,145.0,70.0,,,red,joe-elmore,7251f411-9e2e-471d-9037-4098a9607bfa,,,,
bkfc-17-birmingham,1,Prelims,Undercard,Bantamweight,blue,anthony-retic,c43660fc-c428-42c4-b4a3-af5aae1449d4,135.0,75.0,,,red,raymond-locker,42d92a7e-8ebb-45ca-91d1-266e4672f30c,,,,
bkfc-17-birmingham,2,Prelims,Undercard,Lightweight,blue,rusty-crowder,4535042c-9513-4f74-8983-c75f2c8e66a1,145.0,69.0,,,red,daniel-gary,ac22c797-8598-4fee-b368-e279afd0a6d0,,,,
bkfc-17-birmingham,3,Main Card,,,blue,tom-shoaff,a0aff456-c120-44aa-b36b-573f52f80dcc,155.0,72.0,,,red,nathan-flawless-mitchell,510ab6dc-0670-4d87-bf54-266f5ea3f92b,,,,
bkfc-17-birmingham,4,Main Card,,,blue,ryan-jones,006f6b5a-aaa3-4fd6-8bcb-8608afb1adc6,185.0,71.0,,,red,robert-washington,db1e3cd0-cbb2-46ef-872d-d2af729e85d5,,,,
bkfc-17-birmingham,5,Main Card,,,blue,chris-sarro,23dc877b-d1a1-4f3b-9b18-c2112b935de4,230.0,73.0,,,red,ezatullah-kakar,54186b55-e239-4011-b582-88445b259feb,,,,
bkfc-17-birmingham,6,Main Card,,,blue,bobo-obannon,11437a8e-9d12-4b6e-9eed-d4b30b74cf68,255.0,74.0,,,red,zach-calmus,8f1d28b0-33e7-4265-ac61-7d11723e3245,,,,
bkfc-17-birmingham,7,Main Card,,,blue,dimitri-angelini,d19831ca-91df-4a34-b52d-ec9b43f7f221,168.0,70.0,,,red,ronnie-rogers,f68163a9-6ff5-4405-ab4b-98812b4a24c6,,,,
bkfc-17-birmingham,8,Main Card,,,blue,lorenzo-the-juggernaut-hunt,3b7e8da2-1279-4f16-9160-bc6770d51634,185.0,72.0,32cm,,red,josh-dyer,c5dd048e-6bd6-44ab-b46d-0bde81378330,,,,
bkfc-17-birmingham,9,Main Card,Co Headline event,,blue,marcel-swift-stamps,4a39556d-3817-4f4e-b06a-919e6d95f197,185.0,75.0,,,red,mike-richman,b8e3c53e-a914-43e8-90fd-acaeaf05c1f7,,,,
bkfc-17-birmingham,10,Main Card,Headline event,,blue,frank-tate,89d7eae4-9fcb-4f69-842d-b04283d49de2,255.0,76.0,,,red,josh-burns,12a4e836-4a1d-45ce-bf91-de90657cd6f7,,,,
bkfc-18-beltran-vs-shewmaker,1,Prelims,Undercard,Cruiserweight,blue,eduardo-concepcion,c89c7514-0dd7-4a50-8943-af7ebc3c0290,185.0,71.0,,,red,gabriel-brown,0c156bab-a6ba-430c-98a7-e3b244d03d76,,,,
bkfc-18-beltran-vs-shewmaker,2,Prelims,Undercard,Welterweight,blue,yosdenis-cedeno,ab0c665d-bbaa-49b6-a7c7-2ee247731e50,166.7,68.0,27cm,,red,alan-the-rebel-arzeno,c83f3491-8af3-4579-8fc6-300f7bf2f25d,,,,
bkfc-18-beltran-vs-shewmaker,3,Prelims,Undercard,Welterweight,blue,famez,e945b129-e380-4485-a853-6968de1c417e,155.0,67.0,,,red,paul-teague,2ce98418-73eb-4395-af34-02e3f86b77ad,,,,
bkfc-18-beltran-vs-shewmaker,4,Main Card,,,blue,monty-aboughaly,a76324eb-64e9-4ad7-86c7-14f4cbf6f83c,154.0,69.0,,,red,luke-parsons,46aaf6fc-abc0-43d4-8fda-f9dd1f66b0c0,,,,
bkfc-18-beltran-vs-shewmaker,5,Main Card,,,blue,francesco-ricchi,a0a39342-c784-406b-8658-1d00273a70b1,175.0,75.0,33cm,,red,brian-maxwell,df0aaab1-0823-4aa0-b94e-54df9d3ad413,,,,
bkfc-18-beltran-vs-shewmaker,6,Main Card,,,blue,steve-herelius,15082948-dcc6-4958-b2a5-00ee85e23643,242.0,73.0,33cm,,red,juan-torres,e3a9c569-2ce1-4f21-b028-29c8ced1023d,,,,
bkfc-18-beltran-vs-shewmaker,7,Main Card,,,blue,bruce-lutchmedial,3f7fa195-4a2f-45f8-bcf2-c17e1a08a4e2,155.0,70.0,,,red,eddie-hoch,536b6cdc-76b8-4e31-96ad-09fcb955986e,,,,
bkfc-18-beltran-vs-shewmaker,8,Main Card,,,blue,jarod-grant,ef9fb879-1396-4156-9f97-dcba1ae05e1d,145.0,67.0,,,red,travis-thompson,1cdf04cc-7a87-470a-a4a7-607bcba7ff6c,,,,
bkfc-18-beltran-vs-shewmaker,9,Main Card,,,blue,brutal-jake-bostwick,9ba2f9b1-2391-45dd-a6c9-dd74a3c00bc6,175.0,68.0,32cm,,red,julian-lane,db5938a5-558a-491a-a9a0-5b738fd0075a,,,,
bkfc-18-beltran-vs-shewmaker,10,Main Card,,,blue,pearl-gonzalez,2a37ec70-182a-4bd5-9985-00c30daf7505,135.0,64.0,,,red,charisa-sigala,8a19627e-86f0-43ab-8d17-d8df8e0b6df5,,,,
bkfc-18-beltran-vs-shewmaker,11,Main Card,Championship Bout,,blue,luis-baboon-palomino,f5cac268-2f02-44d3-9c0e-629399487752,165.0,69.0,31cm,,red,tyler-goodjohn,b837efb4-924a-4edf-9979-836a16dfe1f9,,,,
bkfc-18-beltran-vs-shewmaker,12,Main Card,Championship Bout,,blue,thiago-pitbull-alves,9e2b5205-eec8-4ba8-b2cb-799f3f78dfd1,190.0,70.0,,,red,uly-monster-diaz,ac5310c5-3630-4b7a-b6a8-c1f574ad83fb,,,,
bkfc-18-beltran-vs-shewmaker,13,Main Card,Championship Bout,,blue,hector-lightning-lombard,a1dcb635-a395-4e99-ba4a-3e0d239d284e,88.45,1.8,,,red,joe-riggs,7756b42a-4fa5-4688-9940-04d7ceb1cc38,,,,
bkfc-18-beltran-vs-shewmaker,14,Main Card,Headline event,,blue,joey-beltran,c4feb944-078a-4d52-a5fa-4d235df52e3c,235.0,73.0,,,red,sam-shewmaker,a9c1f02b-2fe2-4530-945d-dde15ba4fcf7,,,,
bkfc-19-vanzant-vs-ostovich,1,Main Card,,,blue,chris-big-boy-jensen,1c4bb745-dd0a-4fd3-aedb-fb10216696ce,265.0,74.0,,,red,kyle-mcelroy,6aa4f746-fedf-46b9-b015-4cf2135b16b8,,,,
bkfc-19-vanzant-vs-ostovich,2,Main Card,,,blue,jay-action-jackson,60aad7ef-da80-459d-b474-ce53807f4b8c,185.0,71.0,,,red,damon-the-demon-bell,e0b61f21-bf1b-4835-b27c-c6617d5f0009,,,,
bkfc-19-vanzant-vs-ostovich,3,Main Card,,,blue,brandon-allen,626945fb-1e3d-4c33-bbfb-eaade26e22ec,145.0,69.0,28cm,,red,jordan-nash,50e062be-e5d8-4e3b-b283-50a6f4952f78,,,,
bkfc-19-vanzant-vs-ostovich,4,Main Card,,,blue,rich-the-cure-carsten,841c9c48-e2e0-493a-bd61-56eb487daca0,184.0,71.0,,,red,terry-janoski,9a888a38-ea43-46f6-8703-9dee8b760679,,,,
bkfc-19-vanzant-vs-ostovich,5,Main Card,,,blue,tony-soto,ad7c59c1-ebc8-4973-994b-86af487b31fe,155.0,69.0,30cm,,red,joshua-sikes,889cb323-e048-4de5-8f42-b0ce2c0a3ff0,,,,
bkfc-19-vanzant-vs-ostovich,6,Main Card,,,blue,jared-warren,b1b22d17-ef2b-41b7-aac6-c24be38399de,185.0,73.0,34cm,,red,zion-tomlinson,f3578562-bd21-4df5-82fd-ef1d7615d653,,,,
bkfc-19-vanzant-vs-ostovich,7,Main Card,,,blue,abdiel-velazquez,ae902198-645f-4a9e-981f-ac55dcf95465,135.0,64.0,,,red,geane-herrera,0205c22f-b6d8-4295-8d46-923f1c3135fd,,,,
bkfc-19-vanzant-vs-ostovich,8,Main Card,,,blue,taylor-starling,7c806f80-1893-422a-aeee-3a26316d6f23,125.0,67.0,25cm,,red,cassie-robb,ebd8ef53-12f8-4d42-9ccc-92706e1d8194,,,,
bkfc-19-vanzant-vs-ostovich,9,Main Card,,,blue,jenny-savage,7fb61c13-e2f8-4dde-852f-9705c73660fb,125.0,60.0,,,red,britain-hart,d8c8b412-15c7-4f58-91d0-888745652786,,,,
bkfc-19-vanzant-vs-ostovich,10,Main Card,Co Headline event,,blue,mick-terrill,b7617276-f3c7-4770-9ab6-9903247c0d3a,265.0,75.0,,,red,arnold-bomaye-adams,a6c314d6-4d6f-4183-9c2a-bdf0580b077f,,,,
bkfc-19-vanzant-vs-ostovich,11,Main Card,Headline event,,blue,paige-vanzant,9698924f-de43-4a2c-9ae7-dcaaf84d09ec,135.0,64.0,,,red,rachel-ostovich,f74b43f5-1b6f-4607-b28f-a7cd5df6b600,,,,
bkfc-20-bedford-vs-barnett-jr,1,Prelims,Undercard,Heavyweight,blue,dillon-cleckler,cc84d0ac-249d-44aa-9c60-a424cd8b71d0,265.0,75.0,35cm,,red,justin-thornton,d8d4f881-bb9e-4fa2-a4e3-ff9e6cdc3e4c,,,,
bkfc-20-bedford-vs-barnett-jr,2,Prelims,Undercard,Light Heavyweight,blue,ryan-jones,006f6b5a-aaa3-4fd6-8bcb-8608afb1adc6,185.0,71.0,,,red,kaine-tomlinson-sr,dd2e0809-836e-485d-b2bb-64d7b8ebc4ba,,,,
bkfc-20-bedford-vs-barnett-jr,3,Main Card,,,blue,bobby-taylor,521c75fd-d9a1-45e9-88fa-9280c1405192,155.0,68.0,32cm,,red,ronnie-rogers,f68163a9-6ff5-4405-ab4b-98812b4a24c6,,,,
bkfc-20-bedford-vs-barnett-jr,4,Main Card,,,blue,adam-pellerano,1fef26ac-1eb2-48eb-b262-6c2ea58ba4e3,155.0,71.0,,,red,john-chalbeck,9a2182b6-005b-4608-9e34-2db57a1ae920,,,,
bkfc-20-bedford-vs-barnett-jr,5,Main Card,,,blue,scott-oshaughnessy,271ec473-9279-449e-b378-f4d4e7d3b0d2,185.0,70.0,,,red,david-simpson,c01a158e-c64b-4a07-852c-86f60c3593e5,,,,
bkfc-20-bedford-vs-barnett-jr,6,Main Card,,,blue,quentin-henry,59f76b5b-ee55-48a2-ab11-8fe379d31980,205.0,73.0,,,red,jason-fish,3cffac11-4622-48fc-8ec8-01722970a2b6,,,,
bkfc-20-bedford-vs-barnett-jr,7,Main Card,,,blue,elvin-brito,24688b86-dc55-452a-b371-1587f64b7780,160.0,68.0,31cm,,red,julio-garcia,34275934-f57e-4247-ba18-4d418d138c44,,,,
bkfc-20-bedford-vs-barnett-jr,8,Main Card,,,blue,melvin-the-young-assassin-guillard,b8e9b7f7-3301-468e-bff9-058369d66d88,185.0,69.0,,,red,harris-stephenson,c53e5bb1-57ca-4d3f-90d3-2bd7e57dd949,,,,
bkfc-20-bedford-vs-barnett-jr,9,Main Card,,,blue,bobo-obannon,11437a8e-9d12-4b6e-9eed-d4b30b74cf68,255.0,74.0,,,red,lewis-rumsey,91ad1ee9-c83d-443b-9151-1a114a2aa4a6,,,,
bkfc-20-bedford-vs-barnett-jr,10,Main Card,,,blue,kaleb-lionheart-harris,845845ae-1bfc-478d-a33b-7fb1d5e591c5,164.0,71.0,,,red,derrick-findley,888f626d-12ff-4f11-90fe-132ba679bf3e,,,,
bkfc-20-bedford-vs-barnett-jr,11,Main Card,,,blue,alan-belcher,6f305d0e-30dd-4653-8f57-07ae52491064,231.0,74.0,,,red,tony-krytonite-lopez,70bf98ab-5315-475a-b1ea-0d1f92099576,,,,
bkfc-20-bedford-vs-barnett-jr,12,Main Card,Headline event,,blue,johnny-brutal-bedford,ffd4e798-2fd8-44e1-b26b-8ab327402f46,136.0,70.0,,,red,reggie-barnett-jr,0fc95a6a-09ac-44ce-8acd-76f054abb63b,,,,
bkfc-21-cochrane-vs-richman,1,Main Card,,,blue,adam-valcourt,27fa36f6-e3ce-476b-a826-e13e3a093e5b,170.0,74.0,,,red,jeff-souder,8896dd44-3c3f-485a-b963-8980faa38ff8,,,,
bkfc-21-cochrane-vs-richman,2,Main Card,,,blue,noah-cutter,d2f914df-9085-4848-8a1b-5eb85527cab7,170.0,73.0,,,red,carlos-trinidad,25dd1c85-a9a5-4581-b50f-022be038f983,,,,
bkfc-21-cochrane-vs-richman,3,Main Card,,,blue,roberto-bomb-first-guzman,4e6c965d-65fc-4ad0-93b5-071fa27c2317,205.0,69.0,,,red,erick-murray,48192b40-6f84-4ef2-9e53-7e36331aa155,,,,
bkfc-21-cochrane-vs-richman,4,Main Card,,,blue,keilen-fantroy,4a521591-5136-411a-ba2d-5f9af379d3d3,155.0,66.0,,,red,jc-corazon-deleon,1cf47c51-5dcb-45dd-81fd-e607a44ae6f8,,,,
bkfc-21-cochrane-vs-richman,5,Main Card,,,blue,tj-benson,9a382106-0d93-481e-a52f-c8a5a76b4a64,149.0,69.0,,,red,cody-locked-amp-loaded-land,ded4a271-3de1-45ce-a9f8-d4155dfd2fbd,,,,
bkfc-21-cochrane-vs-richman,6,Main Card,,,blue,sean-p-town-wilson,e16ab9a2-3213-4224-bd1f-3be03bbd115c,156.0,68.0,29cm,,red,will-the-thrill-shutt,d15d4469-120f-4481-9eba-b69bfe3120c5,,,,
bkfc-21-cochrane-vs-richman,7,Main Card,,,blue,jason-high,a5542af4-2275-4d54-971e-7694d12e6e02,170.0,69.0,,,red,rocky-long,fe3a46e5-1a0f-4af8-9e4e-423cd3f60f4f,,,,
bkfc-21-cochrane-vs-richman,8,Main Card,,,blue,ryan-are-you-ready-roberts,69b9ec63-f170-49b6-8949-12e1c260bded,150.0,66.0,28cm,,red,jorge-the-gladiator-gonzalez,a247ed75-58c1-4499-88d4-c51863320a23,,,,
bkfc-21-cochrane-vs-richman,9,Main Card,,,blue,houston-the-assassin-alexander,7ba064f5-dcb9-463e-aa0d-4c71c084e645,206.0,72.0,,,red,wes-the-soldier-combs,c1a0b38c-3d9f-4c21-bba2-994b44efcc67,,,,
bkfc-21-cochrane-vs-richman,10,Main Card,,,blue,sam-shewmaker,a9c1f02b-2fe2-4530-945d-dde15ba4fcf7,238.0,75.0,77cm,,red,josh-burns,12a4e836-4a1d-45ce-bf91-de90657cd6f7,,,,
bkfc-21-cochrane-vs-richman,11,Main Card,Headline event,,blue,dakota-cochrane,c77fc41a-0f89-4535-887a-f2f26c9ef08f,185.0,67.0,31cm,,red,mike-richman,b8e3c53e-a914-43e8-90fd-acaeaf05c1f7,,,,
bkfc-montana,1,Prelims,Undercard,Featherweight,blue,kai-stewart,9aeefe1b-fae9-497d-874a-abb5444b80cb,145.0,66.0,28cm,,red,darrick-the-buck-gates,c0637a99-2f7e-4aa1-b63b-6b9d7d9dc540,,,,
bkfc-montana,2,Prelims,Undercard,Light Heavyweight,blue,james-dennis,379947fb-f1ba-4317-b7f7-65d0bd2ec6b2,165.0,69.0,,,red,sawyer-depee,4b10dc92-a58c-4463-ba05-dee8787572e4,,,,
bkfc-montana,3,Main Card,,,blue,dallas-davison,7311a81e-7ba3-4262-8a71-8866f02437b6,175.0,72.0,29cm,,red,jordan-christensen,b41d5883-43f5-4bdd-a1e4-01fc23b9dc07,,,,
bkfc-montana,4,Main Card,,,blue,jade-masson-wong,a6a478f4-a13c-4859-ba4e-a2b4684bc143,125.0,64.0,,,red,crystal-pittman,01fb7b9d-da43-4867-ab1b-355398abf729,,,,
bkfc-montana,5,Main Card,,,blue,bryant-acheson,543448d1-c549-4b0a-b58e-c3aed99cef86,205.0,75.0,30cm,,red,josh-watson,4a4f06fc-d5cf-44a0-a043-50ff155e374e,,,,
bkfc-montana,6,Main Card,,,blue,tom-shoaff,a0aff456-c120-44aa-b36b-573f52f80dcc,155.0,72.0,,,red,josh-wright,b83d162d-3d40-49a8-9f14-e454e77fb87d,,,,
bkfc-montana,7,Main Card,,,blue,leo-bercier,cda8e114-7ea7-48c6-adb5-c550aa71a5f0,205.0,71.0,34cm,,red,luis-villasenor,a466970f-6679-44cc-97ac-863e7d356c13,,,,
bkfc-montana,8,Main Card,,,blue,lloyd-cupcake-mix,cc38b94d-5aac-4222-9b5c-04910166e078,175.0,71.0,,,red,brett-fields,6a64d421-fd62-4150-ac4c-836208fde277,,,,
bkfc-montana,9,Main Card,,,blue,christine-ferea,25620a83-a11c-4e61-b7cf-8a42cb5667f1,125.0,65.0,,,red,calista-silgado,a62a9309-6283-46ce-aa57-95db18aa55e7,,,,
bkfc-montana,10,Main Card,Headline event,,blue,joe-riggs,7756b42a-4fa5-4688-9940-04d7ceb1cc38,185.0,72.0,,,red,melvin-the-young-assassin-guillard,b8e9b7f7-3301-468e-bff9-058369d66d88,,,,
bkfc-wichita,1,Prelims,Undercard,,blue,johnny-pantoja,c446f9dd-273c-405d-a7d9-8aca5d43434d,170.0,70.0,,,red,luke-parsons,46aaf6fc-abc0-43d4-8fda-f9dd1f66b0c0,,,,
bkfc-wichita,2,Prelims,Undercard,,blue,shawn-moffett,97a5e1de-153b-49aa-b0dd-27fc56d71cd8,157.0,71.0,,,red,nick-villar,675c5bf1-d81e-4f7c-9c99-7b484f65930d,,,,
bkfc-wichita,3,Main Card,,,blue,josh-richey,11403c2e-7de9-44f8-a8cc-a4a83ffd1ebe,125.0,68.0,,,red,chancey-wilson,b5915360-b597-4ccf-9de2-3393f779724f,,,,
bkfc-wichita,4,Main Card,,,blue,drake-heitfield,6c6f7b62-6ee8-4077-9579-6716e162d7e3,145.0,69.0,,,red,mark-irwin,186b0d3e-8235-4af0-80bf-610904ebbdd7,,,,
bkfc-wichita,5,Main Card,,,blue,lj-hermreck,aed65ef9-5df5-4da2-b0ed-e08e46f09286,165.0,70.0,,,red,chevvy-bridges,beb9851b-5442-466a-ab5b-6c7f8948dcd2,,,,
bkfc-wichita,6,Main Card,,,blue,jessica-link,b5311952-170b-4599-be72-67e046bbe939,125.0,68.0,,,red,charisa-sigala,8a19627e-86f0-43ab-8d17-d8df8e0b6df5,,,,
bkfc-wichita,7,Main Card,,,blue,jake-lindsey,a752afa7-815e-4823-b83d-a0e83dcac394,165.0,71.0,29cm,,red,eric-thompson,67bb5f16-139e-443d-aea1-932c5df9cf40,,,,
bkfc-wichita,8,Main Card,,,blue,marciano-hernandez,ce870a66-278f-490d-a907-45b739e47e33,125.0,66.0,,,red,raymond-locker,42d92a7e-8ebb-45ca-91d1-266e4672f30c,,,,
bkfc-wichita,9,Main Card,,,blue,isaac-doolittle,96528a4b-8845-4aee-9742-dc49d70b4db1,185.0,70.0,,,red,jay-action-jackson,60aad7ef-da80-459d-b474-ce53807f4b8c,,,,
bkfc-wichita,10,Main Card,Headline event,,blue,david-the-caveman-rickels,335d1143-8ff2-4698-aed3-f658855403a2,188.0,71.0,,,red,julian-lane,db5938a5-558a-491a-a9a0-5b738fd0075a,,,,
bkfc-new-york,1,Prelims,Undercard,Middleweight,blue,christian-torres,3678982c-086e-430a-a0ff-0d3d13420c8c,174.0,67.0,30cm,,red,art-driscoll,9138f593-061c-4e7a-94a1-69d3454f6dc9,,,,
bkfc-new-york,2,Prelims,Undercard,Heavyweight,blue,art-parker,3f237ab3-41f5-457d-a8a8-bbdc63a00b47,238.0,74.0,,,red,lewis-rumsey,91ad1ee9-c83d-443b-9151-1a114a2aa4a6,,,,
bkfc-new-york,3,Main Card,,,blue,ray-lopez,d0bfd9a9-44ba-4f99-b3b7-7cb493ef3af8,133.0,66.0,,,red,devin-gibson,435eb8c5-a6e4-4399-a4f2-5d5f56fae09a,,,,
bkfc-new-york,4,Main Card,,,blue,gabe-sacchetti,5b9c4f95-f983-4545-9181-eb091e155844,135.0,66.0,,,red,louie-lopez,61e07493-5b0b-4cc8-b9a9-f76ad9207df4,,,,
bkfc-new-york,5,Main Card,,,blue,matt-phillips,848f78d6-7e6c-4b3c-b5bb-aaa6615246dc,170.0,69.0,,,red,derek-greene,ec5b019d-04ce-4149-b8bd-1185174aa1c8,,,,
bkfc-new-york,6,Main Card,,,blue,dustin-pague,b4cd55c4-f9cb-48e3-ba1f-a8598f3f93ab,165.0,69.0,29cm,,red,jake-young,9164f60d-e981-4d31-b9cf-28560adf3cc9,,,,
bkfc-new-york,7,Main Card,,,blue,travis-thompson,1cdf04cc-7a87-470a-a4a7-607bcba7ff6c,135.0,66.0,,,red,jack-grady,be80e2f4-223b-468c-8f72-09e8d70eeb04,,,,
bkfc-new-york,8,Main Card,Championship Bout,,blue,joey-beltran,c4feb944-078a-4d52-a5fa-4d235df52e3c,235.0,73.0,,,red,arnold-bomaye-adams,a6c314d6-4d6f-4183-9c2a-bdf0580b077f,,,,
bkfc-22-lombard-vs-hunt,1,Prelims,Undercard,Men Flyweight,blue,tyler-randall,a490b0ba-d3a3-4500-9f2a-6e471b603eb3,125.0,66.0,28cm,,red,darwin-bonilla,a3c1b754-3233-457b-a73f-65b043d4fe92,,,,
bkfc-22-lombard-vs-hunt,2,Prelims,Undercard,Lightweight,blue,peter-peraza,24fa75d3-e828-4c21-8c19-291d17de85d2,164.0,67.0,30cm,,red,manuel-moreira,99337337-3b4d-4f78-99e6-c6212da89cc8,,,,
bkfc-22-lombard-vs-hunt,3,Prelims,Undercard,Light Heavyweight,blue,james-rodriguez,99fa89b2-a83b-4955-ab02-9a6a4ca7f69e,175.0,73.0,,,red,brian-maxwell,df0aaab1-0823-4aa0-b94e-54df9d3ad413,,,,
bkfc-22-lombard-vs-hunt,4,Main Card,,,blue,monty-aboughaly,a76324eb-64e9-4ad7-86c7-14f4cbf6f83c,154.0,69.0,,,red,jonathan-cage-noah,aa9c8a72-fa74-4e08-af14-9175ae583671,,,,
bkfc-22-lombard-vs-hunt,5,Main Card,,,blue,famez,e945b129-e380-4485-a853-6968de1c417e,155.0,67.0,,,red,arthur-walcott-ceesay,f708ee62-4e60-4193-9ee3-93f4952e88ae,,,,
bkfc-22-lombard-vs-hunt,6,Main Card,,,blue,rusty-crowder,4535042c-9513-4f74-8983-c75f2c8e66a1,145.0,69.0,,,red,howard-davis,95dfb866-614d-44ce-baca-bdc7a0d4289b,,,,
bkfc-22-lombard-vs-hunt,7,Main Card,,,blue,marcus-brimage,f8e3b32f-18f6-4d04-8112-b18553bfe522,156.0,64.0,,,red,will-the-thrill-shutt,d15d4469-120f-4481-9eba-b69bfe3120c5,,,,
bkfc-22-lombard-vs-hunt,8,Main Card,,,blue,gustavo-cuban-assassin-trujillo,d234d325-131a-4863-bde8-7524c7b673a0,217.0,76.0,,,red,mike-kyle,ec1739fa-ac0a-48b4-a07e-8e66144a0940,,,,
bkfc-22-lombard-vs-hunt,9,Main Card,,,blue,britain-hart,d8c8b412-15c7-4f58-91d0-888745652786,123.0,67.0,25cm,,red,pearl-gonzalez,2a37ec70-182a-4bd5-9985-00c30daf7505,,,,
bkfc-22-lombard-vs-hunt,10,Main Card,Championship Bout,,blue,luis-baboon-palomino,f5cac268-2f02-44d3-9c0e-629399487752,165.0,69.0,31cm,,red,dat-nguyen,e5b9626d-095a-43b9-b360-7443a81a7c21,,,,
bkfc-22-lombard-vs-hunt,11,Main Card,Championship Bout,,blue,hector-lightning-lombard,a1dcb635-a395-4e99-ba4a-3e0d239d284e,88.45,1.8,,,red,lorenzo-the-juggernaut-hunt,3b7e8da2-1279-4f16-9160-bc6770d51634,,,,
bkfc-tampa,1,Prelims,Undercard,Welterweight,blue,joshua-sikes,889cb323-e048-4de5-8f42-b0ce2c0a3ff0,155.0,72.0,,,red,michael-stripling,547dd733-1898-463b-bfb5-1654d4c6ee2a,,,,
bkfc-tampa,2,Prelims,Undercard,Featherweight,blue,stevo-morris,8380c800-65a5-4eec-b4ab-59f054017fa7,65.77,1.78,,,red,jorge-gonzalez-rolon,8f3009db-51ff-42bd-8328-a59e15814d05,,,,
bkfc-tampa,3,Prelims,Undercard,Welterweight,blue,rynell-riley,4682b7dd-fa13-495b-b57d-1132c6c10b7e,166.0,70.0,,,red,trukon-carson,158e6546-6b3d-4f8c-9000-c85bddf3b309,,,,
bkfc-tampa,4,Main Card,,,blue,jr-ridge,a84cc32e-053a-4200-89c2-afa14d64e8dd,125.0,64.0,,,red,jerald-gregori,be2dbb70-6e7f-4089-aed2-48cc91d6d6bd,,,,
bkfc-tampa,5,Main Card,,,blue,pete-petties,e9cd5342-ed81-4c0a-b54d-a0dcaf45db01,155.0,70.0,,,red,robbie-peralta,27003c0d-9c43-4c29-a304-3c62e4789e15,,,,
bkfc-tampa,6,Main Card,,,blue,jordan-nash,50e062be-e5d8-4e3b-b283-50a6f4952f78,170.0,72.0,,,red,noah-cutter,d2f914df-9085-4848-8a1b-5eb85527cab7,,,,
bkfc-tampa,7,Main Card,,,blue,delaney-bailey,5c426c5c-3e2f-4844-8bd5-7b9b1c5c659c,120.0,61.0,,,red,jenny-savage,7fb61c13-e2f8-4dde-852f-9705c73660fb,,,,
bkfc-tampa,8,Main Card,,,blue,david-mundell,d264f058-b892-4500-8a24-68c92659fdb0,175.0,69.0,30cm,,red,stanislav-grosu,6ed14efc-a4e7-41de-bdbc-7b8a8453ca76,,,,
bkfc-tampa,9,Main Card,,,blue,taylor-starling,7c806f80-1893-422a-aeee-3a26316d6f23,125.0,67.0,25cm,,red,hannah-the-hurricane-guy,08826d0c-cace-42a0-ad72-443d6ddbf573,,,,
bkfc-tampa,10,Main Card,Headline event,,blue,martin-trey-brown,0f1a0dfd-d051-4a04-8756-7d114af3cf9f,155.0,71.0,,,red,bobby-taylor,521c75fd-d9a1-45e9-88fa-9280c1405192,,,,
bkfc-thailand,1,Main Card,,,blue,somiong-war-luktupfah,82ed7284-8239-4e76-9e4b-992dc9831f69,115.0,63.0,,,red,surachat-srirod,25433856-0903-4ddf-8cd2-633ca1b849d8,,,,
bkfc-thailand,2,Main Card,,,blue,surasak-sukkhamcha,fbbd3793-7ed5-4e8b-b709-e702d1641dbc,145.0,71.0,,,red,ermek-kumachaev,4072005b-b198-41c4-9e95-daf768791549,,,,
bkfc-thailand,3,Main Card,,,blue,sarun-srioumboo,acb243a6-0651-4b75-bd84-fe5793623c9f,142.0,71.0,,,red,pipat-mike-chaiporn,130e91e8-1716-4b10-918c-5d36a1737a78,,,,
bkfc-thailand,4,Main Card,,,blue,arash-mardani,d6c5190e-92d1-4e36-aefb-9a13a8f77a98,223.0,73.0,,,red,zelemkhan-mukushev,3b50a3de-0164-4191-900d-83023b025aea,,,,
bkfc-thailand,5,Main Card,,,blue,souris-manfredi,792b8fed-a7d6-42bd-9408-8ab7fee60c4e,113.0,65.0,,,red,saowaluk-nareepansri,241ebfb4-0ffb-4842-bec9-63a4733c9e37,,,,
bkfc-thailand,6,Main Card,,,blue,jean-carlos-pereira,064d8464-9b5a-444b-b09f-a385c43afb0b,165.0,73.0,,,red,johan-van-de-rel,15e20a2a-6238-44f0-a3d9-370f469d1806,,,,
bkfc-thailand,7,Main Card,,,blue,reza-ahmadzezhad,a31550b9-9789-4ba2-8451-eb382ff847b6,165.0,71.0,,,red,thoedsak-sinam,470eda6f-4028-4b0d-9063-8a19080fd761,,,,
bkfc-thailand,8,Main Card,,,blue,pongpisan-ton-chunyong,222a05b0-6528-4cc7-ac82-4b037a7092c2,145.0,68.0,,,red,victor-booty,9cbc5239-4c8c-49af-96c7-3c1a9ec1f347,,,,
bkfc-thailand,9,Main Card,,,blue,boonsom-klinmee,debae4c2-0ae6-432e-bbf0-f8b974d72ae8,176.0,71.0,,,red,jonny-tello,41d01796-8696-4c98-8f54-b2e4a1e4360d,,,,
bkfc-thailand,10,Main Card,Co Headline event,,blue,sirimongkhon-ohh-lamthuan,35a1b97f-21d2-4802-ad84-095cd00ecb91,185.0,66.0,,,red,reza-goodary,46681451-f488-466a-913f-9eaee9691cd0,,,,
bkfc-thailand,11,Main Card,Headline event,,blue,tee-jay-chang,d7ee1819-da11-4ab2-9b13-3d1c662c2c13,165.0,70.0,,,red,keivan-soleimani,2440a7e7-dd4b-49fe-ba3d-aad1f3a32f5d,,,,
bkfc-jackson,1,Prelims,Undercard,Men Flyweight,blue,david-diaz,1e0b8e36-e2bf-4230-9ac6-d3e82a715eff,135.0,65.0,,,red,albert-inclan,128e8259-1ca3-4703-b269-9f525d4de85c,,,,
bkfc-jackson,2,Prelims,Undercard,Men Flyweight,blue,jocelyn-lybarger,c8f4c348-b038-4cd7-bbaa-a9c916286d4d,115.0,67.0,,,red,martyna-krol,33bb7ebc-6750-4f88-8389-98e2182fca4e,,,,
bkfc-jackson,3,Main Card,,,blue,wade-the-hammer-johnson,91b9f91d-a08d-441d-9f04-157920060758,170.0,75.0,,,red,nathan-flawless-mitchell,510ab6dc-0670-4d87-bf54-266f5ea3f92b,,,,
bkfc-jackson,4,Main Card,,,blue,crystal-pittman,01fb7b9d-da43-4867-ab1b-355398abf729,125.0,65.0,,,red,audra-cummings,a0257e8c-7389-4163-982e-fc7f2dfe1059,,,,
bkfc-jackson,5,Main Card,,,blue,ryan-jones,006f6b5a-aaa3-4fd6-8bcb-8608afb1adc6,185.0,71.0,,,red,brandon-boss-hogg-johnson,8589074c-e9d6-4972-b4c5-4c9c323aa80a,,,,
bkfc-jackson,6,Main Card,,,blue,jeremiah-big-rig-riggs,855ec62a-66e7-4a1f-aedb-34208e9b0a3e,165.0,71.0,,,red,eric-thompson,67bb5f16-139e-443d-aea1-932c5df9cf40,,,,
bkfc-jackson,7,Main Card,,,blue,scott-oshaughnessy,271ec473-9279-449e-b378-f4d4e7d3b0d2,185.0,70.0,,,red,jared-warren,b1b22d17-ef2b-41b7-aac6-c24be38399de,,,,
bkfc-jackson,8,Main Card,,,blue,quentin-henry,59f76b5b-ee55-48a2-ab11-8fe379d31980,205.0,73.0,,,red,chris-sarro,23dc877b-d1a1-4f3b-9b18-c2112b935de4,,,,
bkfc-jackson,9,Main Card,,,blue,bobo-obannon,11437a8e-9d12-4b6e-9eed-d4b30b74cf68,255.0,74.0,,,red,alan-belcher,6f305d0e-30dd-4653-8f57-07ae52491064,,,,
bkfc-jackson,10,Main Card,Headline event,,blue,elvin-brito,24688b86-dc55-452a-b371-1587f64b7780,160.0,68.0,31cm,,red,kaleb-lionheart-harris,845845ae-1bfc-478d-a33b-7fb1d5e591c5,,,,
knucklemania-ii,1,Prelims,Undercard,Middleweight,blue,yosdenis-cedeno,ab0c665d-bbaa-49b6-a7c7-2ee247731e50,166.7,68.0,27cm,,red,mario-vargas,55604e00-301c-4cee-9453-29ee8f6e6370,,,,
knucklemania-ii,2,Prelims,Undercard,Middleweight,blue,zion-tomlinson,f3578562-bd21-4df5-82fd-ef1d7615d653,175.0,73.0,,,red,jomi-escoboza,c8cae26e-f386-4d08-9697-d9554e8c5733,,,,
knucklemania-ii,3,Prelims,Undercard,Featherweight,blue,edgard-plazaola,b4715307-6d53-43b0-906d-49315672a1fc,145.0,68.0,30cm,,red,chevvy-bridges,beb9851b-5442-466a-ab5b-6c7f8948dcd2,,,,
knucklemania-ii,4,Main Card,,,blue,uly-monster-diaz,ac5310c5-3630-4b7a-b6a8-c1f574ad83fb,200.0,70.0,,,red,sawyer-depee,4b10dc92-a58c-4463-ba05-dee8787572e4,,,,
knucklemania-ii,5,Main Card,,,blue,francesco-ricchi,a0a39342-c784-406b-8658-1d00273a70b1,175.0,75.0,33cm,,red,brutal-jake-bostwick,9ba2f9b1-2391-45dd-a6c9-dd74a3c00bc6,,,,
knucklemania-ii,6,Main Card,,,blue,jade-masson-wong,a6a478f4-a13c-4859-ba4e-a2b4684bc143,125.0,64.0,,,red,christine-vicens,0bec96fc-bb81-4dfa-91c0-988713597468,,,,
knucklemania-ii,7,Main Card,,,blue,gustavo-cuban-assassin-trujillo,d234d325-131a-4863-bde8-7524c7b673a0,217.0,76.0,,,red,stephen-tomahawk-townsel,8174c614-5215-4a19-9ca0-87764cf520a2,,,,
knucklemania-ii,8,Main Card,Championship Bout,,blue,britain-hart,d8c8b412-15c7-4f58-91d0-888745652786,123.0,67.0,25cm,,red,christine-ferea,25620a83-a11c-4e61-b7cf-8a42cb5667f1,,,,
knucklemania-ii,9,Main Card,,,blue,chad-mendes,13c45ea1-c3ea-440c-a86d-9830e8cb8b49,155.0,66.0,,,red,famez,e945b129-e380-4485-a853-6968de1c417e,,,,
knucklemania-ii,10,Main Card,Headline event,,blue,mike-platinum-perry,0812dbcf-beb3-4931-9914-98a991d2f4b5,185.0,70.0,,,red,julian-lane,db5938a5-558a-491a-a9a0-5b738fd0075a,,,,
knucklemania-ii,11,Main Card,Championship Bout,,blue,luis-baboon-palomino,f5cac268-2f02-44d3-9c0e-629399487752,165.0,69.0,31cm,,red,martin-trey-brown,0f1a0dfd-d051-4a04-8756-7d114af3cf9f,,,,
bkfc-new-york-ii,1,Prelims,Undercard,Featherweight,blue,lardy-navarro,091c77bd-9213-4e57-be89-40272a9a2556,145.0,0.0,28cm,,red,anthony-prater,d9903729-8606-43c0-8aa3-fd398a113df8,,,,
bkfc-new-york-ii,2,Prelims,Undercard,Middleweight,blue,art-driscoll,9138f593-061c-4e7a-94a1-69d3454f6dc9,173.0,71.0,,,red,damon-the-demon-bell,e0b61f21-bf1b-4835-b27c-c6617d5f0009,,,,
bkfc-new-york-ii,3,Prelims,Undercard,Middleweight,blue,christian-torres,3678982c-086e-430a-a0ff-0d3d13420c8c,174.0,67.0,30cm,,red,stanislav-grosu,6ed14efc-a4e7-41de-bdbc-7b8a8453ca76,,,,
bkfc-new-york-ii,4,Main Card,,,blue,devin-gibson,435eb8c5-a6e4-4399-a4f2-5d5f56fae09a,125.0,66.0,,,red,kody-murray,e5e30d62-61de-4eae-af0b-1727b3ad0a64,,,,
bkfc-new-york-ii,5,Main Card,,,blue,zach-calmus,8f1d28b0-33e7-4265-ac61-7d11723e3245,252.0,72.0,36cm,,red,kyle-mcelroy,6aa4f746-fedf-46b9-b015-4cf2135b16b8,,,,
bkfc-new-york-ii,6,Main Card,,,blue,gabe-sacchetti,5b9c4f95-f983-4545-9181-eb091e155844,135.0,66.0,,,red,jack-grady,be80e2f4-223b-468c-8f72-09e8d70eeb04,,,,
bkfc-new-york-ii,7,Main Card,,,blue,charisa-sigala,8a19627e-86f0-43ab-8d17-d8df8e0b6df5,115.0,64.0,,,red,angela-danzig,e563b66c-2b12-4b09-9ece-9b749e232d36,,,,
bkfc-new-york-ii,8,Main Card,,,blue,matt-phillips,848f78d6-7e6c-4b3c-b5bb-aaa6615246dc,170.0,69.0,,,red,manuel-moreira,99337337-3b4d-4f78-99e6-c6212da89cc8,,,,
bkfc-new-york-ii,9,Main Card,,,blue,eddie-hoch,536b6cdc-76b8-4e31-96ad-09fcb955986e,155.0,69.0,,,red,dustin-pague,b4cd55c4-f9cb-48e3-ba1f-a8598f3f93ab,,,,
bkfc-new-york-ii,10,Main Card,Co Headline event,,blue,connor-tierney,5169ca29-1457-4611-bb06-155f3f65ec3f,165.0,74.0,28cm,,red,jeremiah-big-rig-riggs,855ec62a-66e7-4a1f-aedb-34208e9b0a3e,,,,
bkfc-new-york-ii,11,Main Card,Headline event,,blue,jarod-grant,ef9fb879-1396-4156-9f97-dcba1ae05e1d,145.0,67.0,,,red,anthony-retic,c43660fc-c428-42c4-b4a3-af5aae1449d4,,,,
bkfc-23-richman-vs-rickels,1,Prelims,Undercard,Featherweight,blue,trai-santos,d033db06-20bf-4c4e-ad74-49b9da774a0d,145.0,70.0,,,red,nick-villar,675c5bf1-d81e-4f7c-9c99-7b484f65930d,,,,
bkfc-23-richman-vs-rickels,2,Prelims,Undercard,Heavyweight,blue,kenny-licea,c68f91ed-25a4-40bc-98a9-b03bf7e4575f,170.0,72.0,,,red,noah-cutter,d2f914df-9085-4848-8a1b-5eb85527cab7,,,,
bkfc-23-richman-vs-rickels,3,Prelims,Undercard,Men Flyweight,blue,chancey-wilson,b5915360-b597-4ccf-9de2-3393f779724f,130.0,62.0,,,red,justyn-martinez,699661df-990a-4ea8-9fc2-cd9eec7258b6,,,,
bkfc-23-richman-vs-rickels,4,Main Card,,,blue,josh-richey,11403c2e-7de9-44f8-a8cc-a4a83ffd1ebe,125.0,68.0,,,red,tyler-randall,a490b0ba-d3a3-4500-9f2a-6e471b603eb3,,,,
bkfc-23-richman-vs-rickels,5,Main Card,,,blue,shawn-moffett,97a5e1de-153b-49aa-b0dd-27fc56d71cd8,157.0,71.0,,,red,tony-soto,ad7c59c1-ebc8-4973-994b-86af487b31fe,,,,
bkfc-23-richman-vs-rickels,6,Main Card,,,blue,lj-hermreck,aed65ef9-5df5-4da2-b0ed-e08e46f09286,165.0,70.0,,,red,stevo-morris,8380c800-65a5-4eec-b4ab-59f054017fa7,,,,
bkfc-23-richman-vs-rickels,7,Main Card,,,blue,jessica-link,b5311952-170b-4599-be72-67e046bbe939,125.0,68.0,,,red,crystal-pittman,01fb7b9d-da43-4867-ab1b-355398abf729,,,,
bkfc-23-richman-vs-rickels,8,Main Card,,,blue,marciano-hernandez,ce870a66-278f-490d-a907-45b739e47e33,125.0,66.0,,,red,jerald-gregori,be2dbb70-6e7f-4089-aed2-48cc91d6d6bd,,,,
bkfc-23-richman-vs-rickels,9,Main Card,,,blue,jake-lindsey,a752afa7-815e-4823-b83d-a0e83dcac394,165.0,71.0,29cm,,red,derrick-findley,888f626d-12ff-4f11-90fe-132ba679bf3e,,,,
bkfc-23-richman-vs-rickels,10,Main Card,,,blue,isaac-doolittle,96528a4b-8845-4aee-9742-dc49d70b4db1,185.0,70.0,,,red,jared-warren,b1b22d17-ef2b-41b7-aac6-c24be38399de,,,,
bkfc-23-richman-vs-rickels,11,Main Card,Headline event,,blue,mike-richman,b8e3c53e-a914-43e8-90fd-acaeaf05c1f7,175.0,68.0,35cm,,red,david-the-caveman-rickels,335d1143-8ff2-4698-aed3-f658855403a2,,,,
bkfc-ft-lauderdale,1,Prelims,Undercard,Bantamweight,blue,vinny-turiello,e745e958-a29d-4d0e-82c0-2e23996a8e0c,135.0,0.0,,,red,rob-fuller,dcc9cf58-4d36-41a4-931d-3866b3741780,,,,
bkfc-ft-lauderdale,2,Prelims,Undercard,Middleweight,blue,gorjan-gogo-slaveski,dda08c3f-89ce-4424-bd71-74594af5fe41,165.0,69.0,30cm,,red,ramal-amanov,90ea3b4f-c558-4efb-b5b7-c3aacd6f4140,,,,
bkfc-ft-lauderdale,3,Prelims,Undercard,Cruiserweight,blue,jeremy-smith,0f31c84a-7946-499e-8c1e-f307cab236db,185.0,70.0,,,red,davian-green,539ade5b-2a5f-4b51-9841-646d7806383b,,,,
bkfc-ft-lauderdale,4,Main Card,,,blue,famez,e945b129-e380-4485-a853-6968de1c417e,155.0,67.0,,,red,juston-stills,41b88484-250f-49e6-9e1d-caf450c5c56c,,,,
bkfc-ft-lauderdale,5,Main Card,,,blue,bryan-duran,58efbc14-5e7f-4e18-97f0-531fadd8ae0b,155.0,67.0,34cm,,red,glendel-futrell,d1285b05-e39c-48af-b3d8-72df7cce8f5a,,,,
bkfc-ft-lauderdale,6,Main Card,,,blue,leonel-carrera,071417f5-18e4-4496-95bd-db0fb4ffea01,185.0,74.0,30cm,,red,ravon-baxter,83c00542-187b-42e3-aae8-8bbf2eb94c68,,,,
bkfc-ft-lauderdale,7,Main Card,,,blue,eduardo-concepcion,c89c7514-0dd7-4a50-8943-af7ebc3c0290,185.0,71.0,,,red,doug-coldred-coltrane,74cbdd70-a5d8-45bf-848b-9e050d1f12fc,,,,
bkfc-ft-lauderdale,8,Main Card,,,blue,howard-davis,95dfb866-614d-44ce-baca-bdc7a0d4289b,145.0,74.0,30cm,,red,josh-wright,b83d162d-3d40-49a8-9f14-e454e77fb87d,,,,
bkfc-ft-lauderdale,9,Main Card,,,blue,tom-shoaff,a0aff456-c120-44aa-b36b-573f52f80dcc,155.0,72.0,,,red,bruce-lutchmedial,3f7fa195-4a2f-45f8-bcf2-c17e1a08a4e2,,,,
bkfc-ft-lauderdale,10,Main Card,,,blue,james-lilley,85b94759-f2a0-4254-b515-85a267e5f005,155.0,70.0,27cm,,red,adam-pellerano,1fef26ac-1eb2-48eb-b262-6c2ea58ba4e3,,,,
bkfc-ft-lauderdale,11,Main Card,Headline event,,blue,joey-beltran,c4feb944-078a-4d52-a5fa-4d235df52e3c,235.0,73.0,,,red,frank-tate,89d7eae4-9fcb-4f69-842d-b04283d49de2,,,,
bkfc-24-hunt-vs-riggs,1,Prelims,Undercard,Featherweight,blue,dylan-schulte,5d5cdc1b-8900-4d3f-a703-994824614709,145.0,65.0,28cm,,red,darrick-the-buck-gates,c0637a99-2f7e-4aa1-b63b-6b9d7d9dc540,,,,
bkfc-24-hunt-vs-riggs,2,Prelims,Undercard,Light Heavyweight,blue,james-dennis,379947fb-f1ba-4317-b7f7-65d0bd2ec6b2,165.0,69.0,,,red,brian-maxwell,df0aaab1-0823-4aa0-b94e-54df9d3ad413,,,,
bkfc-24-hunt-vs-riggs,3,Prelims,Undercard,Middleweight,blue,braeden-tovey,c96e6ab0-0d38-450b-bcf1-8b8624fbbb1f,155.0,0.0,,,red,jordan-christensen,b41d5883-43f5-4bdd-a1e4-01fc23b9dc07,,,,
bkfc-24-hunt-vs-riggs,4,Main Card,,,blue,dallas-davison,7311a81e-7ba3-4262-8a71-8866f02437b6,175.0,72.0,29cm,,red,erik-lopez,0cf88b7e-a082-4b22-b4a4-614d90e6394c,,,,
bkfc-24-hunt-vs-riggs,5,Main Card,,,blue,timmy-mason,66654405-f373-412d-9735-844128f3eb83,155.0,70.0,31cm,,red,andrew-angelcor,d4d7bcc6-dfda-4dc7-ad0e-201577e73d66,,,,
bkfc-24-hunt-vs-riggs,6,Main Card,,,blue,billy-wagner,0805b7bf-792b-403a-82a0-34c6a97ca2e3,170.0,72.0,,,red,jacob-kreitel,db0319eb-0323-4b55-8a4d-6e01218758e2,,,,
bkfc-24-hunt-vs-riggs,7,Main Card,,,blue,sawyer-depee,4b10dc92-a58c-4463-ba05-dee8787572e4,203.0,72.0,31cm,,red,will-dunkle,83c87a71-4d57-4225-b88e-ebb3bbe3f33f,,,,
bkfc-24-hunt-vs-riggs,8,Main Card,,,blue,andy-nguyen,a3088964-c1c1-4bde-8601-1e1dfc891cc1,115.0,64.0,,,red,cassie-robb,ebd8ef53-12f8-4d42-9ccc-92706e1d8194,,,,
bkfc-24-hunt-vs-riggs,9,Main Card,,,blue,kai-stewart,9aeefe1b-fae9-497d-874a-abb5444b80cb,145.0,66.0,28cm,,red,daniel-gary,ac22c797-8598-4fee-b368-e279afd0a6d0,,,,
bkfc-24-hunt-vs-riggs,10,Main Card,,,blue,leo-bercier,cda8e114-7ea7-48c6-adb5-c550aa71a5f0,205.0,71.0,34cm,,red,leo-pla,bf6a505c-2f27-41cb-ae35-680e3b9fe577,,,,
bkfc-24-hunt-vs-riggs,11,Main Card,,,blue,louie-lopez,61e07493-5b0b-4cc8-b9a9-f76ad9207df4,145.0,69.0,,,red,rusty-crowder,4535042c-9513-4f74-8983-c75f2c8e66a1,,,,
bkfc-24-hunt-vs-riggs,12,Main Card,Championship Bout,,blue,lorenzo-the-juggernaut-hunt,3b7e8da2-1279-4f16-9160-bc6770d51634,185.0,72.0,32cm,,red,joe-riggs,7756b42a-4fa5-4688-9940-04d7ceb1cc38,,,,
bkfc-25-adams-vs-cleckler,1,Prelims,Undercard,Featherweight,blue,travis-floyd,bbce42eb-752f-4294-829e-e62e2a15578f,145.0,68.0,,,red,robert-armas,b957cd8a-6dfb-4b26-9691-3018bf50601b,,,,
bkfc-25-adams-vs-cleckler,2,Prelims,Undercard,Cruiserweight,blue,idrees-wasi,192e2c68-2870-44f8-a5be-f99da81646e2,185.0,72.0,,,red,john-mcallister,65d1a8af-d1d3-4684-8528-e0610c2b20eb,,,,
bkfc-25-adams-vs-cleckler,3,Prelims,Undercard,Bantamweight,blue,royal-ryan-reber,e363764e-95c7-488a-b834-0541595ec9f3,135.0,69.0,30cm,,red,micah-mitchell,504b0897-2957-4e0a-8ed6-5f3b844896a9,,,,
bkfc-25-adams-vs-cleckler,4,Main Card,,,blue,jr-ridge,a84cc32e-053a-4200-89c2-afa14d64e8dd,125.0,64.0,,,red,daniel-alvarez,74ce2909-9345-4596-80fe-8ec9b8aec6c3,,,,
bkfc-25-adams-vs-cleckler,5,Main Card,,,blue,henry-williams,2a0e86a6-399c-4a9c-9b92-5c3905e7b920,,,,,red,sterling-lenz,6022e0a3-d452-407a-b088-fb23925b662f,,,,
bkfc-25-adams-vs-cleckler,6,Main Card,,,blue,gabriel-mota,8d37a8c7-8826-4c74-b103-f425bb35bfc7,110.949,1.778,31cm,,red,travis-lerchen,d54ed4f0-b819-4e49-8acc-89549116967b,,,,
bkfc-25-adams-vs-cleckler,7,Main Card,,,blue,joshua-sanchez,8f27ecfa-6d30-4d05-8338-2376b9a04b0d,251.0,0.0,,,red,levi-costa,87ba537c-6d27-40c2-982d-ffeddf4f0eee,,,,
bkfc-25-adams-vs-cleckler,8,Main Card,,,blue,art-parker,3f237ab3-41f5-457d-a8a8-bbdc63a00b47,238.0,74.0,,,red,warren-thompson,792bb957-2d5e-4414-b796-3b29c7f2b93c,,,,
bkfc-25-adams-vs-cleckler,9,Main Card,,,blue,gentleman-jack,6a60bda1-bff1-4579-8d76-56d9c0a95c79,145.0,68.0,,,red,rick-caruso,78fd8f9a-df07-4ae2-923f-93b15a0492a1,,,,
bkfc-25-adams-vs-cleckler,10,Main Card,,,blue,terry-janoski,9a888a38-ea43-46f6-8703-9dee8b760679,185.0,70.0,,,red,jay-action-jackson,60aad7ef-da80-459d-b474-ce53807f4b8c,,,,
bkfc-25-adams-vs-cleckler,11,Main Card,,,blue,david-mundell,d264f058-b892-4500-8a24-68c92659fdb0,175.0,69.0,30cm,,red,julian-lane,db5938a5-558a-491a-a9a0-5b738fd0075a,,,,
bkfc-25-adams-vs-cleckler,12,Main Card,Championship Bout,,blue,arnold-bomaye-adams,a6c314d6-4d6f-4183-9c2a-bdf0580b077f,246.0,75.0,34cm,,red,dillon-cleckler,cc84d0ac-249d-44aa-9c60-a424cd8b71d0,,,,
bkfc-thailand-2,1,Main Card,,,blue,benjamas-phakra,0566f5a3-4fbe-4043-bcf7-74f5acdad3fa,128.0,62.0,,,red,usanakorn,1b8cfa6e-fa15-451c-be19-f46cf082b0c7,,,,
bkfc-thailand-2,2,Main Card,,,blue,mahaheng-silkmuaythai,034c46ac-4359-4e20-b8d3-eee9285d6fb4,124.0,64.0,,,red,thodsaphon-konkom-wannahat,89967499-51fc-4925-9c93-f8ff079830a3,,,,
bkfc-thailand-2,3,Main Card,,,blue,phatiphan-tiger-krungklang,7a1a1139-8d4d-4d19-b70c-2883676bf37d,152.0,66.0,,,red,sadudee-srimueang,046be551-b572-49b4-80d2-527d1d1b50d8,,,,
bkfc-thailand-2,4,Main Card,,,blue,tee-jay-chang,d7ee1819-da11-4ab2-9b13-3d1c662c2c13,165.0,70.0,,,red,fabiano-hawthorne,a91c7f6e-7e48-445b-aa61-abef0e1bf0a5,,,,
bkfc-thailand-2,5,Main Card,,,blue,pongpisan-ton-chunyong,222a05b0-6528-4cc7-ac82-4b037a7092c2,145.0,68.0,,,red,sudan-sitpholek-kulubon,c2f7671d-e7d1-4a75-9928-844599a6cebf,,,,
bkfc-thailand-2,6,Main Card,,,blue,naeem-phuphan-binhar,7ae3cf30-62da-43ad-9054-d1a5d9fe2364,70.0,1.68,,,red,sornchai-seng-maseng,3e0f9496-c776-4b3c-be67-33d99b8c7850,,,,
bkfc-thailand-2,7,Main Card,,,blue,keivan-soleimani,2440a7e7-dd4b-49fe-ba3d-aad1f3a32f5d,165.0,72.0,,,red,paitoon-rock-jaikom,2f96f523-ddaa-4111-9583-14926cb94282,,,,
bkfc-thailand-2,8,Main Card,,,blue,akbar-the-dragon-karimi,2a0bc408-f86e-4ddf-acae-bdc4efd0ab21,228.0,74.0,,,red,steve-banks,2e4ae1ab-0298-4746-bad0-24c2923ddd6b,,,,
bkfc-thailand-2,9,Main Card,Co Headline event,,blue,souris-manfredi,792b8fed-a7d6-42bd-9408-8ab7fee60c4e,113.0,65.0,,,red,fani-peloumpi,5cb3505f-d28d-46d0-b5b1-1a73f8b67a86,,,,
bkfc-thailand-2,10,Main Card,Headline event,,blue,sirimongkhon-ohh-lamthuan,35a1b97f-21d2-4802-ad84-095cd00ecb91,185.0,66.0,,,red,street-fight-mike-vetrila,60c7a6a2-2674-4b45-94d0-e1d3a30ca195,,,,
bkfc-fight-night-cochrane-vs-dyer,1,Prelims,Undercard,Featherweight,blue,tj-benson,9a382106-0d93-481e-a52f-c8a5a76b4a64,149.0,69.0,,,red,josh-krejci,613ef1b4-edb4-422c-9bcf-c7a9ec4334c1,,,,
bkfc-fight-night-cochrane-vs-dyer,2,Prelims,Undercard,Lightweight,blue,charlie-dubray,e968726a-8584-4192-a823-24fceec4af9f,152.0,66.0,,,red,emeka-ifekandu,5aecaafd-b05e-46f4-9ee4-34d2059587ef,,,,
bkfc-fight-night-cochrane-vs-dyer,3,Prelims,Undercard,Heavyweight,blue,erick-murray,48192b40-6f84-4ef2-9e53-7e36331aa155,216.0,76.0,,,red,esteban-rodriguez,d5dcf20d-9b45-4d74-bbc1-0d5cff196ea0,,,,
bkfc-fight-night-cochrane-vs-dyer,4,Main Card,,,blue,carlos-trinidad,25dd1c85-a9a5-4581-b50f-022be038f983,165.0,72.0,28cm,,red,tyler-jacques,ac9bfade-9c32-4693-a882-0bd2f92ea104,,,,
bkfc-fight-night-cochrane-vs-dyer,5,Main Card,,,blue,alonzo-martinez,c16209cc-302c-4147-beaf-91d17b1a1e9d,181.0,70.0,28cm,,red,andre-kase,be6f12fe-d3df-4c92-bcd9-b8e6ad87d7cf,,,,
bkfc-fight-night-cochrane-vs-dyer,6,Main Card,,,blue,jeff-souder,8896dd44-3c3f-485a-b963-8980faa38ff8,185.0,72.0,,,red,david-simpson,c01a158e-c64b-4a07-852c-86f60c3593e5,,,,
bkfc-fight-night-cochrane-vs-dyer,7,Main Card,,,blue,ryan-braun,654b037c-1a15-433d-9336-424b5d88fb85,195.0,71.0,32cm,,red,jett-jones,a292fa4e-05c9-4841-a2cd-94cbb924b88c,,,,
bkfc-fight-night-cochrane-vs-dyer,8,Main Card,,,blue,cody-locked-amp-loaded-land,ded4a271-3de1-45ce-a9f8-d4155dfd2fbd,155.0,67.0,,,red,will-the-thrill-shutt,d15d4469-120f-4481-9eba-b69bfe3120c5,,,,
bkfc-fight-night-cochrane-vs-dyer,9,Main Card,,,blue,sean-p-town-wilson,e16ab9a2-3213-4224-bd1f-3be03bbd115c,156.0,68.0,29cm,,red,rocky-long,fe3a46e5-1a0f-4af8-9e4e-423cd3f60f4f,,,,
bkfc-fight-night-cochrane-vs-dyer,10,Main Card,,,blue,houston-the-assassin-alexander,7ba064f5-dcb9-463e-aa0d-4c71c084e645,206.0,72.0,,,red,jason-fish,3cffac11-4622-48fc-8ec8-01722970a2b6,,,,
bkfc-fight-night-cochrane-vs-dyer,11,Main Card,Headline event,,blue,dakota-cochrane,c77fc41a-0f89-4535-887a-f2f26c9ef08f,185.0,67.0,31cm,,red,josh-dyer,c5dd048e-6bd6-44ab-b46d-0bde81378330,,,,
bkfc-fight-night-belcher-vs-tate,1,Prelims,Undercard,Welterweight,blue,tim-hester,fa6aed60-b690-44d6-ab10-cfd24406f3a8,73.75,,,,red,christian-torres,3678982c-086e-430a-a0ff-0d3d13420c8c,,,,
bkfc-fight-night-belcher-vs-tate,2,Prelims,Undercard,Featherweight,blue,tyler-sammis,4eab46f4-2e21-4e1d-b55c-ef3e0496b664,65.77,,,,red,phil-ramer,77ae69c8-23b1-4cc2-bf5a-516ddb47f667,,,,
bkfc-fight-night-belcher-vs-tate,3,Main Card,,,blue,brett-williams,bb7f1cfa-c17c-45f7-9089-1bc9be91aa71,,,,,red,frankie-shughart,9c0471a3-0ff1-4309-b9eb-43b180be0795,,,,
bkfc-fight-night-belcher-vs-tate,4,Main Card,,,blue,brad-machine-gun-kelly,ca3a8ff6-7834-4c85-9caf-a7ab3ea4923f,165.0,68.0,,,red,stanislav-grosu,6ed14efc-a4e7-41de-bdbc-7b8a8453ca76,,,,
bkfc-fight-night-belcher-vs-tate,5,Main Card,,,blue,bobby-taylor,521c75fd-d9a1-45e9-88fa-9280c1405192,155.0,68.0,32cm,,red,arthur-walcott-ceesay,f708ee62-4e60-4193-9ee3-93f4952e88ae,,,,
bkfc-fight-night-belcher-vs-tate,6,Main Card,,,blue,jeremiah-big-rig-riggs,855ec62a-66e7-4a1f-aedb-34208e9b0a3e,165.0,71.0,,,red,billy-wagner,0805b7bf-792b-403a-82a0-34c6a97ca2e3,,,,
bkfc-fight-night-belcher-vs-tate,7,Main Card,,,blue,quentin-henry,59f76b5b-ee55-48a2-ab11-8fe379d31980,205.0,73.0,,,red,sawyer-depee,4b10dc92-a58c-4463-ba05-dee8787572e4,,,,
bkfc-fight-night-belcher-vs-tate,8,Main Card,,,blue,martin-trey-brown,0f1a0dfd-d051-4a04-8756-7d114af3cf9f,155.0,71.0,,,red,robbie-peralta,27003c0d-9c43-4c29-a304-3c62e4789e15,,,,
bkfc-fight-night-belcher-vs-tate,9,Main Card,Headline event,,blue,alan-belcher,6f305d0e-30dd-4653-8f57-07ae52491064,231.0,74.0,,,red,frank-tate,89d7eae4-9fcb-4f69-842d-b04283d49de2,,,,
bkfc-26-brito-vs-palomino,1,Prelims,Undercard,Featherweight,blue,freddy-masabo,3ddd01ea-ed84-4187-8775-b0509e4fd967,66.9,1.77,,,red,will-the-thrill-shutt,d15d4469-120f-4481-9eba-b69bfe3120c5,,,,
bkfc-26-brito-vs-palomino,2,Prelims,Undercard,Heavyweight,blue,stephen-tomahawk-townsel,8174c614-5215-4a19-9ca0-87764cf520a2,205.0,74.0,34cm,,red,idrees-wasi,192e2c68-2870-44f8-a5be-f99da81646e2,,,,
bkfc-26-brito-vs-palomino,3,Main Card,,,blue,tyler-randall,a490b0ba-d3a3-4500-9f2a-6e471b603eb3,125.0,66.0,28cm,,red,cary-caprio,f612f3c2-1770-4e0a-a2f0-8be265bd4b9e,,,,
bkfc-26-brito-vs-palomino,4,Main Card,,,blue,gorjan-gogo-slaveski,dda08c3f-89ce-4424-bd71-74594af5fe41,165.0,69.0,30cm,,red,juston-stills,41b88484-250f-49e6-9e1d-caf450c5c56c,,,,
bkfc-26-brito-vs-palomino,5,Main Card,,,blue,bryan-duran,58efbc14-5e7f-4e18-97f0-531fadd8ae0b,155.0,67.0,34cm,,red,braeden-tovey,c96e6ab0-0d38-450b-bcf1-8b8624fbbb1f,,,,
bkfc-26-brito-vs-palomino,6,Main Card,,,blue,blake-bad-davis,645d187f-7e05-41d4-bc43-adf7b21fb008,81.19,1.96,,,red,cody-beierle,aae44b37-dc45-4452-87ed-013247489fd0,,,,
bkfc-26-brito-vs-palomino,7,Main Card,,,blue,howard-davis,95dfb866-614d-44ce-baca-bdc7a0d4289b,145.0,74.0,30cm,,red,jimmie-rivera,052e1cf7-4cba-4a75-bb6c-9cd046ec069e,,,,
bkfc-26-brito-vs-palomino,8,Main Card,,,blue,bec-rawlings,bd7470ea-ecf6-432b-9d41-821d30a84324,126.0,66.0,,,red,britain-hart,d8c8b412-15c7-4f58-91d0-888745652786,,,,
bkfc-26-brito-vs-palomino,9,Main Card,Championship Bout,,blue,uly-monster-diaz,ac5310c5-3630-4b7a-b6a8-c1f574ad83fb,200.0,70.0,,,red,francesco-ricchi,a0a39342-c784-406b-8658-1d00273a70b1,,,,
bkfc-26-brito-vs-palomino,10,Main Card,Championship Bout,,blue,elvin-brito,24688b86-dc55-452a-b371-1587f64b7780,160.0,68.0,31cm,,red,luis-baboon-palomino,f5cac268-2f02-44d3-9c0e-629399487752,,,,
bkfc-fight-night-tampa-2,1,Prelims,Undercard,Featherweight,blue,alex-tierney,eac144cb-64e5-4ec7-a1ea-4bcc9f0f5468,65.77,,,,red,darrick-the-buck-gates,c0637a99-2f7e-4aa1-b63b-6b9d7d9dc540,,,,
bkfc-fight-night-tampa-2,2,Prelims,Undercard,Men Flyweight,blue,jr-ridge,a84cc32e-053a-4200-89c2-afa14d64e8dd,125.0,64.0,,,red,justyn-martinez,699661df-990a-4ea8-9fc2-cd9eec7258b6,,,,
bkfc-fight-night-tampa-2,3,Main Card,,,blue,henry-williams,2a0e86a6-399c-4a9c-9b92-5c3905e7b920,,,,,red,paul-walters,9dde5f4f-b33e-4d19-b2a9-a233f056334f,,,,
bkfc-fight-night-tampa-2,4,Main Card,,,blue,stevo-morris,8380c800-65a5-4eec-b4ab-59f054017fa7,65.77,1.78,,,red,brandon-allen,626945fb-1e3d-4c33-bbfb-eaade26e22ec,,,,
bkfc-fight-night-tampa-2,5,Main Card,,,blue,royal-ryan-reber,e363764e-95c7-488a-b834-0541595ec9f3,135.0,69.0,30cm,,red,rick-caruso,78fd8f9a-df07-4ae2-923f-93b15a0492a1,,,,
bkfc-fight-night-tampa-2,6,Main Card,,,blue,joshua-sanchez,8f27ecfa-6d30-4d05-8338-2376b9a04b0d,251.0,0.0,,,red,paul-ryan-shough,4294756d-e6aa-4d55-b404-073e9bf01af3,,,,
bkfc-fight-night-tampa-2,7,Main Card,,,blue,rynell-riley,4682b7dd-fa13-495b-b57d-1132c6c10b7e,166.0,70.0,,,red,heinrich-coorssen,e344f2fb-1221-4418-b9c8-9403a6827635,,,,
bkfc-fight-night-tampa-2,8,Main Card,,,blue,david-mundell,d264f058-b892-4500-8a24-68c92659fdb0,175.0,69.0,30cm,,red,david-simpson,c01a158e-c64b-4a07-852c-86f60c3593e5,,,,
bkfc-fight-night-tampa-2,9,Main Card,Co Headline event,,blue,jared-warren,b1b22d17-ef2b-41b7-aac6-c24be38399de,185.0,73.0,34cm,,red,jomi-escoboza,c8cae26e-f386-4d08-9697-d9554e8c5733,,,,
bkfc-fight-night-tampa-2,10,Main Card,Headline event,,blue,jarod-grant,ef9fb879-1396-4156-9f97-dcba1ae05e1d,145.0,67.0,,,red,reggie-barnett-jr,0fc95a6a-09ac-44ce-8acd-76f054abb63b,,,,
bkfc-27-london,1,Prelims,Undercard,Heavyweight,blue,brett-may,14479c6a-e53a-4349-9abf-947ccd408376,117.93,,,,red,rob-cunningham,8e06c56c-8933-4ecb-8214-b3443c99e71c,,,,
bkfc-27-london,2,Prelims,Undercard,Welterweight,blue,franco-tenaglia,464496cf-4d2f-4876-9913-2ce931f7bfb4,155.0,69.0,30cm,,red,chasa-symonds,cff84d26-e9cd-4409-8a61-847ae35ad649,,,,
bkfc-27-london,3,Prelims,Undercard,Light Heavyweight,blue,conan-barbaru,81bcac37-bbdf-456e-bb66-10c7a364c02c,79.197,1.8034,,,red,dan-vinni,51a7c66c-9f3b-4098-a3cc-3423ca2819b0,,,,
bkfc-27-london,4,Main Card,,,blue,ellis-shepherd,9d7e51b0-443c-4cdf-842c-98d2dec2d8aa,65.771,1.778,,,red,john-hick,4a5af325-8f79-42c4-8994-d0043a3e04a9,,,,
bkfc-27-london,5,Main Card,,,blue,david-round,6e32f6b9-8156-4db0-96d4-baa62eabae7a,184.0,71.0,,,red,ash-griffiths,94f867b2-069c-487c-ba57-43b5bc263570,,,,
bkfc-27-london,6,Main Card,,,blue,dawid-zoltaszek,e7977798-aac0-48d4-8613-c02aeba174c8,117.93,1.93,,,red,adam-harris,c1d747d0-5d48-4b98-9c63-0c3b8916f837,,,,
bkfc-27-london,7,Main Card,,,blue,danny-christie,e79ef0c5-595d-4b48-abcd-fb6b2650c31e,79.152,1.8034,31cm,,red,terry-braizer,afe76de6-9e5e-4df2-bf05-609cee6e9ae6,,,,
bkfc-27-london,8,Main Card,,,blue,brutal-jake-bostwick,9ba2f9b1-2391-45dd-a6c9-dd74a3c00bc6,175.0,68.0,32cm,,red,chris-fishgold,4b19a5bd-538c-4c0f-9317-37b22d29bac0,,,,
bkfc-27-london,9,Main Card,,,blue,mick-terrill,b7617276-f3c7-4770-9ab6-9903247c0d3a,265.0,75.0,,,red,sam-shewmaker,a9c1f02b-2fe2-4530-945d-dde15ba4fcf7,,,,
bkfc-27-london,10,Main Card,,,blue,james-lilley,85b94759-f2a0-4254-b515-85a267e5f005,155.0,70.0,27cm,,red,tyler-goodjohn,b837efb4-924a-4edf-9979-836a16dfe1f9,,,,
bkfc-27-london,11,Main Card,,,blue,connor-tierney,5169ca29-1457-4611-bb06-155f3f65ec3f,165.0,74.0,28cm,,red,joe-elmore,7251f411-9e2e-471d-9037-4098a9607bfa,,,,
bkfc-27-london,12,Main Card,Headline event,,blue,michael-venom-page,1b3d2998-2aae-4cb7-8462-5d75e89333a4,79.37,1.91,,,red,mike-platinum-perry,0812dbcf-beb3-4931-9914-98a991d2f4b5,,,,
bkfc-28-albuquerque,1,Prelims,Undercard,Middleweight,blue,jeremy-sauceda,c2129c6c-27cd-4b57-92ee-b4ae8413f8a8,175.0,70.0,,,red,roderick-stewart,39009858-a16f-4c5f-892e-cd85b02bb821,,,,
bkfc-28-albuquerque,2,Prelims,Undercard,Strawweight,blue,jayme-hinshaw,f7a12994-cffe-418d-bb50-8640bf63d4e4,42.63,1.57,,,red,cassie-robb,ebd8ef53-12f8-4d42-9ccc-92706e1d8194,,,,
bkfc-28-albuquerque,3,Prelims,Undercard,Heavyweight,blue,kyle-mcelroy,6aa4f746-fedf-46b9-b015-4cf2135b16b8,210.0,75.0,,,red,josh-watson,4a4f06fc-d5cf-44a0-a043-50ff155e374e,,,,
bkfc-28-albuquerque,4,Main Card,,,blue,joshua-moreno,5d8d3eb4-fdd2-411c-93c2-faab9b20bde1,173.0,72.0,,,red,zion-tomlinson,f3578562-bd21-4df5-82fd-ef1d7615d653,,,,
bkfc-28-albuquerque,5,Main Card,,,blue,joshua-morales,424ef1f4-6346-402c-9a66-55d23ba4a18b,70.3,1.8,,,red,tony-soto,ad7c59c1-ebc8-4973-994b-86af487b31fe,,,,
bkfc-28-albuquerque,6,Main Card,,,blue,eric-dodson,fa23dc97-6f05-493d-9e06-2a1121a25fef,145.0,66.0,29cm,,red,nick-villar,675c5bf1-d81e-4f7c-9c99-7b484f65930d,,,,
bkfc-28-albuquerque,7,Main Card,,,blue,will-santiago,a07fe1c7-375b-430c-b802-23b8fb5515fd,180.0,68.0,32cm,,red,jake-young,9164f60d-e981-4d31-b9cf-28560adf3cc9,,,,
bkfc-28-albuquerque,8,Main Card,,,blue,donald-sanchez,c657e7e7-f842-4225-b1cd-6fbc7c7439ca,185.0,72.0,32cm,,red,jeremy-smith,0f31c84a-7946-499e-8c1e-f307cab236db,,,,
bkfc-28-albuquerque,9,Main Card,,,blue,isaac-vallie-flagg,5d6610ac-408f-4bce-a12f-697d11bc55fa,,1.73,,,red,brad-machine-gun-kelly,ca3a8ff6-7834-4c85-9caf-a7ab3ea4923f,,,,
bkfc-28-albuquerque,10,Main Card,Co Headline event,,blue,john-dodson,3e5216b0-c032-4e12-991b-7800d9528987,125.0,63.0,,,red,ryan-benoit,9b44de39-a24b-4a7a-ba8b-4db01a48c21e,,,,
bkfc-28-albuquerque,11,Main Card,Championship Bout,,blue,christine-ferea,25620a83-a11c-4e61-b7cf-8a42cb5667f1,125.0,65.0,,,red,taylor-starling,7c806f80-1893-422a-aeee-3a26316d6f23,,,,
bkfc-praethsaithy-3-buakaw-vs-varol,1,Main Card,,,blue,sadudee-srimueang,046be551-b572-49b4-80d2-527d1d1b50d8,155.0,68.0,,,red,malinda-amarasinghe,42004f67-a4b7-408d-8439-ed976ded75d5,,,,
bkfc-praethsaithy-3-buakaw-vs-varol,2,Main Card,,,blue,kantapon-petsang,883b7353-c6aa-43ee-a922-ffabb88fd549,79.38,,,,red,sophong-satho,521968f4-be90-43b2-bd3e-f0c6f29d6ed4,,,,
bkfc-praethsaithy-3-buakaw-vs-varol,3,Main Card,,,blue,tai-emery,18f51318-565d-468e-b3f1-d8da2244ea0a,51.982,1.5748,,,red,rung-arun-khunchai,9e84963d-1dfb-4868-b4a2-da82418b5c27,,,,
bkfc-praethsaithy-3-buakaw-vs-varol,4,Main Card,,,blue,somchai-ainthida,9bdc2ae2-d8d0-4ceb-a9ca-134363023138,61.23,,,,red,suban-malopho,057cecfc-33f1-40f1-ada0-dcc264cdce35,,,,
bkfc-praethsaithy-3-buakaw-vs-varol,5,Main Card,,,blue,usanakorn,1b8cfa6e-fa15-451c-be19-f46cf082b0c7,132.0,67.0,,,red,natsuda-yooya,76089ded-6a19-438d-ab62-6990cfe56aa9,,,,
bkfc-praethsaithy-3-buakaw-vs-varol,6,Main Card,,,blue,pipat-mike-chaiporn,130e91e8-1716-4b10-918c-5d36a1737a78,140.0,62.0,,,red,krisana-frankke-srisang,90932d30-2533-49b4-8415-b8fb0e6022e1,,,,
bkfc-praethsaithy-3-buakaw-vs-varol,7,Main Card,,,blue,street-fight-mike-vetrila,60c7a6a2-2674-4b45-94d0-e1d3a30ca195,183.0,74.0,,,red,luis-paulo-terra,87c4fb94-63fd-45d3-9ea6-a98457a3c07e,,,,
bkfc-praethsaithy-3-buakaw-vs-varol,8,Main Card,,,blue,sornchai-seng-maseng,3e0f9496-c776-4b3c-be67-33d99b8c7850,68.9,1.7018,,,red,jakkaphop-rattanamangsang,2433354b-bbd1-43a9-b422-1fe19e2ad83a,,,,
bkfc-praethsaithy-3-buakaw-vs-varol,9,Main Card,,,blue,steve-banks,2e4ae1ab-0298-4746-bad0-24c2923ddd6b,128.911,1.9558,,,red,ahmed-abdelfattah,d212ed39-fa42-431a-b2cf-63ce2c2cd643,,,,
bkfc-praethsaithy-3-buakaw-vs-varol,10,Main Card,,,blue,chaloeporn-sawatsuk,564010f1-721d-4032-aab9-808eb012bfdc,85.0,1.6764,,,red,dominic-ahnee,111c58c7-1c7d-4946-966c-d60ff0f673c4,,,,
bkfc-praethsaithy-3-buakaw-vs-varol,11,Main Card,Co Headline event,,blue,pongpisan-ton-chunyong,222a05b0-6528-4cc7-ac82-4b037a7092c2,145.0,68.0,,,red,surasak-sukkhamcha,fbbd3793-7ed5-4e8b-b709-e702d1641dbc,,,,
bkfc-praethsaithy-3-buakaw-vs-varol,12,Main Card,Headline event,,blue,buakaw,533d1db0-1740-441c-8c8a-c28c9522d437,71.66,1.72,,,red,erkan-varol,64cc6c2d-be6f-4e40-9223-38c8344987e5,,,,
bkfc-29-montana-2,1,Prelims,Undercard,Featherweight,blue,dakota-highpine,baf1e726-2c0d-4c15-b7d4-301f762e24a2,145.0,70.0,,,red,koda-the-gladiator-greenwood,39a9ae37-1eae-4851-bc37-eb4c1f50b2cb,,,,
bkfc-29-montana-2,2,Prelims,Undercard,Lightweight,blue,erik-lopez,0cf88b7e-a082-4b22-b4a4-614d90e6394c,155.0,67.0,30cm,,red,manuel-moreira,99337337-3b4d-4f78-99e6-c6212da89cc8,,,,
bkfc-29-montana-2,3,Prelims,Undercard,Cruiserweight,blue,leo-bercier,cda8e114-7ea7-48c6-adb5-c550aa71a5f0,205.0,71.0,34cm,,red,brian-maxwell,df0aaab1-0823-4aa0-b94e-54df9d3ad413,,,,
bkfc-29-montana-2,4,Main Card,,,blue,cody-beierle,aae44b37-dc45-4452-87ed-013247489fd0,83.461,1.88,,,red,jordan-christensen,b41d5883-43f5-4bdd-a1e4-01fc23b9dc07,,,,
bkfc-29-montana-2,5,Main Card,,,blue,louie-lopez,61e07493-5b0b-4cc8-b9a9-f76ad9207df4,145.0,69.0,,,red,dylan-schulte,5d5cdc1b-8900-4d3f-a703-994824614709,,,,
bkfc-29-montana-2,6,Main Card,,,blue,veronika-dmitriyeva,a92f3c7a-2563-4675-b6c9-179e2e46e119,52.16,1.63,,,red,jenny-savage,7fb61c13-e2f8-4dde-852f-9705c73660fb,,,,
bkfc-29-montana-2,7,Main Card,,,blue,billy-wagner,0805b7bf-792b-403a-82a0-34c6a97ca2e3,170.0,72.0,,,red,rome-lindsay,d8f32a95-236c-4c97-bc96-8cd04bf23af0,,,,
bkfc-29-montana-2,8,Main Card,,,blue,dallas-davison,7311a81e-7ba3-4262-8a71-8866f02437b6,175.0,72.0,29cm,,red,gorjan-gogo-slaveski,dda08c3f-89ce-4424-bd71-74594af5fe41,,,,
bkfc-29-montana-2,9,Main Card,,,blue,kai-stewart,9aeefe1b-fae9-497d-874a-abb5444b80cb,145.0,66.0,28cm,,red,rusty-crowder,4535042c-9513-4f74-8983-c75f2c8e66a1,,,,
bkfc-29-montana-2,10,Main Card,Co Headline event,,blue,joe-riggs,7756b42a-4fa5-4688-9940-04d7ceb1cc38,185.0,72.0,,,red,josh-dyer,c5dd048e-6bd6-44ab-b46d-0bde81378330,,,,
bkfc-29-montana-2,11,Main Card,Championship Bout,,blue,britain-hart,d8c8b412-15c7-4f58-91d0-888745652786,123.0,67.0,25cm,,red,charisa-sigala,8a19627e-86f0-43ab-8d17-d8df8e0b6df5,,,,
bkfc-30-hunt-vs-henry,1,Prelims,Undercard,Featherweight,blue,david-bosnick,e0ad26a6-4215-4214-b9f5-c24de6c77abc,65.77,1.78,,,red,loren-thibodeaux,ad2ec7d8-5424-4a02-a531-25a5f0bad6ab,,,,
bkfc-30-hunt-vs-henry,2,Prelims,Undercard,Heavyweight,blue,juan-torres,e3a9c569-2ce1-4f21-b028-29c8ced1023d,255.0,72.0,,,red,zach-calmus,8f1d28b0-33e7-4265-ac61-7d11723e3245,,,,
bkfc-30-hunt-vs-henry,3,Main Card,,,blue,blake-lacaze,919b509e-648e-44d1-8cc9-e3741e6b7fd2,175.0,77.0,11cm,,red,noah-cutter,d2f914df-9085-4848-8a1b-5eb85527cab7,,,,
bkfc-30-hunt-vs-henry,4,Main Card,,,blue,tony-jenkins,8e756ffa-aad9-42e2-bb8f-2f0d19a38075,83.91,1.83,,,red,ravon-baxter,83c00542-187b-42e3-aae8-8bbf2eb94c68,,,,
bkfc-30-hunt-vs-henry,5,Main Card,,,blue,brandon-shavers,ec57704e-0b7c-42d4-a8e8-25b6ea64674f,74.84,1.9304,,,red,nathan-flawless-mitchell,510ab6dc-0670-4d87-bf54-266f5ea3f92b,,,,
bkfc-30-hunt-vs-henry,6,Main Card,,,blue,dennis-labruzza,7ae7d42f-e08c-4bb4-b2d0-5fb2cd3b9050,83.91,,,,red,duke-sensley,eff5fac3-7ce7-4e0c-9adb-adf93f546862,,,,
bkfc-30-hunt-vs-henry,7,Main Card,,,blue,harris-stephenson,c53e5bb1-57ca-4d3f-90d3-2bd7e57dd949,185.0,74.0,12cm,,red,kaleb-lionheart-harris,845845ae-1bfc-478d-a33b-7fb1d5e591c5,,,,
bkfc-30-hunt-vs-henry,8,Main Card,Co Headline event,,blue,ben-rothwell,7f1d6f90-1b56-4403-b536-cd972a8d01df,265.0,76.0,35cm,,red,bobo-obannon,11437a8e-9d12-4b6e-9eed-d4b30b74cf68,,,,
bkfc-30-hunt-vs-henry,9,Main Card,Championship Bout,,blue,lorenzo-the-juggernaut-hunt,3b7e8da2-1279-4f16-9160-bc6770d51634,185.0,72.0,32cm,,red,quentin-henry,59f76b5b-ee55-48a2-ab11-8fe379d31980,,,,
bkfc-31-denver-richman-vs-doolittle,1,Prelims,Undercard,Cruiserweight,blue,keegan-vandermeer,60e2ad51-1675-4d2e-931c-2ced8473e164,91.535,1.9304,,,red,zeb-vincent,d568c7d2-5ab0-4899-b744-f36cf99b0a0d,,,,
bkfc-31-denver-richman-vs-doolittle,2,Prelims,Undercard,Lightweight,blue,andrew-angelcor,d4d7bcc6-dfda-4dc7-ad0e-201577e73d66,155.0,66.0,28cm,,red,van-vo,a39551b5-2ef5-49b3-83c0-2126db9c09f6,,,,
bkfc-31-denver-richman-vs-doolittle,3,Main Card,,,blue,andrew-yates,bc9548e2-b4bf-47d6-bd56-a49e79678512,165.0,70.0,30cm,,red,nolan-mclaughlin,5e1d70a1-cd89-4bba-83d9-f9f82fd2a448,,,,
bkfc-31-denver-richman-vs-doolittle,4,Main Card,,,blue,khortni-kamyron,82a6dcef-4b29-4cf3-826a-7a67ed4aba5b,61.23,1.65,,,red,crystal-pittman,01fb7b9d-da43-4867-ab1b-355398abf729,,,,
bkfc-31-denver-richman-vs-doolittle,5,Main Card,,,blue,gorjan-gogo-slaveski,dda08c3f-89ce-4424-bd71-74594af5fe41,165.0,69.0,30cm,,red,evgenii-kurdanov,d2871ea7-3f62-4350-a7f1-852b28f9e32d,,,,
bkfc-31-denver-richman-vs-doolittle,6,Main Card,,,blue,cory-madden,4759fbae-45a9-4e68-9fc9-afb4037f48ba,74.84,1.73,,,red,christian-torres,3678982c-086e-430a-a0ff-0d3d13420c8c,,,,
bkfc-31-denver-richman-vs-doolittle,7,Main Card,,,blue,josh-copeland,5d5496f8-904e-45f9-a7d5-740114a8aec3,260.0,73.0,34cm,,red,levi-costa,87ba537c-6d27-40c2-982d-ffeddf4f0eee,,,,
bkfc-31-denver-richman-vs-doolittle,8,Main Card,,,blue,chris-camozzi,30dde676-b606-4679-85f6-a7c3f149ea0b,185.0,75.0,33cm,,red,bubba-mcdaniel,73369164-1731-4512-b901-7429f4d85ad0,,,,
bkfc-31-denver-richman-vs-doolittle,9,Main Card,,,blue,brandon-girtz,6c4a548b-5ebd-4670-a1a3-80932568392a,75.251,1.7,,,red,jake-lindsey,a752afa7-815e-4823-b83d-a0e83dcac394,,,,
bkfc-31-denver-richman-vs-doolittle,10,Main Card,Headline event,,blue,mike-richman,b8e3c53e-a914-43e8-90fd-acaeaf05c1f7,175.0,68.0,35cm,,red,isaac-doolittle,96528a4b-8845-4aee-9742-dc49d70b4db1,,,,
bkfc-32-orlando,1,Prelims,Undercard,Middleweight,blue,tony-murphy,89cf6139-9bcd-4e43-978f-a3652444a4e9,79.56,1.83,30cm,,red,shane-stapp,de80f490-026d-44f3-a094-8d7a8c46768e,,,,
bkfc-32-orlando,2,Prelims,Undercard,Welterweight,blue,chris-cornelius,c65ecaa9-e861-44b7-85b6-e94b690c0533,70.3,1.75,,,red,jafar-fortt-knox,00370046-d968-4cdf-889d-7336cbebb418,,,,
bkfc-32-orlando,3,Prelims,Undercard,Featherweight,blue,brandon-allen,626945fb-1e3d-4c33-bbfb-eaade26e22ec,145.0,69.0,28cm,,red,josh-marer,a724cec8-2c03-4825-af8d-1512c89b8238,,,,
bkfc-32-orlando,4,Main Card,,,blue,jonathan-miller,6d0b3745-0b1c-49f8-b371-aaf46ea758bc,109.543,1.8542,,,red,stephon-reese,67ed1bd1-c9e4-4df2-abae-19e4eb2a8695,,,,
bkfc-32-orlando,5,Main Card,,,blue,royal-ryan-reber,e363764e-95c7-488a-b834-0541595ec9f3,135.0,69.0,30cm,,red,jack-grady,be80e2f4-223b-468c-8f72-09e8d70eeb04,,,,
bkfc-32-orlando,6,Main Card,,,blue,jr-ridge,a84cc32e-053a-4200-89c2-afa14d64e8dd,125.0,64.0,,,red,chancey-wilson,b5915360-b597-4ccf-9de2-3393f779724f,,,,
bkfc-32-orlando,7,Main Card,,,blue,travis-thompson,1cdf04cc-7a87-470a-a4a7-607bcba7ff6c,135.0,66.0,,,red,david-diaz,1e0b8e36-e2bf-4230-9ac6-d3e82a715eff,,,,
bkfc-32-orlando,8,Main Card,,,blue,jessica-borga,a2212ba7-3529-4e51-8624-6d444f67b487,126.0,66.0,27cm,,red,sarah-click,4c357087-c001-4756-9914-f164c11bc4e7,,,,
bkfc-32-orlando,9,Main Card,,,blue,bobby-taylor,521c75fd-d9a1-45e9-88fa-9280c1405192,155.0,68.0,32cm,,red,gabriel-freyre,a73240ec-38c8-4bc3-a93e-f1f3023bd26c,,,,
bkfc-32-orlando,10,Main Card,Co Headline event,,blue,jared-warren,b1b22d17-ef2b-41b7-aac6-c24be38399de,185.0,73.0,34cm,,red,jay-action-jackson,60aad7ef-da80-459d-b474-ce53807f4b8c,,,,
bkfc-32-orlando,11,Main Card,Headline event,,blue,reggie-barnett-jr,0fc95a6a-09ac-44ce-8acd-76f054abb63b,135.0,66.0,27cm,,red,geane-herrera,0205c22f-b6d8-4295-8d46-923f1c3135fd,,,,
bkfc-33-omaha-beltran-vs-alexander,1,Prelims,Undercard,Lightweight,blue,brandon-meyer,079b4f1d-f73b-4845-a163-1793aa2dc1d5,69.944,1.778,31cm,,red,shaine-moffitt,afcf1520-700f-4542-a37f-cf192dd8f5d3,,,,
bkfc-33-omaha-beltran-vs-alexander,2,Prelims,Undercard,Women Flyweight,blue,sarah-shell,8bb72bee-7e3f-4644-993e-58403fdf73ae,52.617,1.7018,,,red,audra-cummings,a0257e8c-7389-4163-982e-fc7f2dfe1059,,,,
bkfc-33-omaha-beltran-vs-alexander,3,Main Card,,,blue,drako-rodriguez,55d94b97-335b-4a97-b21a-ea1b691748ce,70.715,1.7526,27cm,,red,will-the-thrill-shutt,d15d4469-120f-4481-9eba-b69bfe3120c5,,,,
bkfc-33-omaha-beltran-vs-alexander,4,Main Card,,,blue,alonzo-martinez,c16209cc-302c-4147-beaf-91d17b1a1e9d,181.0,70.0,28cm,,red,jordan-christensen,b41d5883-43f5-4bdd-a1e4-01fc23b9dc07,,,,
bkfc-33-omaha-beltran-vs-alexander,5,Main Card,,,blue,cody-locked-amp-loaded-land,ded4a271-3de1-45ce-a9f8-d4155dfd2fbd,155.0,67.0,,,red,tommy-strydom,3d589e5c-e847-4ad0-9aef-0582d044601e,,,,
bkfc-33-omaha-beltran-vs-alexander,6,Main Card,,,blue,dakota-cochrane,c77fc41a-0f89-4535-887a-f2f26c9ef08f,185.0,67.0,31cm,,red,eduardo-peralta,4727f226-ae3d-460d-b192-6f1cb983aeb1,,,,
bkfc-33-omaha-beltran-vs-alexander,7,Main Card,,,blue,carlos-trinidad,25dd1c85-a9a5-4581-b50f-022be038f983,165.0,72.0,28cm,,red,rynell-riley,4682b7dd-fa13-495b-b57d-1132c6c10b7e,,,,
bkfc-33-omaha-beltran-vs-alexander,8,Main Card,Co Headline event,,blue,sean-p-town-wilson,e16ab9a2-3213-4224-bd1f-3be03bbd115c,156.0,68.0,29cm,,red,kevin-croom,fda91a49-6046-4994-9c98-2259902b07a9,,,,
bkfc-33-omaha-beltran-vs-alexander,9,Main Card,Headline event,,blue,joey-beltran,c4feb944-078a-4d52-a5fa-4d235df52e3c,235.0,73.0,,,red,houston-the-assassin-alexander,7ba064f5-dcb9-463e-aa0d-4c71c084e645,,,,
bkfc-newcastle-terrill-vs-banks,1,Prelims,Undercard,Heavyweight,blue,agi-faulkner,4bb4d9d8-cdce-4fed-b897-44b41e849d8f,109.044,1.8034,,,red,daniel-robson,a2628697-f639-43bf-bc3f-965110da9473,,,,
bkfc-newcastle-terrill-vs-banks,2,Prelims,Undercard,Women Flyweight,blue,mathilda-wilson,d9572abe-ac31-42ae-96b0-75b361b69597,57.425,1.6002,,,red,melanie-shah,1617e5b4-5059-468f-b51b-dfd14ac9d934,,,,
bkfc-newcastle-terrill-vs-banks,3,Main Card,,,blue,lewis-keen,b1b5931b-8e2a-41cc-b1df-a5331b1d7a7b,69.672,1.7526,30cm,,red,lewy-sherriff,b5f477c3-010c-4443-9b60-b352457b16c4,,,,
bkfc-newcastle-terrill-vs-banks,4,Main Card,,,blue,nathan-owens,e94bf87c-1bab-41a0-8943-2a9c3b3d065b,83.46,1.905,,,red,david-round,6e32f6b9-8156-4db0-96d4-baa62eabae7a,,,,
bkfc-newcastle-terrill-vs-banks,5,Main Card,,,blue,lee-browne,4fee782d-8d3e-4d14-9c0a-3bb6000c1bbf,102.149,1.9558,,,red,billy-hawthorn,018b305b-c4ef-49ee-9313-b332a933bfce,,,,
bkfc-newcastle-terrill-vs-banks,6,Main Card,,,blue,tom-scott,53590994-a875-4768-bf69-e70b6a0d0743,93.0,1.82,,,red,john-ferguson,ecd85679-e2ca-47cd-8f29-df20f254b6ed,,,,
bkfc-newcastle-terrill-vs-banks,7,Main Card,,,blue,will-cairns,a27d07f0-47c6-4090-8e52-2c91d2939fc5,165.0,69.0,,,red,liam-wilson,61b9b7bd-5204-45fe-bd70-4bbd238f3f1f,,,,
bkfc-newcastle-terrill-vs-banks,8,Main Card,,,blue,danny-christie,e79ef0c5-595d-4b48-abcd-fb6b2650c31e,79.152,1.8034,31cm,,red,darren-godfrey,280ba31d-79c2-494b-a015-c84a6bd587df,,,,
bkfc-newcastle-terrill-vs-banks,9,Main Card,Championship Bout,,blue,anthony-holmes,d38fa61f-5e93-4883-9e4c-c9bc17217ea3,83.28,1.778,31cm,,red,darren-hendry,5417571e-9832-44aa-bb3f-9c28659dd6f6,,,,
bkfc-newcastle-terrill-vs-banks,10,Main Card,Headline event,,blue,mick-terrill,b7617276-f3c7-4770-9ab6-9903247c0d3a,265.0,75.0,,,red,steve-banks,2e4ae1ab-0298-4746-bad0-24c2923ddd6b,,,,
bkfc-34-hollywood,1,Prelims,Undercard,Featherweight,blue,freddy-masabo,3ddd01ea-ed84-4187-8775-b0509e4fd967,66.9,1.77,,,red,shawn-moffett,97a5e1de-153b-49aa-b0dd-27fc56d71cd8,,,,
bkfc-34-hollywood,2,Prelims,Undercard,Men Flyweight,blue,rambo,0e43b5d9-107e-4fb3-94c9-ecff10f7e791,135.0,65.0,29cm,,red,brett-lowry,4eac2e89-70bd-400e-8d11-3a9b3726d703,,,,
bkfc-34-hollywood,3,Prelims,Undercard,Light Heavyweight,blue,jeremy-smith,0f31c84a-7946-499e-8c1e-f307cab236db,185.0,70.0,,,red,leo-valdivia,0f8a8fbb-20e3-46f7-b018-a218b2f4f9b8,,,,
bkfc-34-hollywood,4,Prelims,Undercard,Bantamweight,blue,alberto-blas,7c79ea52-cfe1-498e-ac58-432521fd1ef2,135.0,68.0,30cm,,red,jeremiah-potts,86770520-cd55-4600-ab2d-543622839f4d,,,,
bkfc-34-hollywood,5,Prelims,Undercard,Welterweight,blue,famez,e945b129-e380-4485-a853-6968de1c417e,155.0,67.0,,,red,glendel-futrell,d1285b05-e39c-48af-b3d8-72df7cce8f5a,,,,
bkfc-34-hollywood,6,Prelims,Undercard,Men Flyweight,blue,gee-perez,7bacf0f1-a46c-4a2a-a218-104892cce91f,165.0,68.0,31cm,,red,rob-fuller,dcc9cf58-4d36-41a4-931d-3866b3741780,,,,
bkfc-34-hollywood,7,Main Card,,,blue,rene-white-boy-rodriguez,d1390560-96cd-42ff-8031-849d4aade372,155.0,71.0,,,red,jake-young,9164f60d-e981-4d31-b9cf-28560adf3cc9,,,,
bkfc-34-hollywood,8,Main Card,,,blue,bryan-duran,58efbc14-5e7f-4e18-97f0-531fadd8ae0b,155.0,67.0,34cm,,red,kobe-bowen,55a9f98c-5e65-46d7-87e6-70c9877ee218,,,,
bkfc-34-hollywood,9,Main Card,,,blue,blake-bad-davis,645d187f-7e05-41d4-bc43-adf7b21fb008,81.19,1.96,,,red,will-dunkle,83c87a71-4d57-4225-b88e-ebb3bbe3f33f,,,,
bkfc-34-hollywood,10,Main Card,,,blue,christine-vicens,0bec96fc-bb81-4dfa-91c0-988713597468,125.0,66.0,27cm,,red,jocelyn-lybarger,c8f4c348-b038-4cd7-bbaa-a9c916286d4d,,,,
bkfc-34-hollywood,11,Main Card,,,blue,howard-davis,95dfb866-614d-44ce-baca-bdc7a0d4289b,145.0,74.0,30cm,,red,louie-lopez,61e07493-5b0b-4cc8-b9a9-f76ad9207df4,,,,
bkfc-34-hollywood,12,Main Card,Championship Bout,,blue,francesco-ricchi,a0a39342-c784-406b-8658-1d00273a70b1,175.0,75.0,33cm,,red,david-mundell,d264f058-b892-4500-8a24-68c92659fdb0,,,,
bkfc-34-hollywood,13,Main Card,Championship Bout,,blue,luis-baboon-palomino,f5cac268-2f02-44d3-9c0e-629399487752,165.0,69.0,31cm,,red,tom-shoaff,a0aff456-c120-44aa-b36b-573f52f80dcc,,,,
bkfc-thailand-4,1,Prelims,Undercard,Bantamweight,blue,anubhav-verma,16899a2f-cea1-41d0-9ffc-2c30d21219a0,61.0,,,,red,thearith-ouch,a8889378-67f3-4837-a6ce-da0c2774a002,,,,
bkfc-thailand-4,2,Prelims,Undercard,Bantamweight,blue,partho-ghosh,3f5482fe-c4f6-4dac-8cb2-92a40a4e7562,61.0,,,,red,pov-chor,c619baeb-b8fc-4701-96c1-70e07c2418c3,,,,
bkfc-thailand-4,3,Prelims,Undercard,Lightweight,blue,sarun-srioumboo,acb243a6-0651-4b75-bd84-fe5793623c9f,142.0,71.0,,,red,victor-booty,9cbc5239-4c8c-49af-96c7-3c1a9ec1f347,,,,
bkfc-thailand-4,4,Main Card,,,blue,poorya-mokhtari,7c7f3d89-7065-4274-992e-ea546ee6a04c,66.0,,,,red,joemil-miado,cc70a2c9-6b06-45cc-9da3-ae3677a39f38,,,,
bkfc-thailand-4,5,Main Card,,,blue,sohanne-bengana,1503ce27-06c7-4ba3-a888-7313b4afb7ba,66.0,,,,red,krisana-frankke-srisang,90932d30-2533-49b4-8415-b8fb0e6022e1,,,,
bkfc-thailand-4,6,Main Card,,,blue,gustaf-cedermalm,8b8af6fd-c68b-4496-a523-7f016432037e,65.906,1.778,,,red,alex-castro,b9845063-4772-45c0-8152-65c515bb1c9a,,,,
bkfc-thailand-4,7,Main Card,,,blue,tetee-denman,37609e01-6d51-4876-97e3-3edf112dab1e,64.0,,,,red,saw-htoo-aung,a2526bbb-999e-45d7-a73b-4f5178155f4b,,,,
bkfc-thailand-4,8,Main Card,,,blue,gilbert-patrocinio,05b11440-f0aa-4275-9674-3961028427a0,74.0,,,,red,channarong-injampa,55aa6c5f-55f9-4c83-bd21-49f8ca1450a0,,,,
bkfc-thailand-4,9,Main Card,Co Headline event,,blue,tai-emery,18f51318-565d-468e-b3f1-d8da2244ea0a,51.982,1.5748,,,red,po-denman,c2f5aaad-ca2c-4f47-a72e-0bcf45fd2971,,,,
bkfc-thailand-4,10,Main Card,Headline event,,blue,rolando-gabriel-dy,95738293-c194-4a07-8e5f-f2543df035e8,70.0,,,,red,apisit-sangmuang,1b5e2010-bb41-438b-86aa-b78ff6303d88,,,,
bkfc-35-myrtle-beach,1,Main Card,,,blue,doug-coldred-coltrane,74cbdd70-a5d8-45bf-848b-9e050d1f12fc,185.0,73.0,31cm,,red,brian-jackson,97e502f6-79c7-4ccf-92ee-b6fa0e1eda5b,,,,
bkfc-35-myrtle-beach,2,Main Card,,,blue,james-brown,0706c570-3584-48a1-879b-ee971e4a6f7c,69.49,1.88,30cm,,red,stevo-morris,8380c800-65a5-4eec-b4ab-59f054017fa7,,,,
bkfc-35-myrtle-beach,3,Main Card,,,blue,trevor-loken,33f82575-82f4-43bf-b149-5c3d5c1740c5,67.76,1.73,,,red,marcus-brimage,f8e3b32f-18f6-4d04-8112-b18553bfe522,,,,
bkfc-35-myrtle-beach,4,Main Card,,,blue,tomar-washington,3590b010-bd1c-4e73-a806-072f3a8d46a0,,1.78,,,red,will-sears,ed2d94a9-a980-4eea-8022-4cc7590a1ff0,,,,
bkfc-35-myrtle-beach,5,Main Card,,,blue,devin-gibson,435eb8c5-a6e4-4399-a4f2-5d5f56fae09a,125.0,66.0,,,red,albert-inclan,128e8259-1ca3-4703-b269-9f525d4de85c,,,,
bkfc-35-myrtle-beach,6,Main Card,,,blue,tony-soto,ad7c59c1-ebc8-4973-994b-86af487b31fe,155.0,69.0,30cm,,red,wayna-reid,84b1e111-23c2-4b6a-834e-396870a838d9,,,,
bkfc-35-myrtle-beach,7,Main Card,,,blue,jordan-weeks,a9be91e9-f097-41cf-afa1-177a0818ae83,74.84,1.88,,,red,murat-kazgan,fdee4a52-385d-4b4b-9e1f-460ef1e2f6de,,,,
bkfc-35-myrtle-beach,8,Main Card,,,blue,robert-armas,b957cd8a-6dfb-4b26-9691-3018bf50601b,140.0,64.0,30cm,,red,brett-lowry,4eac2e89-70bd-400e-8d11-3a9b3726d703,,,,
bkfc-35-myrtle-beach,9,Main Card,,,blue,brandon-bushaw,4e2ae5ce-78de-44d7-993e-a9376c528c37,155.0,68.0,28cm,,red,paul-teague,2ce98418-73eb-4395-af34-02e3f86b77ad,,,,
bkfc-35-myrtle-beach,10,Main Card,,,blue,andy-nguyen,a3088964-c1c1-4bde-8601-1e1dfc891cc1,115.0,64.0,,,red,veronika-dmitriyeva,a92f3c7a-2563-4675-b6c9-179e2e46e119,,,,
bkfc-35-myrtle-beach,11,Main Card,,,blue,justin-scoggins,06cd835f-2622-4e77-9a5c-bdaa0cb561ff,61.23,1.7,,,red,keith-richardson,e09e1117-65dd-47a0-b502-13afcd71393e,,,,
bkfc-35-myrtle-beach,12,Main Card,Headline event,,blue,gorjan-gogo-slaveski,dda08c3f-89ce-4424-bd71-74594af5fe41,165.0,69.0,30cm,,red,yosdenis-cedeno,ab0c665d-bbaa-49b6-a7c7-2ee247731e50,,,,
bkfc-knucklemania-iii,1,Prelims,Undercard,Bantamweight,blue,anthony-sanchez,8e89eecf-8f78-4d12-b8c0-4e450b1d6304,135.0,67.0,28cm,,red,derek-perez,dc202ad6-c181-4608-87c1-eeaa43c405ee,,,,
bkfc-knucklemania-iii,2,Prelims,Undercard,Featherweight,blue,nick-gonzalez,93cabed6-7989-472d-8246-3adb52e6c4a9,61.23,,,,red,lardy-navarro,091c77bd-9213-4e57-be89-40272a9a2556,,,,
bkfc-knucklemania-iii,3,Prelims,Undercard,Featherweight,blue,eric-dodson,fa23dc97-6f05-493d-9e06-2a1121a25fef,145.0,66.0,29cm,,red,gene-perez,f4be06e3-283f-4434-9ac0-d917e480af2f,,,,
bkfc-knucklemania-iii,4,Main Card,,,blue,chevvy-bridges,beb9851b-5442-466a-ab5b-6c7f8948dcd2,163.0,68.0,31cm,,red,kevin-croom,fda91a49-6046-4994-9c98-2259902b07a9,,,,
bkfc-knucklemania-iii,5,Main Card,,,blue,joshua-moreno,5d8d3eb4-fdd2-411c-93c2-faab9b20bde1,173.0,72.0,,,red,christian-torres,3678982c-086e-430a-a0ff-0d3d13420c8c,,,,
bkfc-knucklemania-iii,6,Main Card,,,blue,gaston-reyno,a7458896-6a29-4826-9daf-82aefdccbc04,70.3,1.83,28cm,,red,daniel-vansickle,6eae2704-882e-4cdc-b66b-5b4cf210e888,,,,
bkfc-knucklemania-iii,7,Main Card,,,blue,will-santiago,a07fe1c7-375b-430c-b802-23b8fb5515fd,180.0,68.0,32cm,,red,noah-cutter,d2f914df-9085-4848-8a1b-5eb85527cab7,,,,
bkfc-knucklemania-iii,8,Main Card,,,blue,jayme-hinshaw,f7a12994-cffe-418d-bb50-8640bf63d4e4,42.63,1.57,,,red,charisa-sigala,8a19627e-86f0-43ab-8d17-d8df8e0b6df5,,,,
bkfc-knucklemania-iii,9,Main Card,,,blue,greg-hardy-jr,bc90d9ad-6746-4d40-9929-edacdae92f68,120.0,1.96,,,red,josh-watson,4a4f06fc-d5cf-44a0-a043-50ff155e374e,,,,
bkfc-knucklemania-iii,10,Main Card,,,blue,john-dodson,3e5216b0-c032-4e12-991b-7800d9528987,125.0,63.0,,,red,jarod-grant,ef9fb879-1396-4156-9f97-dcba1ae05e1d,,,,
bkfc-knucklemania-iii,11,Main Card,Co Headline event,,blue,austin-trout,e3e226e0-ab3c-42f0-8065-52832f0a3ab5,165.0,70.0,30cm,,red,diego-sanchez,07ce7d67-c05d-4299-bf42-43d449bcad6b,,,,
bkfc-knucklemania-iii,12,Main Card,Championship Bout,,blue,lorenzo-the-juggernaut-hunt,3b7e8da2-1279-4f16-9160-bc6770d51634,185.0,72.0,32cm,,red,mike-richman,b8e3c53e-a914-43e8-90fd-acaeaf05c1f7,,,,
bkfc-36-new-orleans,1,Prelims,Undercard,Middleweight,blue,michael-manno,9911a738-e24b-4e75-9833-ab8d776ddc19,79.152,1.8034,,,red,frankie-shughart,9c0471a3-0ff1-4309-b9eb-43b180be0795,,,,
bkfc-36-new-orleans,2,Prelims,Undercard,Featherweight,blue,cody-mitchell,f28ca14c-c7f6-441c-a1f7-e848a69a11e8,65.77,1.68,,,red,brandon-meneses,18d76311-77c5-4307-93fe-4e2d00aa8252,,,,
bkfc-36-new-orleans,3,Prelims,Undercard,Middleweight,blue,brett-williams,bb7f1cfa-c17c-45f7-9089-1bc9be91aa71,,,,,red,blake-lacaze,919b509e-648e-44d1-8cc9-e3741e6b7fd2,,,,
bkfc-36-new-orleans,4,Main Card,,,blue,tyler-sammis,4eab46f4-2e21-4e1d-b55c-ef3e0496b664,65.77,,,,red,cody-schieve,577fe7b2-8ba7-46e4-8504-6cab78e4be22,,,,
bkfc-36-new-orleans,5,Main Card,,,blue,david-bosnick,e0ad26a6-4215-4214-b9f5-c24de6c77abc,65.77,1.78,,,red,andrew-angelcor,d4d7bcc6-dfda-4dc7-ad0e-201577e73d66,,,,
bkfc-36-new-orleans,6,Main Card,,,blue,brandon-shavers,ec57704e-0b7c-42d4-a8e8-25b6ea64674f,74.84,1.9304,,,red,bryce-henry,2bd4e0aa-239a-49cf-a673-f0cd706ae0d8,,,,
bkfc-36-new-orleans,7,Main Card,,,blue,tony-jenkins,8e756ffa-aad9-42e2-bb8f-2f0d19a38075,83.91,1.83,,,red,dillon-winemiller,8ac62a3e-baa9-4ce1-a0e4-35c6a29fcc13,,,,
bkfc-36-new-orleans,8,Main Card,,,blue,dennis-labruzza,7ae7d42f-e08c-4bb4-b2d0-5fb2cd3b9050,83.91,,,,red,stephon-reese,67ed1bd1-c9e4-4df2-abae-19e4eb2a8695,,,,
bkfc-36-new-orleans,9,Main Card,,,blue,duke-sensley,eff5fac3-7ce7-4e0c-9adb-adf93f546862,83.91,1.93,,,red,joseph-creer,8117b17d-ed33-4950-bc91-2388452086da,,,,
bkfc-36-new-orleans,10,Main Card,,,blue,brad-machine-gun-kelly,ca3a8ff6-7834-4c85-9caf-a7ab3ea4923f,165.0,68.0,,,red,kaleb-lionheart-harris,845845ae-1bfc-478d-a33b-7fb1d5e591c5,,,,
bkfc-36-new-orleans,11,Main Card,Co Headline event,,blue,bobby-taylor,521c75fd-d9a1-45e9-88fa-9280c1405192,155.0,68.0,32cm,,red,james-lilley,85b94759-f2a0-4254-b515-85a267e5f005,,,,
bkfc-36-new-orleans,12,Main Card,Championship Bout,,blue,arnold-bomaye-adams,a6c314d6-4d6f-4183-9c2a-bdf0580b077f,246.0,75.0,34cm,,red,alan-belcher,6f305d0e-30dd-4653-8f57-07ae52491064,,,,
bkfc-37-london,1,Prelims,Undercard,Middleweight,blue,george-thorpe,1f4658a8-5dc4-4335-b012-527598b52c70,79.832,1.8796,34cm,,red,jamie-hendry,61e8bb73-b2e6-4665-92ed-34d8f6bde290,,,,
bkfc-37-london,2,Prelims,Undercard,Light Heavyweight,blue,jimmy-millar,95098ae6-10ac-4e1b-8977-8abe43c5bc52,79.56,1.8034,,,red,kyle-cassidy,94e3ad9e-b8fe-401f-bdc2-879c29ef5954,,,,
bkfc-37-london,3,Prelims,Undercard,Lightweight,blue,ryan-carmichael,82cc07b9-9795-4d52-886e-695e596add03,70.3,1.778,,,red,will-cairns,a27d07f0-47c6-4090-8e52-2c91d2939fc5,,,,
bkfc-37-london,4,Main Card,,,blue,ben-bonner,93151b90-12f6-4310-b95a-ee16f62dc090,70.035,1.778,31cm,,red,jamie-oldfield,b0b0f12d-6e31-4317-9b47-0420cd0b9df7,,,,
bkfc-37-london,5,Main Card,,,blue,gary-fox,dba28134-8b91-40b7-a732-7875fbbb6ed1,65.136,1.7018,30cm,,red,nathan-hind,c019e699-7d6b-45e8-826c-05c07f51caf9,,,,
bkfc-37-london,6,Main Card,,,blue,jack-draper,aec2b555-16a8-418c-b185-bc1db22d5001,120.202,1.905,,,red,robbie-kennedy,3867196a-42dc-4bec-b73a-3306598ceb29,,,,
bkfc-37-london,7,Main Card,,,blue,charles-wasserman,03bd8a7f-fb8c-4f5a-ba6b-4c61cd5d2030,84.187,1.8796,31cm,,red,cedric-severac,07b69956-c259-404d-88bc-a60b69343aaf,,,,
bkfc-37-london,8,Main Card,,,blue,darren-hendry,5417571e-9832-44aa-bb3f-9c28659dd6f6,205.0,73.0,,,red,corey-harrison,53f2bf9d-c63a-44fa-9682-128db1286707,,,,
bkfc-37-london,9,Main Card,,,blue,mason-shaw,a42ae27b-6a7c-42a3-af36-30563de2fc84,93.0,1.8542,29cm,,red,lee-browne,4fee782d-8d3e-4d14-9c0a-3bb6000c1bbf,,,,
bkfc-37-london,10,Main Card,,,blue,terry-braizer,afe76de6-9e5e-4df2-bf05-609cee6e9ae6,82.0,1.83,,,red,david-round,6e32f6b9-8156-4db0-96d4-baa62eabae7a,,,,
bkfc-37-london,11,Main Card,,,blue,rico-franco,c610a062-e073-48f4-b6f3-b7a812b21a4c,165.0,68.0,,,red,darren-godfrey,280ba31d-79c2-494b-a015-c84a6bd587df,,,,
bkfc-37-london,12,Main Card,Headline event,,blue,connor-tierney,5169ca29-1457-4611-bb06-155f3f65ec3f,165.0,74.0,28cm,,red,jake-lindsey,a752afa7-815e-4823-b83d-a0e83dcac394,,,,
bkfc-39-norfolk,1,Prelims,Undercard,Light Heavyweight,blue,brian-maxwell,df0aaab1-0823-4aa0-b94e-54df9d3ad413,185.0,72.0,12cm,,red,daniel-bunyan,09fcb69e-5278-45ca-93e1-629208612f20,,,,
bkfc-39-norfolk,2,Prelims,Undercard,Featherweight,blue,cody-jenkins,3fde9e7a-2073-4614-a67c-814b54568ee3,150.0,70.0,,,red,anthony-foye,47021bca-45d3-4a16-bcb5-0b83ed541924,,,,
bkfc-39-norfolk,3,Prelims,Undercard,Heavyweight,blue,zach-calmus,8f1d28b0-33e7-4265-ac61-7d11723e3245,252.0,72.0,36cm,,red,michael-furnier,9592a241-9832-4e70-b99a-afb5f71ceef2,,,,
bkfc-39-norfolk,4,Main Card,,,blue,kyle-wright,ed2bbdb8-c597-4844-a527-a763d832572f,83.91,1.8,,,red,pat-casey,783efff5-9656-4216-a748-dc740c49c0f9,,,,
bkfc-39-norfolk,5,Main Card,,,blue,stanislav-grosu,6ed14efc-a4e7-41de-bdbc-7b8a8453ca76,175.0,74.0,32cm,,red,quartus-stitt,7563079c-3430-4dd1-929c-9bd064cca56c,,,,
bkfc-39-norfolk,6,Main Card,,,blue,david-simpson,c01a158e-c64b-4a07-852c-86f60c3593e5,185.0,71.0,32cm,,red,jay-action-jackson,60aad7ef-da80-459d-b474-ce53807f4b8c,,,,
bkfc-39-norfolk,7,Main Card,,,blue,kasim-ruffin,6ce2f48f-e7bd-481f-a404-1881b7a3ccbe,67.857,1.7526,,,red,trai-santos,d033db06-20bf-4c4e-ad74-49b9da774a0d,,,,
bkfc-39-norfolk,8,Main Card,,,blue,dimitri-angelini,d19831ca-91df-4a34-b52d-ec9b43f7f221,168.0,70.0,,,red,will-worley,b3a28435-467c-4ead-b9b7-22931185bf01,,,,
bkfc-39-norfolk,9,Main Card,Championship Bout,,blue,britain-hart,d8c8b412-15c7-4f58-91d0-888745652786,123.0,67.0,25cm,,red,jenny-savage,7fb61c13-e2f8-4dde-852f-9705c73660fb,,,,
bkfc-39-norfolk,10,Main Card,Main event,,blue,reggie-barnett-jr,0fc95a6a-09ac-44ce-8acd-76f054abb63b,135.0,66.0,27cm,,red,daniel-alvarez,74ce2909-9345-4596-80fe-8ec9b8aec6c3,,,,
bkfc-38-nguyen-vs-straus,1,Prelims,Undercard,Bantamweight,blue,chris-garcia,29260c22-c574-41ab-9632-53ca9c036d2c,135.0,68.0,29cm,,red,ryan-carroll,938caae7-fa06-489e-85b8-f3f76cc8c344,,,,
bkfc-38-nguyen-vs-straus,2,Prelims,Undercard,Featherweight,blue,freddy-masabo,3ddd01ea-ed84-4187-8775-b0509e4fd967,66.9,1.77,,,red,bovar-khanakov,f9d77539-dfa9-4fdd-a78b-e66339111986,,,,
bkfc-38-nguyen-vs-straus,3,Prelims,Undercard,Men Flyweight,blue,howard-davis,95dfb866-614d-44ce-baca-bdc7a0d4289b,145.0,74.0,30cm,,red,trevor-morris,65e4873a-7b68-408d-a8be-61d499c70d81,,,,
bkfc-38-nguyen-vs-straus,4,Main Card,,,blue,stephen-tomahawk-townsel,8174c614-5215-4a19-9ca0-87764cf520a2,205.0,74.0,34cm,,red,chris-sarro,23dc877b-d1a1-4f3b-9b18-c2112b935de4,,,,
bkfc-38-nguyen-vs-straus,5,Main Card,,,blue,gee-perez,7bacf0f1-a46c-4a2a-a218-104892cce91f,165.0,68.0,31cm,,red,josh-richey,11403c2e-7de9-44f8-a8cc-a4a83ffd1ebe,,,,
bkfc-38-nguyen-vs-straus,6,Main Card,,,blue,justin-ibarrola-sanchez,49d13160-7e2e-40da-a49a-c9f79fa31e9e,135.0,67.0,28cm,,red,gilberto-aguilar,9c06cfbb-ea59-4ea6-9eb1-56c513bce72f,,,,
bkfc-38-nguyen-vs-straus,7,Main Card,,,blue,rene-white-boy-rodriguez,d1390560-96cd-42ff-8031-849d4aade372,155.0,71.0,,,red,mark-johnson,23f7e5bd-7ad7-41d4-a7c4-64b29daa01d7,,,,
bkfc-38-nguyen-vs-straus,8,Main Card,,,blue,francesco-ricchi,a0a39342-c784-406b-8658-1d00273a70b1,175.0,75.0,33cm,,red,erick-lozano,bd19a914-b42a-43d5-92da-ce9996ffbff3,,,,
bkfc-38-nguyen-vs-straus,9,Main Card,,,blue,tyler-randall,a490b0ba-d3a3-4500-9f2a-6e471b603eb3,125.0,66.0,28cm,,red,chancey-wilson,b5915360-b597-4ccf-9de2-3393f779724f,,,,
bkfc-38-nguyen-vs-straus,10,Main Card,,,blue,brutal-jake-bostwick,9ba2f9b1-2391-45dd-a6c9-dd74a3c00bc6,175.0,68.0,32cm,,red,isaac-doolittle,96528a4b-8845-4aee-9742-dc49d70b4db1,,,,
bkfc-38-nguyen-vs-straus,11,Main Card,,,blue,dat-nguyen,e5b9626d-095a-43b9-b360-7443a81a7c21,152.0,67.0,,,red,daniel-straus,4822ff74-f75c-4302-b1fe-b484754ecb6e,,,,
bkfc-40-holmes-vs-christie,1,Prelims,Undercard,Cruiserweight,blue,arron-blakey,5d757446-c82f-41d6-b43c-5630f302686a,93.0,1.8,,,red,naff-higson,af1911f8-0b89-429a-ad13-797e5e0d44f9,,,,
bkfc-40-holmes-vs-christie,2,Prelims,Undercard,Heavyweight,blue,rob-cunningham,8e06c56c-8933-4ecb-8214-b3443c99e71c,124.919,1.9304,,,red,wain-morgan,e4d05066-2aab-45eb-8477-5f2288946c97,,,,
bkfc-40-holmes-vs-christie,3,Prelims,Undercard,Light Heavyweight,blue,bartlomiej-krol,9ab9586d-9be6-4a7c-b17a-71687994181d,79.107,1.778,32cm,,red,ash-griffiths,94f867b2-069c-487c-ba57-43b5bc263570,,,,
bkfc-40-holmes-vs-christie,4,Main Card,,,blue,morgan-starkey,c038bda5-4d84-4e90-96c0-d49680d06f72,70.3,1.67,,,red,marius-radoi,42dffbf5-b41e-48bd-8389-b076d6ac1b58,,,,
bkfc-40-holmes-vs-christie,5,Main Card,,,blue,lee-browne,4fee782d-8d3e-4d14-9c0a-3bb6000c1bbf,102.149,1.9558,,,red,david-oscar,d6c4405d-a849-4aad-a086-eb2e51e10826,,,,
bkfc-40-holmes-vs-christie,6,Main Card,,,blue,jonny-graham,7eb70ca5-06c3-4435-8208-d0a9e47e9b13,75.02,1.778,30cm,,red,will-cairns,a27d07f0-47c6-4090-8e52-2c91d2939fc5,,,,
bkfc-40-holmes-vs-christie,7,Main Card,,,blue,tom-scott,53590994-a875-4768-bf69-e70b6a0d0743,93.0,1.82,,,red,damian-gorski,38d209a3-0e1a-463e-8899-18f42fcecb4d,,,,
bkfc-40-holmes-vs-christie,8,Main Card,,,blue,robbie-kennedy,3867196a-42dc-4bec-b73a-3306598ceb29,125.0,1.95,,,red,conor-cooke,16700b4f-e3e1-4fd1-a886-dcc498f74e2b,,,,
bkfc-40-holmes-vs-christie,9,Main Card,,,blue,rico-franco,c610a062-e073-48f4-b6f3-b7a812b21a4c,165.0,68.0,,,red,axel-birbes,09342698-9082-4f2b-81da-3f38d6c67122,,,,
bkfc-40-holmes-vs-christie,10,Main Card,,,blue,luke-nevin,f12b3e63-091a-4d13-9cd0-539710583b1f,74.84,1.8542,,,red,franco-tenaglia,464496cf-4d2f-4876-9913-2ce931f7bfb4,,,,
bkfc-40-holmes-vs-christie,11,Main Card,Main event,,blue,anthony-holmes,d38fa61f-5e93-4883-9e4c-c9bc17217ea3,83.28,1.778,31cm,,red,danny-christie,e79ef0c5-595d-4b48-abcd-fb6b2650c31e,,,,
bkfc-41-colorado,1,Prelims,Undercard,Lightweight,blue,jack-willoughby,475bfd16-63ca-48e7-8a44-8f355d7dfc02,70.3,1.91,,,red,mitch-seybold,234e2ed5-ff08-4343-ae6f-087c6249ed7b,,,,
bkfc-41-colorado,2,Prelims,Undercard,Light Heavyweight,blue,matt-maestas,b1c842db-5f99-413f-97f5-ad818b5e22ff,183.0,71.0,31cm,,red,dillon-winemiller,8ac62a3e-baa9-4ce1-a0e4-35c6a29fcc13,,,,
bkfc-41-colorado,3,Prelims,Undercard,Light Heavyweight,blue,marcus-edwards,bba9ad19-607b-49b8-9255-9bcbe37ab01e,170.0,69.0,32cm,,red,jay-action-jackson,60aad7ef-da80-459d-b474-ce53807f4b8c,,,,
bkfc-41-colorado,4,Main Card,,,blue,khortni-kamyron,82a6dcef-4b29-4cf3-826a-7a67ed4aba5b,61.23,1.65,,,red,gabrielle-roman,b1efa93d-2898-4c31-a0e8-11e4ad81e1fa,,,,
bkfc-41-colorado,5,Main Card,,,blue,mike-alvarado,f8d4017f-a059-43a0-a5f3-f2a9b4af3f5d,70.3,1.75,,,red,james-brown,0706c570-3584-48a1-879b-ee971e4a6f7c,,,,
bkfc-41-colorado,6,Main Card,,,blue,brandon-girtz,6c4a548b-5ebd-4670-a1a3-80932568392a,75.251,1.7,,,red,christian-torres,3678982c-086e-430a-a0ff-0d3d13420c8c,,,,
bkfc-41-colorado,7,Main Card,,,blue,chris-camozzi,30dde676-b606-4679-85f6-a7c3f149ea0b,185.0,75.0,33cm,,red,dan-spohn,51ad969c-1696-482a-a631-e9fbde10acee,,,,
bkfc-41-colorado,8,Main Card,,,blue,josh-copeland,5d5496f8-904e-45f9-a7d5-740114a8aec3,260.0,73.0,34cm,,red,ben-rothwell,7f1d6f90-1b56-4403-b536-cd972a8d01df,,,,
bkfc-41-colorado,9,Main Card,Championship Bout,,blue,christine-ferea,25620a83-a11c-4e61-b7cf-8a42cb5667f1,125.0,65.0,,,red,bec-rawlings,bd7470ea-ecf6-432b-9d41-821d30a84324,,,,
bkfc-41-colorado,10,Main Card,Co-Main event,,blue,chad-mendes,13c45ea1-c3ea-440c-a86d-9830e8cb8b49,155.0,66.0,,,red,eddie-alvarez,3831f82d-b0d6-4d4a-8b48-69441162d493,,,,
bkfc-41-colorado,11,Main Card,Main event,,blue,mike-platinum-perry,0812dbcf-beb3-4931-9914-98a991d2f4b5,185.0,70.0,,,red,luke-rockhold,f98d5473-6d34-43c0-8042-a3a73d32becf,,,,
bkfc-42-greenville,1,Prelims,Undercard,Lightweight,blue,jon-barnard,b1946915-ae07-41e6-9f33-e6c012ba42da,70.0,1.68,,,red,josh-marer,a724cec8-2c03-4825-af8d-1512c89b8238,,,,
bkfc-42-greenville,2,Prelims,Undercard,Featherweight,blue,samuel-samples,09ca04a6-05d1-4f8b-8f38-3aba24e4904e,140.0,68.0,32cm,,red,glendel-futrell,d1285b05-e39c-48af-b3d8-72df7cce8f5a,,,,
bkfc-42-greenville,3,Prelims,Undercard,Cruiserweight,blue,jonathan-miller,6d0b3745-0b1c-49f8-b371-aaf46ea758bc,109.543,1.8542,,,red,dustin-long,c261aef9-08aa-4eb0-a309-31772780f731,,,,
bkfc-42-greenville,4,Main Card,,,blue,cole-ferrell,17b12848-8eea-419c-91f4-778161e2acd7,143.0,69.0,,,red,cody-schieve,577fe7b2-8ba7-46e4-8504-6cab78e4be22,,,,
bkfc-42-greenville,5,Main Card,,,blue,trukon-carson,158e6546-6b3d-4f8c-9000-c85bddf3b309,170.0,71.0,28cm,,red,lj-hermreck,aed65ef9-5df5-4da2-b0ed-e08e46f09286,,,,
bkfc-42-greenville,6,Main Card,,,blue,dustin-pague,b4cd55c4-f9cb-48e3-ba1f-a8598f3f93ab,165.0,69.0,29cm,,red,wade-the-hammer-johnson,91b9f91d-a08d-441d-9f04-157920060758,,,,
bkfc-42-greenville,7,Main Card,,,blue,brandon-bushaw,4e2ae5ce-78de-44d7-993e-a9376c528c37,155.0,68.0,28cm,,red,rick-caruso,78fd8f9a-df07-4ae2-923f-93b15a0492a1,,,,
bkfc-42-greenville,8,Main Card,,,blue,trevor-loken,33f82575-82f4-43bf-b149-5c3d5c1740c5,67.76,1.73,,,red,brandon-allen,626945fb-1e3d-4c33-bbfb-eaade26e22ec,,,,
bkfc-42-greenville,9,Main Card,,,blue,andy-nguyen,a3088964-c1c1-4bde-8601-1e1dfc891cc1,115.0,64.0,,,red,sydney-smith,812ce68a-5755-484a-be40-5b2e8732090f,,,,
bkfc-42-greenville,10,Main Card,,,blue,keith-richardson,e09e1117-65dd-47a0-b502-13afcd71393e,155.0,66.0,31cm,,red,cody-jenkins,3fde9e7a-2073-4614-a67c-814b54568ee3,,,,
bkfc-42-greenville,11,Main Card,,,blue,doug-coldred-coltrane,74cbdd70-a5d8-45bf-848b-9e050d1f12fc,185.0,73.0,31cm,,red,blake-lacaze,919b509e-648e-44d1-8cc9-e3741e6b7fd2,,,,
bkfc-42-greenville,12,Main Card,,,blue,tony-soto,ad7c59c1-ebc8-4973-994b-86af487b31fe,155.0,69.0,30cm,,red,tyler-goodjohn,b837efb4-924a-4edf-9979-836a16dfe1f9,,,,
bkfc-43-omaha-alexander-vs-smith,1,Prelims,Undercard,Featherweight,blue,tj-benson,9a382106-0d93-481e-a52f-c8a5a76b4a64,149.0,69.0,,,red,corey-roberts,eef7a8aa-5884-45b6-9b7b-8bb8246ac894,,,,
bkfc-43-omaha-alexander-vs-smith,2,Prelims,Undercard,Light Heavyweight,blue,jaquis-williams,f7010352-17b0-4f1b-a263-63c1699d079c,92.98,1.93,,,red,esteban-rodriguez,d5dcf20d-9b45-4d74-bbc1-0d5cff196ea0,,,,
bkfc-43-omaha-alexander-vs-smith,3,Prelims,Undercard,Featherweight,blue,josh-krejci,613ef1b4-edb4-422c-9bcf-c7a9ec4334c1,157.0,67.0,28cm,,red,tommy-strydom,3d589e5c-e847-4ad0-9aef-0582d044601e,,,,
bkfc-43-omaha-alexander-vs-smith,4,Main Card,,,blue,jeff-souder,8896dd44-3c3f-485a-b963-8980faa38ff8,185.0,72.0,,,red,idrees-wasi,192e2c68-2870-44f8-a5be-f99da81646e2,,,,
bkfc-43-omaha-alexander-vs-smith,5,Main Card,,,blue,taylor-starling,7c806f80-1893-422a-aeee-3a26316d6f23,125.0,67.0,25cm,,red,jade-masson-wong,a6a478f4-a13c-4859-ba4e-a2b4684bc143,,,,
bkfc-43-omaha-alexander-vs-smith,6,Main Card,,,blue,ryan-braun,654b037c-1a15-433d-9336-424b5d88fb85,195.0,71.0,32cm,,red,andrew-potter,fbb5fd53-3a0c-4192-ba59-d9dc54b153fa,,,,
bkfc-43-omaha-alexander-vs-smith,7,Main Card,,,blue,carlos-trinidad,25dd1c85-a9a5-4581-b50f-022be038f983,165.0,72.0,28cm,,red,elvin-brito,24688b86-dc55-452a-b371-1587f64b7780,,,,
bkfc-43-omaha-alexander-vs-smith,8,Main Card,,,blue,alonzo-martinez,c16209cc-302c-4147-beaf-91d17b1a1e9d,181.0,70.0,28cm,,red,jeremy-sauceda,c2129c6c-27cd-4b57-92ee-b4ae8413f8a8,,,,
bkfc-43-omaha-alexander-vs-smith,9,Main Card,,,blue,sean-p-town-wilson,e16ab9a2-3213-4224-bd1f-3be03bbd115c,156.0,68.0,29cm,,red,brandon-meyer,079b4f1d-f73b-4845-a163-1793aa2dc1d5,,,,
bkfc-43-omaha-alexander-vs-smith,10,Main Card,,,blue,jimmie-rivera,052e1cf7-4cba-4a75-bb6c-9cd046ec069e,160.0,64.0,30cm,,red,bekhzod-usmonov,69489eef-e617-49ac-a94f-16ffc2e7b9bd,,,,
bkfc-43-omaha-alexander-vs-smith,11,Main Card,,,blue,dakota-cochrane,c77fc41a-0f89-4535-887a-f2f26c9ef08f,185.0,67.0,31cm,,red,noah-cutter,d2f914df-9085-4848-8a1b-5eb85527cab7,,,,
bkfc-43-omaha-alexander-vs-smith,12,Main Card,Main event,,blue,houston-the-assassin-alexander,7ba064f5-dcb9-463e-aa0d-4c71c084e645,206.0,72.0,,,red,jeremy-smith,0f31c84a-7946-499e-8c1e-f307cab236db,,,,
bkfc-44-montana,1,Prelims,Undercard,Bantamweight,blue,dre-coles,eecdfeb2-b1a6-45dc-9c36-1b78e3003ce7,,1.68,,,red,david-loureiro,6691f5da-e82e-447a-b379-2645139a07a1,,,,
bkfc-44-montana,2,Prelims,Undercard,Featherweight,blue,koda-the-gladiator-greenwood,39a9ae37-1eae-4851-bc37-eb4c1f50b2cb,65.77,1.78,,,red,darrick-the-buck-gates,c0637a99-2f7e-4aa1-b63b-6b9d7d9dc540,,,,
bkfc-44-montana,3,Prelims,Undercard,Cruiserweight,blue,leo-bercier,cda8e114-7ea7-48c6-adb5-c550aa71a5f0,205.0,71.0,34cm,,red,will-sears,ed2d94a9-a980-4eea-8022-4cc7590a1ff0,,,,
bkfc-44-montana,4,Main Card,,,blue,brady-meister,03f3c57a-0956-4800-9c23-4b87e0c6dc8e,220.0,79.0,32cm,,red,connor-mckenna,6fae2333-c643-4d15-806f-76226d31604f,,,,
bkfc-44-montana,5,Main Card,,,blue,ryan-ibsen,48ac862d-da14-4ed6-8835-83fc714521fe,69.082,1.905,,,red,dakota-highpine,baf1e726-2c0d-4c15-b7d4-301f762e24a2,,,,
bkfc-44-montana,6,Main Card,,,blue,dorian-long,a78ec9c9-4c58-4299-b8dd-2ed974a02a28,,,,,red,mark-johnson,23f7e5bd-7ad7-41d4-a7c4-64b29daa01d7,,,,
bkfc-44-montana,7,Main Card,,,blue,jordan-christensen,b41d5883-43f5-4bdd-a1e4-01fc23b9dc07,175.0,70.0,29cm,,red,kerry-lattimer,a9d396a3-b7f4-48c1-9b13-06e6c1e7a993,,,,
bkfc-44-montana,8,Main Card,,,blue,sawyer-depee,4b10dc92-a58c-4463-ba05-dee8787572e4,203.0,72.0,31cm,,red,gabriel-mota,8d37a8c7-8826-4c74-b103-f425bb35bfc7,,,,
bkfc-44-montana,9,Main Card,,,blue,billy-wagner,0805b7bf-792b-403a-82a0-34c6a97ca2e3,170.0,72.0,,,red,bryce-henry,2bd4e0aa-239a-49cf-a673-f0cd706ae0d8,,,,
bkfc-44-montana,10,Main Card,Co-Main event,,blue,dallas-davison,7311a81e-7ba3-4262-8a71-8866f02437b6,175.0,72.0,29cm,,red,lloyd-cupcake-mix,cc38b94d-5aac-4222-9b5c-04910166e078,,,,
bkfc-44-montana,11,Main Card,Championship Bout,,blue,kai-stewart,9aeefe1b-fae9-497d-874a-abb5444b80cb,145.0,66.0,28cm,,red,louie-lopez,61e07493-5b0b-4cc8-b9a9-f76ad9207df4,,,,
bkfc-45-palomino-vs-lilley,1,Prelims,Undercard,Cruiserweight,blue,mike-lee,a42c3a29-5572-4348-a9ce-e30f7db37670,210.0,74.0,,,red,drew-nolan,e2cb21ae-083d-499b-9795-8db1d48dfdac,,,,
bkfc-45-palomino-vs-lilley,2,Prelims,Undercard,Bantamweight,blue,chris-garcia,29260c22-c574-41ab-9632-53ca9c036d2c,135.0,68.0,29cm,,red,robert-madrid,2ddb5acc-39ee-4133-b513-a8aff3a9b197,,,,
bkfc-45-palomino-vs-lilley,3,Prelims,Undercard,Heavyweight,blue,leonardo-perdomo,c36806b6-55e7-41f6-b359-16b80e629be5,253.0,71.0,33cm,,red,joseph-white,604618e1-5d18-43e6-b2ea-f906e6d1d875,,,,
bkfc-45-palomino-vs-lilley,4,Main Card,,,blue,stephen-tomahawk-townsel,8174c614-5215-4a19-9ca0-87764cf520a2,205.0,74.0,34cm,,red,dillon-winemiller,8ac62a3e-baa9-4ce1-a0e4-35c6a29fcc13,,,,
bkfc-45-palomino-vs-lilley,5,Main Card,,,blue,alberto-blas,7c79ea52-cfe1-498e-ac58-432521fd1ef2,135.0,68.0,30cm,,red,robert-armas,b957cd8a-6dfb-4b26-9691-3018bf50601b,,,,
bkfc-45-palomino-vs-lilley,6,Main Card,,,blue,gee-perez,7bacf0f1-a46c-4a2a-a218-104892cce91f,165.0,68.0,31cm,,red,ryan-carroll,938caae7-fa06-489e-85b8-f3f76cc8c344,,,,
bkfc-45-palomino-vs-lilley,7,Main Card,,,blue,rene-white-boy-rodriguez,d1390560-96cd-42ff-8031-849d4aade372,155.0,71.0,,,red,james-dennis,379947fb-f1ba-4317-b7f7-65d0bd2ec6b2,,,,
bkfc-45-palomino-vs-lilley,8,Main Card,,,blue,bryan-duran,58efbc14-5e7f-4e18-97f0-531fadd8ae0b,155.0,67.0,34cm,,red,gilberto-aguilar,9c06cfbb-ea59-4ea6-9eb1-56c513bce72f,,,,
bkfc-45-palomino-vs-lilley,9,Main Card,,,blue,howard-davis,95dfb866-614d-44ce-baca-bdc7a0d4289b,145.0,74.0,30cm,,red,eduardo-peralta,4727f226-ae3d-460d-b192-6f1cb983aeb1,,,,
bkfc-45-palomino-vs-lilley,10,Main Card,,,blue,brutal-jake-bostwick,9ba2f9b1-2391-45dd-a6c9-dd74a3c00bc6,175.0,68.0,32cm,,red,erick-lozano,bd19a914-b42a-43d5-92da-ce9996ffbff3,,,,
bkfc-45-palomino-vs-lilley,11,Main Card,Championship Bout,,blue,luis-baboon-palomino,f5cac268-2f02-44d3-9c0e-629399487752,165.0,69.0,31cm,,red,james-lilley,85b94759-f2a0-4254-b515-85a267e5f005,,,,
bkfc-46-newcastle-franco-vs-harris,1,Prelims,Undercard,Cruiserweight,blue,karl-thompson,00550a2c-463e-44a9-9191-a864fa4b8893,92.714,1.8288,28cm,,red,dustin-rabiega,9ff373fe-f829-452f-9cfa-b40dd912287c,,,,
bkfc-46-newcastle-franco-vs-harris,2,Prelims,Undercard,Middleweight,blue,arron-blakey,5d757446-c82f-41d6-b43c-5630f302686a,93.0,1.8,,,red,krystian-nadolski,190dd637-738e-47e7-9171-616d8e81f9db,,,,
bkfc-46-newcastle-franco-vs-harris,3,Prelims,Undercard,Featherweight,blue,robbie-brown,d513c910-4aad-41df-bac3-c9ef2041eddd,61.235,1.6764,28cm,,red,ben-hatchett,878d7fbe-486f-4338-8290-7041f1e8c298,,,,
bkfc-46-newcastle-franco-vs-harris,4,Main Card,,,blue,morgan-starkey,c038bda5-4d84-4e90-96c0-d49680d06f72,70.3,1.67,,,red,patryk-sagan,6daafb91-a0a5-47cb-8983-00ce139aa017,,,,
bkfc-46-newcastle-franco-vs-harris,5,Main Card,,,blue,gary-fox,dba28134-8b91-40b7-a732-7875fbbb6ed1,65.136,1.7018,30cm,,red,hayden-sherriff,a4cef982-f71c-4378-b300-ad2f560c4b66,,,,
bkfc-46-newcastle-franco-vs-harris,6,Main Card,,,blue,bartlomiej-krol,9ab9586d-9be6-4a7c-b17a-71687994181d,79.107,1.778,32cm,,red,goscha,b9dd0385-70d4-457c-9517-e410e7934808,,,,
bkfc-46-newcastle-franco-vs-harris,7,Main Card,,,blue,paul-cook,5d912f18-43af-4749-b964-b7ad247012f6,73.119,1.778,30cm,,red,aaron-foster,109ee897-c553-4873-9434-b4c6f978e017,,,,
bkfc-46-newcastle-franco-vs-harris,8,Main Card,,,blue,matty-hill,ad30321d-6dc6-4d79-bc87-111a79aa4f65,101.333,1.8796,,,red,david-oscar,d6c4405d-a849-4aad-a086-eb2e51e10826,,,,
bkfc-46-newcastle-franco-vs-harris,9,Main Card,,,blue,lewis-keen,b1b5931b-8e2a-41cc-b1df-a5331b1d7a7b,69.672,1.7526,30cm,,red,zdenek-pernica,9c342370-1f03-435b-a492-dd36af196cb7,,,,
bkfc-46-newcastle-franco-vs-harris,10,Main Card,Co-Main event,,blue,robert-barry,37b994ea-266b-4b8b-8c27-0882fbaba6fe,74.0,,,,red,ben-bonner,93151b90-12f6-4310-b95a-ee16f62dc090,,,,
bkfc-46-newcastle-franco-vs-harris,11,Main Card,Main event,,blue,rico-franco,c610a062-e073-48f4-b6f3-b7a812b21a4c,165.0,68.0,,,red,kaleb-lionheart-harris,845845ae-1bfc-478d-a33b-7fb1d5e591c5,,,,
bkfc-47-lakeland-mundell-vs-richman,1,Prelims,Undercard,Featherweight,blue,michael-larrimore,69162084-8937-4d78-8f53-585f3707ba5f,150.0,69.0,,,red,daniel-gary,ac22c797-8598-4fee-b368-e279afd0a6d0,,,,
bkfc-47-lakeland-mundell-vs-richman,2,Prelims,Undercard,Welterweight,blue,jafar-fortt-knox,00370046-d968-4cdf-889d-7336cbebb418,170.0,71.0,31cm,,red,tim-hester,fa6aed60-b690-44d6-ab10-cfd24406f3a8,,,,
bkfc-47-lakeland-mundell-vs-richman,3,Main Card,,,blue,crystal-pittman,01fb7b9d-da43-4867-ab1b-355398abf729,125.0,65.0,,,red,toni-tallman,8f8e2da2-b86e-4f5c-a737-a6d44f032f41,,,,
bkfc-47-lakeland-mundell-vs-richman,4,Main Card,,,blue,tony-murphy,89cf6139-9bcd-4e43-978f-a3652444a4e9,79.56,1.83,30cm,,red,michael-jones,042e7d7e-d00a-4c3b-8537-b7e6120b0492,,,,
bkfc-47-lakeland-mundell-vs-richman,5,Main Card,,,blue,martyna-krol,33bb7ebc-6750-4f88-8389-98e2182fca4e,125.0,68.0,,,red,gabrielle-roman,b1efa93d-2898-4c31-a0e8-11e4ad81e1fa,,,,
bkfc-47-lakeland-mundell-vs-richman,6,Main Card,,,blue,royal-ryan-reber,e363764e-95c7-488a-b834-0541595ec9f3,135.0,69.0,30cm,,red,travis-thompson,1cdf04cc-7a87-470a-a4a7-607bcba7ff6c,,,,
bkfc-47-lakeland-mundell-vs-richman,7,Main Card,,,blue,brandon-allen,626945fb-1e3d-4c33-bbfb-eaade26e22ec,145.0,69.0,28cm,,red,seth-shaffer,d4249b37-abc9-4abd-ae6b-f65ceb335ae7,,,,
bkfc-47-lakeland-mundell-vs-richman,8,Main Card,Co-Main event,,blue,jared-warren,b1b22d17-ef2b-41b7-aac6-c24be38399de,185.0,73.0,34cm,,red,josh-dyer,c5dd048e-6bd6-44ab-b46d-0bde81378330,,,,
bkfc-47-lakeland-mundell-vs-richman,9,Main Card,Championship Bout,,blue,david-mundell,d264f058-b892-4500-8a24-68c92659fdb0,175.0,69.0,30cm,,red,mike-richman,b8e3c53e-a914-43e8-90fd-acaeaf05c1f7,,,,
bkfc-48-albuquerque,1,Prelims,Undercard,Men Flyweight,blue,austin-lewis,90ed92a5-0d83-4c96-a227-eed31ff123b6,125.0,66.0,31cm,,red,justyn-martinez,699661df-990a-4ea8-9fc2-cd9eec7258b6,,,,
bkfc-48-albuquerque,2,Prelims,Undercard,Bantamweight,blue,anthony-sanchez,8e89eecf-8f78-4d12-b8c0-4e450b1d6304,135.0,67.0,28cm,,red,gene-perez,f4be06e3-283f-4434-9ac0-d917e480af2f,,,,
bkfc-48-albuquerque,3,Prelims,Undercard,Cruiserweight,blue,richard-montano,d4895285-dfc7-490f-b9ad-b5e3cb300d7d,205.0,68.0,,,red,kyle-mcelroy,6aa4f746-fedf-46b9-b015-4cf2135b16b8,,,,
bkfc-48-albuquerque,4,Main Card,,,blue,marc-entenberg,72040fd7-e4ad-48ab-9919-7523dc301ae6,145.0,72.0,,,red,darrick-the-buck-gates,c0637a99-2f7e-4aa1-b63b-6b9d7d9dc540,,,,
bkfc-48-albuquerque,5,Main Card,,,blue,sydney-smith,812ce68a-5755-484a-be40-5b2e8732090f,115.0,68.0,,,red,melanie-shah,1617e5b4-5059-468f-b51b-dfd14ac9d934,,,,
bkfc-48-albuquerque,6,Main Card,,,blue,donald-sanchez,c657e7e7-f842-4225-b1cd-6fbc7c7439ca,185.0,72.0,32cm,,red,blake-lacaze,919b509e-648e-44d1-8cc9-e3741e6b7fd2,,,,
bkfc-48-albuquerque,7,Main Card,,,blue,eric-dodson,fa23dc97-6f05-493d-9e06-2a1121a25fef,145.0,66.0,29cm,,red,robert-armas,b957cd8a-6dfb-4b26-9691-3018bf50601b,,,,
bkfc-48-albuquerque,8,Main Card,,,blue,will-santiago,a07fe1c7-375b-430c-b802-23b8fb5515fd,180.0,68.0,32cm,,red,jeremie-holloway,80969665-5b9d-4aec-babc-72a33565c836,,,,
bkfc-48-albuquerque,9,Main Card,,,blue,joshua-moreno,5d8d3eb4-fdd2-411c-93c2-faab9b20bde1,173.0,72.0,,,red,jeremy-sauceda,c2129c6c-27cd-4b57-92ee-b4ae8413f8a8,,,,
bkfc-48-albuquerque,10,Main Card,,,blue,bryce-hall,89d9ac75-b4c0-4f32-baca-f2aa25284a50,76.47,1.77,,,red,gee-perez,7bacf0f1-a46c-4a2a-a218-104892cce91f,,,,
bkfc-48-albuquerque,11,Main Card,Co-Main event,,blue,keith-richardson,e09e1117-65dd-47a0-b502-13afcd71393e,155.0,66.0,31cm,,red,derek-perez,dc202ad6-c181-4608-87c1-eeaa43c405ee,,,,
bkfc-48-albuquerque,12,Main Card,Championship Bout,,blue,john-dodson,3e5216b0-c032-4e12-991b-7800d9528987,125.0,63.0,,,red,jr-ridge,a84cc32e-053a-4200-89c2-afa14d64e8dd,,,,
bkfc-prospects-1-miami,1,Main Card,,,blue,harry-cruz,954a8455-26d4-4b89-a8c7-a8a14af3e380,75.024178,1.75,,,red,leandro-torres,af6de892-1a70-4d2e-8445-f91606eca47f,,,,
bkfc-prospects-1-miami,2,Main Card,,,blue,dameko-dabon-labon,06dca6e0-c193-4085-b0b3-6715a09ee67b,135.0,69.0,,,red,justin-watson,6ab1dd8a-f2fc-4414-96be-e9159a92b48a,,,,
bkfc-prospects-1-miami,3,Main Card,,,blue,sean-hotusing,54669a9a-def3-41ba-b577-e64237706192,170.0,72.0,,,red,fred-pierce,78fc46cf-a765-421a-977c-bab595013792,,,,
bkfc-prospects-1-miami,4,Main Card,,,blue,markus-suarez,12f67c35-4c5f-44c2-8e6f-4946ca116b9b,205.0,73.0,32cm,,red,drew-nolan,e2cb21ae-083d-499b-9795-8db1d48dfdac,,,,
bkfc-prospects-1-miami,5,Main Card,,,blue,leonardo-perdomo,c36806b6-55e7-41f6-b359-16b80e629be5,253.0,71.0,33cm,,red,paul-ryan-shough,4294756d-e6aa-4d55-b404-073e9bf01af3,,,,
bkfc-prospects-1-miami,6,Main Card,Main event,,blue,rosalinda-rodriguez,a3aab742-2f66-4fbc-839e-9192166870c3,56.608,1.61,26cm,,red,cristina-crist,fcb923f6-47f1-4528-9cc1-e5032ce8608a,,,,
bkfc-49-miami,1,Prelims,Undercard,Cruiserweight,blue,jomi-escoboza,c8cae26e-f386-4d08-9697-d9554e8c5733,185.0,75.0,30cm,,red,esteban-rodriguez,d5dcf20d-9b45-4d74-bbc1-0d5cff196ea0,,,,
bkfc-49-miami,2,Prelims,Undercard,Featherweight,blue,freddy-masabo,3ddd01ea-ed84-4187-8775-b0509e4fd967,66.9,1.77,,,red,bovar-khanakov,f9d77539-dfa9-4fdd-a78b-e66339111986,,,,
bkfc-49-miami,3,Main Card,,,blue,rambo,0e43b5d9-107e-4fb3-94c9-ecff10f7e791,135.0,65.0,29cm,,red,jaymes-hyder,43525a82-a25f-4115-af95-f719aebc662c,,,,
bkfc-49-miami,4,Main Card,,,blue,galactika-mejia,e7c480c4-30d3-4944-b3cb-676ec931ab3f,52.435,1.5748,,,red,sarah-click,4c357087-c001-4756-9914-f164c11bc4e7,,,,
bkfc-49-miami,5,Main Card,,,blue,famez,e945b129-e380-4485-a853-6968de1c417e,155.0,67.0,,,red,aaron-sutterfield,32afd975-b083-4dc3-9446-c9972e6eb4a0,,,,
bkfc-49-miami,6,Main Card,,,blue,howard-davis,95dfb866-614d-44ce-baca-bdc7a0d4289b,145.0,74.0,30cm,,red,jeff-chiffens,c09ff109-1706-4147-be47-355a1bafc787,,,,
bkfc-49-miami,7,Main Card,,,blue,alberto-blas,7c79ea52-cfe1-498e-ac58-432521fd1ef2,135.0,68.0,30cm,,red,joao-guerra,e92f9587-4f5b-4f69-a612-ed856ba53cc5,,,,
bkfc-49-miami,8,Main Card,,,blue,justin-ibarrola-sanchez,49d13160-7e2e-40da-a49a-c9f79fa31e9e,135.0,67.0,28cm,,red,anthony-foye,47021bca-45d3-4a16-bcb5-0b83ed541924,,,,
bkfc-49-miami,9,Main Card,,,blue,bryan-duran,58efbc14-5e7f-4e18-97f0-531fadd8ae0b,155.0,67.0,34cm,,red,dakota-highpine,baf1e726-2c0d-4c15-b7d4-301f762e24a2,,,,
bkfc-49-miami,10,Main Card,Co-Main event,,blue,bryce-henry,2bd4e0aa-239a-49cf-a673-f0cd706ae0d8,165.0,75.0,30cm,,red,tom-shoaff,a0aff456-c120-44aa-b36b-573f52f80dcc,,,,
bkfc-49-miami,11,Main Card,Main event,,blue,gorjan-gogo-slaveski,dda08c3f-89ce-4424-bd71-74594af5fe41,165.0,69.0,30cm,,red,jake-lindsey,a752afa7-815e-4823-b83d-a0e83dcac394,,,,
bkfc-50-denver,1,Prelims,Undercard,Middleweight,blue,jessie-stalder,5c0f40ad-6d59-4e16-96ff-29fc1aef3f40,79.197,1.8288,,,red,zeb-vincent,d568c7d2-5ab0-4899-b744-f36cf99b0a0d,,,,
bkfc-50-denver,2,Prelims,Undercard,Cruiserweight,blue,lamont-stafford,fea71fd8-44c4-437c-9288-afcfe1159be6,93.0,1.98,,,red,gabriel-mota,8d37a8c7-8826-4c74-b103-f425bb35bfc7,,,,
bkfc-50-denver,3,Prelims,Undercard,Men Flyweight,blue,angelo-trujillo,5ca68570-fef1-441c-a7e1-e1de65329ee6,56.0,1.72,,,red,dominick-carey,a4c35ac2-47ee-43b4-87a1-2dd06e3952a3,,,,
bkfc-50-denver,4,Main Card,,,blue,andrew-strode,628e5bc4-377f-46ff-be9c-bb7b49e1dd54,56.472,1.7272,28cm,,red,cary-caprio,f612f3c2-1770-4e0a-a2f0-8be265bd4b9e,,,,
bkfc-50-denver,5,Main Card,,,blue,khortni-kamyron,82a6dcef-4b29-4cf3-826a-7a67ed4aba5b,61.23,1.65,,,red,monica-franco,da6317b5-0844-48b6-81b0-e670beb70a5a,,,,
bkfc-50-denver,6,Main Card,,,blue,andrew-yates,bc9548e2-b4bf-47d6-bd56-a49e79678512,165.0,70.0,30cm,,red,christian-torres,3678982c-086e-430a-a0ff-0d3d13420c8c,,,,
bkfc-50-denver,7,Main Card,,,blue,brian-maronek,be437ab5-af89-4071-bbfb-94a6aab461e5,79.0,1.87,,,red,tony-jenkins,8e756ffa-aad9-42e2-bb8f-2f0d19a38075,,,,
bkfc-50-denver,8,Main Card,,,blue,brett-hudson,1f3a9728-d836-432e-9075-2607c2b6cc65,71.305,1.7526,,,red,andrew-angelcor,d4d7bcc6-dfda-4dc7-ad0e-201577e73d66,,,,
bkfc-50-denver,9,Main Card,,,blue,keegan-vandermeer,60e2ad51-1675-4d2e-931c-2ced8473e164,91.535,1.9304,,,red,dillon-winemiller,8ac62a3e-baa9-4ce1-a0e4-35c6a29fcc13,,,,
bkfc-50-denver,10,Main Card,,,blue,marcus-edwards,bba9ad19-607b-49b8-9255-9bcbe37ab01e,170.0,69.0,32cm,,red,michael-manno,9911a738-e24b-4e75-9833-ab8d776ddc19,,,,
bkfc-50-denver,11,Main Card,Co-Main event,,blue,josh-copeland,5d5496f8-904e-45f9-a7d5-740114a8aec3,260.0,73.0,34cm,,red,steve-herelius,15082948-dcc6-4958-b2a5-00ee85e23643,,,,
bkfc-50-denver,12,Main Card,Championship Bout,,blue,lorenzo-the-juggernaut-hunt,3b7e8da2-1279-4f16-9160-bc6770d51634,185.0,72.0,32cm,,red,chris-camozzi,30dde676-b606-4679-85f6-a7c3f149ea0b,,,,
bkfc-51-salem,1,Prelims,Undercard,Lightweight,blue,kasim-ruffin,6ce2f48f-e7bd-481f-a404-1881b7a3ccbe,67.857,1.7526,,,red,daniel-gary,ac22c797-8598-4fee-b368-e279afd0a6d0,,,,
bkfc-51-salem,2,Main Card,,,blue,rick-caruso,78fd8f9a-df07-4ae2-923f-93b15a0492a1,135.0,72.0,31cm,,red,landon-williams,4d1cdc1a-5f05-4a06-8fc4-074aba439357,,,,
bkfc-51-salem,3,Main Card,,,blue,kaine-tomlinson-sr,dd2e0809-836e-485d-b2bb-64d7b8ebc4ba,170.0,71.0,11cm,,red,brett-fields,6a64d421-fd62-4150-ac4c-836208fde277,,,,
bkfc-51-salem,4,Main Card,,,blue,brian-maxwell,df0aaab1-0823-4aa0-b94e-54df9d3ad413,185.0,72.0,12cm,,red,harris-stephenson,c53e5bb1-57ca-4d3f-90d3-2bd7e57dd949,,,,
bkfc-51-salem,5,Main Card,,,blue,ronnie-glass,37cc8d60-baf9-4c02-be0d-85ecbf419946,83.64,1.72,,,red,joseph-creer,8117b17d-ed33-4950-bc91-2388452086da,,,,
bkfc-51-salem,6,Main Card,,,blue,bruce-abramski,14bc83bb-4a9d-47f9-81a1-db2c1523e3c3,185.0,74.0,12cm,,red,mark-culp,4e4c0d4e-5695-4084-b895-be22a9f0f126,,,,
bkfc-51-salem,7,Main Card,,,blue,stanislav-grosu,6ed14efc-a4e7-41de-bdbc-7b8a8453ca76,175.0,74.0,32cm,,red,blake-lacaze,919b509e-648e-44d1-8cc9-e3741e6b7fd2,,,,
bkfc-51-salem,8,Main Card,Co-Main event,,blue,dustin-pague,b4cd55c4-f9cb-48e3-ba1f-a8598f3f93ab,165.0,69.0,29cm,,red,joe-elmore,7251f411-9e2e-471d-9037-4098a9607bfa,,,,
bkfc-51-salem,9,Main Card,Championship Bout,,blue,britain-hart,d8c8b412-15c7-4f58-91d0-888745652786,123.0,67.0,25cm,,red,melanie-shah,1617e5b4-5059-468f-b51b-dfd14ac9d934,,,,
bkfc-prospect-series-2,1,Prelims,Undercard,Lightweight,blue,andy-walsh,6f20e3b2-cc41-447a-83c2-eeb5332266de,,,,,red,ben-bradley,5b80b46d-3254-42f9-96eb-5fe8da6b45b3,,,,
bkfc-prospect-series-2,2,Main Card,,,blue,micky-pedersen,c092f618-8a36-4152-bff3-adf612b2e33f,,,,,red,marti-barnes,d5b9692b-efbf-4682-bff2-2c562dfdef51,,,,
bkfc-prospect-series-2,3,Main Card,,,blue,peter-hayes,f9a3e8f1-62e6-4f0c-bca4-1417381f8157,185.0,71.0,,,red,dean-hunt,0700d24f-c9db-40f4-8235-ca62e1838ff5,,,,
bkfc-prospect-series-2,4,Main Card,,,blue,shaun-kissane,64730c9e-8ac9-4b63-90cb-ed6c4f6ac09d,,,,,red,bartek-kanabey,1efcd8b2-d532-4c0b-be1f-bef190e7752a,,,,
bkfc-prospect-series-2,5,Main Card,,,blue,andy-thornton,9753d8bc-e877-4a8f-87dd-6db3ba11b0ae,,1.8034,31cm,,red,lee-browne,4fee782d-8d3e-4d14-9c0a-3bb6000c1bbf,,,,
bkfc-prospect-series-2,6,Main Card,,,blue,ray-putterill,c7520b93-c345-4061-b789-3d251b5b821e,68.583,1.7272,,,red,george-buckell,3d0fe40e-8ec1-40b2-bc0b-265061189fa0,,,,
bkfc-prospect-series-2,7,Main Card,,,blue,zane-marks,fc89a770-2dd6-4207-9db6-2858ac2ff6b6,,,,,red,dominik-herold,c8ce6e9c-4cab-4b11-8274-659b43fc6fd1,,,,
bkfc-prospect-series-2,8,Main Card,,,blue,ryan-harris,beb93787-d3e7-4f3a-8365-22b27fbb34f0,,,,,red,marcus-pond,ceabcec7-bc9f-48b4-849a-1a06128f5220,,,,
bkfc-prospect-series-2,9,Main Card,,,blue,harry-cain,d826d54b-74da-4779-81b6-4524de167a48,,,,,red,bradley-taylor,07fa23b4-151f-4a04-bcda-d0349224e814,,,,
bkfc-prospect-series-2,10,Main Card,Co-Main event,,blue,morgan-starkey,c038bda5-4d84-4e90-96c0-d49680d06f72,70.3,1.67,,,red,terry-needham,bc9baf91-4810-4ffa-83cc-160bdd830b1e,,,,
bkfc-prospect-series-2,11,Main Card,Main event,,blue,jonno-chipchase,d91bf7f4-e0a8-4d37-8dce-a26d4b905b27,135.0,69.0,29cm,,red,anton-larsson,eddd71fb-05e6-4458-9966-a589965f5dd8,,,,
bkfc-52-south-carolina,1,Prelims,Undercard,Lightweight,blue,trevor-loken,33f82575-82f4-43bf-b149-5c3d5c1740c5,67.76,1.73,,,red,bekhzod-usmonov,69489eef-e617-49ac-a94f-16ffc2e7b9bd,,,,
bkfc-52-south-carolina,2,Prelims,Undercard,Light Heavyweight,blue,micah-lail,7e382a9a-9cbd-4321-a92e-8d575113fbb3,83.68,,,,red,daniel-cooper,c0d0d38c-fa89-46f9-b0a4-56b34c64d20c,,,,
bkfc-52-south-carolina,3,Main Card,,,blue,trukon-carson,158e6546-6b3d-4f8c-9000-c85bddf3b309,170.0,71.0,28cm,,red,daishaun-middleton,c06e09e7-9c03-4e36-9382-11971c9ebdd7,,,,
bkfc-52-south-carolina,4,Main Card,,,blue,samuel-samples,09ca04a6-05d1-4f8b-8f38-3aba24e4904e,140.0,68.0,32cm,,red,derek-perez,dc202ad6-c181-4608-87c1-eeaa43c405ee,,,,
bkfc-52-south-carolina,5,Main Card,,,blue,jeremiah-scott,a7f250ae-4d8c-4aa5-a94a-6d3ef498be77,155.0,69.0,29cm,,red,chevvy-bridges,beb9851b-5442-466a-ab5b-6c7f8948dcd2,,,,
bkfc-52-south-carolina,6,Main Card,,,blue,brandon-bushaw,4e2ae5ce-78de-44d7-993e-a9376c528c37,155.0,68.0,28cm,,red,josh-marer,a724cec8-2c03-4825-af8d-1512c89b8238,,,,
bkfc-52-south-carolina,7,Main Card,,,blue,solon-staley,83f7997e-ee20-4809-a011-7083ee3f6132,64.5,1.65,,,red,darrick-the-buck-gates,c0637a99-2f7e-4aa1-b63b-6b9d7d9dc540,,,,
bkfc-52-south-carolina,8,Main Card,,,blue,jeremie-holloway,80969665-5b9d-4aec-babc-72a33565c836,170.0,71.0,34cm,,red,cameron-vancamp,cb584899-4b9b-4166-b513-6c5100f1cd58,,,,
bkfc-52-south-carolina,9,Main Card,Co-Main event,,blue,tony-soto,ad7c59c1-ebc8-4973-994b-86af487b31fe,155.0,69.0,30cm,,red,kevin-croom,fda91a49-6046-4994-9c98-2259902b07a9,,,,
bkfc-52-south-carolina,10,Main Card,Championship Bout,,blue,reggie-barnett-jr,0fc95a6a-09ac-44ce-8acd-76f054abb63b,135.0,66.0,27cm,,red,keith-richardson,e09e1117-65dd-47a0-b502-13afcd71393e,,,,
bkfc-53-orlando,1,Prelims,Undercard,Welterweight,blue,jafar-fortt-knox,00370046-d968-4cdf-889d-7336cbebb418,170.0,71.0,31cm,,red,aaron-sutterfield,32afd975-b083-4dc3-9446-c9972e6eb4a0,,,,
bkfc-53-orlando,2,Prelims,Undercard,Cruiserweight,blue,jeff-janvier,1d518f16-7a98-4c48-98a8-886c9679833c,205.0,70.0,,,red,devonte-jeffery,0457ac8f-7b6e-463a-87dd-3f3bc30df03a,,,,
bkfc-53-orlando,3,Prelims,Undercard,Featherweight,blue,michael-larrimore,69162084-8937-4d78-8f53-585f3707ba5f,150.0,69.0,,,red,justin-watson,6ab1dd8a-f2fc-4414-96be-e9159a92b48a,,,,
bkfc-53-orlando,4,Main Card,,,blue,dagoberto-aguero,688d765a-5181-4f2e-9a61-6ee0a3a2a0ff,56.699,1.75,,,red,chancey-wilson,b5915360-b597-4ccf-9de2-3393f779724f,,,,
bkfc-53-orlando,5,Main Card,,,blue,mike-heckert,2c529161-3570-464c-93b0-4f1613713d0f,170.0,71.0,31cm,,red,scott-lampert,e919aa5d-cbd7-45e3-bc74-f6b681df1849,,,,
bkfc-53-orlando,6,Main Card,,,blue,nathan-rivera,f4e8bbe7-929a-4fea-8956-f087a063c34e,155.0,71.0,31cm,,red,jaymes-hyder,43525a82-a25f-4115-af95-f719aebc662c,,,,
bkfc-53-orlando,7,Main Card,,,blue,diego-romo,d63df24a-ac89-49be-ad68-04d8cea17394,84.141,1.8034,,,red,ravon-baxter,83c00542-187b-42e3-aae8-8bbf2eb94c68,,,,
bkfc-53-orlando,8,Main Card,,,blue,jonathan-miller,6d0b3745-0b1c-49f8-b371-aaf46ea758bc,109.543,1.8542,,,red,sawyer-depee,4b10dc92-a58c-4463-ba05-dee8787572e4,,,,
bkfc-53-orlando,9,Main Card,Co-Main event,,blue,murat-kazgan,fdee4a52-385d-4b4b-9e1f-460ef1e2f6de,75.296,1.75,,,red,julian-lane,db5938a5-558a-491a-a9a0-5b738fd0075a,,,,
bkfc-53-orlando,10,Main Card,Championship Bout,,blue,david-mundell,d264f058-b892-4500-8a24-68c92659fdb0,175.0,69.0,30cm,,red,doug-coldred-coltrane,74cbdd70-a5d8-45bf-848b-9e050d1f12fc,,,,
bkfc-thailand-5,1,Prelims,Undercard,Lightweight,blue,sornchai-seng-maseng,3e0f9496-c776-4b3c-be67-33d99b8c7850,68.9,1.7018,,,red,tumba,0dd6287f-23b3-46a5-bc04-4602b276d39e,,,,
bkfc-thailand-5,2,Prelims,Undercard,Middleweight,blue,street-fight-mike-vetrila,60c7a6a2-2674-4b45-94d0-e1d3a30ca195,183.0,74.0,,,red,allen-wycoco,07703280-5260-4dd7-83b7-06807ff56749,,,,
bkfc-thailand-5,3,Prelims,Undercard,Featherweight,blue,pongpisan-ton-chunyong,222a05b0-6528-4cc7-ac82-4b037a7092c2,145.0,68.0,,,red,tha-pyay-nyo,de375bb6-0323-42e0-8828-f9a3f87efbd0,,,,
bkfc-thailand-5,4,Main Card,,,blue,pouriya-rokhneh,c8654625-57c8-46b8-91e9-f80f9306829e,89.992,1.8542,,,red,yohann-marin,b299404b-4934-4dd6-a542-67b3cb9b7b82,,,,
bkfc-thailand-5,5,Main Card,,,blue,jonny-tello,41d01796-8696-4c98-8f54-b2e4a1e4360d,175.0,68.0,,,red,chaloeporn-sawatsuk,564010f1-721d-4032-aab9-808eb012bfdc,,,,
bkfc-thailand-5,6,Main Card,,,blue,gustaf-cedermalm,8b8af6fd-c68b-4496-a523-7f016432037e,65.906,1.778,,,red,joemil-miado,cc70a2c9-6b06-45cc-9da3-ae3677a39f38,,,,
bkfc-thailand-5,7,Main Card,,,blue,andrew-miller,159ce763-c5f4-4e13-9b1a-dc534d4a37b0,65.816,1.8034,,,red,teerawat-wongaon,adaa310d-b7d1-4b73-964a-e64310e49eb9,,,,
bkfc-thailand-5,8,Main Card,,,blue,daniel-dorrer,f204faec-9038-4315-962c-ed7c83ad784c,92.396,1.8796,,,red,tofan-pirani,d8564383-cda4-411e-b7fe-ff7a99859af4,,,,
bkfc-thailand-5,9,Main Card,,,blue,tee-jay-chang,d7ee1819-da11-4ab2-9b13-3d1c662c2c13,165.0,70.0,,,red,kristof-kirsch,1b62f02d-049c-43ce-9264-919856ccf8c9,,,,
bkfc-thailand-5,10,Main Card,,,blue,sarun-srioumboo,acb243a6-0651-4b75-bd84-fe5793623c9f,142.0,71.0,,,red,krisana-frankke-srisang,90932d30-2533-49b4-8415-b8fb0e6022e1,,,,
bkfc-thailand-5,11,Main Card,Co-Main event,,blue,fani-peloumpi,5cb3505f-d28d-46d0-b5b1-1a73f8b67a86,115.0,64.0,,,red,po-denman,c2f5aaad-ca2c-4f47-a72e-0bcf45fd2971,,,,
bkfc-thailand-5,12,Main Card,Main event,,blue,buakaw,533d1db0-1740-441c-8c8a-c28c9522d437,71.66,1.72,,,red,saenchai,219ebbe7-7bf8-488b-8741-802d7c41fa23,,,,
bkfc-54-bulgaria,1,Prelims,Undercard,Featherweight,blue,zdravko-dimitrov,a2a46044-048c-4872-8817-37d73bff9af3,66.134,1.7272,,,red,tomas-vojtela,e54836d3-476f-4dac-88aa-7ed48d840f35,,,,
bkfc-54-bulgaria,2,Prelims,Undercard,Lightweight,blue,martin-stoichkov,cd898572-db4f-4eef-a699-525bdff61715,69.9,1.7,,,red,felipe-maia,be00dcfd-1c63-4da8-a7eb-9c1bb0efd003,,,,
bkfc-54-bulgaria,3,Prelims,Undercard,Lightweight,blue,angel-petkov,a590c091-dc19-4727-b233-50f55c83f8eb,71.2,1.75,,,red,nikola-arsov,92f1eca3-fae6-4bd1-8b1d-4c6062696849,,,,
bkfc-54-bulgaria,4,Main Card,,,blue,steve-pasche,712ac1d3-f1b3-49f2-8e71-652d2c14234c,95.9,1.83,,,red,mehmet-ozer,78517597-b603-4b05-aa7a-50435a9f01fb,,,,
bkfc-54-bulgaria,5,Main Card,,,blue,mladen-iliev,8205d81b-205d-4e44-bdac-72cf6c7bb5a6,78.562,1.78,,,red,yunus-batan,f01ee487-bc14-4eee-9dc0-0c4c000d1e3e,,,,
bkfc-54-bulgaria,6,Main Card,,,blue,veselin-ivanov,cee466d0-645e-4212-90bc-27af7989b38a,65.9,1.68,,,red,marco-guistarini,53027705-ee30-47b4-aa55-3ce715de9f01,,,,
bkfc-54-bulgaria,7,Main Card,,,blue,mahmoud-ahmed,62c76660-cec0-40d6-b0e9-c3a5cdcddf3c,62.6,1.651,,,red,florin-lupu,41901b7f-0568-4a25-ab8d-678c84e0dd32,,,,
bkfc-54-bulgaria,8,Main Card,,,blue,marian-dimitrov,2c4845ee-a2d7-4e74-9994-188722b9ab01,79.4,1.8,,,red,jedrzej-durski,c1ff3ba0-db2b-42f0-a332-fed6249f51d6,,,,
bkfc-54-bulgaria,9,Main Card,,,blue,kaloyan-kolev,6d52c3a6-3ee9-4810-bcc5-771e38ebb7d8,94.8,1.87,,,red,amer-abdulnabi,1a368aa2-a038-4e1f-8da9-44c487a92609,,,,
bkfc-54-bulgaria,10,Main Card,,,blue,vladislav-kanchev,8c1ba468-8a71-4ed7-ad08-f9c2b58798b0,78.7,1.77,,,red,ilyas-sadykov,8206b77e-b722-48c7-8f9f-6b6decb2d265,,,,
bkfc-54-bulgaria,11,Main Card,Co-Main event,,blue,georgi-valentinov,5cd5950d-5f6a-4df3-866b-a11a59cc4e0f,78.2,1.778,,,red,bojan-kosednar,29e22b04-1165-4dca-ba55-788b2cbe2113,,,,
bkfc-54-bulgaria,12,Main Card,Main event,,blue,rosen-dimitrov,bafdce82-496d-4ed7-a422-13bfbc66d34f,79.1,1.76,,,red,todor-zhelyazkov,b1890280-f900-4260-9c38-da53969ddb17,,,,
bkfc-55-leeds,1,Prelims,Undercard,Heavyweight,blue,agi-faulkner,4bb4d9d8-cdce-4fed-b897-44b41e849d8f,109.044,1.8034,,,red,rob-cunningham,8e06c56c-8933-4ecb-8214-b3443c99e71c,,,,
bkfc-55-leeds,2,Prelims,Undercard,Welterweight,blue,jonny-graham,7eb70ca5-06c3-4435-8208-d0a9e47e9b13,75.02,1.778,30cm,,red,abel-radomski,6e114053-a149-4bc1-bb57-9a8f8662fccc,,,,
bkfc-55-leeds,3,Prelims,Undercard,Welterweight,blue,luke-nevin,f12b3e63-091a-4d13-9cd0-539710583b1f,74.84,1.8542,,,red,paul-cook,5d912f18-43af-4749-b964-b7ad247012f6,,,,
bkfc-55-leeds,4,Main Card,,,blue,antonio-moscatiello,2a8fed28-13a7-461c-b78d-59dc404f9c15,70.76,1.7018,,,red,hynek-hospodarsky,355bd242-8822-48d8-8c05-707eba1e1e6b,,,,
bkfc-55-leeds,5,Main Card,,,blue,karl-thompson,00550a2c-463e-44a9-9191-a864fa4b8893,92.714,1.8288,28cm,,red,david-oscar,d6c4405d-a849-4aad-a086-eb2e51e10826,,,,
bkfc-55-leeds,6,Main Card,,,blue,nathan-owens,e94bf87c-1bab-41a0-8943-2a9c3b3d065b,83.46,1.905,,,red,conor-cooke,16700b4f-e3e1-4fd1-a886-dcc498f74e2b,,,,
bkfc-55-leeds,7,Main Card,,,blue,gary-fox,dba28134-8b91-40b7-a732-7875fbbb6ed1,65.136,1.7018,30cm,,red,robbie-brown,d513c910-4aad-41df-bac3-c9ef2041eddd,,,,
bkfc-55-leeds,8,Main Card,,,blue,luke-atkin,1e843383-25bc-4835-9147-e3b6cba3078d,93.0,1.778,,,red,darren-hendry,5417571e-9832-44aa-bb3f-9c28659dd6f6,,,,
bkfc-55-leeds,9,Main Card,,,blue,danny-mitchell,d8e5887f-1fee-457d-ab6a-3cdeeacd3e1f,84.368,1.8796,,,red,john-ferguson,ecd85679-e2ca-47cd-8f29-df20f254b6ed,,,,
bkfc-55-leeds,10,Main Card,,,blue,mason-shaw,a42ae27b-6a7c-42a3-af36-30563de2fc84,93.0,1.8542,29cm,,red,matty-hodgson,eb6e7f90-3799-4e95-9667-73781101f527,,,,
bkfc-55-leeds,11,Main Card,Co-Main event,,blue,anthony-holmes,d38fa61f-5e93-4883-9e4c-c9bc17217ea3,83.28,1.778,31cm,,red,bartlomiej-krol,9ab9586d-9be6-4a7c-b17a-71687994181d,,,,
bkfc-55-leeds,12,Main Card,Main event,,blue,danny-christie,e79ef0c5-595d-4b48-abcd-fb6b2650c31e,79.152,1.8034,31cm,,red,jared-warren,b1b22d17-ef2b-41b7-aac6-c24be38399de,,,,
bkfc-56-utah,1,Prelims,Undercard,Lightweight,blue,lj-schulz,d04093b7-d86b-479f-8566-57db3a1b08f8,150.0,67.0,,,red,danny-hilton,7b181e72-dfaa-4acb-b890-8398fae563b8,,,,
bkfc-56-utah,2,Prelims,Undercard,Welterweight,blue,trever-bradshaw,cb478c6c-5d57-46a5-a019-95cf82f06f76,175.0,70.0,,,red,troy-dennison,09d7e96b-6891-4aa2-b11e-6630a70fcf48,,,,
bkfc-56-utah,3,Prelims,Undercard,Cruiserweight,blue,keegan-vandermeer,60e2ad51-1675-4d2e-931c-2ced8473e164,91.535,1.9304,,,red,esteban-rodriguez,d5dcf20d-9b45-4d74-bbc1-0d5cff196ea0,,,,
bkfc-56-utah,4,Main Card,,,blue,mike-jones,a26fee8f-f04a-407d-887d-438d3c572e2c,170.0,74.0,,,red,erick-lozano,bd19a914-b42a-43d5-92da-ce9996ffbff3,,,,
bkfc-56-utah,5,Main Card,,,blue,ben-moa,7fde81a8-ba67-45b4-81c9-b737ef3581cf,260.0,75.0,,,red,bridger-bercier,fe258d2e-a346-4340-90f2-184a521b6f32,,,,
bkfc-56-utah,6,Main Card,,,blue,jeremy-stephens,2893b92c-90b4-4312-b964-ba5860af9dc2,74.661,1.7526,31cm,,red,jimmie-rivera,052e1cf7-4cba-4a75-bb6c-9cd046ec069e,,,,
bkfc-56-utah,7,Main Card,Championship Bout,,blue,arnold-bomaye-adams,a6c314d6-4d6f-4183-9c2a-bdf0580b077f,246.0,75.0,34cm,,red,mick-terrill,b7617276-f3c7-4770-9ab6-9903247c0d3a,,,,
bkfc-56-utah,8,Main Card,Championship Bout,,blue,kai-stewart,9aeefe1b-fae9-497d-874a-abb5444b80cb,145.0,66.0,28cm,,red,howard-davis,95dfb866-614d-44ce-baca-bdc7a0d4289b,,,,
bkfc-56-utah,9,Main Card,Co-Main event,,blue,christine-ferea,25620a83-a11c-4e61-b7cf-8a42cb5667f1,125.0,65.0,,,red,bec-rawlings,bd7470ea-ecf6-432b-9d41-821d30a84324,,,,
bkfc-56-utah,10,Main Card,Main event,,blue,mike-platinum-perry,0812dbcf-beb3-4931-9914-98a991d2f4b5,185.0,70.0,,,red,eddie-alvarez,3831f82d-b0d6-4d4a-8b48-69441162d493,,,,
fight-night-prospect-albuquerque,1,Main Card,,,blue,kasey-yates,507c6ca2-eb47-48aa-b529-678e11dc87af,145.0,71.0,,,red,zach-pannell,a6465104-f410-4954-8fe9-09b19cffc4a5,,,,
fight-night-prospect-albuquerque,2,Main Card,,,blue,apostle-spencer,99f1ef1e-2961-46bb-a6b5-6e1e733afa01,165.0,68.0,,,red,kaine-tomlinson-jr,bfc8f9d6-9b43-482d-8ef5-4ff35a459657,,,,
fight-night-prospect-albuquerque,3,Main Card,,,blue,felipe-chavez,cc299ebd-1c91-40e4-8e53-3bc8f870954b,165.0,70.0,,,red,michael-manno,9911a738-e24b-4e75-9833-ab8d776ddc19,,,,
fight-night-prospect-albuquerque,4,Main Card,,,blue,brittany-horton,a917d400-af11-4c72-8275-011016cd3ef8,115.0,65.0,,,red,karla-alvarez,0c6025db-c182-4ed3-a51a-4bd7dda77bee,,,,
fight-night-prospect-albuquerque,5,Main Card,,,blue,juan-adams,74d0f9ee-b3f4-42f7-b03a-9cfa1175d0ac,265.0,77.0,,,red,matt-adams,f1ced1dc-d037-41b2-890d-e689efdf0f1e,,,,
fight-night-prospect-albuquerque,6,Main Card,,,blue,ismail-israilov,e6c4e276-2b61-400b-8acb-aaa2ba7c6bc5,79.469,1.8288,,,red,danasabe-mohammed,b8a0c7a6-d57a-4455-bb07-90f36c773581,,,,
fight-night-prospect-albuquerque,7,Main Card,,,blue,william-albrecht,3def1705-fdc7-47c9-b45a-a0a5dc3d5681,185.0,74.0,79cm,,red,freddy-sandoval,c543f395-1e2b-4613-83f7-10f78c8d1638,,,,
fight-night-prospect-albuquerque,8,Main Card,,,blue,eric-dodson,fa23dc97-6f05-493d-9e06-2a1121a25fef,145.0,66.0,29cm,,red,dakota-highpine,baf1e726-2c0d-4c15-b7d4-301f762e24a2,,,,
fight-night-prospect-albuquerque,9,Main Card,Co-Main event,,blue,taylor-starling,7c806f80-1893-422a-aeee-3a26316d6f23,125.0,67.0,25cm,,red,jenny-savage,7fb61c13-e2f8-4dde-852f-9705c73660fb,,,,
fight-night-prospect-albuquerque,10,Main Card,Main event,,blue,donald-sanchez,c657e7e7-f842-4225-b1cd-6fbc7c7439ca,185.0,72.0,32cm,,red,noah-cutter,d2f914df-9085-4848-8a1b-5eb85527cab7,,,,
bkfc-57-hollywood,1,Prelims,Undercard,Cruiserweight,blue,stephen-tomahawk-townsel,8174c614-5215-4a19-9ca0-87764cf520a2,205.0,74.0,34cm,,red,leo-bercier,cda8e114-7ea7-48c6-adb5-c550aa71a5f0,,,,
bkfc-57-hollywood,2,Prelims,Undercard,Bantamweight,blue,royal-ryan-reber,e363764e-95c7-488a-b834-0541595ec9f3,135.0,69.0,30cm,,red,derek-perez,dc202ad6-c181-4608-87c1-eeaa43c405ee,,,,
bkfc-57-hollywood,3,Prelims,Undercard,Bantamweight,blue,chris-garcia,29260c22-c574-41ab-9632-53ca9c036d2c,135.0,68.0,29cm,,red,albert-inclan,128e8259-1ca3-4703-b269-9f525d4de85c,,,,
bkfc-57-hollywood,4,Main Card,,,blue,edgard-plazaola,b4715307-6d53-43b0-906d-49315672a1fc,145.0,68.0,30cm,,red,darrick-the-buck-gates,c0637a99-2f7e-4aa1-b63b-6b9d7d9dc540,,,,
bkfc-57-hollywood,5,Main Card,,,blue,justin-ibarrola-sanchez,49d13160-7e2e-40da-a49a-c9f79fa31e9e,135.0,67.0,28cm,,red,landon-williams,4d1cdc1a-5f05-4a06-8fc4-074aba439357,,,,
bkfc-57-hollywood,6,Main Card,,,blue,leonardo-perdomo,c36806b6-55e7-41f6-b359-16b80e629be5,253.0,71.0,33cm,,red,bobby-brents,d629417c-52f5-4da3-8828-661abca0b7c9,,,,
bkfc-57-hollywood,7,Main Card,,,blue,alberto-blas,7c79ea52-cfe1-498e-ac58-432521fd1ef2,135.0,68.0,30cm,,red,daniel-alvarez,74ce2909-9345-4596-80fe-8ec9b8aec6c3,,,,
bkfc-57-hollywood,8,Main Card,,,blue,jomi-escoboza,c8cae26e-f386-4d08-9697-d9554e8c5733,185.0,75.0,30cm,,red,isaac-doolittle,96528a4b-8845-4aee-9742-dc49d70b4db1,,,,
bkfc-57-hollywood,9,Main Card,,,blue,bryan-duran,58efbc14-5e7f-4e18-97f0-531fadd8ae0b,155.0,67.0,34cm,,red,louie-lopez,61e07493-5b0b-4cc8-b9a9-f76ad9207df4,,,,
bkfc-57-hollywood,10,Main Card,Co-Main event,,blue,bryce-henry,2bd4e0aa-239a-49cf-a673-f0cd706ae0d8,165.0,75.0,30cm,,red,robbie-peralta,27003c0d-9c43-4c29-a304-3c62e4789e15,,,,
bkfc-57-hollywood,11,Main Card,,,blue,luis-baboon-palomino,f5cac268-2f02-44d3-9c0e-629399487752,165.0,69.0,31cm,,red,austin-trout,e3e226e0-ab3c-42f0-8065-52832f0a3ab5,,,,
fight-night-prospect-manassas,1,Main Card,,,blue,cary-caprio,f612f3c2-1770-4e0a-a2f0-8be265bd4b9e,56.699,1.7018,27cm,,red,micah-livingston-mike,e455d3dc-c467-4e11-977e-700c8cebcd4b,,,,
fight-night-prospect-manassas,2,Main Card,,,blue,dustin-garrett,ae2b40dc-c048-472b-bd20-9113012eed09,66.134,1.6764,,,red,nathan-rivera,f4e8bbe7-929a-4fea-8956-f087a063c34e,,,,
fight-night-prospect-manassas,3,Main Card,,,blue,crystal-van-wyk,f6b5f357-898c-4356-99d4-00f417a27dee,51.619,1.5748,25cm,,red,cristina-crist,fcb923f6-47f1-4528-9cc1-e5032ce8608a,,,,
fight-night-prospect-manassas,4,Main Card,,,blue,shawn-brooks,72805eb4-0ce9-44ed-a705-007fc6be6590,78.56,1.778,,,red,jordan-christensen,b41d5883-43f5-4bdd-a1e4-01fc23b9dc07,,,,
fight-night-prospect-manassas,5,Main Card,,,blue,joe-ray,004773bc-c556-4538-b3c1-7a517fb39c11,120.429,1.778,,,red,paul-ryan-shough,4294756d-e6aa-4d55-b404-073e9bf01af3,,,,
fight-night-prospect-manassas,6,Main Card,,,blue,james-brown,0706c570-3584-48a1-879b-ee971e4a6f7c,69.49,1.88,30cm,,red,bovar-khanakov,f9d77539-dfa9-4fdd-a78b-e66339111986,,,,
fight-night-prospect-manassas,7,Main Card,,,blue,murat-kilimetov,87a7457a-e759-4d88-8ed6-6764736a229f,92.896,1.905,,,red,tre-cook,bf63a4a6-d7f1-42ea-bfb4-0709e3b2ea54,,,,
fight-night-prospect-manassas,8,Main Card,,,blue,zach-calmus,8f1d28b0-33e7-4265-ac61-7d11723e3245,252.0,72.0,36cm,,red,josh-freeman,7df2a3e4-4cd0-49e3-8a89-9c395ade1786,,,,
fight-night-prospect-manassas,9,Main Card,Co-Main event,,blue,micah-terrill,62eed45d-d916-4226-81c6-fbbbcc71fbe8,79.38,1.8796,,,red,cameron-vancamp,cb584899-4b9b-4166-b513-6c5100f1cd58,,,,
fight-night-prospect-manassas,10,Main Card,Main event,,blue,stanislav-grosu,6ed14efc-a4e7-41de-bdbc-7b8a8453ca76,175.0,74.0,32cm,,red,brandon-shavers,ec57704e-0b7c-42d4-a8e8-25b6ea64674f,,,,
fight-night-prospect-canada,1,Main Card,,,blue,adam-de-freitas,c8f58626-42b8-4ac2-9813-98fd62b39f17,87.725,1.8288,29cm,,red,matthew-socholotiuk,517320b4-8eb0-4972-86a5-419a092914fd,,,,
fight-night-prospect-canada,2,Main Card,,,blue,robert-desharnais,75e72f6e-b60e-4a00-9a33-b4d8b1aa9a5d,64.138,1.8288,,,red,desmond-johnson,db4268e2-8a93-4122-9406-8bb370a91bf9,,,,
fight-night-prospect-canada,3,Main Card,,,blue,tyler-tremblett,68375c1b-b5c2-4da4-83a0-2757cbcc58fa,107.955,1.905,,,red,donnie-tice-jr,6ad49fda-de68-45e0-bf88-178a56aceeee,,,,
fight-night-prospect-canada,4,Main Card,,,blue,hasan-al-ghanim,98075788-9c31-4882-be22-c7b133baa2bb,70.76,1.651,31cm,,red,dalton-shtybel,412d8203-e7db-4b53-b6e6-324700e2f3f8,,,,
fight-night-prospect-canada,5,Main Card,,,blue,jake-craig,c58ae064-9e86-4053-82ec-17919a8614a5,93.395,1.8542,,,red,sam-polk,37132f15-b01f-4bb1-91c6-2276dd81a2ae,,,,
fight-night-prospect-canada,6,Main Card,,,blue,chad-lucanas,c33f280b-f531-4608-b0cc-9d3f69940ea7,70.261,1.7018,30cm,,red,trai-santos,d033db06-20bf-4c4e-ad74-49b9da774a0d,,,,
fight-night-prospect-canada,7,Main Card,,,blue,drew-stuve,fb600237-0f76-438b-bb31-506a07821d5f,75.16,1.8796,31cm,,red,jason-kelly,e49d47f2-db57-46be-979e-6923866cd532,,,,
fight-night-prospect-canada,8,Main Card,,,blue,stan-surmacz,f7927018-a076-4b3c-9b76-577df4e17a9a,116.21,1.9304,,,red,reuben-roundstone,2017799c-db09-4ae7-8194-03776d02f991,,,,
fight-night-prospect-canada,9,Main Card,Co-Main event,,blue,sonny-smith,2fb64936-9484-410d-8802-1bacaf0e1ba4,75.251,1.8034,,,red,jeremiah-big-rig-riggs,855ec62a-66e7-4a1f-aedb-34208e9b0a3e,,,,
fight-night-prospect-canada,10,Main Card,Main event,,blue,jade-masson-wong,a6a478f4-a13c-4859-ba4e-a2b4684bc143,125.0,64.0,,,red,gabrielle-roman,b1efa93d-2898-4c31-a0e8-11e4ad81e1fa,,,,
bkfc-fight-night-miami,1,Main Card,,,blue,julio-perez-rodriguez,5b570628-00c4-46b7-a989-db1d2fafeb1c,205.0,76.0,32cm,,red,kory-moegenburg,755b6932-9aec-4fe1-bfd2-ebeb69905aa5,,,,
bkfc-fight-night-miami,2,Main Card,,,blue,dameko-dabon-labon,06dca6e0-c193-4085-b0b3-6715a09ee67b,135.0,69.0,,,red,jorge-bargallo,5a6cb88d-ae6e-47bc-bebe-af0f6af2c27a,,,,
bkfc-fight-night-miami,3,Main Card,,,blue,wayna-reid,84b1e111-23c2-4b6a-834e-396870a838d9,159.0,70.0,31cm,,red,jim-pulgar,ccd32c5d-798d-4363-86fd-84edb579acb6,,,,
bkfc-fight-night-miami,4,Main Card,,,blue,eduardo-concepcion,c89c7514-0dd7-4a50-8943-af7ebc3c0290,185.0,71.0,,,red,alvin-davis,328c329c-286e-4209-bac1-4d389e42a4f1,,,,
bkfc-fight-night-miami,5,Main Card,,,blue,rohan-prado,659834ce-be0c-4fe6-b167-8b840a2ab771,160.0,71.0,,,red,ray-pell,c66f64c4-fb1a-4df6-a8b0-bf98f98f9465,,,,
bkfc-fight-night-miami,6,Main Card,,,blue,markus-suarez,12f67c35-4c5f-44c2-8e6f-4946ca116b9b,205.0,73.0,32cm,,red,marcus-williamson,2a114985-ae5f-4646-9588-23ead5fec97a,,,,
bkfc-fight-night-miami,7,Main Card,,,blue,famez,e945b129-e380-4485-a853-6968de1c417e,155.0,67.0,,,red,brandon-meyer,079b4f1d-f73b-4845-a163-1793aa2dc1d5,,,,
bkfc-fight-night-miami,8,Main Card,Co-Main event,,blue,rosalinda-rodriguez,a3aab742-2f66-4fbc-839e-9192166870c3,56.608,1.61,26cm,,red,monica-franco,da6317b5-0844-48b6-81b0-e670beb70a5a,,,,
bkfc-fight-night-miami,9,Main Card,Main event,,blue,howard-davis,95dfb866-614d-44ce-baca-bdc7a0d4289b,145.0,74.0,30cm,,red,sean-p-town-wilson,e16ab9a2-3213-4224-bd1f-3be03bbd115c,,,,
bkfc-58-bulgaria,1,Prelims,Undercard,Light Heavyweight,blue,emil-enchev,908a8855-5caf-4eb2-8428-e17a97105b1a,89.3,1.9,,,red,sakis-zampelos,95588d6e-6e11-4c06-a26a-ef6250a9cd3a,,,,
bkfc-58-bulgaria,2,Prelims,Undercard,Lightweight,blue,zdravko-dimitrov,a2a46044-048c-4872-8817-37d73bff9af3,66.134,1.7272,,,red,ruslan-tokhtarov,8ba44c66-7fa8-46ca-921d-c8e3df7df00d,,,,
bkfc-58-bulgaria,3,Prelims,Undercard,Women Flyweight,blue,daniela-graf,25feb48a-d665-4853-abef-b08260d63fc2,56.7,1.6,,,red,nicole-schaefer,515b0801-0406-4bf2-8b18-cf5f3255c1a2,,,,
bkfc-58-bulgaria,4,Main Card,,,blue,tomas-vojtela,e54836d3-476f-4dac-88aa-7ed48d840f35,66.1,1.8,,,red,iliyan-adrianov,26625781-382c-4ab6-ad55-c7806429a928,,,,
bkfc-58-bulgaria,5,Main Card,,,blue,angel-petkov,a590c091-dc19-4727-b233-50f55c83f8eb,71.2,1.75,,,red,felipe-maia,be00dcfd-1c63-4da8-a7eb-9c1bb0efd003,,,,
bkfc-58-bulgaria,6,Main Card,,,blue,stanoy-tabakov,b2d4e9f4-7c04-4657-a959-50522766ef22,93.894,1.84,,,red,petr-beranek,d3ca8423-2fba-4513-a653-d195f7dbebc7,,,,
bkfc-58-bulgaria,7,Main Card,,,blue,nikolay-aleksiev,a4498d3c-3e77-4697-91ce-7ecfbb10f70a,93.0,1.83,,,red,mehdi-barghi,c1acc7eb-ea29-489b-83a5-b401e6f3ec50,,,,
bkfc-58-bulgaria,8,Main Card,,,blue,steve-pasche,712ac1d3-f1b3-49f2-8e71-652d2c14234c,95.9,1.83,,,red,toni-estorer,f6be8fb8-a7ff-4f59-90cc-2e988ffa6991,,,,
bkfc-58-bulgaria,9,Main Card,,,blue,jivko-stoimenov,3d697e93-bb01-49da-8de7-fbab2d91b384,79.4,1.79,,,red,yunus-batan,f01ee487-bc14-4eee-9dc0-0c4c000d1e3e,,,,
bkfc-58-bulgaria,10,Main Card,,,blue,veselin-ivanov,cee466d0-645e-4212-90bc-27af7989b38a,65.9,1.68,,,red,zohrab-azimov,0dfc394d-ad0e-4ec9-9d0a-e7a4f5160f14,,,,
bkfc-58-bulgaria,11,Main Card,Co-Main event,,blue,vaso-bakocevic,8f2e9d63-4aed-43f5-952c-60d7e6acfda9,74.8,1.72,,,red,ramadan-nooman,2eaae1db-7f06-4e6c-a2df-6fc91dcb1285,,,,
bkfc-58-bulgaria,12,Main Card,Main event,,blue,toni-markulev,7fad4127-5192-4189-b5c3-97cf7eaddc54,93.0,1.8034,,,red,kaloyan-kolev,6d52c3a6-3ee9-4810-bcc5-771e38ebb7d8,,,,
bkfc-59-dodson-vs-aguero,1,Prelims,Undercard,Men Flyweight,blue,austin-lewis,90ed92a5-0d83-4c96-a227-eed31ff123b6,125.0,66.0,31cm,,red,josh-richey,11403c2e-7de9-44f8-a8cc-a4a83ffd1ebe,,,,
bkfc-59-dodson-vs-aguero,2,Prelims,Undercard,Heavyweight,blue,manuel-otero,1e0e1b3d-6f77-4f24-bdaa-0474105aec80,93.0,1.778,,,red,michael-furnier,9592a241-9832-4e70-b99a-afb5f71ceef2,,,,
bkfc-59-dodson-vs-aguero,3,Prelims,Undercard,Welterweight,blue,felipe-chavez,cc299ebd-1c91-40e4-8e53-3bc8f870954b,165.0,70.0,,,red,leandro-torres,af6de892-1a70-4d2e-8445-f91606eca47f,,,,
bkfc-59-dodson-vs-aguero,4,Main Card,,,blue,anthony-sanchez,8e89eecf-8f78-4d12-b8c0-4e450b1d6304,135.0,67.0,28cm,,red,justin-street,75985490-141a-4834-9523-c5b4f9a06f7e,,,,
bkfc-59-dodson-vs-aguero,5,Main Card,,,blue,marc-entenberg,72040fd7-e4ad-48ab-9919-7523dc301ae6,145.0,72.0,,,red,van-vo,a39551b5-2ef5-49b3-83c0-2126db9c09f6,,,,
bkfc-59-dodson-vs-aguero,6,Main Card,,,blue,frank-lester,0618693a-3c70-4886-8b82-c709d46d745b,93.0,1.8288,,,red,cruiser-keith-richardson,34e760ad-d0af-433d-b53c-4c5b7cedd37b,,,,
bkfc-59-dodson-vs-aguero,7,Main Card,,,blue,lorenzo-coca,be638098-0d7e-432d-a27a-1cbf003f73c3,135.0,67.0,,,red,ruben-warr,955fce95-7245-4029-85fa-bb659de079b9,,,,
bkfc-59-dodson-vs-aguero,8,Main Card,,,blue,kyle-mcelroy,6aa4f746-fedf-46b9-b015-4cf2135b16b8,210.0,75.0,,,red,nick-kohring,b907dadf-35e6-4de0-a98a-4b1b76ac9aeb,,,,
bkfc-59-dodson-vs-aguero,9,Main Card,Co-Main event,,blue,donald-sanchez,c657e7e7-f842-4225-b1cd-6fbc7c7439ca,185.0,72.0,32cm,,red,dallas-davison,7311a81e-7ba3-4262-8a71-8866f02437b6,,,,
bkfc-59-dodson-vs-aguero,10,Main Card,Championship Bout,,blue,john-dodson,3e5216b0-c032-4e12-991b-7800d9528987,125.0,63.0,,,red,dagoberto-aguero,688d765a-5181-4f2e-9a61-6ee0a3a2a0ff,,,,
bkfc-60-milton-keynes,1,Prelims,Undercard,Lightweight,blue,bartek-kanabey,1efcd8b2-d532-4c0b-be1f-bef190e7752a,67.132,1.7526,29cm,,red,bakhtyor-kudratov,a456f776-72a7-4d6c-b6b5-35481d4da3d0,,,,
bkfc-60-milton-keynes,2,Prelims,Undercard,Heavyweight,blue,jack-draper,aec2b555-16a8-418c-b185-bc1db22d5001,120.202,1.905,,,red,bubu,4086f46e-4634-4256-9e97-404c61eb60a2,,,,
bkfc-60-milton-keynes,3,Prelims,Undercard,Middleweight,blue,toby-bindon,5ec9adda-4e6f-4f90-b2a7-f81d0e4fd049,78.109,1.778,31cm,,red,marcus-pond,ceabcec7-bc9f-48b4-849a-1a06128f5220,,,,
bkfc-60-milton-keynes,4,Main Card,,,blue,ben-bonner,93151b90-12f6-4310-b95a-ee16f62dc090,70.035,1.778,31cm,,red,ray-putterill,c7520b93-c345-4061-b789-3d251b5b821e,,,,
bkfc-60-milton-keynes,5,Main Card,,,blue,danny-mcintosh,b9ea7100-5148-4f9f-8841-a1ddf3f093e6,93.621,1.8796,,,red,rob-boardman,1f2232c1-ebcd-4094-ba37-f8842f3c94db,,,,
bkfc-60-milton-keynes,6,Main Card,,,blue,david-oscar,d6c4405d-a849-4aad-a086-eb2e51e10826,93.168,1.8542,32cm,,red,conor-cooke,16700b4f-e3e1-4fd1-a886-dcc498f74e2b,,,,
bkfc-60-milton-keynes,7,Main Card,,,blue,jonno-chipchase,d91bf7f4-e0a8-4d37-8dce-a26d4b905b27,135.0,69.0,29cm,,red,robbie-brown,d513c910-4aad-41df-bac3-c9ef2041eddd,,,,
bkfc-60-milton-keynes,8,Main Card,,,blue,charles-wasserman,03bd8a7f-fb8c-4f5a-ba6b-4c61cd5d2030,84.187,1.8796,31cm,,red,matty-hodgson,eb6e7f90-3799-4e95-9667-73781101f527,,,,
bkfc-60-milton-keynes,9,Main Card,Featured Fight,,blue,gary-fox,dba28134-8b91-40b7-a732-7875fbbb6ed1,65.136,1.7018,30cm,,red,ellis-shepherd,9d7e51b0-443c-4cdf-842c-98d2dec2d8aa,,,,
bkfc-60-milton-keynes,10,Main Card,Co-Main event,,blue,danny-christie,e79ef0c5-595d-4b48-abcd-fb6b2650c31e,79.152,1.8034,31cm,,red,david-round,6e32f6b9-8156-4db0-96d4-baa62eabae7a,,,,
bkfc-60-milton-keynes,11,Main Card,Main event,,blue,james-lilley,85b94759-f2a0-4254-b515-85a267e5f005,155.0,70.0,27cm,,red,franco-tenaglia,464496cf-4d2f-4876-9913-2ce931f7bfb4,,,,
bkfc-fight-night-clearwater,1,Main Card,,,blue,quentin-gaskins,c3a6fe1b-d9f0-4a7c-8060-3dd77e44cccb,150.0,67.0,28cm,,red,zach-pannell,a6465104-f410-4954-8fe9-09b19cffc4a5,,,,
bkfc-fight-night-clearwater,2,Main Card,,,blue,angel-hernandez,b8ec4f00-12bd-4980-8c0a-fb1b3a43bcb1,70.67,1.7018,,,red,rayne-wells,5133686a-bd1f-4eba-b889-557e2cdbaf22,,,,
bkfc-fight-night-clearwater,3,Main Card,,,blue,mike-heckert,2c529161-3570-464c-93b0-4f1613713d0f,170.0,71.0,31cm,,red,leonel-carrera,071417f5-18e4-4496-95bd-db0fb4ffea01,,,,
bkfc-fight-night-clearwater,4,Main Card,,,blue,jessica-borga,a2212ba7-3529-4e51-8624-6d444f67b487,126.0,66.0,27cm,,red,katharina-lehner,5e9d5e41-d84b-4a74-b9eb-5359d3aa8566,,,,
bkfc-fight-night-clearwater,5,Main Card,,,blue,jay-action-jackson,60aad7ef-da80-459d-b474-ce53807f4b8c,185.0,71.0,,,red,idrees-wasi,192e2c68-2870-44f8-a5be-f99da81646e2,,,,
bkfc-fight-night-clearwater,6,Main Card,,,blue,travis-thompson,1cdf04cc-7a87-470a-a4a7-607bcba7ff6c,135.0,66.0,,,red,abdiel-velazquez,ae902198-645f-4a9e-981f-ac55dcf95465,,,,
bkfc-fight-night-clearwater,7,Main Card,,,blue,jr-ridge,a84cc32e-053a-4200-89c2-afa14d64e8dd,125.0,64.0,,,red,tyler-randall,a490b0ba-d3a3-4500-9f2a-6e471b603eb3,,,,
bkfc-fight-night-clearwater,8,Main Card,,,blue,jafar-fortt-knox,00370046-d968-4cdf-889d-7336cbebb418,170.0,71.0,31cm,,red,elvin-brito,24688b86-dc55-452a-b371-1587f64b7780,,,,
bkfc-fight-night-clearwater,9,Main Card,Main event,,blue,mike-richman,b8e3c53e-a914-43e8-90fd-acaeaf05c1f7,175.0,68.0,35cm,,red,erick-lozano,bd19a914-b42a-43d5-92da-ce9996ffbff3,,,,
bkfc-knucklemania-iv,1,Prelims,Undercard,Cruiserweight,blue,cruiser-keith-richardson,34e760ad-d0af-433d-b53c-4c5b7cedd37b,92.533,1.8288,29cm,,red,cody-vidal,b3d6c27a-48d4-443f-b66d-cab4b24e3687,,,,
bkfc-knucklemania-iv,2,Prelims,Undercard,Lightweight,blue,tommy-aaron,0008b5ae-b969-48cc-8f0c-2d65f5ab509c,69.944,1.8034,,,red,richard-brooks,2f58269d-4ef3-41c3-9ecc-4e6478c91fe4,,,,
bkfc-knucklemania-iv,3,Prelims,Undercard,Light Heavyweight,blue,vincent-familari,6ef8868e-ae11-422a-9c08-066d52396aba,175.0,72.0,,,red,fernando-gonzalez,37e8e158-a072-4533-ae04-0ea879f44246,,,,
bkfc-knucklemania-iv,4,Main Card,,,blue,daniel-alvarez,74ce2909-9345-4596-80fe-8ec9b8aec6c3,125.0,66.0,,,red,victor-rosas,ba9aa853-c0e6-41f5-ae0e-619867f3be14,,,,
bkfc-knucklemania-iv,5,Main Card,,,blue,andrew-angelcor,d4d7bcc6-dfda-4dc7-ad0e-201577e73d66,155.0,66.0,28cm,,red,ruben-warr,955fce95-7245-4029-85fa-bb659de079b9,,,,
bkfc-knucklemania-iv,6,Main Card,,,blue,david-diaz,1e0b8e36-e2bf-4230-9ac6-d3e82a715eff,135.0,65.0,,,red,shane-jordan,4e54f047-0bc3-495e-b1ea-237766a3b597,,,,
bkfc-knucklemania-iv,7,Main Card,,,blue,crystal-pittman,01fb7b9d-da43-4867-ab1b-355398abf729,125.0,65.0,,,red,sydney-smith,812ce68a-5755-484a-be40-5b2e8732090f,,,,
bkfc-knucklemania-iv,8,Main Card,,,blue,evgenii-kurdanov,d2871ea7-3f62-4350-a7f1-852b28f9e32d,74.843,1.71,30cm,,red,julian-lane,db5938a5-558a-491a-a9a0-5b738fd0075a,,,,
bkfc-knucklemania-iv,9,Main Card,,,blue,alfredo-angulo,b08a4ee2-aa1d-4bc3-a699-74a5af696849,77.927,1.778,,,red,jeremiah-big-rig-riggs,855ec62a-66e7-4a1f-aedb-34208e9b0a3e,,,,
bkfc-knucklemania-iv,10,Main Card,,,blue,ben-rothwell,7f1d6f90-1b56-4403-b536-cd972a8d01df,265.0,76.0,35cm,,red,todd-duffee,f1249f3a-b3cc-4ce9-87b1-26f76c01c623,,,,
bkfc-knucklemania-iv,11,Main Card,Championship Bout,,blue,mick-terrill,b7617276-f3c7-4770-9ab6-9903247c0d3a,265.0,75.0,,,red,lorenzo-the-juggernaut-hunt,3b7e8da2-1279-4f16-9160-bc6770d51634,,,,
bkfc-knucklemania-iv,12,Main Card,Main event,,blue,mike-platinum-perry,0812dbcf-beb3-4931-9914-98a991d2f4b5,185.0,70.0,,,red,thiago-pitbull-alves,9e2b5205-eec8-4ba8-b2cb-799f3f78dfd1,,,,
bkfc-61-rivera-vs-straus,1,Prelims,Undercard,Featherweight,blue,dylan-felion,ac57c94a-fe9c-4df7-9f75-a0dc8001fad5,155.0,75.0,,,red,daniel-pettit,4aaf669e-77b5-4930-a0b7-f4e24307eba4,,,,
bkfc-61-rivera-vs-straus,2,Prelims,Undercard,Middleweight,blue,pat-casey,783efff5-9656-4216-a748-dc740c49c0f9,190.0,68.0,30cm,,red,sam-watford,24319226-3486-489a-af0f-716d9ffff1a1,,,,
bkfc-61-rivera-vs-straus,3,Prelims,Undercard,Heavyweight,blue,chris-sarro,23dc877b-d1a1-4f3b-9b18-c2112b935de4,230.0,73.0,,,red,scott-roberts,c2c3f0e8-ae22-489f-83e4-8cd53be0d759,,,,
bkfc-61-rivera-vs-straus,4,Main Card,,,blue,pat-brady,f182b6bf-3ef8-4f02-ae8d-2cb4db39ce73,230.0,72.0,36cm,,red,lewis-rumsey,91ad1ee9-c83d-443b-9151-1a114a2aa4a6,,,,
bkfc-61-rivera-vs-straus,5,Main Card,,,blue,zach-calmus,8f1d28b0-33e7-4265-ac61-7d11723e3245,252.0,72.0,36cm,,red,connor-mckenna,6fae2333-c643-4d15-806f-76226d31604f,,,,
bkfc-61-rivera-vs-straus,6,Main Card,,,blue,rick-hawn,045ffb42-d1cb-45b9-9bd3-aee744f79159,170.0,69.0,32cm,,red,stephen-stengel,a7dcce6e-7e67-4705-ba99-8f262021e0ad,,,,
bkfc-61-rivera-vs-straus,7,Main Card,,,blue,sarah-click,4c357087-c001-4756-9914-f164c11bc4e7,52.617,1.6256,26cm,,red,natalie-gage,dc4a4675-f593-4050-a1c2-f8882be7e120,,,,
bkfc-61-rivera-vs-straus,8,Main Card,,,blue,royal-ryan-reber,e363764e-95c7-488a-b834-0541595ec9f3,135.0,69.0,30cm,,red,anthony-foye,47021bca-45d3-4a16-bcb5-0b83ed541924,,,,
bkfc-61-rivera-vs-straus,9,Main Card,Co-Main event,,blue,mike-trizano,86536718-fb04-4248-87e1-98af8cfc2f6c,70.398,1.8034,31cm,,red,louie-lopez,61e07493-5b0b-4cc8-b9a9-f76ad9207df4,,,,
bkfc-61-rivera-vs-straus,10,Main Card,Main event,,blue,jimmie-rivera,052e1cf7-4cba-4a75-bb6c-9cd046ec069e,160.0,64.0,30cm,,red,daniel-straus,4822ff74-f75c-4302-b1fe-b484754ecb6e,,,,
bkfc-fight-night-omaha,1,Main Card,,,blue,brandon-meyer,079b4f1d-f73b-4845-a163-1793aa2dc1d5,69.944,1.778,31cm,,red,eduardo-peralta,4727f226-ae3d-460d-b192-6f1cb983aeb1,,,,
bkfc-fight-night-omaha,2,Main Card,,,blue,kassius-kayne,88a64e28-5709-4649-a12b-f1c6f28e883f,74.661,1.86,,,red,dionisio-ramirez,6cf077da-06e9-42e4-b2ae-4a7f954f5e66,,,,
bkfc-fight-night-omaha,3,Main Card,,,blue,josh-krejci,613ef1b4-edb4-422c-9bcf-c7a9ec4334c1,157.0,67.0,28cm,,red,nate-morrow,b3b2356e-fda0-402f-93ed-ccbd1275bc8d,,,,
bkfc-fight-night-omaha,4,Main Card,,,blue,tommy-strydom,3d589e5c-e847-4ad0-9aef-0582d044601e,65.499,1.7018,30cm,,red,corey-roberts,eef7a8aa-5884-45b6-9b7b-8bb8246ac894,,,,
bkfc-fight-night-omaha,5,Main Card,,,blue,sean-p-town-wilson,e16ab9a2-3213-4224-bd1f-3be03bbd115c,156.0,68.0,29cm,,red,emeka-ifekandu,5aecaafd-b05e-46f4-9ee4-34d2059587ef,,,,
bkfc-fight-night-omaha,6,Main Card,,,blue,ryan-braun,654b037c-1a15-433d-9336-424b5d88fb85,195.0,71.0,32cm,,red,corey-mcintosh,42c7b19e-eec5-45d2-94ff-1aed97828115,,,,
bkfc-fight-night-omaha,7,Main Card,,,blue,ryan-are-you-ready-roberts,69b9ec63-f170-49b6-8949-12e1c260bded,150.0,66.0,28cm,,red,bobby-taylor,521c75fd-d9a1-45e9-88fa-9280c1405192,,,,
bkfc-fight-night-omaha,8,Main Card,,,blue,sarah-shell,8bb72bee-7e3f-4644-993e-58403fdf73ae,52.617,1.7018,,,red,crystal-van-wyk,f6b5f357-898c-4356-99d4-00f417a27dee,,,,
bkfc-fight-night-omaha,9,Main Card,,,blue,alonzo-martinez,c16209cc-302c-4147-beaf-91d17b1a1e9d,181.0,70.0,28cm,,red,stanislav-grosu,6ed14efc-a4e7-41de-bdbc-7b8a8453ca76,,,,
bkfc-fight-night-omaha,10,Main Card,Co-Main event,,blue,dakota-cochrane,c77fc41a-0f89-4535-887a-f2f26c9ef08f,185.0,67.0,31cm,,red,jeremie-holloway,80969665-5b9d-4aec-babc-72a33565c836,,,,
bkfc-fight-night-omaha,11,Main Card,Main event,,blue,carlos-trinidad,25dd1c85-a9a5-4581-b50f-022be038f983,165.0,72.0,28cm,,red,dustin-pague,b4cd55c4-f9cb-48e3-ba1f-a8598f3f93ab,,,,
bkfc-fight-night-mexico,1,Main Card,,,blue,marcelo-antonio-perez,00fac4ec-4d72-4f01-ac4b-3d215cc757d7,56.495,1.6256,,,red,nicolas-diaz,b20a28d9-f77e-4dbb-be73-f96569977e94,,,,
bkfc-fight-night-mexico,2,Main Card,,,blue,jose-lopez,16a14232-485c-4216-bf8f-6c3003f7b347,61.439,1.6256,,,red,juan-campos,929f9d1e-bae3-4fc3-95f0-f55a2ff5d99f,,,,
bkfc-fight-night-mexico,3,Main Card,,,blue,beto-saniba,ceaa09b5-ece1-4df5-b2c7-d80be9b11f51,72.643,1.651,,,red,roberto-sinko,bbfc55ba-295e-4f6a-b810-dc7132e8b922,,,,
bkfc-fight-night-mexico,4,Main Card,,,blue,sergio-perez-jimenez,1730771c-2147-4e7b-a444-d0003b926464,78.335,1.6764,,,red,mario-martinez,e61789c0-d150-4581-827d-0b79fa7af020,,,,
bkfc-fight-night-mexico,5,Main Card,,,blue,cesar-vazquez,0a365340-b753-4e3e-bfcf-774ee7349627,61.53,1.7018,,,red,eduardo-meneses,7489e8c5-c658-482a-9f91-ec7645680c8f,,,,
bkfc-fight-night-mexico,6,Main Card,,,blue,juan-alvarez,9e5b6a1a-3ffa-4624-88ae-38647c2eacc9,70.148,1.7272,,,red,carlos-giner,283bf627-1628-41bb-9c93-a687adf122f5,,,,
bkfc-fight-night-mexico,7,Main Card,,,blue,luis-castaneda,402141f9-4263-435d-b490-878c12196b68,77.088,1.7272,,,red,rudo-tovar,08bef62e-5af4-43d8-8d6e-f583184c24f2,,,,
bkfc-fight-night-mexico,8,Main Card,,,blue,roman-cordova,b2cb0c27-35fd-4ba0-9b01-62506b0bfd4c,70.443,1.7272,,,red,donny-matos,249c42db-4d0d-4514-9c09-e64a43aea2f6,,,,
bkfc-fight-night-mexico,9,Main Card,Co-Main event,,blue,julian-fernandez,b23efefc-0e63-474f-a7c7-4f97e457c318,92.941,1.905,,,red,lino-sanchez,10ae11df-0451-446f-9949-2c80f4806fe8,,,,
bkfc-fight-night-mexico,10,Main Card,Main event,,blue,rodolfo-rubio,41cfc2db-8272-4859-bb25-2cdf3698e3fc,61.689,1.651,,,red,luis-rey-gallegos,3e8ed6d2-e0dd-4429-a5c0-bd1f06d64d28,,,,
bkfc-fight-night-prospects-denver,1,Main Card,,,blue,matt-maestas,b1c842db-5f99-413f-97f5-ad818b5e22ff,183.0,71.0,31cm,,red,jessie-stalder,5c0f40ad-6d59-4e16-96ff-29fc1aef3f40,,,,
bkfc-fight-night-prospects-denver,2,Main Card,,,blue,danny-mitchell-us,58424ef6-a941-4a40-b088-ca123878956a,91.081,1.9304,,,red,joseph-creer,8117b17d-ed33-4950-bc91-2388452086da,,,,
bkfc-fight-night-prospects-denver,3,Main Card,,,blue,casey-moses,ccb59256-daab-4898-b79e-cc720e7ab288,76.566,1.8034,30cm,,red,zeb-vincent,d568c7d2-5ab0-4899-b744-f36cf99b0a0d,,,,
bkfc-fight-night-prospects-denver,4,Main Card,,,blue,sergio-lopez,633ba961-ab51-4168-bdb9-42b7ecd02ba3,76.657,1.778,,,red,derrick-findley,888f626d-12ff-4f11-90fe-132ba679bf3e,,,,
bkfc-fight-night-prospects-denver,5,Main Card,,,blue,ramiro-figueroa,6a2344e8-9851-4333-8e82-198b21ce9aac,69.763,1.8034,29cm,,red,brett-hudson,1f3a9728-d836-432e-9075-2607c2b6cc65,,,,
bkfc-fight-night-prospects-denver,6,Main Card,,,blue,lumumba-sayers,64ff6886-68fc-45f0-95bf-e934f19a116d,108.454,1.8288,,,red,jeremy-morrison,a1d88108-a20a-435c-8edc-c3bf0031bf5b,,,,
bkfc-fight-night-prospects-denver,7,Main Card,,,blue,dylan-schulte,5d5cdc1b-8900-4d3f-a703-994824614709,145.0,65.0,28cm,,red,robert-armas,b957cd8a-6dfb-4b26-9691-3018bf50601b,,,,
bkfc-fight-night-prospects-denver,8,Main Card,,,blue,cassie-robb,ebd8ef53-12f8-4d42-9ccc-92706e1d8194,105.0,64.0,26cm,,red,cristina-crist,fcb923f6-47f1-4528-9cc1-e5032ce8608a,,,,
bkfc-fight-night-prospects-denver,9,Main Card,Co-Main event,,blue,andrew-yates,bc9548e2-b4bf-47d6-bd56-a49e79678512,165.0,70.0,30cm,,red,joshua-huber,dbdaa192-1bb7-4f46-94d2-e05f97184c97,,,,
bkfc-fight-night-prospects-denver,10,Main Card,Main event,,blue,keegan-vandermeer,60e2ad51-1675-4d2e-931c-2ced8473e164,91.535,1.9304,,,red,sawyer-depee,4b10dc92-a58c-4463-ba05-dee8787572e4,,,,
bkfc-prospects-newcastle,1,Main Card,,,blue,ryan-sanson,34f20fac-fd3f-44b9-8efe-4f363591e9bb,72.938,1.8542,,,red,jeremy-waltron,4fca450e-5211-4aa0-9b61-ce2086f8ad03,,,,
bkfc-prospects-newcastle,2,Main Card,,,blue,will-rochester,7a785147-4cba-4f93-b19f-e4c22da919e8,74.752,1.8288,,,red,luke-beamish,8e6419c0-3d74-47ae-9074-efe037115a7a,,,,
bkfc-prospects-newcastle,3,Main Card,,,blue,gary-slator,d966a692-d2d2-48a8-a796-ea4fb3d3de63,112.4,1.8288,,,red,rob-cunningham,8e06c56c-8933-4ecb-8214-b3443c99e71c,,,,
bkfc-prospects-newcastle,4,Main Card,,,blue,bradley-taylor,07fa23b4-151f-4a04-bcda-d0349224e814,61.235,1.7526,22cm,,red,dan-mohammed,2790ee09-2cc1-4f80-afd3-e10dd115a41f,,,,
bkfc-prospects-newcastle,5,Main Card,,,blue,cameron-hardy,d54a801e-afe8-4625-8aea-dc2869c759a5,65.952,1.7272,,,red,bryan-creighton,ca34b65d-1079-4a15-b1a0-e3eba2087994,,,,
bkfc-prospects-newcastle,6,Main Card,,,blue,jack-culshaw,1fef6fee-3a00-49c9-99b6-5e3361ce78c2,66.587,1.8288,,,red,bartek-kanabey,1efcd8b2-d532-4c0b-be1f-bef190e7752a,,,,
bkfc-prospects-newcastle,7,Main Card,,,blue,john-ferguson,ecd85679-e2ca-47cd-8f29-df20f254b6ed,83.733,1.8034,,,red,danny-moir,766581f9-a8d9-4a16-8670-1d029e72916d,,,,
bkfc-prospects-newcastle,8,Main Card,Featured Fight,Light Heavyweight,blue,stevie-taylor,ae97fc88-3556-41b3-8395-0b5277ba96a8,84.096,1.8796,,,red,jakub-kosicki,c75c6cc6-5fee-4a94-8a0a-f6bb4182b9e4,,,,
bkfc-prospects-newcastle,9,Main Card,,,blue,danny-christie,e79ef0c5-595d-4b48-abcd-fb6b2650c31e,79.152,1.8034,31cm,,red,jimmy-millar,95098ae6-10ac-4e1b-8977-8abe43c5bc52,,,,
bkfc-prospects-newcastle,10,Main Card,Co-Main event,,blue,bartlomiej-krol,9ab9586d-9be6-4a7c-b17a-71687994181d,79.107,1.778,32cm,,red,pic-jardine,77c0025b-3595-4de3-8d00-89ed4d61ad02,,,,
bkfc-prospects-newcastle,11,Main Card,Main event,,blue,stanoy-tabakov,b2d4e9f4-7c04-4657-a959-50522766ef22,93.894,1.84,,,red,paul-venis,5a888e57-8535-4c01-a9e9-00f5b15e1f01,,,,
bkfc-62-hollywood,1,Prelims,Undercard,Light Heavyweight,blue,markus-suarez,12f67c35-4c5f-44c2-8e6f-4946ca116b9b,205.0,73.0,32cm,,red,david-simpson,c01a158e-c64b-4a07-852c-86f60c3593e5,,,,
bkfc-62-hollywood,2,Prelims,Undercard,Welterweight,blue,yosdenis-cedeno,ab0c665d-bbaa-49b6-a7c7-2ee247731e50,166.7,68.0,27cm,,red,josh-zuckerman,65d5615b-d4a5-4517-82f7-80497d7eb080,,,,
bkfc-62-hollywood,3,Prelims,Undercard,Welterweight,blue,peter-peraza,24fa75d3-e828-4c21-8c19-291d17de85d2,164.0,67.0,30cm,,red,wayna-reid,84b1e111-23c2-4b6a-834e-396870a838d9,,,,
bkfc-62-hollywood,4,Main Card,,,blue,leonardo-perdomo,c36806b6-55e7-41f6-b359-16b80e629be5,253.0,71.0,33cm,,red,leo-bercier,cda8e114-7ea7-48c6-adb5-c550aa71a5f0,,,,
bkfc-62-hollywood,5,Main Card,,,blue,edgard-plazaola,b4715307-6d53-43b0-906d-49315672a1fc,145.0,68.0,30cm,,red,eric-dodson,fa23dc97-6f05-493d-9e06-2a1121a25fef,,,,
bkfc-62-hollywood,6,Main Card,,,blue,chris-garcia,29260c22-c574-41ab-9632-53ca9c036d2c,135.0,68.0,29cm,,red,micah-livingston-mike,e455d3dc-c467-4e11-977e-700c8cebcd4b,,,,
bkfc-62-hollywood,7,Main Card,,,blue,gee-perez,7bacf0f1-a46c-4a2a-a218-104892cce91f,165.0,68.0,31cm,,red,albert-inclan,128e8259-1ca3-4703-b269-9f525d4de85c,,,,
bkfc-62-hollywood,8,Main Card,,,blue,christine-vicens,0bec96fc-bb81-4dfa-91c0-988713597468,125.0,66.0,27cm,,red,melanie-shah,1617e5b4-5059-468f-b51b-dfd14ac9d934,,,,
bkfc-62-hollywood,9,Main Card,,,blue,justin-ibarrola-sanchez,49d13160-7e2e-40da-a49a-c9f79fa31e9e,135.0,67.0,28cm,,red,rick-caruso,78fd8f9a-df07-4ae2-923f-93b15a0492a1,,,,
bkfc-62-hollywood,10,Main Card,Championship Bout,,blue,jared-warren,b1b22d17-ef2b-41b7-aac6-c24be38399de,185.0,73.0,34cm,,red,jomi-escoboza,c8cae26e-f386-4d08-9697-d9554e8c5733,,,,
bkfc-62-hollywood,11,Main Card,Championship Bout,,blue,keith-richardson,e09e1117-65dd-47a0-b502-13afcd71393e,155.0,66.0,31cm,,red,alberto-blas,7c79ea52-cfe1-498e-ac58-432521fd1ef2,,,,
bkfc-62-hollywood,12,Main Card,Championship Bout,,blue,kai-stewart,9aeefe1b-fae9-497d-874a-abb5444b80cb,145.0,66.0,28cm,,red,bryan-duran,58efbc14-5e7f-4e18-97f0-531fadd8ae0b,,,,
bkfc-fight-night-pechanga,1,Main Card,,,blue,mike-hansen,9b04d969-47b4-48c0-87ce-e36f354db703,57.153,1.6256,,,red,anthony-yost,ecd0a6e9-5b6e-409e-9b4a-a39ed4b29e05,,,,
bkfc-fight-night-pechanga,2,Main Card,,,blue,caleb-joseph-avila,9760fb32-e86b-4602-a810-a23401cbc846,121.018,1.8288,30cm,,red,joseph-white,604618e1-5d18-43e6-b2ea-f906e6d1d875,,,,
bkfc-fight-night-pechanga,3,Main Card,,,blue,daniel-pettit,4aaf669e-77b5-4930-a0b7-f4e24307eba4,155.0,72.0,30cm,,red,van-vo,a39551b5-2ef5-49b3-83c0-2126db9c09f6,,,,
bkfc-fight-night-pechanga,4,Main Card,,,blue,squire-redfern,b07a27b5-9241-4738-b673-7c3b99013a6d,70.307,1.8034,,,red,richard-brooks,2f58269d-4ef3-41c3-9ecc-4e6478c91fe4,,,,
bkfc-fight-night-pechanga,5,Main Card,,,blue,alexander-gutierrez,81f472e2-2a67-412c-adb2-21338d7817a6,56.971,1.651,,,red,zay-garcia,b394a121-4432-4e87-b832-0f8f3192e4de,,,,
bkfc-fight-night-pechanga,6,Main Card,,,blue,luis-villasenor,a466970f-6679-44cc-97ac-863e7d356c13,184.0,68.0,31cm,,red,brett-fields,6a64d421-fd62-4150-ac4c-836208fde277,,,,
bkfc-fight-night-pechanga,7,Main Card,,,blue,riley-pellegrino,83174c04-824b-4cbf-8c6e-0b6558de4726,78.744,1.7526,,,red,jordan-christensen,b41d5883-43f5-4bdd-a1e4-01fc23b9dc07,,,,
bkfc-fight-night-pechanga,8,Main Card,Featured Fight,,blue,victor-rosas,ba9aa853-c0e6-41f5-ae0e-619867f3be14,61.008,1.7018,,,red,luis-iniguez,11d7c3d4-2b86-4364-939c-2bfae47967b8,,,,
bkfc-fight-night-pechanga,9,Main Card,Co-Main event,,blue,fernando-gonzalez,37e8e158-a072-4533-ae04-0ea879f44246,185.0,69.0,29cm,,red,rodney-thomas,52bf2eae-e1ec-4383-bbef-2962c378ae52,,,,
bkfc-fight-night-pechanga,10,Main Card,Main event,,blue,robbie-peralta,27003c0d-9c43-4c29-a304-3c62e4789e15,160.0,67.0,31cm,,red,ruben-warr,955fce95-7245-4029-85fa-bb659de079b9,,,,
bkfc-63-hart-vs-starling,1,Main Card,,,blue,gabriel-freyre,a73240ec-38c8-4bc3-a93e-f1f3023bd26c,65.589,1.6764,,,red,timmy-mason,66654405-f373-412d-9735-844128f3eb83,,,,
bkfc-63-hart-vs-starling,2,Main Card,,,blue,zach-calmus,8f1d28b0-33e7-4265-ac61-7d11723e3245,252.0,72.0,36cm,,red,paul-ryan-shough,4294756d-e6aa-4d55-b404-073e9bf01af3,,,,
bkfc-63-hart-vs-starling,3,Main Card,,,blue,donnie-tice-jr,6ad49fda-de68-45e0-bf88-178a56aceeee,93.259,1.8034,,,red,brandon-conley,1aa7640e-0d17-451f-9555-c18fdd9b1e91,,,,
bkfc-63-hart-vs-starling,4,Main Card,,,blue,josh-watson,4a4f06fc-d5cf-44a0-a043-50ff155e374e,263.0,72.0,32cm,,red,reuben-roundstone,2017799c-db09-4ae7-8194-03776d02f991,,,,
bkfc-63-hart-vs-starling,5,Main Card,,,blue,robert-armas,b957cd8a-6dfb-4b26-9691-3018bf50601b,140.0,64.0,30cm,,red,jack-grady,be80e2f4-223b-468c-8f72-09e8d70eeb04,,,,
bkfc-63-hart-vs-starling,6,Main Card,,,blue,bryant-acheson,543448d1-c549-4b0a-b58e-c3aed99cef86,205.0,75.0,30cm,,red,joseph-creer,8117b17d-ed33-4950-bc91-2388452086da,,,,
bkfc-63-hart-vs-starling,7,Main Card,Featured Fight,,blue,josh-dyer,c5dd048e-6bd6-44ab-b46d-0bde81378330,185.0,71.0,33cm,,red,william-albrecht,3def1705-fdc7-47c9-b45a-a0a5dc3d5681,,,,
bkfc-63-hart-vs-starling,8,Main Card,Co-Main event,,blue,josh-burns,12a4e836-4a1d-45ce-bf91-de90657cd6f7,265.0,72.0,74cm,,red,sam-shewmaker,a9c1f02b-2fe2-4530-945d-dde15ba4fcf7,,,,
bkfc-63-hart-vs-starling,9,Main Card,Championship Bout,,blue,britain-hart,d8c8b412-15c7-4f58-91d0-888745652786,123.0,67.0,25cm,,red,taylor-starling,7c806f80-1893-422a-aeee-3a26316d6f23,,,,
bkfc-64-coventry-tierney-vs-graham,1,Prelims,Undercard,Middleweight,blue,conner-warden,bea831a7-21ca-4e9a-a558-6a180d22b520,77.02,1.8034,,,red,simeon-ottley,9c74734b-9395-429d-b228-b65700020145,,,,
bkfc-64-coventry-tierney-vs-graham,2,Prelims,Undercard,Bantamweight,blue,sara-bitto,44b17461-020a-4881-b6d9-b624322cd7ac,61.689,1.778,,,red,yamila-sanchez,007971ca-9221-4f51-8a67-fac7114fbf76,,,,
bkfc-64-coventry-tierney-vs-graham,3,Prelims,Undercard,Light Heavyweight,blue,james-dixon,a2f5fc96-deb9-4f7a-b115-cb7f609484e2,84.096,1.7018,,,red,tom-mowbray,fb26dd8c-700f-44b6-b673-fe58e68a9355,,,,
bkfc-64-coventry-tierney-vs-graham,4,Main Card,,,blue,jordan-ward,9c0f5174-209c-4431-99dc-03426c50ee55,61.689,1.6764,,,red,robbie-brown,d513c910-4aad-41df-bac3-c9ef2041eddd,,,,
bkfc-64-coventry-tierney-vs-graham,5,Main Card,,,blue,ryan-mccarthy,d7157050-3e3d-4742-9275-d8c873713bf7,68.311,1.7526,,,red,alec-connelly,77c492c7-7dc2-4f3a-93e0-878159fa62d5,,,,
bkfc-64-coventry-tierney-vs-graham,6,Main Card,,,blue,george-thorpe,1f4658a8-5dc4-4335-b012-527598b52c70,79.832,1.8796,34cm,,red,conan-barbaru,81bcac37-bbdf-456e-bb66-10c7a364c02c,,,,
bkfc-64-coventry-tierney-vs-graham,7,Main Card,,,blue,paul-osullivan,6f1d84c8-042c-4d69-8d4a-f172a023cfb1,78.925,1.778,30cm,,red,mac-bygraves,d1313a9c-0cd1-4ff1-a8ff-e62905cf3650,,,,
bkfc-64-coventry-tierney-vs-graham,8,Main Card,,,blue,luke-nevin,f12b3e63-091a-4d13-9cd0-539710583b1f,74.84,1.8542,,,red,sahin-omer,ba27ec6b-c512-4660-8916-be82f61659ff,,,,
bkfc-64-coventry-tierney-vs-graham,9,Main Card,,,blue,lee-browne,4fee782d-8d3e-4d14-9c0a-3bb6000c1bbf,102.149,1.9558,,,red,rob-boardman,1f2232c1-ebcd-4094-ba37-f8842f3c94db,,,,
bkfc-64-coventry-tierney-vs-graham,10,Main Card,Featured Fight,,blue,conor-cooke,16700b4f-e3e1-4fd1-a886-dcc498f74e2b,84.368,1.905,32cm,,red,mason-shaw,a42ae27b-6a7c-42a3-af36-30563de2fc84,,,,
bkfc-64-coventry-tierney-vs-graham,11,Main Card,Co-Main event,,blue,jonno-chipchase,d91bf7f4-e0a8-4d37-8dce-a26d4b905b27,135.0,69.0,29cm,,red,toby-bindon,5ec9adda-4e6f-4f90-b2a7-f81d0e4fd049,,,,
bkfc-64-coventry-tierney-vs-graham,12,Main Card,Main event,,blue,connor-tierney,5169ca29-1457-4611-bb06-155f3f65ec3f,165.0,74.0,28cm,,red,jonny-graham,7eb70ca5-06c3-4435-8208-d0a9e47e9b13,,,,
bkfc-fight-night-kansas-city,1,Main Card,,,blue,jesse-pringle,34f0ca31-fa62-4b40-96e0-5d8382d9633a,91.49,1.9304,,,red,devon-schwan,2ba63a7a-8272-4244-92a3-5ca6a6294c83,,,,
bkfc-fight-night-kansas-city,2,Main Card,,,blue,jacob-akin,1fcde371-3b13-4eeb-9455-98b1b3360976,133.0,66.0,30cm,,red,matt-guymon,fd0375f8-ae79-45ab-9d2b-93e79b4da450,,,,
bkfc-fight-night-kansas-city,3,Main Card,,,blue,john-orr,45034714-a3b3-4aa4-a594-a5f3e11f8201,265.0,74.0,31cm,,red,anthony-garrett,4e77927f-d90d-421c-b4d3-c07deeed2bc5,,,,
bkfc-fight-night-kansas-city,4,Main Card,,,blue,karla-alvarez,0c6025db-c182-4ed3-a51a-4bd7dda77bee,56.109,1.651,,,red,charlene-gellner,93008079-6dff-466d-b1f7-6ce631d03288,,,,
bkfc-fight-night-kansas-city,5,Main Card,,,blue,justyn-martinez,699661df-990a-4ea8-9fc2-cd9eec7258b6,130.0,63.0,27cm,,red,blaine-warbritton,0a681787-14b8-48d8-b371-f9e6779db66c,,,,
bkfc-fight-night-kansas-city,6,Main Card,,,blue,deron-carlis,3cb65df5-a3ce-4039-953b-ad92f13177c9,165.0,65.0,30cm,,red,eduardo-peralta,4727f226-ae3d-460d-b192-6f1cb983aeb1,,,,
bkfc-fight-night-kansas-city,7,Main Card,,,blue,jw-kiser,502f95d5-080c-4cf5-831f-17699bab9e33,226.0,72.0,34cm,,red,michael-furnier,9592a241-9832-4e70-b99a-afb5f71ceef2,,,,
bkfc-fight-night-kansas-city,8,Main Card,Featured Fight,,blue,ira-johnson,c40d9839-c51d-46ad-a942-0ccc803484c2,154.0,69.0,28cm,,red,tyler-jones,a2bb4a89-37fe-4a03-b085-5d233c7dbf3e,,,,
bkfc-fight-night-kansas-city,9,Main Card,Co-Main event,,blue,zeb-vincent,d568c7d2-5ab0-4899-b744-f36cf99b0a0d,185.0,72.0,27cm,,red,doug-coldred-coltrane,74cbdd70-a5d8-45bf-848b-9e050d1f12fc,,,,
bkfc-fight-night-kansas-city,10,Main Card,Main event,,blue,jake-lindsey,a752afa7-815e-4823-b83d-a0e83dcac394,165.0,71.0,29cm,,red,elvin-brito,24688b86-dc55-452a-b371-1587f64b7780,,,,
bkfc-prospects-edmonton,1,Main Card,,,blue,robert-desharnais,75e72f6e-b60e-4a00-9a33-b4d8b1aa9a5d,64.138,1.8288,,,red,glendel-futrell,d1285b05-e39c-48af-b3d8-72df7cce8f5a,,,,
bkfc-prospects-edmonton,2,Main Card,,,blue,matthew-socholotiuk,517320b4-8eb0-4972-86a5-419a092914fd,75.115,1.7526,33cm,,red,nash-diederichs,57204262-36d6-4f2e-88ad-67b9ecd84d76,,,,
bkfc-prospects-edmonton,3,Main Card,,,blue,kimani-crawford,1e1f55c7-8db7-4e55-b7a4-69003e92ed83,79.243,1.8034,30cm,,red,danasabe-mohammed,b8a0c7a6-d57a-4455-bb07-90f36c773581,,,,
bkfc-prospects-edmonton,4,Main Card,,,blue,kayden-giroux,07911f4d-a359-4a1c-a6b7-2833cc19d85b,88.224,1.8796,32cm,,red,trevor-bozniak,1d25cf49-f491-42ff-97b5-b93f66f5efe4,,,,
bkfc-prospects-edmonton,5,Main Card,,,blue,alexandra-delgado-lopez,c1114ea0-b1bc-4c72-ab3b-0fec59c11a20,51.936,1.5494,29cm,,red,jessica-ruiz,990f95a1-7cd8-4dc8-819a-786304125881,,,,
bkfc-prospects-edmonton,6,Main Card,,,blue,caeden-scott,f1b85381-fff0-414c-a6f5-64627cb44f12,74.979,1.8288,30cm,,red,dan-godoy,5d340458-fd27-46d2-a05e-15f05b9ee0b5,,,,
bkfc-prospects-edmonton,7,Main Card,,,blue,taylor-bull,f289466c-7dcb-4118-866e-69197ca10684,83.189,1.9558,32cm,,red,christopher-hamlett,465afc0c-4cbe-49fc-9e1a-ea47d0931e1f,,,,
bkfc-prospects-edmonton,8,Main Card,,,blue,jonathan-miller,6d0b3745-0b1c-49f8-b371-aaf46ea758bc,109.543,1.8542,,,red,bohdan-kotok,0b562e63-d571-4780-b41b-a151f6564d9b,,,,
bkfc-prospects-edmonton,9,Main Card,Featured Fight,,blue,chad-lucanas,c33f280b-f531-4608-b0cc-9d3f69940ea7,70.261,1.7018,30cm,,red,zach-pannell,a6465104-f410-4954-8fe9-09b19cffc4a5,,,,
bkfc-prospects-edmonton,10,Main Card,Co-Main event,,blue,hasan-al-ghanim,98075788-9c31-4882-be22-c7b133baa2bb,70.76,1.651,31cm,,red,ryan-ibsen,48ac862d-da14-4ed6-8835-83fc714521fe,,,,
bkfc-prospects-edmonton,11,Main Card,Main event,,blue,drew-stuve,fb600237-0f76-438b-bb31-506a07821d5f,75.16,1.8796,31cm,,red,sonny-smith,2fb64936-9484-410d-8802-1bacaf0e1ba4,,,,
bkfc-65-ferea-vs-masson-wong,1,Prelims,Undercard,Featherweight,blue,brandon-honsvick,3fbc3b83-c026-423b-b829-7e7419d1c92d,73.754,1.7272,,,red,troy-dennison,09d7e96b-6891-4aa2-b11e-6630a70fcf48,,,,
bkfc-65-ferea-vs-masson-wong,2,Prelims,Undercard,Cruiserweight,blue,zac-cavender,17c0ef95-8812-4c43-beb2-861c492b0bfe,92.533,1.9558,31cm,,red,conor-bracken,6d7779c3-c421-4bd2-950e-9cad7bbd4c64,,,,
bkfc-65-ferea-vs-masson-wong,3,Prelims,Undercard,Cruiserweight,blue,ben-robinson,3307cbd5-df75-4ba2-a15c-9d663457a8c2,86.137,1.8288,,,red,david-sanchez,148425a8-93ad-47b2-b3f1-40b5c01990d4,,,,
bkfc-65-ferea-vs-masson-wong,4,Main Card,,,blue,justin-mcdonald,5e68e0fa-1507-4a67-b97a-9e9052f67dff,185.0,72.0,,,red,bryan-mcdowell,f6e4781b-0ead-4631-91b5-6bbd43c21925,,,,
bkfc-65-ferea-vs-masson-wong,5,Main Card,,,blue,dominico-salas,8ecd3bdb-7086-4440-bd49-2af53007fb98,180.0,66.0,,,red,kaine-tomlinson-jr,bfc8f9d6-9b43-482d-8ef5-4ff35a459657,,,,
bkfc-65-ferea-vs-masson-wong,6,Main Card,,,blue,lehi-dominguez,bb465877-1f6b-47dc-88d3-cb7c958fc877,83.597,1.8034,,,red,kyle-mcelroy,6aa4f746-fedf-46b9-b015-4cf2135b16b8,,,,
bkfc-65-ferea-vs-masson-wong,7,Main Card,,,blue,jeremy-morrison,a1d88108-a20a-435c-8edc-c3bf0031bf5b,101.015,1.905,,,red,lewis-rumsey,91ad1ee9-c83d-443b-9151-1a114a2aa4a6,,,,
bkfc-65-ferea-vs-masson-wong,8,Main Card,,,blue,hayden-brown,e42d1bf0-70de-48f7-b08e-c42cdb79db3b,118.796,1.8288,,,red,alex-davis,a05972b6-7347-41ef-8440-de086c2691e1,,,,
bkfc-65-ferea-vs-masson-wong,9,Main Card,,,blue,mike-jones,a26fee8f-f04a-407d-887d-438d3c572e2c,170.0,74.0,,,red,diego-romo,d63df24a-ac89-49be-ad68-04d8cea17394,,,,
bkfc-65-ferea-vs-masson-wong,10,Main Card,Featured Fight,,blue,trever-bradshaw,cb478c6c-5d57-46a5-a019-95cf82f06f76,175.0,70.0,,,red,drako-rodriguez,55d94b97-335b-4a97-b21a-ea1b691748ce,,,,
bkfc-65-ferea-vs-masson-wong,11,Main Card,Co-Main event,,blue,jeremy-stephens,2893b92c-90b4-4312-b964-ba5860af9dc2,74.661,1.7526,31cm,,red,bobby-taylor,521c75fd-d9a1-45e9-88fa-9280c1405192,,,,
bkfc-65-ferea-vs-masson-wong,12,Main Card,Championship Bout,,blue,christine-ferea,25620a83-a11c-4e61-b7cf-8a42cb5667f1,125.0,65.0,,,red,jade-masson-wong,a6a478f4-a13c-4859-ba4e-a2b4684bc143,,,,
bkfc-66-blas-vs-reber,1,Prelims,Undercard,Welterweight,blue,almat-jumanov,54256ba9-801b-4150-a073-960c526dcb77,74.072,1.8288,,,red,rayne-wells,5133686a-bd1f-4eba-b889-557e2cdbaf22,,,,
bkfc-66-blas-vs-reber,2,Prelims,Undercard,Cruiserweight,blue,julio-perez-rodriguez,5b570628-00c4-46b7-a989-db1d2fafeb1c,205.0,76.0,32cm,,red,devonte-jeffery,0457ac8f-7b6e-463a-87dd-3f3bc30df03a,,,,
bkfc-66-blas-vs-reber,3,Prelims,Undercard,Welterweight,blue,famez,e945b129-e380-4485-a853-6968de1c417e,155.0,67.0,,,red,jim-pulgar,ccd32c5d-798d-4363-86fd-84edb579acb6,,,,
bkfc-66-blas-vs-reber,4,Main Card,,,blue,joseph-white,604618e1-5d18-43e6-b2ea-f906e6d1d875,262.0,74.0,33cm,,red,kendrick-miree,8c378a35-9222-4760-bfdd-d4d1817467a1,,,,
bkfc-66-blas-vs-reber,5,Main Card,,,blue,peter-peraza,24fa75d3-e828-4c21-8c19-291d17de85d2,164.0,67.0,30cm,,red,ray-pell,c66f64c4-fb1a-4df6-a8b0-bf98f98f9465,,,,
bkfc-66-blas-vs-reber,6,Main Card,,,blue,sean-hotusing,54669a9a-def3-41ba-b577-e64237706192,170.0,72.0,,,red,leonel-carrera,071417f5-18e4-4496-95bd-db0fb4ffea01,,,,
bkfc-66-blas-vs-reber,7,Main Card,,,blue,jeremy-smith,0f31c84a-7946-499e-8c1e-f307cab236db,185.0,70.0,,,red,stephen-tomahawk-townsel,8174c614-5215-4a19-9ca0-87764cf520a2,,,,
bkfc-66-blas-vs-reber,8,Main Card,,,blue,armando-aj-rodriguez,5f546579-efdd-4628-ae0e-36575973d7be,135.0,70.0,29cm,,red,dameko-dabon-labon,06dca6e0-c193-4085-b0b3-6715a09ee67b,,,,
bkfc-66-blas-vs-reber,9,Main Card,,,blue,justin-ibarrola-sanchez,49d13160-7e2e-40da-a49a-c9f79fa31e9e,135.0,67.0,28cm,-770,red,justin-street,75985490-141a-4834-9523-c5b4f9a06f7e,,,,441
bkfc-66-blas-vs-reber,10,Main Card,Featured Fight,,blue,leonardo-perdomo,c36806b6-55e7-41f6-b359-16b80e629be5,253.0,71.0,33cm,,red,steve-banks,2e4ae1ab-0298-4746-bad0-24c2923ddd6b,,,,
bkfc-66-blas-vs-reber,11,Main Card,Co-Main event,,blue,howard-davis,95dfb866-614d-44ce-baca-bdc7a0d4289b,145.0,74.0,30cm,,red,james-brown,0706c570-3584-48a1-879b-ee971e4a6f7c,,,,
bkfc-66-blas-vs-reber,12,Main Card,Championship Bout,,blue,alberto-blas,7c79ea52-cfe1-498e-ac58-432521fd1ef2,135.0,68.0,30cm,,red,royal-ryan-reber,e363764e-95c7-488a-b834-0541595ec9f3,,,,
bkfc-on-dazn-spain,1,Prelims,Undercard,Lightweight,blue,fran-suarez,9943e0f5-33bb-4299-aa44-27a792315695,70.443,1.7526,30cm,,red,david-mora,df8fe9b3-dd4f-4467-bd50-f0d4d200e517,,,,
bkfc-on-dazn-spain,2,Prelims,Undercard,Heavyweight,blue,arbi-chakaev,ab8bb57b-394d-4aba-a822-e4ca9864889b,92.714,1.8288,,,red,jose-daniel,e289a48c-21e9-4899-a4aa-e8fdc3be2fb9,,,,
bkfc-on-dazn-spain,3,Prelims,Undercard,Featherweight,blue,nico-gaffie,ae42a3b5-5542-46fc-99a3-c3f197462e94,66.224,1.6256,28cm,,red,radek-stadler,792a778a-b042-420a-9389-8a6a7e4204a7,,,,
bkfc-on-dazn-spain,4,Main Card,,,blue,yunus-batan,f01ee487-bc14-4eee-9dc0-0c4c000d1e3e,79.605,1.7526,,,red,maxime-bellamy,536ab90f-c42b-41fe-b755-8731b0fb737f,,,,
bkfc-on-dazn-spain,5,Main Card,,,blue,oscar-willis,0d1e0ac5-2be9-4447-8621-18bda65676cc,70.08,1.7272,,,red,ben-davis,7064768a-a042-41f2-93bb-e9ee8924c111,,,,
bkfc-on-dazn-spain,6,Main Card,,,blue,hannah-rankin,92e8b62b-2c14-45c0-9fdc-c7ee82cb5a22,65.771,1.7526,,,red,deborah-melhorn,068fc299-e5ef-4c90-be66-8e403e9700a1,,,,
bkfc-on-dazn-spain,7,Main Card,,,blue,felipe-maia,be00dcfd-1c63-4da8-a7eb-9c1bb0efd003,73.482,1.75,,,red,james-lilley,85b94759-f2a0-4254-b515-85a267e5f005,,,,
bkfc-on-dazn-spain,8,Main Card,,,blue,dan-chapman,696c171b-d612-4751-ab10-7985dfb0f203,66.179,1.7018,28cm,,red,mike-jurik,04e395d5-6a07-4a81-947b-17b873b25ea1,,,,
bkfc-on-dazn-spain,9,Main Card,Championship Bout,,blue,david-mundell,d264f058-b892-4500-8a24-68c92659fdb0,175.0,69.0,30cm,,red,danny-christie,e79ef0c5-595d-4b48-abcd-fb6b2650c31e,,,,
bkfc-on-dazn-spain,10,Main Card,Championship Bout,,blue,austin-trout,e3e226e0-ab3c-42f0-8065-52832f0a3ab5,165.0,70.0,30cm,,red,rico-franco,c610a062-e073-48f4-b6f3-b7a812b21a4c,,,,
bkfc-on-dazn-spain,11,Main Card,Championship Bout,,blue,franco-tenaglia,464496cf-4d2f-4876-9913-2ce931f7bfb4,155.0,69.0,30cm,,red,tony-soto,ad7c59c1-ebc8-4973-994b-86af487b31fe,,,,
bkfc-67-camozzi-vs-depee,1,Prelims,Undercard,Lightweight,blue,ruben-arroyo,abffbb00-380a-468d-a48b-d9639df2fe42,69.944,1.7018,28cm,,red,nash-diederichs,57204262-36d6-4f2e-88ad-67b9ecd84d76,,,,
bkfc-67-camozzi-vs-depee,2,Prelims,Undercard,Lightweight,blue,dusty-sparks,babe706d-ec5d-4595-b3c6-6389ced63f17,70.443,1.8034,31cm,,red,hasan-al-ghanim,98075788-9c31-4882-be22-c7b133baa2bb,,,,
bkfc-67-camozzi-vs-depee,3,Main Card,,,blue,andrew-yates,bc9548e2-b4bf-47d6-bd56-a49e79678512,165.0,70.0,30cm,,red,jordan-christensen,b41d5883-43f5-4bdd-a1e4-01fc23b9dc07,,,,
bkfc-67-camozzi-vs-depee,4,Main Card,,,blue,andrew-strode,628e5bc4-377f-46ff-be9c-bb7b49e1dd54,56.472,1.7272,28cm,,red,chancey-wilson,b5915360-b597-4ccf-9de2-3393f779724f,,,,
bkfc-67-camozzi-vs-depee,5,Main Card,,,blue,kat-paprocki,7154f315-f79d-4716-8a7d-66a5aef4b6cd,52.163,1.6256,26cm,,red,sydney-smith,812ce68a-5755-484a-be40-5b2e8732090f,,,,
bkfc-67-camozzi-vs-depee,6,Main Card,,,blue,dylan-schulte,5d5cdc1b-8900-4d3f-a703-994824614709,145.0,65.0,28cm,,red,derek-perez,dc202ad6-c181-4608-87c1-eeaa43c405ee,,,,
bkfc-67-camozzi-vs-depee,7,Main Card,,,blue,ramiro-figueroa,6a2344e8-9851-4333-8e82-198b21ce9aac,69.763,1.8034,29cm,,red,ishiah-carson,89eb03d8-118e-4497-889f-cc6a22b76af6,,,,
bkfc-67-camozzi-vs-depee,8,Main Card,Featured Fight,,blue,marcus-edwards,bba9ad19-607b-49b8-9255-9bcbe37ab01e,170.0,69.0,32cm,,red,pat-casey,783efff5-9656-4216-a748-dc740c49c0f9,,,,
bkfc-67-camozzi-vs-depee,9,Main Card,Co-Main event,,blue,brandon-girtz,6c4a548b-5ebd-4670-a1a3-80932568392a,75.251,1.7,,,red,cameron-vancamp,cb584899-4b9b-4166-b513-6c5100f1cd58,,,,
bkfc-67-camozzi-vs-depee,10,Main Card,Championship Bout,,blue,chris-camozzi,30dde676-b606-4679-85f6-a7c3f149ea0b,185.0,75.0,33cm,,red,sawyer-depee,4b10dc92-a58c-4463-ba05-dee8787572e4,,,,
bkfc-prospects-myrtle-beach,1,Main Card,,,blue,jackson-whitley,,,,,,red,chango-romero,,,,,
bkfc-prospects-myrtle-beach,2,Main Card,,,blue,alex-govea,,93.0,,,,red,sarry-pierre,,,,,
bkfc-prospects-myrtle-beach,3,Main Card,,,blue,adrian-delacruz,,79.4,,,,red,rickie-mcconnicio,a6c90844-738e-4766-8bc1-d57817443fab,,,,
bkfc-prospects-myrtle-beach,4,Main Card,,Featherweight,blue,jairo-santos,51c12cf9-a507-4d6a-a2d7-e217680b32c6,65.8,,,,red,cj-dean,9f86ebbd-963d-45e1-99c0-50be9a6a8111,,,,
bkfc-prospects-myrtle-beach,5,Main Card,Featured Fight,,blue,justin-howell,0cbf0251-8b5f-4f03-b525-b4d377d1d3f1,93.0,,,,red,lewis-glover,1152da16-3e5a-47e7-9aca-ad90b6235741,,,,
bkfc-prospects-myrtle-beach,6,Main Card,Co-Main event,,blue,jeremiah-scott,a7f250ae-4d8c-4aa5-a94a-6d3ef498be77,155.0,69.0,29cm,,red,dakota-highpine,baf1e726-2c0d-4c15-b7d4-301f762e24a2,,,,
bkfc-prospects-myrtle-beach,7,Main Card,Main event,,blue,brandon-bushaw,4e2ae5ce-78de-44d7-993e-a9376c528c37,155.0,68.0,28cm,,red,rick-caruso,78fd8f9a-df07-4ae2-923f-93b15a0492a1,,,,
bkfc-68-faulkner-vs-oscar,1,Main Card,,,blue,danny-moir,766581f9-a8d9-4a16-8670-1d029e72916d,84.277,1.905,33cm,,red,kyle-redfearn,fe7ab589-8548-499a-b407-d1e9afe457cb,,,,
bkfc-68-faulkner-vs-oscar,2,Main Card,,,blue,matty-hill,ad30321d-6dc6-4d79-bc87-111a79aa4f65,101.333,1.8796,,,red,lee-browne,4fee782d-8d3e-4d14-9c0a-3bb6000c1bbf,,,,
bkfc-68-faulkner-vs-oscar,3,Main Card,,,blue,paul-cook,5d912f18-43af-4749-b964-b7ad247012f6,73.119,1.778,30cm,,red,luke-beamish,8e6419c0-3d74-47ae-9074-efe037115a7a,,,,
bkfc-68-faulkner-vs-oscar,4,Main Card,,,blue,robbie-brown,d513c910-4aad-41df-bac3-c9ef2041eddd,61.235,1.6764,28cm,,red,bradley-taylor,07fa23b4-151f-4a04-bcda-d0349224e814,,,,
bkfc-68-faulkner-vs-oscar,5,Main Card,,,blue,gary-fox,dba28134-8b91-40b7-a732-7875fbbb6ed1,65.136,1.7018,30cm,,red,john-spencer,dd13f2b9-1202-40c1-b700-167930de9f94,,,,
bkfc-68-faulkner-vs-oscar,6,Main Card,,,blue,matthew-wiwczaryk,5ba43201-69d5-4c99-ba81-3c2d0d9ca218,78.653,1.778,29cm,,red,bartlomiej-krol,9ab9586d-9be6-4a7c-b17a-71687994181d,,,,
bkfc-68-faulkner-vs-oscar,7,Main Card,,,blue,anthony-holmes,d38fa61f-5e93-4883-9e4c-c9bc17217ea3,83.28,1.778,31cm,,red,charles-wasserman,03bd8a7f-fb8c-4f5a-ba6b-4c61cd5d2030,,,,
bkfc-68-faulkner-vs-oscar,8,Main Card,,,blue,karl-thompson,00550a2c-463e-44a9-9191-a864fa4b8893,92.714,1.8288,28cm,,red,dawid-chylinski,8fe67a24-d9dd-4410-a16d-4c1b6dfb2f43,,,,
bkfc-68-faulkner-vs-oscar,9,Main Card,,,blue,lewis-keen,b1b5931b-8e2a-41cc-b1df-a5331b1d7a7b,69.672,1.7526,30cm,,red,ben-bonner,93151b90-12f6-4310-b95a-ee16f62dc090,,,,
bkfc-68-faulkner-vs-oscar,10,Main Card,Championship Bout,,blue,matty-hodgson,eb6e7f90-3799-4e95-9667-73781101f527,84.459,1.8542,32cm,,red,conor-cooke,16700b4f-e3e1-4fd1-a886-dcc498f74e2b,,,,
bkfc-68-faulkner-vs-oscar,11,Main Card,Championship Bout,,blue,agi-faulkner,4bb4d9d8-cdce-4fed-b897-44b41e849d8f,109.044,1.8034,,,red,david-oscar,d6c4405d-a849-4aad-a086-eb2e51e10826,,,,
bkfc-on-dazn-montana,1,Prelims,Undercard,Bantamweight,blue,aj-craig,859bff1d-4398-43d5-863a-8f87f5835740,62.369,1.6764,31cm,,red,elijah-jamerson,588cf38f-8f52-4f3d-b565-70017b460c55,,,,
bkfc-on-dazn-montana,2,Prelims,Undercard,Cruiserweight,blue,leo-bercier,cda8e114-7ea7-48c6-adb5-c550aa71a5f0,205.0,71.0,34cm,,red,drew-nolan,e2cb21ae-083d-499b-9795-8db1d48dfdac,,,,
bkfc-on-dazn-montana,3,Prelims,Undercard,Strawweight,blue,natalie-gage,dc4a4675-f593-4050-a1c2-f8882be7e120,52.435,1.6764,,,red,gabrielle-roman,b1efa93d-2898-4c31-a0e8-11e4ad81e1fa,,,,
bkfc-on-dazn-montana,4,Main Card,,,blue,louie-lopez,61e07493-5b0b-4cc8-b9a9-f76ad9207df4,145.0,69.0,,,red,robert-armas,b957cd8a-6dfb-4b26-9691-3018bf50601b,,,,
bkfc-on-dazn-montana,5,Main Card,,,blue,dallas-davison,7311a81e-7ba3-4262-8a71-8866f02437b6,175.0,72.0,29cm,,red,christian-torres,3678982c-086e-430a-a0ff-0d3d13420c8c,,,,
bkfc-on-dazn-montana,6,Main Card,,,blue,cory-willis,c3bc6ec7-eae0-4f55-9874-54b68b41fde8,256.0,73.0,35cm,,red,brady-meister,03f3c57a-0956-4800-9c23-4b87e0c6dc8e,,,,
bkfc-on-dazn-montana,7,Main Card,,,blue,bryant-acheson,543448d1-c549-4b0a-b58e-c3aed99cef86,205.0,75.0,30cm,,red,scott-roberts,c2c3f0e8-ae22-489f-83e4-8cd53be0d759,,,,
bkfc-on-dazn-montana,8,Main Card,,,blue,brandon-allen,626945fb-1e3d-4c33-bbfb-eaade26e22ec,145.0,69.0,28cm,,red,timmy-mason,66654405-f373-412d-9735-844128f3eb83,,,,
bkfc-on-dazn-montana,9,Main Card,Featured Fight,,blue,carlos-trinidad,25dd1c85-a9a5-4581-b50f-022be038f983,165.0,72.0,28cm,,red,zach-juusola,e54aaa6e-5578-4c87-87b1-ebe13236aae1,,,,
bkfc-on-dazn-montana,10,Main Card,Co-Main event,,blue,alfredo-angulo,b08a4ee2-aa1d-4bc3-a699-74a5af696849,77.927,1.778,,,red,julian-lane,db5938a5-558a-491a-a9a0-5b738fd0075a,,,,
bkfc-on-dazn-montana,11,Main Card,Championship Bout,,blue,kai-stewart,9aeefe1b-fae9-497d-874a-abb5444b80cb,145.0,66.0,28cm,,red,jimmie-rivera,052e1cf7-4cba-4a75-bb6c-9cd046ec069e,,,,
bkfc-fight-night-los-angeles,1,Main Card,,,blue,cody-vidal,b3d6c27a-48d4-443f-b66d-cab4b24e3687,205.0,70.0,32cm,,red,kevin-sims-buckley,249467f3-a83d-47ca-8538-8ac7f335d0d9,,,,
bkfc-fight-night-los-angeles,2,Main Card,,,blue,steven-sainsbury,d16f3b25-86fb-493a-ba33-55a454f5ee75,76.793,1.9304,,,red,paulo-games,84ecd4f1-1e5b-436b-9dd1-5dee487f2e8f,,,,
bkfc-fight-night-los-angeles,3,Main Card,,,blue,mike-hansen,9b04d969-47b4-48c0-87ce-e36f354db703,57.153,1.6256,,,red,dominick-carey,a4c35ac2-47ee-43b4-87a1-2dd06e3952a3,,,,
bkfc-fight-night-los-angeles,4,Main Card,,,blue,vincent-familari,6ef8868e-ae11-422a-9c08-066d52396aba,175.0,72.0,,,red,michael-manno,9911a738-e24b-4e75-9833-ab8d776ddc19,,,,
bkfc-fight-night-los-angeles,5,Main Card,,,blue,ryan-petersen,2038b794-fc7a-4a18-a789-894525353932,74.843,1.7526,30cm,,red,dan-godoy,5d340458-fd27-46d2-a05e-15f05b9ee0b5,,,,
bkfc-fight-night-los-angeles,6,Main Card,,,blue,rodney-thomas,52bf2eae-e1ec-4383-bbef-2962c378ae52,82.554,1.7526,,,red,danasabe-mohammed,b8a0c7a6-d57a-4455-bb07-90f36c773581,,,,
bkfc-fight-night-los-angeles,7,Main Card,,,blue,chase-gormley,aec34463-9fb4-4fb4-a0c7-d6589e84a11f,119.748,1.905,34cm,,red,tylor-sijohn,2fbf51a2-1478-4803-972c-3d097f34f704,,,,
bkfc-fight-night-los-angeles,8,Main Card,Featured Fight,,blue,cruiser-keith-richardson,34e760ad-d0af-433d-b53c-4c5b7cedd37b,92.533,1.8288,29cm,,red,brandon-conley,1aa7640e-0d17-451f-9555-c18fdd9b1e91,,,,
bkfc-fight-night-los-angeles,9,Main Card,Co-Main event,,blue,ruben-warr,955fce95-7245-4029-85fa-bb659de079b9,,1.7272,29cm,,red,bovar-khanakov,f9d77539-dfa9-4fdd-a78b-e66339111986,,,,
bkfc-fight-night-los-angeles,10,Main Card,Main event,,blue,lavar-johnson,b9b2d2c6-9b2d-49b1-94e1-ce5101620920,119.159,1.9304,,,red,anthony-garrett,4e77927f-d90d-421c-b4d3-c07deeed2bc5,,,,
bkfc-69-richardson-vs-larrimore,1,Prelims,Undercard,Light Heavyweight,blue,harrison-aiken,0ec8e3b3-ee2b-4a92-8b1f-97d2eeb2a454,185.0,70.0,32cm,,red,idrees-wasi,192e2c68-2870-44f8-a5be-f99da81646e2,,,,
bkfc-69-richardson-vs-larrimore,2,Prelims,Undercard,Lightweight,blue,josh-marer,a724cec8-2c03-4825-af8d-1512c89b8238,146.0,68.0,29cm,,red,kenny-hill,d1f2fcdd-6cb8-4757-a5e1-95beed581a4a,,,,
bkfc-69-richardson-vs-larrimore,3,Prelims,Undercard,Light Heavyweight,blue,louis-brewington,b0823b63-b07d-4774-bde7-4dfd3ed3fad1,83.96,1.9304,,,red,daniel-cooper,c0d0d38c-fa89-46f9-b0a4-56b34c64d20c,,,,
bkfc-69-richardson-vs-larrimore,4,Prelims,Undercard,Bantamweight,blue,samuel-samples,09ca04a6-05d1-4f8b-8f38-3aba24e4904e,140.0,68.0,32cm,,red,micah-livingston-mike,e455d3dc-c467-4e11-977e-700c8cebcd4b,,,,
bkfc-69-richardson-vs-larrimore,5,Prelims,Undercard,Heavyweight,blue,braxton-smith,ad0b2834-6317-401b-b521-7bb3610a5065,117.526,1.8034,,,red,alex-davis,a05972b6-7347-41ef-8440-de086c2691e1,,,,
bkfc-69-richardson-vs-larrimore,6,Main Card,,,blue,cole-ferrell,17b12848-8eea-419c-91f4-778161e2acd7,143.0,69.0,,,red,justin-watson,6ab1dd8a-f2fc-4414-96be-e9159a92b48a,,,,
bkfc-69-richardson-vs-larrimore,7,Main Card,,,blue,emma-murray,3f4b8596-4ca0-4157-80d8-b0ba8ae5cabc,125.0,62.0,24cm,,red,crystal-van-wyk,f6b5f357-898c-4356-99d4-00f417a27dee,,,,
bkfc-69-richardson-vs-larrimore,8,Main Card,,,blue,joseph-creer,8117b17d-ed33-4950-bc91-2388452086da,185.0,76.0,31cm,,red,david-simpson,c01a158e-c64b-4a07-852c-86f60c3593e5,,,,
bkfc-69-richardson-vs-larrimore,9,Main Card,,,blue,dexter-carthon,2e1ac538-7838-4f03-9531-e2a59f2a79a4,116.8,1.8034,34cm,,red,joe-ray,004773bc-c556-4538-b3c1-7a517fb39c11,,,,
bkfc-69-richardson-vs-larrimore,10,Main Card,,,blue,nathan-rivera,f4e8bbe7-929a-4fea-8956-f087a063c34e,155.0,71.0,31cm,,red,justin-street,75985490-141a-4834-9523-c5b4f9a06f7e,,,,
bkfc-69-richardson-vs-larrimore,11,Main Card,Featured Fight,,blue,nate-maness,1a853180-cf19-4052-be6e-a0c602066b03,61.961,1.778,28cm,,red,nick-burgos,ab86eb17-e354-4639-aeae-768707781fda,,,,
bkfc-69-richardson-vs-larrimore,12,Main Card,Co-Main event,,blue,joe-elmore,7251f411-9e2e-471d-9037-4098a9607bfa,175.0,68.0,13cm,,red,derrick-findley,888f626d-12ff-4f11-90fe-132ba679bf3e,,,,
bkfc-69-richardson-vs-larrimore,13,Main Card,Main event,,blue,keith-richardson,e09e1117-65dd-47a0-b502-13afcd71393e,155.0,66.0,31cm,,red,michael-larrimore,69162084-8937-4d78-8f53-585f3707ba5f,,,,
bkfc-on-dazn-hollywood,1,Prelims,Undercard,Heavyweight,blue,nicholas-blume,c750a47d-9ea3-40ac-93d5-28038a6ca371,260.0,74.0,32cm,,red,brock-walker,95e35ad4-13f6-4360-aa91-c0a5ec7f55bb,,,,
bkfc-on-dazn-hollywood,2,Prelims,Undercard,Middleweight,blue,francesco-ricchi,a0a39342-c784-406b-8658-1d00273a70b1,175.0,75.0,33cm,,red,blake-lacaze,919b509e-648e-44d1-8cc9-e3741e6b7fd2,,,,
bkfc-on-dazn-hollywood,3,Main Card,,,blue,sabah-homasi,3c67f041-9b72-4b2c-9153-0f42da4210f9,79.651,1.8288,32cm,,red,eduardo-peralta,4727f226-ae3d-460d-b192-6f1cb983aeb1,,,,
bkfc-on-dazn-hollywood,4,Main Card,,,blue,tyler-randall,a490b0ba-d3a3-4500-9f2a-6e471b603eb3,125.0,66.0,28cm,,red,austin-lewis,90ed92a5-0d83-4c96-a227-eed31ff123b6,,,,
bkfc-on-dazn-hollywood,5,Main Card,,,blue,edgard-plazaola,b4715307-6d53-43b0-906d-49315672a1fc,145.0,68.0,30cm,,red,alex-castro,b9845063-4772-45c0-8152-65c515bb1c9a,,,,
bkfc-on-dazn-hollywood,6,Main Card,,,blue,justin-ibarrola-sanchez,49d13160-7e2e-40da-a49a-c9f79fa31e9e,135.0,67.0,28cm,,red,derek-perez,dc202ad6-c181-4608-87c1-eeaa43c405ee,,,,
bkfc-on-dazn-hollywood,7,Main Card,,,blue,gee-perez,7bacf0f1-a46c-4a2a-a218-104892cce91f,165.0,68.0,31cm,,red,cary-caprio,f612f3c2-1770-4e0a-a2f0-8be265bd4b9e,,,,
bkfc-on-dazn-hollywood,8,Main Card,,,blue,bryan-duran,58efbc14-5e7f-4e18-97f0-531fadd8ae0b,155.0,67.0,34cm,,red,kasim-ruffin,6ce2f48f-e7bd-481f-a404-1881b7a3ccbe,,,,
bkfc-on-dazn-hollywood,9,Main Card,Featured Fight,,blue,leonardo-perdomo,c36806b6-55e7-41f6-b359-16b80e629be5,253.0,71.0,33cm,,red,levi-costa,87ba537c-6d27-40c2-982d-ffeddf4f0eee,,,,
bkfc-on-dazn-hollywood,10,Main Card,Championship Bout,,blue,christine-ferea,25620a83-a11c-4e61-b7cf-8a42cb5667f1,125.0,65.0,,,red,christine-vicens,0bec96fc-bb81-4dfa-91c0-988713597468,,,,
bkfc-on-dazn-hollywood,11,Main Card,Championship Bout,,blue,jared-warren,b1b22d17-ef2b-41b7-aac6-c24be38399de,185.0,73.0,34cm,,red,mike-richman,b8e3c53e-a914-43e8-90fd-acaeaf05c1f7,,,,
bkfc-fight-night-pechanga-a6119,1,Main Card,,,blue,alexander-gutierrez,81f472e2-2a67-412c-adb2-21338d7817a6,56.971,1.651,,,red,justyn-martinez,699661df-990a-4ea8-9fc2-cd9eec7258b6,,,,
bkfc-fight-night-pechanga-a6119,2,Main Card,,,blue,luis-villasenor,a466970f-6679-44cc-97ac-863e7d356c13,184.0,68.0,31cm,,red,jeremy-sauceda,c2129c6c-27cd-4b57-92ee-b4ae8413f8a8,,,,
bkfc-fight-night-pechanga-a6119,3,Main Card,,,blue,iman-williams,f0db69d5-a2bc-4bc0-80bf-bd20e151ed46,110.132,1.8796,32cm,,red,gabriel-mota,8d37a8c7-8826-4c74-b103-f425bb35bfc7,,,,
bkfc-fight-night-pechanga-a6119,4,Main Card,,,blue,caleb-joseph-avila,9760fb32-e86b-4602-a810-a23401cbc846,121.018,1.8288,30cm,,red,tylor-sijohn,2fbf51a2-1478-4803-972c-3d097f34f704,,,,
bkfc-fight-night-pechanga-a6119,5,Main Card,,,blue,mike-andaya,7d85d5f8-93fe-437f-a12d-f1ed8e44f3e6,70.488,1.7526,,,red,dan-godoy,5d340458-fd27-46d2-a05e-15f05b9ee0b5,,,,
bkfc-fight-night-pechanga-a6119,6,Main Card,,,blue,rodney-thomas,52bf2eae-e1ec-4383-bbef-2962c378ae52,82.554,1.7526,,,red,art-driscoll,9138f593-061c-4e7a-94a1-69d3454f6dc9,,,,
bkfc-fight-night-pechanga-a6119,7,Main Card,Featured Fight,,blue,ryan-petersen,2038b794-fc7a-4a18-a789-894525353932,74.843,1.7526,30cm,,red,matthew-socholotiuk,517320b4-8eb0-4972-86a5-419a092914fd,,,,
bkfc-fight-night-pechanga-a6119,8,Main Card,Co-Main event,,blue,robbie-peralta,27003c0d-9c43-4c29-a304-3c62e4789e15,160.0,67.0,31cm,,red,jordan-christensen,b41d5883-43f5-4bdd-a1e4-01fc23b9dc07,,,,
bkfc-fight-night-pechanga-a6119,9,Main Card,Main event,,blue,evgenii-kurdanov,d2871ea7-3f62-4350-a7f1-852b28f9e32d,74.843,1.71,30cm,,red,elvin-brito,24688b86-dc55-452a-b371-1587f64b7780,,,,
bkfc-knucklemania-v,1,Prelims,Undercard,Middleweight,blue,itso-babulaidze,8cdc1cc4-4c8b-46f1-b7f3-873d90b35913,190.0,72.0,,,red,bryan-mcdowell,f6e4781b-0ead-4631-91b5-6bbd43c21925,,,,
bkfc-knucklemania-v,2,Prelims,Undercard,Middleweight,blue,cody-russell,69ba2c2a-165c-44f1-909f-aa7f3b6aad42,175.0,69.0,32cm,,red,logan-tucker,316ee390-e399-4ff2-b2a2-6077da5dbf98,,,,
bkfc-knucklemania-v,3,Prelims,Undercard,Bantamweight,blue,phil-caracappa,cb05465f-7287-4ed1-aff6-51375a078778,135.0,68.0,30cm,,red,noah-norman,0bf88492-3a4a-4988-94e5-2380283dd76d,,,,
bkfc-knucklemania-v,4,Main Card,,,blue,travis-thompson,1cdf04cc-7a87-470a-a4a7-607bcba7ff6c,135.0,66.0,,,red,zach-pannell,a6465104-f410-4954-8fe9-09b19cffc4a5,,,,
bkfc-knucklemania-v,5,Main Card,,,blue,zedekiah-montanez,fe66d900-c789-44f3-93ca-c9789623bb53,160.0,68.0,30cm,,red,brandon-meyer,079b4f1d-f73b-4845-a163-1793aa2dc1d5,,,,
bkfc-knucklemania-v,6,Main Card,,,blue,joey-dawejko,c4bb5ed6-3858-4069-b2b8-33f970ec8acd,255.0,70.0,,,red,steve-banks,2e4ae1ab-0298-4746-bad0-24c2923ddd6b,,,,
bkfc-knucklemania-v,7,Main Card,,,blue,pat-sullivan,064f4124-f1fc-4885-a1a2-7e60c733bc6d,165.0,72.0,29cm,,red,kaine-tomlinson-jr,bfc8f9d6-9b43-482d-8ef5-4ff35a459657,,,,
bkfc-knucklemania-v,8,Main Card,,,blue,john-garbarino,8ef61fed-3dc9-4366-bdab-0bf35af77413,185.0,70.0,29cm,,red,apostle-spencer,99f1ef1e-2961-46bb-a6b5-6e1e733afa01,,,,
bkfc-knucklemania-v,9,Main Card,,,blue,pat-brady,f182b6bf-3ef8-4f02-ae8d-2cb4db39ce73,230.0,72.0,36cm,,red,zach-calmus,8f1d28b0-33e7-4265-ac61-7d11723e3245,,,,
bkfc-knucklemania-v,10,Main Card,Featured Fight,,blue,taylor-starling,7c806f80-1893-422a-aeee-3a26316d6f23,125.0,67.0,25cm,,red,bec-rawlings,bd7470ea-ecf6-432b-9d41-821d30a84324,,,,
bkfc-knucklemania-v,11,Main Card,Championship Bout,,blue,mick-terrill,b7617276-f3c7-4770-9ab6-9903247c0d3a,265.0,75.0,,,red,ben-rothwell,7f1d6f90-1b56-4403-b536-cd972a8d01df,,,,
bkfc-knucklemania-v,12,Main Card,Main event,,blue,eddie-alvarez,3831f82d-b0d6-4d4a-8b48-69441162d493,75.206,1.76,,,red,jeremy-stephens,2893b92c-90b4-4312-b964-ba5860af9dc2,,,,
bkfc-on-dazn-mohegan-sun,1,Prelims,Undercard,Welterweight,blue,spencer-meehan,28baab24-5ced-4033-8853-c08f25eca7ca,74.843,1.8034,,,red,grady-wall,0a1ebc2d-3a01-450a-ba88-cd395afdf42f,,,,
bkfc-on-dazn-mohegan-sun,2,Prelims,Undercard,Featherweight,blue,jared-lennon,a87ae480-e1bc-4b08-b668-0f30188e0057,61.462,1.778,27cm,,red,jacob-kreitel,db0319eb-0323-4b55-8a4d-6e01218758e2,,,,
bkfc-on-dazn-mohegan-sun,3,Main Card,,,blue,lardy-navarro,091c77bd-9213-4e57-be89-40272a9a2556,145.0,0.0,28cm,,red,jack-grady,be80e2f4-223b-468c-8f72-09e8d70eeb04,,,,
bkfc-on-dazn-mohegan-sun,4,Main Card,,,blue,tyler-randall,a490b0ba-d3a3-4500-9f2a-6e471b603eb3,125.0,66.0,28cm,,red,andrew-strode,628e5bc4-377f-46ff-be9c-bb7b49e1dd54,,,,
bkfc-on-dazn-mohegan-sun,5,Main Card,,,blue,parker-porter,699b4dfb-0394-4239-a98a-1c825f783d4b,245.0,72.0,33cm,,red,chase-gormley,aec34463-9fb4-4fb4-a0c7-d6589e84a11f,,,,
bkfc-on-dazn-mohegan-sun,6,Main Card,,,blue,yorgan-de-castro,ec2c31a7-28e0-4d59-941c-7329c461d2f3,265.0,73.0,32cm,,red,bobby-brents,d629417c-52f5-4da3-8828-661abca0b7c9,,,,
bkfc-on-dazn-mohegan-sun,7,Main Card,,,blue,rico-disciullo,b104fda3-a6f3-4f70-90a4-085365fa0af3,140.0,68.0,28cm,,red,anthony-foye,47021bca-45d3-4a16-bcb5-0b83ed541924,,,,
bkfc-on-dazn-mohegan-sun,8,Main Card,Featured Fight,,blue,will-santiago,a07fe1c7-375b-430c-b802-23b8fb5515fd,180.0,68.0,32cm,,red,dakota-cochrane,c77fc41a-0f89-4535-887a-f2f26c9ef08f,,,,
bkfc-on-dazn-mohegan-sun,9,Main Card,Co-Main event,,blue,brennan-ward,dd3b1bf1-330d-4910-83d8-1676d7edb313,79.605,1.8034,,,red,james-dennis,379947fb-f1ba-4317-b7f7-65d0bd2ec6b2,,,,
bkfc-on-dazn-mohegan-sun,10,Main Card,Main event,,blue,julian-lane,db5938a5-558a-491a-a9a0-5b738fd0075a,175.0,69.0,30cm,,red,cameron-vancamp,cb584899-4b9b-4166-b513-6c5100f1cd58,,,,
bkfc-fight-night-newcastle,1,Main Card,,,blue,tommy-strydom,3d589e5c-e847-4ad0-9aef-0582d044601e,65.499,1.7018,30cm,,red,john-spencer,dd13f2b9-1202-40c1-b700-167930de9f94,,,,
bkfc-fight-night-newcastle,2,Main Card,,,blue,alan-comby,3196ce2c-2434-4ee5-a02f-12d6ec276428,74.8,1.8034,,,red,oskar-smykiel,d88903ae-5d9c-4f5c-bf92-fb2723c45949,,,,
bkfc-fight-night-newcastle,3,Main Card,,,blue,james-walker,84a3adce-0caf-41b9-9a55-c199e927af98,95.0,1.9812,34cm,,red,jan-sulecki,509894cb-a9b3-4de3-b62f-1ece5502941c,,,,
bkfc-fight-night-newcastle,4,Main Card,,,blue,leigh-cohoon,624a4788-4426-4eb1-874e-3893bff5f48b,83.915,1.8288,30cm,,red,kane-wilkinson,b3a8aaa0-42d9-4041-90c2-517a1ccc2f2e,,,,
bkfc-fight-night-newcastle,5,Main Card,,,blue,liam-hutchinson,5697c04d-82e3-4353-86d4-88e32c391c01,83.9,1.8288,30cm,,red,mikey-henderson,f12e61e8-6ac8-478b-b1f7-9f01ed109c2b,,,,
bkfc-fight-night-newcastle,6,Main Card,,,blue,brandon-comby,19ef6f6a-99ff-4da4-8f73-72da173eb925,70.3,1.778,,,red,ryan-carmichael,82cc07b9-9795-4d52-886e-695e596add03,,,,
bkfc-fight-night-newcastle,7,Main Card,,,blue,lewis-garside,7831252c-9610-477d-bf4d-c19f01020558,61.0,1.651,28cm,,red,bartek-kanabey,1efcd8b2-d532-4c0b-be1f-bef190e7752a,,,,
bkfc-fight-night-newcastle,8,Main Card,,,blue,john-ferguson,ecd85679-e2ca-47cd-8f29-df20f254b6ed,83.733,1.8034,,,red,joe-lister,061a1fa7-a45c-48ff-ab9f-01a589208dd4,,,,
bkfc-fight-night-newcastle,9,Main Card,,,blue,travis-dickinson,abe71c46-4390-46f7-8f96-e56ed5a9ed4c,95.0,1.9304,31cm,,red,rowan-gregory,e6f7ef88-8249-48a1-b653-601c615ce12f,,,,
bkfc-fight-night-newcastle,10,Main Card,,,blue,paul-cook,5d912f18-43af-4749-b964-b7ad247012f6,73.119,1.778,30cm,,red,adam-grogan,91b375dc-6e60-48ef-99ce-8b06f158517b,,,,
bkfc-fight-night-newcastle,11,Main Card,Featured Fight,,blue,lewis-keen,b1b5931b-8e2a-41cc-b1df-a5331b1d7a7b,69.672,1.7526,30cm,,red,ryan-mccarthy,d7157050-3e3d-4742-9275-d8c873713bf7,,,,
bkfc-fight-night-newcastle,12,Main Card,Co-Main event,,blue,pic-jardine,77c0025b-3595-4de3-8d00-89ed4d61ad02,79.197,1.778,,,red,tony-shields,726c3fde-6d03-4be1-a56e-b82668b630ce,,,,
bkfc-fight-night-newcastle,13,Main Card,Championship Bout,,blue,karl-thompson,00550a2c-463e-44a9-9191-a864fa4b8893,92.714,1.8288,28cm,,red,rob-boardman,1f2232c1-ebcd-4094-ba37-f8842f3c94db,,,,
bkfc-fight-night-albuquerque,1,Prelims,Undercard,Middleweight,blue,bryant-mcclain,3a869b34-8f39-45d2-9942-12bc7f3f0499,175.0,73.0,,,red,roderick-stewart,39009858-a16f-4c5f-892e-cd85b02bb821,,,,
bkfc-fight-night-albuquerque,2,Prelims,Undercard,Lightweight,blue,lorenzo-coca,be638098-0d7e-432d-a27a-1cbf003f73c3,135.0,67.0,,,red,ruben-arroyo,abffbb00-380a-468d-a48b-d9639df2fe42,,,,
bkfc-fight-night-albuquerque,3,Prelims,Undercard,Light Heavyweight,blue,kyle-mcelroy,6aa4f746-fedf-46b9-b015-4cf2135b16b8,210.0,75.0,,,red,jay-action-jackson,60aad7ef-da80-459d-b474-ce53807f4b8c,,,,
bkfc-fight-night-albuquerque,4,Main Card,,,blue,zay-garcia,b394a121-4432-4e87-b832-0f8f3192e4de,57.153,1.651,26cm,,red,justyn-martinez,699661df-990a-4ea8-9fc2-cd9eec7258b6,,,,
bkfc-fight-night-albuquerque,5,Main Card,,,blue,william-albrecht,3def1705-fdc7-47c9-b45a-a0a5dc3d5681,185.0,74.0,79cm,,red,brett-fields,6a64d421-fd62-4150-ac4c-836208fde277,,,,
bkfc-fight-night-albuquerque,6,Main Card,,,blue,murat-kilimetov,87a7457a-e759-4d88-8ed6-6764736a229f,92.896,1.905,,,red,lamont-stafford,fea71fd8-44c4-437c-9288-afcfe1159be6,,,,
bkfc-fight-night-albuquerque,7,Main Card,,,blue,derek-perez,dc202ad6-c181-4608-87c1-eeaa43c405ee,145.0,69.0,39cm,,red,micah-livingston-mike,e455d3dc-c467-4e11-977e-700c8cebcd4b,,,,
bkfc-fight-night-albuquerque,8,Main Card,,,blue,eric-dodson,fa23dc97-6f05-493d-9e06-2a1121a25fef,145.0,66.0,29cm,,red,van-vo,a39551b5-2ef5-49b3-83c0-2126db9c09f6,,,,
bkfc-fight-night-albuquerque,9,Main Card,,,blue,felipe-chavez,cc299ebd-1c91-40e4-8e53-3bc8f870954b,165.0,70.0,,,red,derrick-findley,888f626d-12ff-4f11-90fe-132ba679bf3e,,,,
bkfc-fight-night-albuquerque,10,Main Card,Co-Main event,,blue,donald-sanchez,c657e7e7-f842-4225-b1cd-6fbc7c7439ca,185.0,72.0,32cm,,red,harrison-aiken,0ec8e3b3-ee2b-4a92-8b1f-97d2eeb2a454,,,,
bkfc-fight-night-albuquerque,11,Main Card,Main event,,blue,keith-richardson,e09e1117-65dd-47a0-b502-13afcd71393e,155.0,66.0,31cm,,red,bekhzod-usmonov,69489eef-e617-49ac-a94f-16ffc2e7b9bd,,,,
bkfc-fight-night-philly,1,Prelims,Undercard,Lightweight,blue,anthony-pagan,19ce144f-025c-40a1-8663-f6d2d83ecbfd,71.486,1.7272,,-125,red,colin-reeser,6a16ce2d-277e-4059-aa62-dd959217a000,,,,-106
bkfc-fight-night-philly,2,Prelims,Undercard,Heavyweight,blue,pat-carroll,e9b89d55-7ca7-43a3-89da-b5ed0991bdd4,95.0,1.8288,33cm,-360,red,michael-furnier,9592a241-9832-4e70-b99a-afb5f71ceef2,,,,+250
bkfc-fight-night-philly,3,Main Card,,,blue,elijah-harris,06cf361b-c059-4c02-9ece-5fce036bb18f,160.0,67.0,29cm,+150,red,brandon-honsvick,3fbc3b83-c026-423b-b829-7e7419d1c92d,,,,-200
bkfc-fight-night-philly,4,Main Card,,,blue,dalvin-blair,10339ab0-f82d-4fd8-b0b3-31a651490a43,76.476,1.8034,32cm,-220,red,justi-walters,82c481e1-4d0d-4c5c-bccf-463c0822e65c,,,,+160
bkfc-fight-night-philly,5,Main Card,,,blue,lex-ludlow,aac01243-d668-4aa8-aee6-cd4975b430eb,230.0,71.0,31cm,-260,red,connor-mckenna,6fae2333-c643-4d15-806f-76226d31604f,,,,+190
bkfc-fight-night-philly,6,Main Card,,,blue,maurice-horne,03cacf17-8ff2-4661-93fa-ae611af949e5,185.0,72.0,31cm,-108,red,adam-de-freitas,c8f58626-42b8-4ac2-9813-98fd62b39f17,,,,-123
bkfc-fight-night-philly,7,Main Card,,Bantamweight,blue,travis-thompson,1cdf04cc-7a87-470a-a4a7-607bcba7ff6c,135.0,66.0,,-280,red,aj-craig,859bff1d-4398-43d5-863a-8f87f5835740,,,,+200
bkfc-fight-night-philly,8,Main Card,Featured Fight,Middleweight,blue,john-garbarino,8ef61fed-3dc9-4366-bdab-0bf35af77413,185.0,70.0,29cm,,red,rayne-wells,5133686a-bd1f-4eba-b889-557e2cdbaf22,,,,
bkfc-fight-night-philly,9,Main Card,Co-Main event,,blue,cody-vidal,b3d6c27a-48d4-443f-b66d-cab4b24e3687,205.0,70.0,32cm,+222,red,brandon-conley,1aa7640e-0d17-451f-9555-c18fdd9b1e91,,,,-315
bkfc-fight-night-philly,10,Main Card,Main event,,blue,dustin-pague,b4cd55c4-f9cb-48e3-ba1f-a8598f3f93ab,165.0,69.0,29cm,+114,red,andrew-angelcor,d4d7bcc6-dfda-4dc7-ad0e-201577e73d66,,,,-152
bkfc-70-hollywood,1,Prelims,Undercard,Men Flyweight,blue,jancarlos-rivera,89786b0f-10f0-4482-866a-50e1c5b4d030,125.0,63.0,26cm,-115,red,albert-inclan,128e8259-1ca3-4703-b269-9f525d4de85c,,,,-115
bkfc-70-hollywood,2,Prelims,Undercard,Heavyweight,blue,nicholas-blume,c750a47d-9ea3-40ac-93d5-28038a6ca371,260.0,74.0,32cm,-344,red,bear-hill,e4d2385c-5981-46ae-b667-9afd4f6ca6d5,,,,+239
bkfc-70-hollywood,3,Prelims,Undercard,Bantamweight,blue,armando-aj-rodriguez,5f546579-efdd-4628-ae0e-36575973d7be,135.0,70.0,29cm,-456,red,corey-roberts,eef7a8aa-5884-45b6-9b7b-8bb8246ac894,,,,+300
bkfc-70-hollywood,4,Main Card,,Welterweight,blue,peter-peraza,24fa75d3-e828-4c21-8c19-291d17de85d2,164.0,67.0,30cm,-102,red,kaine-tomlinson-jr,bfc8f9d6-9b43-482d-8ef5-4ff35a459657,,,,-130
bkfc-70-hollywood,5,Main Card,,Bantamweight,blue,chris-garcia,29260c22-c574-41ab-9632-53ca9c036d2c,135.0,68.0,29cm,-713,red,robert-armas,b957cd8a-6dfb-4b26-9691-3018bf50601b,,,,+418
bkfc-70-hollywood,6,Main Card,,,blue,edgard-plazaola,b4715307-6d53-43b0-906d-49315672a1fc,145.0,68.0,30cm,-590,red,louie-lopez,61e07493-5b0b-4cc8-b9a9-f76ad9207df4,,,,+365
bkfc-70-hollywood,7,Main Card,,Cruiserweight,blue,julio-perez-rodriguez,5b570628-00c4-46b7-a989-db1d2fafeb1c,205.0,76.0,32cm,-1654,red,lewis-glover,1152da16-3e5a-47e7-9aca-ad90b6235741,,,,+689
bkfc-70-hollywood,8,Main Card,,Bantamweight,blue,rambo,0e43b5d9-107e-4fb3-94c9-ecff10f7e791,135.0,65.0,29cm,-344,red,justin-street,75985490-141a-4834-9523-c5b4f9a06f7e,,,,+239
bkfc-70-hollywood,9,Main Card,Featured Fight,Bantamweight,blue,justin-ibarrola-sanchez,49d13160-7e2e-40da-a49a-c9f79fa31e9e,135.0,67.0,28cm,-910,red,abdiel-velazquez,ae902198-645f-4a9e-981f-ac55dcf95465,,,,+440
bkfc-70-hollywood,10,Main Card,Co-Main event,Heavyweight,blue,leonardo-perdomo,c36806b6-55e7-41f6-b359-16b80e629be5,253.0,71.0,33cm,-1983,red,steve-herelius,15082948-dcc6-4958-b2a5-00ee85e23643,,,,+747
bkfc-70-hollywood,11,Main Card,Main event,Lightweight,blue,luis-baboon-palomino,f5cac268-2f02-44d3-9c0e-629399487752,165.0,69.0,31cm,+112,red,howard-davis,95dfb866-614d-44ce-baca-bdc7a0d4289b,,,,-149
bkfc-fight-night-manchester,1,Prelims,Undercard,Women Flyweight,blue,sineadh-ni-nuallain,0ca983fd-7706-4556-aee6-6e6dd70a34ea,58.967,1.5494,,+223,red,mathilda-wilson,d9572abe-ac31-42ae-96b0-75b361b69597,,,,-318
bkfc-fight-night-manchester,2,Prelims,Undercard,Middleweight,blue,liam-dooley,cef20ff2-ff0c-49c0-b701-0e8eba7bd02a,76.113,1.778,29cm,+181,red,marcus-pond,ceabcec7-bc9f-48b4-849a-1a06128f5220,,,,-250
bkfc-fight-night-manchester,3,Prelims,Undercard,Light Heavyweight,blue,james-obrien,f69bca4c-7be9-4f30-842d-aa23bd40ae78,83.37,,,+166,red,leigh-cohoon,624a4788-4426-4eb1-874e-3893bff5f48b,,,,-227
bkfc-fight-night-manchester,4,Main Card,,Light Heavyweight,blue,danny-mitchell,d8e5887f-1fee-457d-ab6a-3cdeeacd3e1f,84.368,1.8796,,-264,red,benjamin-lowe,017e33ad-3b94-4f2f-9900-6fe5600ce59d,,,,+190
bkfc-fight-night-manchester,5,Main Card,,Cruiserweight,blue,david-oscar,d6c4405d-a849-4aad-a086-eb2e51e10826,93.168,1.8542,32cm,-302,red,stanoy-tabakov,b2d4e9f4-7c04-4657-a959-50522766ef22,,,,+214
bkfc-fight-night-manchester,6,Main Card,,Cruiserweight,blue,dec-spelman,6fcde448-d607-4698-84b7-d7fde337a51b,87.997,1.8288,30cm,-680,red,tomas-lejsek,868c172b-71e4-4e1e-afdc-d15b08f0a2bd,,,,+405
bkfc-fight-night-manchester,7,Main Card,,Middleweight,blue,bartlomiej-krol,9ab9586d-9be6-4a7c-b17a-71687994181d,79.107,1.778,32cm,-264,red,simeon-ottley,9c74734b-9395-429d-b228-b65700020145,,,,+190
bkfc-fight-night-manchester,8,Main Card,,Light Heavyweight,blue,matty-hodgson,eb6e7f90-3799-4e95-9667-73781101f527,84.459,1.8542,32cm,+187,red,danny-moir,766581f9-a8d9-4a16-8670-1d029e72916d,,,,-259
bkfc-fight-night-manchester,9,Main Card,,Light Heavyweight,blue,gaz-corran,a1931e7b-f1fe-4385-8937-7013bf1ae247,82.735,1.778,32cm,+152,red,dawid-chylinski,8fe67a24-d9dd-4410-a16d-4c1b6dfb2f43,,,,-206
bkfc-fight-night-manchester,10,Main Card,Featured Fight,Light Heavyweight,blue,stevie-taylor,ae97fc88-3556-41b3-8395-0b5277ba96a8,84.096,1.8796,,+190,red,conor-cooke,16700b4f-e3e1-4fd1-a886-dcc498f74e2b,,,,-264
bkfc-fight-night-manchester,11,Main Card,Co-Main event,Middleweight,blue,jack-cullen,6a7334f0-0b2a-49e6-a239-39d029709303,79.379,1.905,26cm,-196,red,jakub-kosicki,c75c6cc6-5fee-4a94-8a0a-f6bb4182b9e4,,,,+145
bkfc-fight-night-manchester,12,Main Card,Championship Bout,Featherweight,blue,jonno-chipchase,d91bf7f4-e0a8-4d37-8dce-a26d4b905b27,135.0,69.0,29cm,-274,red,gary-fox,dba28134-8b91-40b7-a732-7875fbbb6ed1,,,,+196
bkfc-71-dubai-trout-vs-trinidad-snake,1,Prelims,Undercard,Lightweight,blue,islam-sizbulatov,97974d05-e5ba-44c8-a120-03a640d3c03f,71.577,1.7526,,-240,red,cheng-leang,39c93d52-3811-4dcd-87eb-cba2e693ed11,,,,+175
bkfc-71-dubai-trout-vs-trinidad-snake,2,Prelims,Undercard,Middleweight,blue,lucas-sontgen,bebad412-400b-42a4-9ca4-8408759114bc,76.476,1.778,,+211,red,elnur-suleymanov,9ef390db-1a91-4e1f-a15a-3d4cefe83ced,,,,-289
bkfc-71-dubai-trout-vs-trinidad-snake,3,Main Card,,Bantamweight,blue,mahmoud-ahmed,62c76660-cec0-40d6-b0e9-c3a5cdcddf3c,62.6,1.651,,+149,red,fuad-tarverdi,adfeb451-9369-475b-b071-823d13f904d9,,,,-201
bkfc-71-dubai-trout-vs-trinidad-snake,4,Main Card,,Heavyweight,blue,jaskaran-singh,7d4cdd00-73a1-4999-b81d-de38a48544f7,101.786,1.905,,-143,red,mohamed-aly,ff53673c-b7a9-487d-92bb-b5c7ae69b93f,,,,+107
bkfc-71-dubai-trout-vs-trinidad-snake,5,Main Card,,Middleweight,blue,aboubkeur-houari,22ed11ec-2dc3-4db9-a700-4a838222912c,77.927,1.778,,+280,red,mladen-iliev,8205d81b-205d-4e44-bdac-72cf6c7bb5a6,,,,-418
bkfc-71-dubai-trout-vs-trinidad-snake,6,Main Card,,Lightweight,blue,leandro-martins,4027b965-f8a9-4ea8-96e6-5eac63a8f9b6,69.853,1.7526,,+124,red,ahmed-khairy,80724c53-c442-429c-b033-324c71c03a28,,,,-164
bkfc-71-dubai-trout-vs-trinidad-snake,7,Main Card,,Welterweight,blue,adel-altamimi,6fcde53e-6076-47d2-aaff-adc1c20af5e9,75.07,1.778,,+195,red,david-mora,df8fe9b3-dd4f-4467-bd50-f0d4d200e517,,,,-272
bkfc-71-dubai-trout-vs-trinidad-snake,8,Main Card,,Heavyweight,blue,alexey-oleinik,dc439fbb-5090-4e1c-aa2d-7f62f89fc21a,106.141,1.8542,,-141,red,geronimo-dos-santos,6e0e5336-7322-4034-a31d-b74d2cb62450,,,,+106
bkfc-71-dubai-trout-vs-trinidad-snake,9,Main Card,Featured Fight,Middleweight,blue,sabah-homasi,3c67f041-9b72-4b2c-9153-0f42da4210f9,79.651,1.8288,32cm,-289,red,jonny-tello,41d01796-8696-4c98-8f54-b2e4a1e4360d,,,,+206
bkfc-71-dubai-trout-vs-trinidad-snake,10,Main Card,Championship Bout,Strawweight,blue,britain-hart,d8c8b412-15c7-4f58-91d0-888745652786,123.0,67.0,25cm,-434,red,tai-emery,18f51318-565d-468e-b3f1-d8da2244ea0a,,,,+289
bkfc-71-dubai-trout-vs-trinidad-snake,11,Main Card,Championship Bout,Welterweight,blue,austin-trout,e3e226e0-ab3c-42f0-8065-52832f0a3ab5,165.0,70.0,30cm,-344,red,carlos-trinidad,25dd1c85-a9a5-4581-b50f-022be038f983,,,,+239
bkfc-72-dubai-stewart-vs-strydom,1,Prelims,Undercard,Featherweight,blue,shamil-dzhakhbarov,2b96a55b-f698-44c9-81e3-80a866c3ac47,65.771,1.6002,,+133,red,dilshat-nurym,5fb0d1ae-455c-46fa-b071-2776e34c3fba,,,,-179
bkfc-72-dubai-stewart-vs-strydom,2,Prelims,Undercard,Lightweight,blue,matin-safari,15de3d5b-ab26-4780-bf33-a477579a4a39,74.843,1.7272,,-130,red,mark-angel-sadang,5024f0ca-a296-4fb2-a17f-b7f51a70570c,,,,-102
bkfc-72-dubai-stewart-vs-strydom,3,Main Card,,Heavyweight,blue,guto-inocente,de2be132-4b7b-4727-b91d-cdab327f1d0c,95.0,,,-248,red,hassan-yousefi,00bc6e86-a1bd-4414-9f77-adf0965ac47b,,,,+180
bkfc-72-dubai-stewart-vs-strydom,4,Main Card,,Middleweight,blue,aaron-chalmers,a4c821b7-1a6b-431f-86a7-ec318b8f7ac0,75.841,1.8288,29cm,-335,red,chasa-symonds,cff84d26-e9cd-4409-8a61-847ae35ad649,,,,+234
bkfc-72-dubai-stewart-vs-strydom,5,Main Card,,Cruiserweight,blue,john-phillips,81e64f92-dbb9-4b41-b6a9-742775a09fa7,93.168,1.8034,,-264,red,fabio-maldonado,135a068f-cc2f-43ac-834d-4ce5dd06e7aa,,,,+190
bkfc-72-dubai-stewart-vs-strydom,6,Main Card,,Welterweight,blue,vladislav-tuinov,bd3c38bb-ee56-4f4d-bece-3677e52c8211,73.89,1.7018,,-1983,red,sabri-ben-henia,c5d7ee67-d013-400d-93ac-e8b7915c045d,,,,+747
bkfc-72-dubai-stewart-vs-strydom,7,Main Card,Featured Fight,Featherweight,blue,brandon-allen,626945fb-1e3d-4c33-bbfb-eaade26e22ec,145.0,69.0,28cm,-216,red,nico-gaffie,ae42a3b5-5542-46fc-99a3-c3f197462e94,,,,+159
bkfc-72-dubai-stewart-vs-strydom,8,Main Card,Championship Bout,Women Featherweight,blue,hannah-rankin,92e8b62b-2c14-45c0-9fdc-c7ee82cb5a22,65.771,1.7526,,+139,red,jessica-borga,a2212ba7-3529-4e51-8624-6d444f67b487,,,,-187
bkfc-72-dubai-stewart-vs-strydom,9,Main Card,Championship Bout,Featherweight,blue,kai-stewart,9aeefe1b-fae9-497d-874a-abb5444b80cb,145.0,66.0,28cm,-669,red,tommy-strydom,3d589e5c-e847-4ad0-9aef-0582d044601e,,,,+400
bkfc-fight-night-omaha-2,1,Prelims,Undercard,Featherweight,blue,josh-krejci,613ef1b4-edb4-422c-9bcf-c7a9ec4334c1,157.0,67.0,28cm,-277,red,austin-peterson,f7543341-1d49-4883-a75e-049e469561e3,,,,-116
bkfc-fight-night-omaha-2,2,Prelims,Undercard,Featherweight,blue,jared-tallent,1fd342be-2f20-43ab-8d66-1b351d48e91c,67.041,1.7526,,+177,red,traevon-kroger,e314786e-9340-4b18-8eba-a7e99164c871,,,,-233
bkfc-fight-night-omaha-2,3,Main Card,,Middleweight,blue,sean-p-town-wilson,e16ab9a2-3213-4224-bd1f-3be03bbd115c,156.0,68.0,29cm,-140,red,jordan-christensen,b41d5883-43f5-4bdd-a1e4-01fc23b9dc07,,,,+110
bkfc-fight-night-omaha-2,4,Main Card,,Strawweight,blue,sarah-shell,8bb72bee-7e3f-4644-993e-58403fdf73ae,52.617,1.7018,,-368,red,galactika-mejia,e7c480c4-30d3-4944-b3cb-676ec931ab3f,,,,+252
bkfc-fight-night-omaha-2,5,Main Card,,Middleweight,blue,alonzo-martinez,c16209cc-302c-4147-beaf-91d17b1a1e9d,181.0,70.0,28cm,-185,red,kurtis-ellis---no-id,9256a143-c9c7-438b-90c8-31ab7e1481ad,,,,+138
bkfc-fight-night-omaha-2,6,Main Card,,Lightweight,blue,ramiro-figueroa,6a2344e8-9851-4333-8e82-198b21ce9aac,69.763,1.8034,29cm,-115,red,james-brown,0706c570-3584-48a1-879b-ee971e4a6f7c,,,,-115
bkfc-fight-night-omaha-2,7,Main Card,Featured Fight,Middleweight,blue,dionisio-ramirez,6cf077da-06e9-42e4-b2ae-4a7f954f5e66,76.204,1.7526,,-179,red,zeb-vincent,d568c7d2-5ab0-4899-b744-f36cf99b0a0d,,,,+133
bkfc-fight-night-omaha-2,8,Main Card,Co-Main event,Welterweight,blue,bryce-henry,2bd4e0aa-239a-49cf-a673-f0cd706ae0d8,165.0,75.0,30cm,-590,red,derrick-findley,888f626d-12ff-4f11-90fe-132ba679bf3e,,,,+365
bkfc-fight-night-omaha-2,9,Main Card,Main event,Middleweight,blue,dakota-cochrane,c77fc41a-0f89-4535-887a-f2f26c9ef08f,185.0,67.0,31cm,-128,red,marcus-edwards,bba9ad19-607b-49b8-9255-9bcbe37ab01e,,,,-104
bkfc-73-italy,1,Prelims,Undercard,Light Heavyweight,blue,enzo-tobbia,2cf4d88b-c5dc-44d7-a55b-9789048f5bf6,84.459,1.7526,33cm,+138,red,michael-igwegbe,6a55c99d-6e2f-4057-93ce-a4640fb42fdc,,,,-185
bkfc-73-italy,2,Prelims,Undercard,Light Heavyweight,blue,giovanni-carpentieri,304d7883-8ae7-4176-ae69-0ce81889d1af,84.187,1.778,,+166,red,josef-hala,c29744a9-596a-4640-b00b-14cdc4c9d035,,,,-227
bkfc-73-italy,3,Prelims,Undercard,Featherweight,blue,marco-guistarini,53027705-ee30-47b4-aa55-3ce715de9f01,65.317,1.7272,,-141,red,zdravko-dimitrov,a2a46044-048c-4872-8817-37d73bff9af3,,,,+106
bkfc-73-italy,4,Main Card,,Cruiserweight,blue,walter-pugliesi,b237dc88-81d7-40e5-9be3-d7267c3e59b2,92.533,1.778,32cm,+239,red,dominik-herold,c8ce6e9c-4cab-4b11-8274-659b43fc6fd1,,,,-344
bkfc-73-italy,5,Main Card,,Women Bantamweight,blue,nicole-schaefer,515b0801-0406-4bf2-8b18-cf5f3255c1a2,61.235,1.62,,-191,red,sara-bitto,44b17461-020a-4881-b6d9-b624322cd7ac,,,,+142
bkfc-73-italy,6,Main Card,,Light Heavyweight,blue,jesus-de-nazaret,170d2d47-24ca-4a2f-b4e9-4e264549bacd,85.275,1.778,,+170,red,tomas-melis,32189195-7aa8-40b1-971e-a7bd0259a5f1,,,,-232
bkfc-73-italy,7,Main Card,,Cruiserweight,blue,jindrich-byrtus,1d7064ed-70e0-48ce-bc0b-0b932f80bf81,90.083,1.8034,,+109,red,arbi-chakaev,ab8bb57b-394d-4aba-a822-e4ca9864889b,,,,-145
bkfc-73-italy,8,Main Card,,Light Heavyweight,blue,navid-mansouri,f0cad217-5eff-4f5c-b2cc-d3860cc36f1d,70.67,1.8034,30cm,-135,red,ruslan-tokhtarov,8ba44c66-7fa8-46ca-921d-c8e3df7df00d,,,,+102
bkfc-73-italy,9,Main Card,,Cruiserweight,blue,ernesto-papa,91cdfe12-b483-42a7-b1cb-20c5a4cc960f,92.805,1.8288,33cm,+148,red,toni-estorer,f6be8fb8-a7ff-4f59-90cc-2e988ffa6991,,,,-200
bkfc-73-italy,10,Main Card,Featured Fight,Heavyweight,blue,haze-hepi,8567edaa-7918-4520-94f8-d2f55ea76b3d,122.742,1.905,34cm,-475,red,steve-banks,2e4ae1ab-0298-4746-bad0-24c2923ddd6b,,,,+310
bkfc-73-italy,11,Main Card,Co-Main event,Welterweight,blue,rico-franco,c610a062-e073-48f4-b6f3-b7a812b21a4c,165.0,68.0,,+107,red,jimmy-sweeney,823bedfb-cd63-44ab-bad1-17f566aae126,,,,-143
bkfc-73-italy,12,Main Card,Championship Bout,Cruiserweight,blue,chris-camozzi,30dde676-b606-4679-85f6-a7c3f149ea0b,185.0,75.0,33cm,-558,red,andrea-bicchi,186ec3ec-7aa7-44e7-bc73-e8ddc8043836,,,,+350
bkfc-fight-night-clearwater-ec210,1,Prelims,Undercard,Men Flyweight,blue,chachi-versace,906ebe51-5189-4bfd-91c0-759cebcd0566,135.0,66.0,30cm,-164,red,anthony-yost,ecd0a6e9-5b6e-409e-9b4a-a39ed4b29e05,,,,+120
bkfc-fight-night-clearwater-ec210,2,Prelims,Undercard,Bantamweight,blue,quentin-gaskins,c3a6fe1b-d9f0-4a7c-8060-3dd77e44cccb,150.0,67.0,28cm,-154,red,logan-speyrer,0cf86be1-1326-4424-906f-81e787f7962f,,,,+116
bkfc-fight-night-clearwater-ec210,3,Main Card,,Welterweight,blue,rodney-hinton,2fdb5612-6ba4-4216-8623-99e7281904ef,163.0,71.0,29cm,-209,red,ben-jacobsen,d04ec937-e239-4345-842b-90e69a0eeb3f,,,,+154
bkfc-fight-night-clearwater-ec210,4,Main Card,,Women Bantamweight,blue,crystal-pittman,01fb7b9d-da43-4867-ab1b-355398abf729,125.0,65.0,,-200,red,claudia-zamora,8c626133-f93a-49bf-8fa6-567d4703263d,,,,+148
bkfc-fight-night-clearwater-ec210,5,Main Card,,Featherweight,blue,nathan-rivera,f4e8bbe7-929a-4fea-8956-f087a063c34e,155.0,71.0,31cm,-500,red,alex-castro,b9845063-4772-45c0-8152-65c515bb1c9a,,,,+320
bkfc-fight-night-clearwater-ec210,6,Main Card,,Heavyweight,blue,joseph-white,604618e1-5d18-43e6-b2ea-f906e6d1d875,262.0,74.0,33cm,-270,red,brady-meister,03f3c57a-0956-4800-9c23-4b87e0c6dc8e,,,,+194
bkfc-fight-night-clearwater-ec210,7,Main Card,,Bantamweight,blue,michael-larrimore,69162084-8937-4d78-8f53-585f3707ba5f,150.0,69.0,,-223,red,samuel-samples,09ca04a6-05d1-4f8b-8f38-3aba24e4904e,,,,+163
bkfc-fight-night-clearwater-ec210,8,Main Card,Featured Fight,Light Heavyweight,blue,jomi-escoboza,c8cae26e-f386-4d08-9697-d9554e8c5733,185.0,75.0,30cm,-223,red,jay-action-jackson,60aad7ef-da80-459d-b474-ce53807f4b8c,,,,+163
bkfc-fight-night-clearwater-ec210,9,Main Card,Co-Main event,Bantamweight,blue,royal-ryan-reber,e363764e-95c7-488a-b834-0541595ec9f3,135.0,69.0,30cm,-680,red,matt-guymon,fd0375f8-ae79-45ab-9d2b-93e79b4da450,,,,+405
bkfc-fight-night-clearwater-ec210,10,Main Card,Main event,Light Heavyweight,blue,jared-warren,b1b22d17-ef2b-41b7-aac6-c24be38399de,185.0,73.0,34cm,-160,red,joseph-creer,8117b17d-ed33-4950-bc91-2388452086da,,,,+120
bkfc-74-salt-lake-city,1,Prelims,Undercard,Lightweight,blue,trever-bradshaw,cb478c6c-5d57-46a5-a019-95cf82f06f76,175.0,70.0,,+123,red,jim-pulgar,ccd32c5d-798d-4363-86fd-84edb579acb6,,,,-164
bkfc-74-salt-lake-city,2,Prelims,Undercard,Cruiserweight,blue,zac-cavender,17c0ef95-8812-4c43-beb2-861c492b0bfe,92.533,1.9558,31cm,-669,red,erick-lozano,bd19a914-b42a-43d5-92da-ce9996ffbff3,,,,+400
bkfc-74-salt-lake-city,3,Main Card,,Strawweight,blue,shelby-cannon,75089f03-a432-4bc2-b4eb-0d933595f4cf,52.39,1.5748,28cm,+116,red,kat-paprocki,7154f315-f79d-4716-8a7d-66a5aef4b6cd,,,,-154
bkfc-74-salt-lake-city,4,Main Card,,Welterweight,blue,dominico-salas,8ecd3bdb-7086-4440-bd49-2af53007fb98,180.0,66.0,,-270,red,jeremiah-truhlar,8b75d55e-0c80-4714-ab49-a082caac4cfd,,,,+199
bkfc-74-salt-lake-city,5,Main Card,,Middleweight,blue,jordan-smith,03c53d71-0c45-4912-9ffe-c4b11d0a3c5d,185.0,72.0,,+127,red,josenaldo-silva,9bf34af0-5bd8-4da8-98eb-b5a7dbbe34e9,,,,-170
bkfc-74-salt-lake-city,6,Main Card,,Light Heavyweight,blue,zack-partridge,e519ff60-2aa1-4b22-9d76-8ef296725315,215.0,71.0,,-179,red,cody-beierle,aae44b37-dc45-4452-87ed-013247489fd0,,,,+133
bkfc-74-salt-lake-city,7,Main Card,,Light Heavyweight,blue,daniel-gardner,0f8e9be0-1c13-4bcf-b51f-542b46e632b5,185.0,67.0,,-120,red,shane-fichter,a5681d69-43ab-4b15-bded-c2d9681ad483,,,,-110
bkfc-74-salt-lake-city,8,Main Card,Featured Fight,Light Heavyweight,blue,mike-jones,a26fee8f-f04a-407d-887d-438d3c572e2c,170.0,74.0,,-253,red,sean-hotusing,54669a9a-def3-41ba-b577-e64237706192,,,,+183
bkfc-74-salt-lake-city,9,Main Card,Co-Main event,Heavyweight,blue,ben-moa,7fde81a8-ba67-45b4-81c9-b737ef3581cf,260.0,75.0,,+300,red,bobby-brents,d629417c-52f5-4da3-8828-661abca0b7c9,,,,-456
bkfc-74-salt-lake-city,10,Main Card,Championship Bout,Light Heavyweight,blue,mike-richman,b8e3c53e-a914-43e8-90fd-acaeaf05c1f7,175.0,68.0,35cm,+107,red,josh-dyer,c5dd048e-6bd6-44ab-b46d-0bde81378330,,,,-143
bkfc-75-albuquerque-mundell-vs-sanchez,1,Prelims,Undercard,Welterweight,blue,bobby-henry,d3f380c3-0f72-46be-8eb9-91ae7be80381,72.665,1.905,30cm,-467,red,kasey-yates,507c6ca2-eb47-48aa-b529-678e11dc87af,,,,+306
bkfc-75-albuquerque-mundell-vs-sanchez,2,Main Card,,Middleweight,blue,bryant-mcclain,3a869b34-8f39-45d2-9942-12bc7f3f0499,175.0,73.0,,-504,red,skyler-mauler,6b88f305-2a0c-4217-a9c5-9679e9472aa4,,,,+324
bkfc-75-albuquerque-mundell-vs-sanchez,3,Main Card,,Light Heavyweight,blue,william-albrecht,3def1705-fdc7-47c9-b45a-a0a5dc3d5681,185.0,74.0,79cm,-246,red,kyle-mcelroy,6aa4f746-fedf-46b9-b015-4cf2135b16b8,,,,+178
bkfc-75-albuquerque-mundell-vs-sanchez,4,Main Card,,Welterweight,blue,felipe-chavez,cc299ebd-1c91-40e4-8e53-3bc8f870954b,165.0,70.0,,,red,brandon-honsvick,3fbc3b83-c026-423b-b829-7e7419d1c92d,,,,
bkfc-75-albuquerque-mundell-vs-sanchez,5,Main Card,,Featherweight,blue,derek-perez,dc202ad6-c181-4608-87c1-eeaa43c405ee,145.0,69.0,39cm,-191,red,rick-caruso,78fd8f9a-df07-4ae2-923f-93b15a0492a1,,,,+142
bkfc-75-albuquerque-mundell-vs-sanchez,6,Main Card,,Cruiserweight,blue,murat-kilimetov,87a7457a-e759-4d88-8ed6-6764736a229f,92.896,1.905,,-714,red,leo-bercier,cda8e114-7ea7-48c6-adb5-c550aa71a5f0,,,,+419
bkfc-75-albuquerque-mundell-vs-sanchez,7,Main Card,Championship Bout,Middleweight,blue,david-mundell,d264f058-b892-4500-8a24-68c92659fdb0,175.0,69.0,30cm,-335,red,donald-sanchez,c657e7e7-f842-4225-b1cd-6fbc7c7439ca,,,,+234
bkfc-mohegan-sun,1,Prelims,Undercard,Light Heavyweight,blue,joseph-peters,2b7676da-e212-48d3-8866-22766d0e6f87,84.368,1.8034,31cm,-188,red,drew-nolan,e2cb21ae-083d-499b-9795-8db1d48dfdac,,,,+140
bkfc-mohegan-sun,2,Prelims,Undercard,Bantamweight,blue,jared-lennon,a87ae480-e1bc-4b08-b668-0f30188e0057,61.462,1.778,27cm,-244,red,ishiah-carson,89eb03d8-118e-4497-889f-cc6a22b76af6,,,,+177
bkfc-mohegan-sun,3,Prelims,Undercard,Lightweight,blue,peter-barrett,3afa0aaa-91f5-488f-8267-605ccf7ce4ea,69.853,1.778,30cm,-264,red,nash-diederichs,57204262-36d6-4f2e-88ad-67b9ecd84d76,,,,+190
bkfc-mohegan-sun,4,Main Card,,Featherweight,blue,randy-costa,0a95817c-322f-4c64-8cb8-6ea5f6a89bd5,65.317,1.7272,,-545,red,nick-burgos,ab86eb17-e354-4639-aeae-768707781fda,,,,+344
bkfc-mohegan-sun,5,Main Card,,Bantamweight,blue,lardy-navarro,091c77bd-9213-4e57-be89-40272a9a2556,145.0,0.0,28cm,-322,red,anthony-foye,47021bca-45d3-4a16-bcb5-0b83ed541924,,,,+226
bkfc-mohegan-sun,6,Main Card,,Welterweight,blue,rick-hawn,045ffb42-d1cb-45b9-9bd3-aee744f79159,170.0,69.0,32cm,-684,red,sergio-lopez,633ba961-ab51-4168-bdb9-42b7ecd02ba3,,,,+406
bkfc-mohegan-sun,7,Main Card,,Middleweight,blue,john-howard,26a60fab-7ce5-4d37-a1ac-a2a0be2ea7d5,79.379,1.7018,,-244,red,pat-casey,783efff5-9656-4216-a748-dc740c49c0f9,,,,+177
bkfc-mohegan-sun,8,Main Card,,Light Heavyweight,blue,gary-balletto-iii,9de871e8-2bbe-435a-aedf-85d6ba14bbd5,83.688,1.8034,30cm,-355,red,rodney-thomas,52bf2eae-e1ec-4383-bbef-2962c378ae52,,,,+234
bkfc-mohegan-sun,9,Main Card,Featured Fight,Middleweight,blue,brennan-ward,dd3b1bf1-330d-4910-83d8-1676d7edb313,79.605,1.8034,,-669,red,jr-rumsley,b114efe6-0f0c-4996-b35b-94c7e817b558,,,,+400
bkfc-mohegan-sun,10,Main Card,Co-Main event,Heavyweight,blue,yorgan-de-castro,ec2c31a7-28e0-4d59-941c-7329c461d2f3,265.0,73.0,32cm,-189,red,josh-watson,4a4f06fc-d5cf-44a0-a043-50ff155e374e,,,,+140
bkfc-mohegan-sun,11,Main Card,Main event,Heavyweight,blue,parker-porter,699b4dfb-0394-4239-a98a-1c825f783d4b,245.0,72.0,33cm,-369,red,dillon-cleckler,cc84d0ac-249d-44aa-9c60-a424cd8b71d0,,,,+253
bkfc-fort-worth,1,Prelims,Undercard,Light Heavyweight,blue,james-gray,c2dec6b2-5765-4320-8233-29e31a9568f9,,1.778,32cm,+214,red,roderick-stewart,39009858-a16f-4c5f-892e-cd85b02bb821,,,,-303
bkfc-fort-worth,2,Prelims,Undercard,Welterweight,blue,jeremy-sauceda,c2129c6c-27cd-4b57-92ee-b4ae8413f8a8,175.0,70.0,,-303,red,israel-rodriguez,2dd85fb1-3911-4196-9bed-99155c3277e4,,,,+214
bkfc-fort-worth,3,Prelims,Undercard,Middleweight,blue,cameron-delano,d38a159b-09f5-4bc8-a932-7f2d7411339c,80.83,1.7526,31cm,+138,red,jesse-desrosier,e091d823-63fd-4846-8e11-3160257c4705,,,,-185
bkfc-fort-worth,4,Main Card,,Bantamweight,blue,brandon-meneses,18d76311-77c5-4307-93fe-4e2d00aa8252,65.77,1.78,30cm,-277,red,willie-gates,bdb617a2-7a07-421b-aeec-837ff70f9c9b,,,,+199
bkfc-fort-worth,5,Main Card,,Lightweight,blue,paco-castillo,81294f89-ac88-4b19-9edd-156c3c651aa9,,1.651,30cm,+521,red,jake-heffernan,2f7eead7-9e72-4d81-bc38-67be4e7b28df,,,,-999
bkfc-fort-worth,6,Main Card,,Welterweight,blue,darren-whitney,fd64370f-6a96-46db-a77d-7117d23bdf7e,,1.8288,30cm,+280,red,rodney-hinton,2fdb5612-6ba4-4216-8623-99e7281904ef,,,,-418
bkfc-fort-worth,7,Main Card,,Heavyweight,blue,anthony-garrett,4e77927f-d90d-421c-b4d3-c07deeed2bc5,,1.9558,33cm,-250,red,haze-wilson,0656564e-5a80-492e-9b81-95af6b22754d,,,,+181
bkfc-fort-worth,8,Main Card,,Lightweight,blue,jc-corazon-deleon,1cf47c51-5dcb-45dd-81fd-e607a44ae6f8,160.0,70.0,,-185,red,ruben-warr,955fce95-7245-4029-85fa-bb659de079b9,,,,+138
bkfc-fort-worth,9,Main Card,,Heavyweight,blue,kenzie-morrison,b773894d-6338-4413-938a-94e4ecb9c107,,1.9304,33cm,-700,red,alex-davis,a05972b6-7347-41ef-8440-de086c2691e1,,,,+419
bkfc-fort-worth,10,Main Card,Featured Fight,Women Flyweight,blue,jessica-eye,594a0ebe-6ad7-4a07-8524-1449b596a017,,1.6764,28cm,-102,red,mariya-agapova,4ad63e5b-a5a0-4888-9dec-a29461c7a3c6,,,,-130
bkfc-fort-worth,11,Main Card,Co-Main event,Heavyweight,blue,andrei-arlovski,18d4b67e-cd59-4b30-9094-dfc6daf90670,,1.905,34cm,-227,red,josh-copeland,5d5496f8-904e-45f9-a7d5-740114a8aec3,,,,+166
bkfc-fort-worth,12,Main Card,Championship Bout,Lightweight,blue,tony-soto,ad7c59c1-ebc8-4973-994b-86af487b31fe,155.0,69.0,30cm,-238,red,ben-bonner,93151b90-12f6-4310-b95a-ee16f62dc090,,,,+173
bkfc-birmingham,1,Prelims,Undercard,Heavyweight,blue,liam-smyth,634004d8-beec-466c-b76d-a7718225f53d,115.0,1.8796,29cm,-141,red,rafael-witkowski,594b53fb-4c4b-4d07-84e2-e8bc655b6d69,,,,+106
bkfc-birmingham,2,Prelims,Undercard,Middleweight,blue,kris-trezise,cecc6a08-d6e4-4af5-b7ff-e0c9444a400c,79.379,1.8542,31cm,-345,red,paul-osullivan,6f1d84c8-042c-4d69-8d4a-f172a023cfb1,,,,+239
bkfc-birmingham,3,Prelims,Undercard,Heavyweight,blue,thai-tetley,c6f5cd78-badd-483a-8b52-879570343773,,1.8288,29cm,,red,krzysztof-wisniewski,bf4eca11-d35c-47b9-9b98-32c622ae7e6b,,,,
bkfc-birmingham,4,Main Card,,Middleweight,blue,george-thorpe,1f4658a8-5dc4-4335-b012-527598b52c70,79.832,1.8796,34cm,-115,red,mac-bygraves,d1313a9c-0cd1-4ff1-a8ff-e62905cf3650,,,,-115
bkfc-birmingham,5,Main Card,,Featherweight,blue,jelle-zeegers,5a44fc4c-5e56-4366-ae06-d340c03fe69d,,1.7018,28cm,+131,red,toby-bindon,5ec9adda-4e6f-4f90-b2a7-f81d0e4fd049,,,,-175
bkfc-birmingham,6,Main Card,,Cruiserweight,blue,ricky-nelder,4d513c6a-8277-44ee-995b-c8d0f0341619,92.986,1.8034,25cm,-159,red,mario-soo,18e7abef-b000-4122-8245-86376dd34a27,,,,+119
bkfc-birmingham,7,Main Card,,Light Heavyweight,blue,jmmy-wallhead,92a91ce0-b4cb-4a44-b050-685d39563f68,83.915,1.8034,31cm,+102,red,dawid-chylinski,8fe67a24-d9dd-4410-a16d-4c1b6dfb2f43,,,,-135
bkfc-birmingham,8,Main Card,,Welterweight,blue,ryan-aston,78dd014c-8e6a-4084-866f-93c10a7482bb,74.843,1.8034,28cm,-141,red,tom-stokes,5f42cd08-5d6a-4598-8754-fe60e0151fa1,,,,+106
bkfc-birmingham,9,Main Card,,Welterweight,blue,frankie-gavin,c569a16f-fd3d-4dc4-809b-fff8261ae470,72.575,1.7272,28cm,-115,red,jack-dugdale,c58afd15-c777-4b43-a747-1ffa91c8fc7e,,,,-115
bkfc-birmingham,10,Main Card,,Lightweight,blue,james-lilley,85b94759-f2a0-4254-b515-85a267e5f005,155.0,70.0,27cm,-504,red,fran-suarez,9943e0f5-33bb-4299-aa44-27a792315695,,,,+324
bkfc-birmingham,11,Main Card,Featured Fight,Light Heavyweight,blue,marley-churcher,3e581aa0-f608-43fd-a239-a793f9cc9c88,83.915,1.8288,31cm,+234,red,matthew-wiwczaryk,5ba43201-69d5-4c99-ba81-3c2d0d9ca218,,,,-335
bkfc-birmingham,12,Main Card,Co-Main event,Light Heavyweight,blue,jamie-cox,314a76e7-0ecb-4bc6-9424-c2a1a7c1af0d,78.0,1.8,24cm,-500,red,charles-wasserman,03bd8a7f-fb8c-4f5a-ba6b-4c61cd5d2030,,,,+322
bkfc-birmingham,13,Main Card,Championship Bout,Welterweight,blue,connor-tierney,5169ca29-1457-4611-bb06-155f3f65ec3f,165.0,74.0,28cm,-250,red,danny-christie,e79ef0c5-595d-4b48-abcd-fb6b2650c31e,,,,+181
bkfc-hollywood,1,Prelims,Undercard,Men Flyweight,blue,rambo,0e43b5d9-107e-4fb3-94c9-ecff10f7e791,135.0,65.0,29cm,-248,red,justyn-martinez,699661df-990a-4ea8-9fc2-cd9eec7258b6,,,,+180
bkfc-hollywood,2,Prelims,Undercard,Middleweight,blue,brutal-jake-bostwick,9ba2f9b1-2391-45dd-a6c9-dd74a3c00bc6,175.0,68.0,32cm,+127,red,leonel-carrera,071417f5-18e4-4496-95bd-db0fb4ffea01,,,,-169
bkfc-hollywood,3,Prelims,Undercard,Cruiserweight,blue,julio-perez-rodriguez,5b570628-00c4-46b7-a989-db1d2fafeb1c,205.0,76.0,32cm,-280,red,esteban-rodriguez,d5dcf20d-9b45-4d74-bbc1-0d5cff196ea0,,,,+200
bkfc-hollywood,4,Main Card,,Lightweight,blue,gaston-reyno,a7458896-6a29-4826-9daf-82aefdccbc04,70.3,1.83,28cm,,red,milton-volter,d7750d0e-83e1-4dd2-8e6c-61a51375c91b,,,,
bkfc-hollywood,5,Main Card,,Cruiserweight,blue,stephen-tomahawk-townsel,8174c614-5215-4a19-9ca0-87764cf520a2,205.0,74.0,34cm,-203,red,cruiser-keith-richardson,34e760ad-d0af-433d-b53c-4c5b7cedd37b,,,,+150
bkfc-hollywood,6,Main Card,,Women Flyweight,blue,christine-vicens,0bec96fc-bb81-4dfa-91c0-988713597468,125.0,66.0,27cm,,red,jenny-savage,7fb61c13-e2f8-4dde-852f-9705c73660fb,,,,
bkfc-hollywood,7,Main Card,,Middleweight,blue,francesco-ricchi,a0a39342-c784-406b-8658-1d00273a70b1,175.0,75.0,33cm,-335,red,dallas-davison,7311a81e-7ba3-4262-8a71-8866f02437b6,,,,+234
bkfc-hollywood,8,Main Card,,Lightweight,blue,howard-davis,95dfb866-614d-44ce-baca-bdc7a0d4289b,145.0,74.0,30cm,-196,red,drako-rodriguez,55d94b97-335b-4a97-b21a-ea1b691748ce,,,,+145
bkfc-hollywood,9,Main Card,,Bantamweight,blue,justin-ibarrola-sanchez,49d13160-7e2e-40da-a49a-c9f79fa31e9e,135.0,67.0,28cm,-934,red,robert-armas,b957cd8a-6dfb-4b26-9691-3018bf50601b,,,,+500
bkfc-hollywood,10,Main Card,Featured Fight,Lightweight,blue,bryan-duran,58efbc14-5e7f-4e18-97f0-531fadd8ae0b,155.0,67.0,34cm,-418,red,robbie-peralta,27003c0d-9c43-4c29-a304-3c62e4789e15,,,,+280
bkfc-hollywood,11,Main Card,Championship Bout,Men Flyweight,blue,gee-perez,7bacf0f1-a46c-4a2a-a218-104892cce91f,165.0,68.0,31cm,+133,red,andrew-strode,628e5bc4-377f-46ff-be9c-bb7b49e1dd54,,,,-179
bkfc-hollywood,12,Main Card,Main event,Heavyweight,blue,leonardo-perdomo,c36806b6-55e7-41f6-b359-16b80e629be5,253.0,71.0,33cm,-535,red,arnold-bomaye-adams,a6c314d6-4d6f-4183-9c2a-bdf0580b077f,,,,+340
bkfc-fight-night-philly-pague-vs-peterson,1,Prelims,Undercard,Lightweight,blue,dalvin-blair,10339ab0-f82d-4fd8-b0b3-31a651490a43,76.476,1.8034,32cm,-250,red,jason-dinunzio,fb470314-840c-4173-9fb3-e2f1a35c1901,,,,+181
bkfc-fight-night-philly-pague-vs-peterson,2,Prelims,Undercard,Heavyweight,blue,lex-ludlow,aac01243-d668-4aa8-aee6-cd4975b430eb,230.0,71.0,31cm,-250,red,lewis-rumsey,91ad1ee9-c83d-443b-9151-1a114a2aa4a6,,,,+181
bkfc-fight-night-philly-pague-vs-peterson,3,Main Card,,Featherweight,blue,elijah-harris,06cf361b-c059-4c02-9ece-5fce036bb18f,160.0,67.0,29cm,-250,red,ishiah-carson,89eb03d8-118e-4497-889f-cc6a22b76af6,,,,+181
bkfc-fight-night-philly-pague-vs-peterson,4,Main Card,,Light Heavyweight,blue,maurice-horne,03cacf17-8ff2-4661-93fa-ae611af949e5,185.0,72.0,31cm,+112,red,cody-vidal,b3d6c27a-48d4-443f-b66d-cab4b24e3687,,,,-15
bkfc-fight-night-philly-pague-vs-peterson,5,Main Card,,Welterweight,blue,pat-sullivan,064f4124-f1fc-4885-a1a2-7e60c733bc6d,165.0,72.0,29cm,-357,red,austin-peterson,f7543341-1d49-4883-a75e-049e469561e3,,,,+246
bkfc-fight-night-philly-pague-vs-peterson,6,Main Card,,Cruiserweight,blue,alessio-sakara,bc83bd31-d3a3-4094-b12e-66a8af931442,,1.8542,33cm,-357,red,erick-lozano,bd19a914-b42a-43d5-92da-ce9996ffbff3,,,,+246
bkfc-fight-night-philly-pague-vs-peterson,7,Main Card,Featured Fight,Middleweight,blue,john-garbarino,8ef61fed-3dc9-4366-bdab-0bf35af77413,185.0,70.0,29cm,-2093,red,erik-lopez,0cf88b7e-a082-4b22-b4a4-614d90e6394c,,,,+765
bkfc-fight-night-philly-pague-vs-peterson,8,Main Card,Co-Main event,Women Flyweight,blue,rosalinda-rodriguez,a3aab742-2f66-4fbc-839e-9192166870c3,56.608,1.61,26cm,-1152,red,gabrielle-roman,b1efa93d-2898-4c31-a0e8-11e4ad81e1fa,,,,+567
bkfc-fight-night-philly-pague-vs-peterson,9,Main Card,Main event,Welterweight,blue,dustin-pague,b4cd55c4-f9cb-48e3-ba1f-a8598f3f93ab,165.0,69.0,29cm,-211,red,ryan-petersen,2038b794-fc7a-4a18-a789-894525353932,,,,+155
bkfc-sturgis,1,Prelims,Undercard,Lightweight,blue,dan-godoy,5d340458-fd27-46d2-a05e-15f05b9ee0b5,69.853,1.7526,30cm,-1176,red,paco-castillo,81294f89-ac88-4b19-9edd-156c3c651aa9,,,,+574
bkfc-sturgis,2,Prelims,Undercard,Cruiserweight,blue,jay-kerr,2bca7598-58ef-4558-a024-1223dad7a9db,97.5,1.905,32cm,+183,red,dillon-blaydon,34ac5a22-c3a7-4d5a-9b97-eb89ce7625c6,,,,-253
bkfc-sturgis,3,Prelims,Undercard,Featherweight,blue,timmy-mason,66654405-f373-412d-9735-844128f3eb83,155.0,70.0,31cm,-839,red,aj-craig,859bff1d-4398-43d5-863a-8f87f5835740,,,,+466
bkfc-sturgis,4,Main Card,,Featherweight,blue,traevon-kroger,e314786e-9340-4b18-8eba-a7e99164c871,143.0,1.905,30cm,-467,red,daniel-pettit,4aaf669e-77b5-4930-a0b7-f4e24307eba4,,,,+306
bkfc-sturgis,5,Main Card,,Heavyweight,blue,bear-hill,e4d2385c-5981-46ae-b667-9afd4f6ca6d5,120.656,1.8796,33cm,-227,red,billy-swanson,6422501b-9ba5-4bed-9249-5e39fbaa8a78,,,,+166
bkfc-sturgis,6,Main Card,,,blue,shyanna-bintliff,341e9304-277e-45b1-b04a-d38329aa3ae9,,1.7272,26cm,-345,red,marisol-ruelas,38bc0808-594e-4863-841a-7611c2433ea0,,,,+239
bkfc-sturgis,7,Main Card,,Lightweight,blue,elvin-brito,24688b86-dc55-452a-b371-1587f64b7780,160.0,68.0,31cm,-250,red,brandon-meyer,079b4f1d-f73b-4845-a163-1793aa2dc1d5,,,,+181
bkfc-sturgis,8,Main Card,,Light Heavyweight,blue,brandon-conley,1aa7640e-0d17-451f-9555-c18fdd9b1e91,88.632,1.7526,30cm,-455,red,david-simpson,c01a158e-c64b-4a07-852c-86f60c3593e5,,,,+300
bkfc-sturgis,9,Main Card,Featured Fight,Heavyweight,blue,zach-calmus,8f1d28b0-33e7-4265-ac61-7d11723e3245,252.0,72.0,36cm,+138,red,cory-willis,c3bc6ec7-eae0-4f55-9874-54b68b41fde8,,,,-185
bkfc-sturgis,10,Main Card,Co-Main event,Strawweight,blue,taylor-starling,7c806f80-1893-422a-aeee-3a26316d6f23,125.0,67.0,25cm,+131,red,shelby-cannon,75089f03-a432-4bc2-b4eb-0d933595f4cf,,,,-175
bkfc-sturgis,11,Main Card,Championship Bout,Welterweight,blue,julian-lane,db5938a5-558a-491a-a9a0-5b738fd0075a,175.0,69.0,30cm,+166,red,gorjan-gogo-slaveski,dda08c3f-89ce-4424-bd71-74594af5fe41,,,,-277
bkfc-edmonton,1,Prelims,Undercard,Middleweight,blue,adam-de-freitas,c8f58626-42b8-4ac2-9813-98fd62b39f17,87.725,1.8288,29cm,+152,red,skyler-mauler,6b88f305-2a0c-4217-a9c5-9679e9472aa4,,,,-206
bkfc-edmonton,2,Prelims,Undercard,Lightweight,blue,james-dalzell,59c087f0-bc5f-4855-9ae2-2749b8c5c4f6,,1.7526,29cm,+166,red,nick-felber,993d5868-b47f-497f-b8c3-04175aa5ec52,,,,-277
bkfc-edmonton,3,Prelims,Undercard,Welterweight,blue,caeden-scott,f1b85381-fff0-414c-a6f5-64627cb44f12,74.979,1.8288,30cm,-406,red,justin-kennedy,7e2a0dae-1bb1-47e2-bc18-597c4cb7d325,,,,+274
bkfc-edmonton,4,Main Card,,Strawweight,blue,alexandra-delgado-lopez,c1114ea0-b1bc-4c72-ab3b-0fec59c11a20,51.936,1.5494,29cm,-211,red,emma-murray,3f4b8596-4ca0-4157-80d8-b0ba8ae5cabc,,,,+155
bkfc-edmonton,5,Main Card,,Welterweight,blue,kimani-crawford,1e1f55c7-8db7-4e55-b7a4-69003e92ed83,79.243,1.8034,30cm,-106,red,matthew-socholotiuk,517320b4-8eb0-4972-86a5-419a092914fd,,,,-125
bkfc-edmonton,6,Main Card,,Cruiserweight,blue,kayden-giroux,07911f4d-a359-4a1c-a6b7-2833cc19d85b,88.224,1.8796,32cm,-160,red,joseph-creer,8117b17d-ed33-4950-bc91-2388452086da,,,,+120
bkfc-edmonton,7,Main Card,,Heavyweight,blue,bohdan-kotok,0b562e63-d571-4780-b41b-a151f6564d9b,103.737,1.9304,32cm,-163,red,brady-meister,03f3c57a-0956-4800-9c23-4b87e0c6dc8e,,,,+122
bkfc-edmonton,8,Main Card,Featured Fight,Lightweight,blue,hasan-al-ghanim,98075788-9c31-4882-be22-c7b133baa2bb,70.76,1.651,31cm,-485,red,zach-pannell,a6465104-f410-4954-8fe9-09b19cffc4a5,,,,+315
bkfc-edmonton,9,Main Card,Co-Main event,Lightweight,blue,chad-lucanas,c33f280b-f531-4608-b0cc-9d3f69940ea7,70.261,1.7018,30cm,-335,red,tim-tamaki,32c96f49-2f1c-45ae-9ff2-4cd50fdc3880,,,,+234
bkfc-edmonton,10,Main Card,Main event,Middleweight,blue,drew-stuve,fb600237-0f76-438b-bb31-506a07821d5f,75.16,1.8796,31cm,-406,red,will-santiago,a07fe1c7-375b-430c-b802-23b8fb5515fd,,,,+274
bkfc-budva,1,Prelims,Undercard,Middleweight,blue,alfred-koci,e0924bde-67fc-490f-b1c3-704392a6570b,,1.88,,+133,red,kristijan-jevtovic,11b76978-9134-45c0-8248-97bb94ed4f29,,,,-178
bkfc-budva,2,Prelims,Undercard,Welterweight,blue,denis-gondzala-610p7,b6a43efa-1e39-46bb-a647-252a25c1bf06,,1.88,,,red,emircan-gulsen,87be6888-5e54-4242-8c40-702807f8321d,,,,
bkfc-budva,3,Main Card,,Light Heavyweight,blue,emre-akbas,cab69c2e-bebe-4eec-9a59-d46a080640f3,,1.87,,-106,red,gorichkhan-rigi,ba0fa6e1-6927-42f6-ae39-6f1208f4531c,,,,-125
bkfc-budva,4,Main Card,,Featherweight,blue,issam-khaoui,1ce0f3ae-b064-40a1-8201-851dcef188f3,,1.77,,,red,ahmet-duman,df4634ae-6b20-41b1-8399-36b0be337b62,,,,
bkfc-budva,5,Main Card,,Middleweight,blue,jedrzej-durski,c1ff3ba0-db2b-42f0-a332-fed6249f51d6,79.0,1.85,,+120,red,donovan-desmae,d148b083-fa19-4ad5-ad2f-2a0f662f73dd,,,,-160
bkfc-budva,6,Main Card,,Women Featherweight,blue,nada-miljancevic,3b6f598b-7c48-4298-b00a-7cfb5440e50f,61.0,1.7,,-246,red,deborah-melhorn,068fc299-e5ef-4c90-be66-8e403e9700a1,,,,+178
bkfc-budva,7,Main Card,,Heavyweight,blue,damjan-savanovic,728bd3fd-a139-4e60-9bfb-a7a03c77a176,,,,+234,red,toni-estorer,f6be8fb8-a7ff-4f59-90cc-2e988ffa6991,,,,-335
bkfc-budva,8,Main Card,,Middleweight,blue,dusan-radovic,1415107b-1eb9-4090-a20b-9e5c1a30e3d7,,1.81,,-298,red,stefan-dobrijevic,5e07ed86-2c07-4775-b5e2-2c6b6e08e661,,,,+211
bkfc-budva,9,Main Card,,Heavyweight,blue,dilan-prasovic,203fee21-9733-459f-99cd-888be817390a,,1.9,32cm,-1240,red,lasha-roinishvili,55817686-d2af-46b4-8a95-f3cf236e32c8,,,,+592
bkfc-hollywood-2,1,Prelims,Undercard,Light Heavyweight,blue,rudy-levocz,f13607e3-9968-4ea5-b3bf-32eefccd7c69,,1.905,33cm,,red,justin-williams,2722aa6b-2290-4e97-9966-c7f898f51cef,,,,
bkfc-hollywood-2,2,Prelims,Undercard,Heavyweight,blue,nicholas-blume,c750a47d-9ea3-40ac-93d5-28038a6ca371,260.0,74.0,32cm,-556,red,dillon-blaydon,34ac5a22-c3a7-4d5a-9b97-eb89ce7625c6,,,,+349
bkfc-hollywood-2,3,Prelims,Undercard,Men Flyweight,blue,jancarlos-rivera,89786b0f-10f0-4482-866a-50e1c5b4d030,125.0,63.0,26cm,-834,red,zay-garcia,b394a121-4432-4e87-b832-0f8f3192e4de,,,,+465
bkfc-hollywood-2,4,Main Card,,Lightweight,blue,wayna-reid,84b1e111-23c2-4b6a-834e-396870a838d9,159.0,70.0,31cm,-714,red,paulo-games,84ecd4f1-1e5b-436b-9dd1-5dee487f2e8f,,,,+319
bkfc-hollywood-2,5,Main Card,,Bantamweight,blue,chris-garcia,29260c22-c574-41ab-9632-53ca9c036d2c,135.0,68.0,29cm,-625,red,austin-lewis,90ed92a5-0d83-4c96-a227-eed31ff123b6,,,,+381
bkfc-hollywood-2,6,Main Card,,Lightweight,blue,bobby-henry,d3f380c3-0f72-46be-8eb9-91ae7be80381,72.665,1.905,30cm,-559,red,braeden-kuykendall,1c126323-38cb-4517-8b43-7f1e17dfef0e,,,,+349
bkfc-hollywood-2,7,Main Card,,Light Heavyweight,blue,jeremy-smith,0f31c84a-7946-499e-8c1e-f307cab236db,185.0,70.0,,-130,red,david-simpson,c01a158e-c64b-4a07-852c-86f60c3593e5,,,,+102
bkfc-hollywood-2,8,Main Card,Featured Fight,Heavyweight,blue,yoel-romero-iqws6,bfa61c93-8149-45de-913c-997f0ba086e9,,1.8288,33cm,-2001,red,theo-doukas,496c2e1a-43e2-45ea-a6ea-4d525dd9920f,,,,+750
bkfc-hollywood-2,9,Main Card,Co-Main event,Featherweight,blue,edgard-plazaola,b4715307-6d53-43b0-906d-49315672a1fc,145.0,68.0,30cm,-834,red,gary-fox,dba28134-8b91-40b7-a732-7875fbbb6ed1,,,,+465
bkfc-hollywood-2,10,Main Card,Main event,Heavyweight,blue,leonardo-perdomo,c36806b6-55e7-41f6-b359-16b80e629be5,253.0,71.0,33cm,-3336,red,arnold-bomaye-adams,a6c314d6-4d6f-4183-9c2a-bdf0580b077f,,,,+909
bkfc-manchester,1,Prelims,Undercard,Heavyweight,blue,andy-thornton,9753d8bc-e877-4a8f-87dd-6db3ba11b0ae,,1.8034,31cm,+142,red,matty-hill,ad30321d-6dc6-4d79-bc87-111a79aa4f65,,,,-191
bkfc-manchester,2,Prelims,Undercard,Bantamweight,blue,kieron-sewell,49874e5c-703a-434c-ae22-e35230703c0c,,1.6256,29cm,-406,red,patryk-pientnik,0c51c4a6-e0a5-4ea4-8f9d-e0955802a447,,,,+274
bkfc-manchester,3,Prelims,Undercard,Middleweight,blue,gaz-corran,a1931e7b-f1fe-4385-8937-7013bf1ae247,82.735,1.778,32cm,+175,red,danny-moir,766581f9-a8d9-4a16-8670-1d029e72916d,,,,-240
bkfc-manchester,4,Main Card,,Middleweight,blue,benjamin-lowe,017e33ad-3b94-4f2f-9900-6fe5600ce59d,82.735,1.8796,32cm,-174,red,mikey-henderson,f12e61e8-6ac8-478b-b1f7-9f01ed109c2b,,,,+130
bkfc-manchester,5,Main Card,,Light Heavyweight,blue,joe-lister,061a1fa7-a45c-48ff-ab9f-01a589208dd4,83.9,1.8288,31cm,-1996,red,sean-weir,ed6710a2-dba0-4edd-830f-27b6118493e5,,,,+750
bkfc-manchester,6,Main Card,,Cruiserweight,blue,david-oscar,d6c4405d-a849-4aad-a086-eb2e51e10826,93.168,1.8542,32cm,+201,red,travis-dickinson,abe71c46-4390-46f7-8f96-e56ed5a9ed4c,,,,-281
bkfc-manchester,7,Main Card,,Lightweight,blue,bartlomiej-krol,9ab9586d-9be6-4a7c-b17a-71687994181d,79.107,1.778,32cm,-2603,red,jon-telfer,9cd7d36b-1d94-4607-b330-bb21ea0fc45a,,,,+835
bkfc-manchester,8,Main Card,,Cruiserweight,blue,dec-spelman,6fcde448-d607-4698-84b7-d7fde337a51b,87.997,1.8288,30cm,-504,red,dawid-chylinski,8fe67a24-d9dd-4410-a16d-4c1b6dfb2f43,,,,+324
bkfc-manchester,9,Main Card,,Featherweight,blue,jonno-chipchase,d91bf7f4-e0a8-4d37-8dce-a26d4b905b27,135.0,69.0,29cm,-944,red,lewis-garside,7831252c-9610-477d-bf4d-c19f01020558,,,,+504
bkfc-manchester,10,Main Card,Featured Fight,Lightweight,blue,jonny-graham,7eb70ca5-06c3-4435-8208-d0a9e47e9b13,75.02,1.778,30cm,+159,red,navid-mansouri,f0cad217-5eff-4f5c-b2cc-d3860cc36f1d,,,,-216
bkfc-manchester,11,Main Card,Co-Main event,Light Heavyweight,blue,aaron-chalmers,a4c821b7-1a6b-431f-86a7-ec318b8f7ac0,75.841,1.8288,29cm,-4685,red,jack-fincham,f396b518-6b1d-40a7-9e1a-a2fd129dd0d2,,,,+999
bkfc-manchester,12,Main Card,Main event,Light Heavyweight,blue,james-degale,a3b556b5-2873-4fc9-a4c2-122d6ec6b358,,1.8288,30cm,-130,red,matt-floyd,9f0d13b1-285c-4199-b97e-e65d8b242ddb,,,,-102
bkfc-new-jersey,1,Prelims,Undercard,Featherweight,blue,justin-clarke,8e3d9a64-b1ba-4e12-8a9d-b4f50e93ced2,,1.7526,30cm,-455,red,ishiah-carson,89eb03d8-118e-4497-889f-cc6a22b76af6,,,,+300
bkfc-new-jersey,2,Prelims,Undercard,Lightweight,blue,irakli-ghvinjilia,324fc911-273f-4d1b-8abe-aac5dc17f02b,,1.778,31cm,-200,red,jmani-oliver,cc4c7534-558a-4827-b6a6-327433a73161,,,,+150
bkfc-new-jersey,3,Main Card,,Heavyweight,blue,pat-carroll,e9b89d55-7ca7-43a3-89da-b5ed0991bdd4,95.0,1.8288,33cm,-238,red,aleem-whitfield,61ec26d1-61f8-4151-97b2-2d8e6d89d308,,,,+173
bkfc-new-jersey,4,Main Card,,Lightweight,blue,mike-trizano,86536718-fb04-4248-87e1-98af8cfc2f6c,70.398,1.8034,31cm,-256,red,jc-corazon-deleon,1cf47c51-5dcb-45dd-81fd-e607a44ae6f8,,,,+185
bkfc-new-jersey,5,Main Card,,Lightweight,blue,jeff-lentz,23c5d7f6-f0a4-4de1-98e2-fc5e5fd2fd76,,1.778,31cm,+239,red,elijah-harris,06cf361b-c059-4c02-9ece-5fce036bb18f,,,,-345
bkfc-new-jersey,6,Main Card,,Featherweight,blue,phil-caracappa,cb05465f-7287-4ed1-aff6-51375a078778,135.0,68.0,30cm,-281,red,quentin-gaskins,c3a6fe1b-d9f0-4a7c-8060-3dd77e44cccb,,,,+201
bkfc-new-jersey,7,Main Card,,Cruiserweight,blue,karl-roberson,d5508dd1-908f-4672-9766-8dbd68c6a415,,1.8542,32cm,-323,red,oluwale-bamgbose,af8c680b-d939-41d3-b4ea-11535195a106,,,,+226
bkfc-new-jersey,8,Main Card,Featured Fight,Lightweight,blue,jimmie-rivera,052e1cf7-4cba-4a75-bb6c-9cd046ec069e,160.0,64.0,30cm,-191,red,timmy-mason,66654405-f373-412d-9735-844128f3eb83,,,,+142
bkfc-new-jersey,9,Main Card,Co-Main event,Women Featherweight,blue,christine-ferea,25620a83-a11c-4e61-b7cf-8a42cb5667f1,125.0,65.0,,-135,red,jessica-borga,a2212ba7-3529-4e51-8624-6d444f67b487,,,,+102
bkfc-new-jersey,10,Main Card,Main event,Middleweight,blue,mike-platinum-perry,0812dbcf-beb3-4931-9914-98a991d2f4b5,185.0,70.0,,-301,red,jeremy-stephens,2893b92c-90b4-4312-b964-ba5860af9dc2,,,,+213
bkfc-hammond,1,Prelims,Undercard,Men Flyweight,blue,octavin-turner,8477b1ff-325b-4372-8497-0167b47a9a09,,1.7018,27cm,,red,cary-caprio,f612f3c2-1770-4e0a-a2f0-8be265bd4b9e,,,,
bkfc-hammond,2,Prelims,Undercard,Welterweight,blue,adam-brady,68681119-2b74-42ea-9731-d4fcf2be9e0e,,1.905,30cm,+349,red,darren-whitney,fd64370f-6a96-46db-a77d-7117d23bdf7e,,,,-556
bkfc-hammond,3,Main Card,,Light Heavyweight,blue,travis-smith,32ad6b32-59d7-49a2-bc71-a6271219f66e,,1.7018,30cm,,red,thomas-angeloff,d6367f8d-f853-452b-a72a-35026b8213b5,,,,
bkfc-hammond,4,Main Card,,Women Bantamweight,blue,marisol-ruelas,38bc0808-594e-4863-841a-7611c2433ea0,,1.651,27cm,+239,red,brooke-evans-i9fru,45014162-2bf3-49c6-8f0c-ea68c6ce274c,,,,-345
bkfc-hammond,5,Main Card,,Heavyweight,blue,gabriel-mota,8d37a8c7-8826-4c74-b103-f425bb35bfc7,110.949,1.778,31cm,+119,red,sean-schultz,a40d2543-c007-4758-90c3-81c17bafe48c,,,,-159
bkfc-hammond,6,Main Card,,Bantamweight,blue,ronny-hauser,63a92ee1-aad6-48e7-bafb-0930dba5bbe5,,1.6764,29cm,-303,red,julian-valencia,20ccfd6e-add4-4ecf-9082-f2121706ea1f,,,,+214
bkfc-hammond,7,Main Card,Featured Fight,Bantamweight,blue,nate-maness,1a853180-cf19-4052-be6e-a0c602066b03,61.961,1.778,28cm,-526,red,tyler-randall,a490b0ba-d3a3-4500-9f2a-6e471b603eb3,,,,+335
bkfc-hammond,8,Main Card,Co-Main event,Middleweight,blue,cameron-vancamp,cb584899-4b9b-4166-b513-6c5100f1cd58,75.07,1.8796,30cm,-270,red,derrick-findley,888f626d-12ff-4f11-90fe-132ba679bf3e,,,,+194
bkfc-hammond,9,Main Card,Main event,Middleweight,blue,bryce-henry,2bd4e0aa-239a-49cf-a673-f0cd706ae0d8,165.0,75.0,30cm,-834,red,roderick-stewart,39009858-a16f-4c5f-892e-cd85b02bb821,,,,+465
bkfc-rome,1,Prelims,Undercard,Middleweight,blue,enzo-tobbia,2cf4d88b-c5dc-44d7-a55b-9789048f5bf6,84.459,1.7526,33cm,,red,ouadia-tergui,cabaac93-62ae-4604-a48e-f45b61d166bc,,,,
bkfc-rome,2,Prelims,Undercard,Cruiserweight,blue,ernesto-papa,91cdfe12-b483-42a7-b1cb-20c5a4cc960f,92.805,1.8288,33cm,,red,fred-sikking,a242a60a-2a41-4042-83b4-9d6c43683b51,,,,
bkfc-rome,3,Prelims,Undercard,,blue,andrea-bicchi,186ec3ec-7aa7-44e7-bc73-e8ddc8043836,92.079,1.8034,31cm,+101,red,tomas-melis,32189195-7aa8-40b1-971e-a7bd0259a5f1,,,,-134
bkfc-rome,4,Main Card,,Heavyweight,blue,haze-hepi,8567edaa-7918-4520-94f8-d2f55ea76b3d,122.742,1.905,34cm,-467,red,krzysztof-wisniewski,bf4eca11-d35c-47b9-9b98-32c622ae7e6b,,,,+306
bkfc-rome,5,Main Card,,Cruiserweight,blue,walter-pugliesi,b237dc88-81d7-40e5-9be3-d7267c3e59b2,92.533,1.778,32cm,+124,red,karl-thompson,00550a2c-463e-44a9-9191-a864fa4b8893,,,,-166
bkfc-rome,6,Main Card,,Featherweight,blue,dan-chapman,696c171b-d612-4751-ab10-7985dfb0f203,66.179,1.7018,28cm,-206,red,james-brown,0706c570-3584-48a1-879b-ee971e4a6f7c,,,,+152
bkfc-rome,7,Main Card,,Welterweight,blue,jimmy-sweeney,823bedfb-cd63-44ab-bad1-17f566aae126,74.208,1.7526,30cm,+187,red,carlos-trinidad,25dd1c85-a9a5-4581-b50f-022be038f983,,,,-259
bkfc-rome,8,Main Card,,Featherweight,blue,nico-gaffie,ae42a3b5-5542-46fc-99a3-c3f197462e94,66.224,1.6256,28cm,+122,red,jelle-zeegers,5a44fc4c-5e56-4366-ae06-d340c03fe69d,,,,-163
bkfc-rome,9,Main Card,Featured Fight,Middleweight,blue,francesco-ricchi,a0a39342-c784-406b-8658-1d00273a70b1,175.0,75.0,33cm,-594,red,josef-hala,c29744a9-596a-4640-b00b-14cdc4c9d035,,,,+367
bkfc-rome,10,Main Card,,Lightweight,blue,ben-bonner,93151b90-12f6-4310-b95a-ee16f62dc090,70.035,1.778,31cm,+107,red,franco-tenaglia,464496cf-4d2f-4876-9913-2ce931f7bfb4,,,,-143
bkfc-rome,11,Main Card,Championship Bout,Cruiserweight,blue,chris-camozzi,30dde676-b606-4679-85f6-a7c3f149ea0b,185.0,75.0,33cm,-240,red,alessio-sakara,bc83bd31-d3a3-4094-b12e-66a8af931442,,,,+175
bkfc-fight-night-michigan-rodriguez-vs-cavender,1,Prelims,Undercard,Lightweight,blue,paris-boyd,b861b8df-ec6b-4ae9-95ea-47b38709b6d8,,1.8288,30cm,-300,red,ruben-arroyo,abffbb00-380a-468d-a48b-d9639df2fe42,,,,+200
bkfc-fight-night-michigan-rodriguez-vs-cavender,2,Prelims,Undercard,Cruiserweight,blue,junior-hicks,ed680ddc-1073-4ebb-b295-d75cff4af2cd,,1.905,29cm,+200,red,aubrey-mendonca,64e15f8b-0b33-4681-a5b5-ab952fc2ea10,,,,-300
bkfc-fight-night-michigan-rodriguez-vs-cavender,3,Prelims,Undercard,Welterweight,blue,paul-schiller,b4fef686-c552-4f09-873a-abf908201b71,,1.8034,30cm,+132,red,casey-moses,ccb59256-daab-4898-b79e-cc720e7ab288,,,,-172
bkfc-fight-night-michigan-rodriguez-vs-cavender,4,Prelims,Undercard,Light Heavyweight,blue,eric-westbury,d97e403f-98f7-4f94-a5f2-8b4ea5021eb5,,1.8288,29cm,+100,red,oleg-magkeev,9ba879e0-a298-4593-9f75-1091ca5078c8,,,,-140
bkfc-fight-night-michigan-rodriguez-vs-cavender,5,Main Card,,Light Heavyweight,blue,terryl-johnson,631ced86-dacc-4c7d-8fba-414ddd87e9aa,,1.8034,32cm,+165,red,david-sanchez,148425a8-93ad-47b2-b3f1-40b5c01990d4,,,,-195
bkfc-fight-night-michigan-rodriguez-vs-cavender,6,Main Card,,Featherweight,blue,michael-hernandez,56af90fa-ff80-4278-9baa-686d70b74e0b,61.23,1.7,29cm,-200,red,antonio-castillo-jr,45b0ae2c-2312-428c-9906-5f6590c1e01d,,,,+150
bkfc-fight-night-michigan-rodriguez-vs-cavender,7,Main Card,,Bantamweight,blue,justin-street,75985490-141a-4834-9523-c5b4f9a06f7e,61.87,1.6764,29cm,-190,red,aj-craig,859bff1d-4398-43d5-863a-8f87f5835740,,,,+145
bkfc-fight-night-michigan-rodriguez-vs-cavender,8,Main Card,,Cruiserweight,blue,erick-lozano,bd19a914-b42a-43d5-92da-ce9996ffbff3,205.0,70.0,32cm,-225,red,tylor-sijohn,2fbf51a2-1478-4803-972c-3d097f34f704,,,,+160
bkfc-fight-night-michigan-rodriguez-vs-cavender,9,Main Card,,Light Heavyweight,blue,joseph-creer,8117b17d-ed33-4950-bc91-2388452086da,185.0,76.0,31cm,-170,red,taylor-bull,f289466c-7dcb-4118-866e-69197ca10684,,,,+130
bkfc-fight-night-michigan-rodriguez-vs-cavender,10,Main Card,Co-Main event,Featherweight,blue,nathan-rivera,f4e8bbe7-929a-4fea-8956-f087a063c34e,155.0,71.0,31cm,-325,red,tommy-strydom,3d589e5c-e847-4ad0-9aef-0582d044601e,,,,+215
bkfc-fight-night-michigan-rodriguez-vs-cavender,11,Main Card,Main event,Cruiserweight,blue,esteban-rodriguez,d5dcf20d-9b45-4d74-bbc1-0d5cff196ea0,210.0,76.0,30cm,-200,red,zac-cavender,17c0ef95-8812-4c43-beb2-861c492b0bfe,,,,+150
bkfc-84-palm-desert,1,Prelims,Undercard,Cruiserweight,blue,iman-williams,f0db69d5-a2bc-4bc0-80bf-bd20e151ed46,110.132,1.8796,32cm,-770,red,lewis-glover,1152da16-3e5a-47e7-9aca-ad90b6235741,,,,+441
bkfc-84-palm-desert,2,Prelims,Undercard,Heavyweight,blue,caleb-joseph-avila,9760fb32-e86b-4602-a810-a23401cbc846,121.018,1.8288,30cm,,red,juan-figuerva,34f2330f-da1e-4c8a-9004-adde1ce51b49,,,,
bkfc-84-palm-desert,3,Main Card,,Welterweight,blue,ryan-petersen,2038b794-fc7a-4a18-a789-894525353932,74.843,1.7526,30cm,-159,red,enkhtur-bayartsogt,552aa976-7ae3-4a2c-8b3b-c34b52bc8799,,,,+119
bkfc-84-palm-desert,4,Main Card,,Bantamweight,blue,david-diaz,1e0b8e36-e2bf-4230-9ac6-d3e82a715eff,135.0,65.0,,-244,red,justyn-martinez,699661df-990a-4ea8-9fc2-cd9eec7258b6,,,,+177
bkfc-84-palm-desert,5,Main Card,,Welterweight,blue,evgenii-kurdanov,d2871ea7-3f62-4350-a7f1-852b28f9e32d,74.843,1.71,30cm,-834,red,paulo-games,84ecd4f1-1e5b-436b-9dd1-5dee487f2e8f,,,,+465
bkfc-84-palm-desert,6,Main Card,,Light Heavyweight,blue,cody-vidal,b3d6c27a-48d4-443f-b66d-cab4b24e3687,205.0,70.0,32cm,+139,red,david-simpson,c01a158e-c64b-4a07-852c-86f60c3593e5,,,,-187
bkfc-84-palm-desert,7,Main Card,Featured Fight,Women Featherweight,blue,aspen-ladd,a92ad66d-51c9-4128-abd2-014be8e6f53e,,1.6764,27cm,-526,red,shyanna-bintliff,341e9304-277e-45b1-b04a-d38329aa3ae9,,,,+335
bkfc-84-palm-desert,8,Main Card,Co-Main event,Middleweight,blue,drew-stuve,fb600237-0f76-438b-bb31-506a07821d5f,75.16,1.8796,31cm,-455,red,zeb-vincent,d568c7d2-5ab0-4899-b744-f36cf99b0a0d,,,,+300
bkfc-84-palm-desert,9,Main Card,Main event,Light Heavyweight,blue,josh-dyer,c5dd048e-6bd6-44ab-b46d-0bde81378330,185.0,71.0,33cm,+175,red,lorenzo-the-juggernaut-hunt,3b7e8da2-1279-4f16-9160-bc6770d51634,,,,-240
bkfc-85-hollywood-palomino-vs-trout,1,Prelims,Undercard,Bantamweight,blue,ernesto-suarez,f520c3d4-370c-46d9-8189-a0c273b655ae,,1.7018,29cm,-222,red,angelo-colon,7cbc3645-518d-47f0-a464-27d222befda7,,,,+163
bkfc-85-hollywood-palomino-vs-trout,2,Prelims,Undercard,Welterweight,blue,peter-peraza,24fa75d3-e828-4c21-8c19-291d17de85d2,164.0,67.0,30cm,-323,red,famez,e945b129-e380-4485-a853-6968de1c417e,,,,+226
bkfc-85-hollywood-palomino-vs-trout,3,Prelims,Undercard,Bantamweight,blue,rambo,0e43b5d9-107e-4fb3-94c9-ecff10f7e791,135.0,65.0,29cm,-266,red,samuel-samples,09ca04a6-05d1-4f8b-8f38-3aba24e4904e,,,,+192
bkfc-85-hollywood-palomino-vs-trout,4,Main Card,,Lightweight,blue,gaston-reyno,a7458896-6a29-4826-9daf-82aefdccbc04,70.3,1.83,28cm,-400,red,dusty-sparks,babe706d-ec5d-4595-b3c6-6389ced63f17,,,,+270
bkfc-85-hollywood-palomino-vs-trout,5,Main Card,,Men Flyweight,blue,gee-perez,7bacf0f1-a46c-4a2a-a218-104892cce91f,165.0,68.0,31cm,-379,red,chancey-wilson,b5915360-b597-4ccf-9de2-3393f779724f,,,,+259
bkfc-85-hollywood-palomino-vs-trout,6,Main Card,,Lightweight,blue,howard-davis,95dfb866-614d-44ce-baca-bdc7a0d4289b,145.0,74.0,30cm,-266,red,ramiro-figueroa,6a2344e8-9851-4333-8e82-198b21ce9aac,,,,+192
bkfc-85-hollywood-palomino-vs-trout,7,Main Card,,Cruiserweight,blue,stephen-tomahawk-townsel,8174c614-5215-4a19-9ca0-87764cf520a2,205.0,74.0,34cm,+226,red,julio-perez-rodriguez,5b570628-00c4-46b7-a989-db1d2fafeb1c,,,,-323
bkfc-85-hollywood-palomino-vs-trout,8,Main Card,,Welterweight,blue,gorjan-gogo-slaveski,dda08c3f-89ce-4424-bd71-74594af5fe41,165.0,69.0,30cm,-435,red,jafar-fortt-knox,00370046-d968-4cdf-889d-7336cbebb418,,,,+289
bkfc-85-hollywood-palomino-vs-trout,9,Main Card,,Women Flyweight,blue,christine-vicens,0bec96fc-bb81-4dfa-91c0-988713597468,125.0,66.0,27cm,-594,red,carina-damm,67a4b095-f1f1-4c9a-bb76-6475e4b2d712,,,,+367
bkfc-85-hollywood-palomino-vs-trout,10,Main Card,,Heavyweight,blue,leonardo-perdomo,c36806b6-55e7-41f6-b359-16b80e629be5,253.0,71.0,33cm,-4685,red,cory-willis,c3bc6ec7-eae0-4f55-9874-54b68b41fde8,,,,+999
bkfc-85-hollywood-palomino-vs-trout,11,Main Card,Championship Bout,Bantamweight,blue,justin-ibarrola-sanchez,49d13160-7e2e-40da-a49a-c9f79fa31e9e,135.0,67.0,28cm,-250,red,royal-ryan-reber,e363764e-95c7-488a-b834-0541595ec9f3,,,,+181
bkfc-85-hollywood-palomino-vs-trout,12,Main Card,Main event,Lightweight,blue,austin-trout,e3e226e0-ab3c-42f0-8065-52832f0a3ab5,165.0,70.0,30cm,-400,red,luis-baboon-palomino,f5cac268-2f02-44d3-9c0e-629399487752,,,,+270
bkfc-fight-night-derby,1,Prelims,Undercard,Lightweight,blue,luke-steele,90981e6a-aee1-449e-aa39-597e05c4f4fd,,1.8288,22cm,,red,will-smith,b78df011-2f7e-4394-b629-0620e3e84ec3,,,,
bkfc-fight-night-derby,2,Prelims,Undercard,Strawweight,blue,meghan-oneill,fdd95f46-f4e1-4b49-988d-c5d1c6959b69,,1.5748,25cm,,red,terri-diamond,bcd72f1a-8344-4f14-9141-6a1b004f1226,,,,
bkfc-fight-night-derby,3,Prelims,Undercard,Light Heavyweight,blue,ricky-nelder,4d513c6a-8277-44ee-995b-c8d0f0341619,92.986,1.8034,25cm,-208,red,danny-leadbetter,1c6b1dc3-1a70-4601-b451-699f6d81075a,,,,+154
bkfc-fight-night-derby,4,Main Card,,Lightweight,blue,tommy-carus,1598435d-98f4-43ce-93f5-e063c257cf60,,1.8288,30cm,,red,tommy-hawthorn,c7debc22-a05c-426a-92dc-01a79740ef53,,,,
bkfc-fight-night-derby,5,Main Card,,Middleweight,blue,cory-hardy,f01bfe09-6085-481f-8086-0ec7d73f32f2,,1.8288,30cm,-180,red,leigh-cohoon,624a4788-4426-4eb1-874e-3893bff5f48b,,,,-248
bkfc-fight-night-derby,6,Main Card,,Middleweight,blue,liam-hutchinson,5697c04d-82e3-4353-86d4-88e32c391c01,83.9,1.8288,30cm,,red,luke-brassfield,73f334af-dbc7-45aa-9dee-bbabd0d3302d,,,,
bkfc-fight-night-derby,7,Main Card,,Middleweight,blue,simeon-ottley,9c74734b-9395-429d-b228-b65700020145,79.016,1.7272,29cm,+123,red,oskar-smykiel,d88903ae-5d9c-4f5c-bf92-fb2723c45949,,,,-164
bkfc-fight-night-derby,8,Main Card,,Featherweight,blue,robbie-brown,d513c910-4aad-41df-bac3-c9ef2041eddd,61.235,1.6764,28cm,-141,red,lewis-knox,37ed2d94-469e-45b4-8dc8-cda3fd088972,,,,+106
bkfc-fight-night-derby,9,Main Card,Featured Fight,Welterweight,blue,paul-cook,5d912f18-43af-4749-b964-b7ad247012f6,73.119,1.778,30cm,-130,red,matthew-wiwczaryk,5ba43201-69d5-4c99-ba81-3c2d0d9ca218,,,,+102
bkfc-fight-night-derby,10,Main Card,Co-Main event,Bantamweight,blue,bradley-taylor,07fa23b4-151f-4a04-bcda-d0349224e814,61.235,1.7526,22cm,-313,red,brian-hyslop,390c41ca-dfc1-4d0c-b003-eaedfa56fb39,,,,+220
bkfc-fight-night-derby,11,Main Card,Championship Bout,Light Heavyweight,blue,conor-cooke,16700b4f-e3e1-4fd1-a886-dcc498f74e2b,84.368,1.905,32cm,-173,red,anthony-holmes,d38fa61f-5e93-4883-9e4c-c9bc17217ea3,,,,+129
bkfc-fight-night-mohegan-sun,1,Prelims,Undercard,Lightweight,blue,travis-demko,6455471f-847b-491e-ac65-cbe82545abdc,,1.7272,29cm,,red,ashton-caniglia,0a4e4354-3659-42c4-b7b4-f2a7bfd1842d,,,,
bkfc-fight-night-mohegan-sun,2,Prelims,Undercard,Heavyweight,blue,guilherme-vianna,95062021-8831-43f5-b46e-5012bc10ac9a,,1.9304,34cm,-233,red,aleem-whitfield,61ec26d1-61f8-4151-97b2-2d8e6d89d308,,,,+170
bkfc-fight-night-mohegan-sun,3,Main Card,,Lightweight,blue,rico-disciullo,b104fda3-a6f3-4f70-90a4-085365fa0af3,140.0,68.0,28cm,-259,red,braeden-kuykendall,1c126323-38cb-4517-8b43-7f1e17dfef0e,,,,+187
bkfc-fight-night-mohegan-sun,4,Main Card,,Strawweight,blue,crystal-van-wyk,f6b5f357-898c-4356-99d4-00f417a27dee,51.619,1.5748,25cm,-240,red,gabrielle-roman,b1efa93d-2898-4c31-a0e8-11e4ad81e1fa,,,,+175
bkfc-fight-night-mohegan-sun,5,Main Card,,Bantamweight,blue,lardy-navarro,091c77bd-9213-4e57-be89-40272a9a2556,145.0,0.0,28cm,-298,red,anthony-sanchez,8e89eecf-8f78-4d12-b8c0-4e450b1d6304,,,,+211
bkfc-fight-night-mohegan-sun,6,Main Card,,Middleweight,blue,gary-balletto-iii,9de871e8-2bbe-435a-aedf-85d6ba14bbd5,83.688,1.8034,30cm,-467,red,skyler-mauler,6b88f305-2a0c-4217-a9c5-9679e9472aa4,,,,+306
bkfc-fight-night-mohegan-sun,7,Main Card,,Lightweight,blue,peter-barrett,3afa0aaa-91f5-488f-8267-605ccf7ce4ea,69.853,1.778,30cm,-839,red,tony-pike,7886bdaf-dd6c-4b1e-b750-e5a7cf869bac,,,,+466
bkfc-fight-night-mohegan-sun,8,Main Card,Co-Main event,Middleweight,blue,pat-casey,783efff5-9656-4216-a748-dc740c49c0f9,190.0,68.0,30cm,+107,red,david-sanchez,148425a8-93ad-47b2-b3f1-40b5c01990d4,,,,-143
bkfc-fight-night-mohegan-sun,9,Main Card,Main event,Heavyweight,blue,parker-porter,699b4dfb-0394-4239-a98a-1c825f783d4b,245.0,72.0,33cm,-143,red,anthony-garrett,4e77927f-d90d-421c-b4d3-c07deeed2bc5,,,,+107
bkfc-86-mohegan-sun-lane-vs-pague,1,Prelims,Undercard,Bantamweight,blue,jared-lennon,a87ae480-e1bc-4b08-b668-0f30188e0057,61.462,1.778,27cm,-227,red,chachi-versace,906ebe51-5189-4bfd-91c0-759cebcd0566,,,,+166
bkfc-86-mohegan-sun-lane-vs-pague,2,Prelims,Undercard,Featherweight,blue,zach-pannell,a6465104-f410-4954-8fe9-09b19cffc4a5,154.0,66.0,31cm,+214,red,brandon-meneses,18d76311-77c5-4307-93fe-4e2d00aa8252,,,,-303
bkfc-86-mohegan-sun-lane-vs-pague,3,Main Card,,Featherweight,blue,joey-gambino,57189ec3-4048-4851-a8e4-288ff9576cee,,1.7272,29cm,-189,red,kurtis-ellis---no-id,9256a143-c9c7-438b-90c8-31ab7e1481ad,,,,+140
bkfc-86-mohegan-sun-lane-vs-pague,4,Main Card,,Welterweight,blue,nate-ghareeb,dbf546f9-9667-4942-a2f2-1982dd02a23c,,1.7272,28cm,-909,red,trey-martin,5407199f-b039-4d4d-8e5a-05e3f920d3f8,,,,+491
bkfc-86-mohegan-sun-lane-vs-pague,5,Main Card,,Heavyweight,blue,ras-hylton,d4f0bf01-2c8a-45ea-bc99-8ef6a8ceba46,,1.9812,34cm,+240,red,branko-busick,a6f50c68-3463-4c7d-9b79-2e7e2f28eed5,,,,-346
bkfc-86-mohegan-sun-lane-vs-pague,6,Main Card,,Heavyweight,blue,guilherme-vianna,95062021-8831-43f5-b46e-5012bc10ac9a,,1.9304,34cm,-588,red,juan-figuerva,34f2330f-da1e-4c8a-9004-adde1ce51b49,,,,+364
bkfc-86-mohegan-sun-lane-vs-pague,7,Main Card,,Lightweight,blue,rico-disciullo,b104fda3-a6f3-4f70-90a4-085365fa0af3,140.0,68.0,28cm,-934,red,ashton-caniglia,0a4e4354-3659-42c4-b7b4-f2a7bfd1842d,,,,+500
bkfc-86-mohegan-sun-lane-vs-pague,8,Main Card,Featured Fight,Welterweight,blue,dalvin-blair,10339ab0-f82d-4fd8-b0b3-31a651490a43,76.476,1.8034,32cm,-110,red,ramiro-figueroa,6a2344e8-9851-4333-8e82-198b21ce9aac,,,,-120
bkfc-86-mohegan-sun-lane-vs-pague,9,Main Card,Co-Main event,Bantamweight,blue,jamel-herring,7ab0c072-60e6-4b74-8c61-af5f736fbad9,,1.778,30cm,-1000,red,matt-guymon,fd0375f8-ae79-45ab-9d2b-93e79b4da450,,,,+522
bkfc-86-mohegan-sun-lane-vs-pague,10,Main Card,Championship Bout,Welterweight,blue,julian-lane,db5938a5-558a-491a-a9a0-5b738fd0075a,175.0,69.0,30cm,-110,red,dustin-pague,b4cd55c4-f9cb-48e3-ba1f-a8598f3f93ab,,,,-120
knucklemania-vi,1,Prelims,Undercard,Bantamweight,blue,travis-thompson,1cdf04cc-7a87-470a-a4a7-607bcba7ff6c,135.0,66.0,,-128,red,joshua-oxendine,67d0cfce-d6f4-444e-b88b-2b624d0f39ee,,,,-104
knucklemania-vi,2,Prelims,Undercard,Middleweight,blue,christian-fayne,8245c397-08ed-4242-9d6e-b874427d2784,,1.8288,32cm,+100,red,brett-shoenfelt,2f560fad-01ba-4e4e-a154-74ff60ee5cd6,,,,+100
knucklemania-vi,3,Prelims,Undercard,Cruiserweight,blue,lex-ludlow,aac01243-d668-4aa8-aee6-cd4975b430eb,230.0,71.0,31cm,-324,red,zach-calmus,8f1d28b0-33e7-4265-ac61-7d11723e3245,,,,+227
knucklemania-vi,4,Main Card,,Lightweight,blue,zedekiah-montanez,fe66d900-c789-44f3-93ca-c9789623bb53,160.0,68.0,30cm,-125,red,brandon-meyer,079b4f1d-f73b-4845-a163-1793aa2dc1d5,,,,-106
knucklemania-vi,5,Main Card,,Middleweight,blue,cody-russell,69ba2c2a-165c-44f1-909f-aa7f3b6aad42,175.0,69.0,32cm,-345,red,harrison-aiken,0ec8e3b3-ee2b-4a92-8b1f-97d2eeb2a454,,,,+249
knucklemania-vi,6,Main Card,,Featherweight,blue,pat-sullivan,064f4124-f1fc-4885-a1a2-7e60c733bc6d,165.0,72.0,29cm,-900,red,felony-charles-bennett,29f879ba-b752-4f10-a474-47e60f0ebaa0,,,,+488
knucklemania-vi,7,Main Card,,Middleweight,blue,mike-richman,b8e3c53e-a914-43e8-90fd-acaeaf05c1f7,175.0,68.0,35cm,-524,red,joe-elmore,7251f411-9e2e-471d-9037-4098a9607bfa,,,,+334
knucklemania-vi,8,Main Card,,Women Bantamweight,blue,jade-masson-wong,a6a478f4-a13c-4859-ba4e-a2b4684bc143,125.0,64.0,,-197,red,crystal-pittman,01fb7b9d-da43-4867-ab1b-355398abf729,,,,+146
knucklemania-vi,9,Main Card,,Heavyweight,blue,pat-brady,f182b6bf-3ef8-4f02-ae8d-2cb4db39ce73,230.0,72.0,36cm,-160,red,bear-hill,e4d2385c-5981-46ae-b667-9afd4f6ca6d5,,,,+120
knucklemania-vi,10,Main Card,,Lightweight,blue,ben-bonner,93151b90-12f6-4310-b95a-ee16f62dc090,70.035,1.778,31cm,-143,red,tony-soto,ad7c59c1-ebc8-4973-994b-86af487b31fe,,,,+107
knucklemania-vi,11,Main Card,Featured Fight,Middleweight,blue,john-garbarino,8ef61fed-3dc9-4366-bdab-0bf35af77413,185.0,70.0,29cm,-1003,red,kaine-tomlinson-jr,bfc8f9d6-9b43-482d-8ef5-4ff35a459657,,,,+522
knucklemania-vi,12,Main Card,Co-Main event,Cruiserweight,blue,lorenzo-the-juggernaut-hunt,3b7e8da2-1279-4f16-9160-bc6770d51634,185.0,72.0,32cm,-368,red,david-mundell,d264f058-b892-4500-8a24-68c92659fdb0,,,,+252
knucklemania-vi,13,Main Card,Championship Bout,Heavyweight,blue,ben-rothwell,7f1d6f90-1b56-4403-b536-cd972a8d01df,265.0,76.0,35cm,-185,red,andrei-arlovski,18d4b67e-cd59-4b30-9094-dfc6daf90670,,,,+138
bkfc-fight-night-newcastle-2,1,Prelims,Undercard,Lightweight,blue,stew-martin,624c8d6c-2a7d-4ec6-bf5b-fe711e88e099,,1.7526,29cm,+100,red,jordan-burnett,573a5d40-3610-4071-ac37-31599433e7a1,,,,+100
bkfc-fight-night-newcastle-2,2,Prelims,Undercard,Featherweight,blue,jeff-saunders,37cb694b-ffe3-442a-b68a-175c7792999d,,1.7526,28cm,-266,red,bartek-kanabey,1efcd8b2-d532-4c0b-be1f-bef190e7752a,,,,+192
bkfc-fight-night-newcastle-2,3,Prelims,Undercard,Heavyweight,blue,james-walker,84a3adce-0caf-41b9-9a55-c199e927af98,95.0,1.9812,34cm,,red,mohammed-saleem,11aadd24-d854-4fdf-bb88-e8a1ba6ea4ac,,,,
bkfc-fight-night-newcastle-2,4,Main Card,,Welterweight,blue,liam-dooley,cef20ff2-ff0c-49c0-b701-0e8eba7bd02a,76.113,1.778,29cm,+175,red,mikey-henderson,f12e61e8-6ac8-478b-b1f7-9f01ed109c2b,,,,-240
bkfc-fight-night-newcastle-2,5,Main Card,,Welterweight,blue,james-lilley,85b94759-f2a0-4254-b515-85a267e5f005,155.0,70.0,27cm,,red,yannick-van-dinther,1cb2f242-077d-4465-a08e-2d6e7dc3be5f,,,,
bkfc-fight-night-newcastle-2,6,Main Card,,Lightweight,blue,lewis-keen,b1b5931b-8e2a-41cc-b1df-a5331b1d7a7b,69.672,1.7526,30cm,-160,red,jon-telfer,9cd7d36b-1d94-4607-b330-bb21ea0fc45a,,,,+120
bkfc-fight-night-newcastle-2,7,Main Card,,Cruiserweight,blue,dec-spelman,6fcde448-d607-4698-84b7-d7fde337a51b,87.997,1.8288,30cm,,red,johnny-redmond,998c1845-0d2e-4a36-8bef-f349347ec7df,,,,
bkfc-fight-night-newcastle-2,8,Main Card,,Middleweight,blue,jack-cullen,6a7334f0-0b2a-49e6-a239-39d029709303,79.379,1.905,26cm,-650,red,marley-churcher,3e581aa0-f608-43fd-a239-a793f9cc9c88,,,,+392
bkfc-fight-night-newcastle-2,9,Main Card,,Middleweight,blue,joe-lister,061a1fa7-a45c-48ff-ab9f-01a589208dd4,83.9,1.8288,31cm,-1003,red,danny-wall,4c8a243a-a3ad-4e9d-b144-e860f9b4d95e,,,,+522
bkfc-fight-night-newcastle-2,10,Main Card,,Bantamweight,blue,lewis-garside,7831252c-9610-477d-bf4d-c19f01020558,61.0,1.651,28cm,-139,red,kieron-sewell,49874e5c-703a-434c-ae22-e35230703c0c,,,,+105
bkfc-fight-night-newcastle-2,11,Main Card,Featured Fight,Heavyweight,blue,gzim-selmani,0a668dce-fd7e-4ca5-b2e8-38d6d931c70e,,1.905,36cm,-298,red,daniel-curtin,dd1a18cd-2475-4ecf-b9c3-38af5e4aa44b,,,,+211
bkfc-fight-night-newcastle-2,12,Main Card,Co-Main event,Light Heavyweight,blue,matty-hodgson,eb6e7f90-3799-4e95-9667-73781101f527,84.459,1.8542,32cm,-211,red,sean-weir,ed6710a2-dba0-4edd-830f-27b6118493e5,,,,+155
bkfc-fight-night-newcastle-2,13,Main Card,Championship Bout,Heavyweight,blue,mick-terrill,b7617276-f3c7-4770-9ab6-9903247c0d3a,265.0,75.0,,-240,red,ghost-mcfarlane,ec79488f-d4d5-4eaf-9d0d-866a19750f85,,,,+175
bkfc-87-hollywood,1,Prelims,Undercard,Bantamweight,blue,ernesto-suarez,f520c3d4-370c-46d9-8189-a0c273b655ae,,1.7018,29cm,-190,red,victor-flor,0b309938-9a73-4d17-9bae-604a28b8a9e7,,,,+145
bkfc-87-hollywood,2,Prelims,Undercard,Heavyweight,blue,nicholas-blume,c750a47d-9ea3-40ac-93d5-28038a6ca371,260.0,74.0,32cm,-300,red,alex-davis,a05972b6-7347-41ef-8440-de086c2691e1,,,,+200
bkfc-87-hollywood,3,Prelims,Undercard,Men Flyweight,blue,chris-garcia,29260c22-c574-41ab-9632-53ca9c036d2c,135.0,68.0,29cm,-900,red,chancey-wilson,b5915360-b597-4ccf-9de2-3393f779724f,,,,+500
bkfc-87-hollywood,4,Main Card,,Bantamweight,blue,jancarlos-rivera,89786b0f-10f0-4482-866a-50e1c5b4d030,125.0,63.0,26cm,-250,red,samuel-samples,09ca04a6-05d1-4f8b-8f38-3aba24e4904e,,,,+170
bkfc-87-hollywood,5,Main Card,,Bantamweight,blue,armando-aj-rodriguez,5f546579-efdd-4628-ae0e-36575973d7be,135.0,70.0,29cm,-400,red,robert-armas,b957cd8a-6dfb-4b26-9691-3018bf50601b,,,,+250
bkfc-87-hollywood,6,Main Card,,Cruiserweight,blue,jeremy-smith,0f31c84a-7946-499e-8c1e-f307cab236db,185.0,70.0,,+150,red,donald-sanchez,c657e7e7-f842-4225-b1cd-6fbc7c7439ca,,,,-200
bkfc-87-hollywood,7,Main Card,,Light Heavyweight,blue,sabah-homasi,3c67f041-9b72-4b2c-9153-0f42da4210f9,79.651,1.8288,32cm,-500,red,leonel-carrera,071417f5-18e4-4496-95bd-db0fb4ffea01,,,,+300
bkfc-87-hollywood,8,Main Card,,Strawweight,blue,rosalinda-rodriguez,a3aab742-2f66-4fbc-839e-9192166870c3,56.608,1.61,26cm,-300,red,shelby-cannon,75089f03-a432-4bc2-b4eb-0d933595f4cf,,,,+200
bkfc-87-hollywood,9,Main Card,Featured Fight,Featherweight,blue,bryan-duran,58efbc14-5e7f-4e18-97f0-531fadd8ae0b,155.0,67.0,34cm,-700,red,derek-perez,dc202ad6-c181-4608-87c1-eeaa43c405ee,,,,+400
bkfc-87-hollywood,10,Main Card,Co-Main event,Heavyweight,blue,leonardo-perdomo,c36806b6-55e7-41f6-b359-16b80e629be5,253.0,71.0,33cm,"-4,000",red,rashad-coulter,bd1606fb-e92b-4b40-817c-c03835781b4e,,,,"+1,600"
bkfc-87-hollywood,11,Main Card,Championship Bout,Featherweight,blue,kai-stewart,9aeefe1b-fae9-497d-874a-abb5444b80cb,145.0,66.0,28cm,-400,red,nico-gaffie,ae42a3b5-5542-46fc-99a3-c3f197462e94,,,,+250
bkfc-fight-night-mohegan-sun-porter-vs-watson,1,Prelims,Undercard,Women Bantamweight,blue,sophia-hayes,65c15557-40cf-4644-8763-140b602f8c8a,,1.6764,27cm,-150,red,nadia-moreno,9c3b72f9-623b-40c9-b1b5-b812777b1473,,,,+110
bkfc-fight-night-mohegan-sun-porter-vs-watson,2,Prelims,Undercard,Cruiserweight,blue,david-burke,7a0aa1b0-fab1-4ac1-a6ea-6205a4342c19,,1.8288,33cm,+112,red,david-sanchez,148425a8-93ad-47b2-b3f1-40b5c01990d4,,,,-149
bkfc-fight-night-mohegan-sun-porter-vs-watson,3,Prelims,Undercard,Welterweight,blue,isaiah-williams,282f4b45-9a07-48af-b184-4b56b8442073,,1.778,31cm,+200,red,joshua-whiteside,6bd067ed-8df6-48a7-bba3-2091aad7d845,,,,-300
bkfc-fight-night-mohegan-sun-porter-vs-watson,4,Main Card,,Cruiserweight,blue,joseph-peters,2b7676da-e212-48d3-8866-22766d0e6f87,84.368,1.8034,31cm,-150,red,maurice-horne,03cacf17-8ff2-4661-93fa-ae611af949e5,,,,+110
bkfc-fight-night-mohegan-sun-porter-vs-watson,5,Main Card,,Heavyweight,blue,guilherme-vianna,95062021-8831-43f5-b46e-5012bc10ac9a,,1.9304,34cm,-400,red,joseph-white,604618e1-5d18-43e6-b2ea-f906e6d1d875,,,,+250
bkfc-fight-night-mohegan-sun-porter-vs-watson,6,Main Card,,Women Flyweight,blue,alexandra-ballou,963349ad-d1a5-4d65-b03b-fd08d93959d4,,1.7018,26cm,-250,red,taylor-dagner,819a5ff2-b71f-43d6-82fb-23a9d9f5d25f,,,,+170
bkfc-fight-night-mohegan-sun-porter-vs-watson,7,Main Card,,Middleweight,blue,gary-balletto-iii,9de871e8-2bbe-435a-aedf-85d6ba14bbd5,83.688,1.8034,30cm,-500,red,adam-de-freitas,c8f58626-42b8-4ac2-9813-98fd62b39f17,,,,+300
bkfc-fight-night-mohegan-sun-porter-vs-watson,8,Main Card,,Featherweight,blue,harry-gigliotti,9ba715a1-8150-411f-ab5a-6ce10f1092ab,,1.778,28cm,-300,red,timmy-mason,66654405-f373-412d-9735-844128f3eb83,,,,+200
bkfc-fight-night-mohegan-sun-porter-vs-watson,9,Main Card,Featured Fight,Lightweight,blue,rico-disciullo,b104fda3-a6f3-4f70-90a4-085365fa0af3,140.0,68.0,28cm,-700,red,elijah-harris,06cf361b-c059-4c02-9ece-5fce036bb18f,,,,+400
bkfc-fight-night-mohegan-sun-porter-vs-watson,10,Main Card,Co-Main event,Middleweight,blue,pat-casey,783efff5-9656-4216-a748-dc740c49c0f9,190.0,68.0,30cm,-270,red,zeb-vincent,d568c7d2-5ab0-4899-b744-f36cf99b0a0d,,,,+180
bkfc-fight-night-mohegan-sun-porter-vs-watson,11,Main Card,,Heavyweight,blue,parker-porter,699b4dfb-0394-4239-a98a-1c825f783d4b,245.0,72.0,33cm,-400,red,haze-wilson,0656564e-5a80-492e-9b81-95af6b22754d,,,,+250
bkfc-hawaii,1,Prelims,Undercard,Cruiserweight,blue,vincent-aragona,07593bd1-a0e1-41a3-a886-fd5af674f525,,,,,red,simeon-crawford,a9b4759f-02db-4f81-8fa1-2de43db33e46,,,,
bkfc-hawaii,2,Prelims,Undercard,Welterweight,blue,jerome-macalino,d4144c1b-44f8-4ba4-aa2c-495cc1872ec9,,,,,red,pono-enos,2741c44e-088c-4b98-a75d-95b2824c2b2f,,,,
bkfc-hawaii,3,Prelims,Undercard,Welterweight,blue,joseph-calarruda,2df0b6b9-704e-441a-b4ff-a9815484cffb,,,,,red,fatu-tuitasi,7ae6e0bb-da5c-4675-8a3a-d1af5870a3d2,,,,
bkfc-hawaii,4,Prelims,Undercard,Lightweight,blue,nicholas-saragosa,123ad410-fcf4-44da-b5df-ea439f0cda7e,,,,,red,kaylan-gorospe,5133d362-124c-48e6-b293-4a6ac005f9ee,,,,
bkfc-hawaii,5,Main Card,,Bantamweight,blue,maika-samson,30c61383-a49c-42d0-b22c-9e8957bd0fe8,,1.7272,28cm,,red,nalu-cenal,036b0252-598e-4ec1-9b1e-83e727da17fb,,,,
bkfc-hawaii,6,Main Card,,,blue,hazel-naheinaena,0110759b-609c-4d0e-af34-1bec5eff4f6b,,1.7018,27cm,,red,kat-rabellizsa,1852ef07-9eba-439e-875a-8c3827df7a67,,,,
bkfc-hawaii,7,Main Card,,Middleweight,blue,randy-kamaiopili-jr,79755181-ee90-4e45-828e-7495e41094d2,,1.6764,28cm,,red,shiro-hitto,3b933f84-6299-4baa-bb39-93609b6155c7,,,,
bkfc-hawaii,8,Main Card,,Light Heavyweight,blue,namakana-pakala,cbd682b6-89da-4d6d-92ed-d32b3185362f,,1.8288,29cm,,red,chris-cisneros,c17a8de6-3d44-438e-8ef8-e28b16e0d648,,,,
bkfc-hawaii,9,Main Card,,Lightweight,blue,jovan-alayon,849c7319-5cae-46f2-8287-e7add765217d,,1.778,30cm,,red,christopher-inocencio,cc7a1142-3d5e-48f7-8de1-40f9d227a2d5,,,,
bkfc-hawaii,10,Main Card,,Welterweight,blue,zach-zane,7983e2e9-b26c-4f47-b847-941b1a47c3c6,170.0,70.0,31cm,,red,justin-cornell,b92464d8-7990-4045-ac10-88a5d96e4641,,,,
bkfc-hawaii,11,Main Card,Featured Fight,Featherweight,blue,toby-misech,4c6caef3-06c8-4fef-8285-aff2d3809e42,,1.7272,29cm,,red,felony-charles-bennett,29f879ba-b752-4f10-a474-47e60f0ebaa0,,,,
bkfc-hawaii,12,Main Card,,Light Heavyweight,blue,kealii-kanekoa-2,231e99d4-bd91-4b87-9a9e-10007af9f21d,,1.8796,32cm,,red,joseph-creer,8117b17d-ed33-4950-bc91-2388452086da,,,,
bkfc-hawaii,13,Main Card,,Middleweight,blue,maki-pitolo,bb3a092f-3402-40a1-b16a-bbea6452ecdf,,1.778,30cm,,red,doug-coldred-coltrane,74cbdd70-a5d8-45bf-848b-9e050d1f12fc,,,,
bkfc-denver,1,Prelims,Undercard,Lightweight,blue,matt-maestas,b1c842db-5f99-413f-97f5-ad818b5e22ff,183.0,71.0,31cm,-182,red,ruben-arroyo,abffbb00-380a-468d-a48b-d9639df2fe42,,,,+135
bkfc-denver,2,Prelims,Undercard,Men Flyweight,blue,angelo-trujillo,5ca68570-fef1-441c-a7e1-e1de65329ee6,56.0,1.72,,+143,red,anthony-yost,ecd0a6e9-5b6e-409e-9b4a-a39ed4b29e05,,,,-192
bkfc-denver,3,Main Card,,Men Flyweight,blue,octavin-turner,8477b1ff-325b-4372-8497-0167b47a9a09,,1.7018,27cm,-240,red,joby-steffensmeier,cfb522d5-8611-4194-bbfc-88b736cfd337,,,,+175
bkfc-denver,4,Main Card,,Cruiserweight,blue,deron-winn,5d5b67b5-a585-48af-8cd0-e6a37da18cad,,1.6764,,-172,red,erick-lozano,bd19a914-b42a-43d5-92da-ce9996ffbff3,,,,+129
bkfc-denver,5,Main Card,,Welterweight,blue,andrew-yates,bc9548e2-b4bf-47d6-bd56-a49e79678512,165.0,70.0,30cm,+121,red,rodney-hinton,2fdb5612-6ba4-4216-8623-99e7281904ef,,,,-161
bkfc-denver,6,Main Card,,Cruiserweight,blue,josh-fremd,711daa8c-8b33-441e-b52a-c91467ade8aa,,1.9558,30cm,-930,red,jared-torgeson,178cc65d-8d17-4401-867a-6db9c563be21,,,,+498
bkfc-denver,7,Main Card,Featured Fight,Heavyweight,blue,josh-copeland,5d5496f8-904e-45f9-a7d5-740114a8aec3,260.0,73.0,34cm,-189,red,cory-willis,c3bc6ec7-eae0-4f55-9874-54b68b41fde8,,,,+140
bkfc-denver,8,Main Card,Co-Main event,Lightweight,blue,ramiro-figueroa,6a2344e8-9851-4333-8e82-198b21ce9aac,69.763,1.8034,29cm,-278,red,elvin-brito,24688b86-dc55-452a-b371-1587f64b7780,,,,+199
bkfc-denver,9,Main Card,Championship Bout,Cruiserweight,blue,chris-camozzi,30dde676-b606-4679-85f6-a7c3f149ea0b,185.0,75.0,33cm,-182,red,esteban-rodriguez,d5dcf20d-9b45-4d74-bbc1-0d5cff196ea0,,,,+135
bkfc-australia-2,1,Prelims,Undercard,Heavyweight,blue,darcy-braine,5d7e0866-d59e-4a12-90af-90e61f634d5c,,2.0066,35cm,,red,ritchie-faoso,0fcdc486-6aaf-4fe1-acb8-cfc80fbf2b17,,,,
bkfc-australia-2,2,Prelims,Undercard,Light Heavyweight,blue,sebastian-temesi,5b3bb0fb-446f-4a81-b93c-a74910e0b63e,,1.8288,32cm,,red,alvin-kanehailua,cde395fb-1bbf-49b6-b5d7-d20313db4e41,,,,
bkfc-australia-2,3,Prelims,Undercard,Middleweight,blue,chris-drummond,05f9c97e-16b5-4a33-a2f8-9545b966a495,,1.778,29cm,,red,asher-jack,6863b214-2b25-4a6c-bede-f2112a974f7e,,,,
bkfc-australia-2,4,Main Card,,Heavyweight,blue,patrick-tolone,6afe36a8-f763-451e-8a22-8f099dd313b2,,1.8796,34cm,-200,red,fetongi-tuinauvai,8a0ae46f-cbb9-4ce7-91a6-db86e28d836f,,,,+150
bkfc-australia-2,5,Main Card,,Lightweight,blue,cooper-clarke,d8faf848-82d4-4bd6-83d8-698ff5e86d10,,1.7526,23cm,-145,red,ryan-winnett,2a904be8-5762-4aa8-92e9-efd1169f08f3,,,,+105
bkfc-australia-2,6,Main Card,,Lightweight,blue,luke-bampton,9939af05-0252-4ceb-8a42-83f2eef88838,,1.651,28cm,-145,red,hunter-ioane,15ef6285-ce42-40be-82a1-2b008ca391d7,,,,+105
bkfc-australia-2,7,Main Card,,Middleweight,blue,brayden-marzona,67d6f6d1-bf0a-43ce-936e-4b887f584220,,1.778,24cm,-120,red,boaz-kapua,33404138-3475-4144-b553-0f8f507e09cd,,,,-120
bkfc-australia-2,8,Main Card,,Welterweight,blue,josh-kuhne,13dd79b4-992a-41af-acf9-d8f9747a1d87,,1.778,32cm,+125,red,mick-whitehead,27d2d656-6cda-4d7c-89de-172fec3d2ee3,,,,-165
bkfc-australia-2,9,Main Card,Co-Main event,Heavyweight,blue,mark-flanagan,48aee5f5-085b-4e2d-8080-0ecb5c4a584b,,1.8542,35cm,+159,red,dilan-prasovic,203fee21-9733-459f-99cd-888be817390a,,,,-200
bkfc-australia-2,10,Main Card,Main event,Heavyweight,blue,haze-hepi,8567edaa-7918-4520-94f8-d2f55ea76b3d,122.742,1.905,34cm,-120,red,krzysztof-wisniewski,bf4eca11-d35c-47b9-9b98-32c622ae7e6b,,,,-120
bkfc-clearwater,1,Prelims,Undercard,Lightweight,blue,thomas-jungle,d5c4ce63-3e6c-4606-ac0f-1258c13aca34,,1.778,30cm,-120,red,anthony-grubbs,fea0768e-05ca-40ff-9ee7-73cef6100262,,,,-120
bkfc-clearwater,2,Prelims,Undercard,Men Flyweight,blue,chachi-versace,906ebe51-5189-4bfd-91c0-759cebcd0566,135.0,66.0,30cm,+110,red,gabriel-hernandez,ee67054b-413f-4dfa-acc2-c561cf235e09,,,,-150
bkfc-clearwater,3,Prelims,Undercard,Heavyweight,blue,terry-williams,fbbcc1db-9757-4002-93d8-0eaa00f98377,,1.8796,35cm,+120,red,dexter-carthon,2e1ac538-7838-4f03-9531-e2a59f2a79a4,,,,-160
bkfc-clearwater,4,Main Card,,Lightweight,blue,jason-dinunzio,fb470314-840c-4173-9fb3-e2f1a35c1901,,1.7526,31cm,-135,red,anthony-foye,47021bca-45d3-4a16-bcb5-0b83ed541924,,,,-105
bkfc-clearwater,5,Main Card,,Middleweight,blue,frankie-solomon,0c5c688d-5bf1-4b13-af1e-ea6445d0a2b0,,1.8034,30cm,-120,red,rickie-mcconnicio,a6c90844-738e-4766-8bc1-d57817443fab,,,,-120
bkfc-clearwater,6,Main Card,,Featherweight,blue,brandon-allen,626945fb-1e3d-4c33-bbfb-eaade26e22ec,145.0,69.0,28cm,-300,red,lukas-jones,4795147f-8bed-4e01-a594-7d51ec251feb,,,,+200
bkfc-clearwater,7,Main Card,,Welterweight,blue,mike-heckert,2c529161-3570-464c-93b0-4f1613713d0f,170.0,71.0,31cm,-350,red,justi-walters,82c481e1-4d0d-4c5c-bccf-463c0822e65c,,,,+225
bkfc-clearwater,8,Main Card,,Middleweight,blue,tony-murphy,89cf6139-9bcd-4e43-978f-a3652444a4e9,79.56,1.83,30cm,-350,red,skyler-mauler,6b88f305-2a0c-4217-a9c5-9679e9472aa4,,,,+225
bkfc-clearwater,9,Main Card,,Strawweight,blue,crystal-van-wyk,f6b5f357-898c-4356-99d4-00f417a27dee,51.619,1.5748,25cm,+170,red,kat-paprocki,7154f315-f79d-4716-8a7d-66a5aef4b6cd,,,,-250
bkfc-clearwater,10,Main Card,,Bantamweight,blue,royal-ryan-reber,e363764e-95c7-488a-b834-0541595ec9f3,135.0,69.0,30cm,-130,red,joshua-oxendine,67d0cfce-d6f4-444e-b88b-2b624d0f39ee,,,,-110
bkfc-clearwater,11,Main Card,Main event,Featherweight,blue,quentin-gaskins,c3a6fe1b-d9f0-4a7c-8060-3dd77e44cccb,150.0,67.0,28cm,-250,red,matt-guymon,fd0375f8-ae79-45ab-9d2b-93e79b4da450,,,,+170
