slug,name,wins,losses,draws,division,reach,height,nickname,dob,nationality,social_media
aaron-brink,Aaron Brink,0,1,0,Heavyweight,,1.91,THE FRIJOLERO,11/1974,United States of America,
aaron-chalmers,AARON CHALMERS,2,0,0,Middleweight,75in / 190cm,1.8288,THE JOKER,09/1987,United Kingdom,https://www.instagram.com/AARONCGSHORE
aaron-foster,Aaron Foster,0,2,0,Welterweight,,,,,United States of America,
aaron-sutterfield,Aaron Sutterfield,0,2,0,Welterweight,"76""",1.93,The Joker,12/1994,United States of America,https://www.instagram.com/aaronthejoker/
abdiel-velazquez,ABDIEL VELAZQUEZ,4,5,0,Men Flyweight,68in / 173cm,64,THE NIGHTMARE,07/1993,Puerto Rico,https://www.instagram.com/abdiel.velazquez.mma/channel/; https://www.facebook.com/abdiel.a.velazquez
abdurahman-abdurakhmanov,ABDURAHMAN ABDURAKHMANOV,0,0,0,Lightweight,,,,,,
abel-radomski,Abel Radomski,0,1,0,Welterweight,,1.778,,01/1996,Poland,
aboubkeur-houari,ABOUBKEUR HOUARI,0,1,0,Middleweight,68in / 173cm,1.778,THE PENER,,Algeria,https://www.instagram.com/HOUARIBAKR
adalberto-serrano,Adalberto Serrano,0,0,0,Middleweight,,71,,10/1980,United States of America,
adam-brady,ADAM BRADY,0,1,0,Welterweight,70in /178cm,1.905,THE ATHLETE,10/1986,United States of America,https://www.instagram.com/ADAMBRADY86
adam-de-freitas,ADAM DE FREITAS,1,3,0,Middleweight,75.5in / 192cm,1.8288,CLOONEY,02/1988,Canada,https://www.instagram.com/adamdef/
adam-grogan,ADAM GROGAN,2,5,0,Welterweight,69in / 175cm,1.778,,11/1990,United Kingdom,https://www.instagram.com/grogan_bkb
adam-harris,Adam Harris,0,1,0,Heavyweight,,1.85,,,Canada,
adam-pellerano,Adam Pellerano,1,4,0,Lightweight,70 in / 177.8cm,71,,,United States of America,
adam-ramirez,ADAM RAMIREZ,0,0,0,Middleweight,,,,,,
adam-valcourt,Adam Valcourt,0,1,0,Light Heavyweight,,74,,,United States of America,
adam-wilson,ADAM WILSON,0,0,0,Featherweight,71in / 180cm,1.8034,,05/1994,United Kingdom,
adel-altamimi,ADEL ALTAMIMI,1,0,0,Welterweight,73in / 185cm,1.778,THE KYOKUSHIN,03/1989,United States of America,https://www.instagram.com/ADELKYOKUSHIN
adrian-delacruz,ADRIAN DELACRUZ,0,0,0,Middleweight,,,,,,
adrian-miles,Adrian Miles,0,3,0,Heavyweight,75 in / 190.5 cm,71,Guard Yo Grill,09/1983,United States of America,
adyam-devillafuerte,ADYAM DEVILLAFUERTE ,0,0,0,Welterweight,,,,,,
aem-ratha,Aem Ratha,0,0,0,Bantamweight,,,,,Cambodia,
agi-faulkner,AGI FAULKNER,3,0,0,Heavyweight,,1.8034,,05/1989,United Kingdom,
ahmed-abdelfattah,Ahmed Abdelfattah,0,1,0,Heavyweight,,,Koko Hammer,,Egypt,
ahmed-khairy,AHMED KHAIRY,1,0,0,Lightweight,69in / 175cm,1.7018,,,Egypt,https://www.instagram.com/AHMEDKHARIY11
ahmet-duman,AHMET DUMAN,0,1,0,Featherweight,,1.71,,05/2001,Turkey,https://www.instagram.com/barlas3.5/
aj-craig,AJ CRAIG,2,3,0,Bantamweight,68in / 173cm,1.6764,A-TRAIN,07/1994,United States of America,https://www.instagram.com/AUZZCRAI
akbar-the-dragon-karimi,Akbar 'The Dragon' Karimi,0,1,0,Heavyweight,,74,The Dragon,10/1984,Iran,
alan-belcher,ALAN BELCHER,4,0,0,Heavyweight,74 in/188 cm,74,,04/1984,United States of America,https://www.instagram.com/alanbelcherofficial/
alan-comby,ALAN COMBY,0,1,0,Welterweight,70in / 178cm,1.8034,AJ,02/1998,United Kingdom,https://www.instagram.com/Aj_comby
alan-stephenson,ALAN STEPHENSON,0,0,0,Light Heavyweight,,,A-TRAIN,06/1988,United States of America,https://www.facebook.com/alan.r.stephenson
alan-the-rebel-arzeno,Alan 'The Rebel' Arzeno,2,3,0,Welterweight,69.0 in / 175cm,70,The Rebel,07/1979,Dominican Republic,
albert-inclan,ALBERT INCLAN,1,4,0,Men Flyweight,65IN / 165CM,63,,01/1996,United States of America,https://www.instagram.com/albert_inclan602/
alberto-blas,ALBERTO BLAS,6,0,0,Bantamweight,70in / 177cm,68,EL INDIO,10/1994,Cuba,https://www.instagram.com/indioencuba/
alec-connelly,ALEC CONNELLY,0,1,0,Lightweight,67in / 171cm,1.7526,,03/1995,United Kingdom,https://www.instagram.com/alecc93/
aleem-whitfield,ALEEM WHITFIELD,0,2,0,Heavyweight,73in / 185cm,1.8796,HAMMER,12/1989,United States of America,https://www.instagram.com/aleemhammer
alejandro-solorzano,Alejandro Solorzano,1,0,0,Heavyweight,,,,,Mexico,
alessio-sakara,ALESSIO SAKARA,2,0,0,Cruiserweight,74in / 188cm,1.8542,LEGIONARIVS,09/1981,Italy,https://www.instagram.com/alessiosakaraofficial
alex-castro,ALEX CASTRO,0,3,0,Featherweight,65in / 165cm,1.651,OG,04/1980,Guam,https://www.instagram.com/ogalexcastro
alex-davis,ALEX DAVIS,1,3,0,Heavyweight,74in / 188cm,1.8542,THE RHINO,10/1994,United States of America,https://www.instagram.com/RHINODAVIS1994
alex-govea,ALEX GOVEA,0,0,0,Heavyweight,,,,,,
alex-simon,ALEX SIMON,0,0,0,,,,,,,
alex-the-terrible,ALEX THE TERRIBLE,1,0,0,,,,,,,
alex-tierney,Alex Tierney,1,0,0,Featherweight,,,,04/1996,United States of America,
alex-tribe,ALEX TRIBE,0,0,0,Welterweight,,,,,,
alexander-gutierrez,ALEXANDER GUTIERREZ,1,1,0,Men Flyweight,66in / 168cm,1.651,PRINCE,09/1993,United States of America,https://www.instagram.com/ALEXANDERPRINCEGUTIERREZMMA; https://www.facebook.com/alexanderprince.gutierrez
alexandra-ballou,ALEXANDRA BALLOU,0,0,0,Women Flyweight,67in / 170cm,1.7018,THE GREAT,01/1992,United States of America,https://www.instagram.com/alexandrathegreatbkfc/
alexandra-delgado-lopez,ALEXANDRA DELGADO-LOPEZ,2,0,0,Strawweight,59in / 150cm,1.5494,PAPA AL,06/1993,Canada,https://www.instagram.com/coffee_fueled_fighter
alexey-oleinik,ALEXEY OLEINIK,0,1,0,Heavyweight,79.5in / 202cm,1.8542,BOA CONSTRICTOR,06/1977,Russia,
alfred-koci,ALFRED KOCI,1,0,0,Middleweight,,1.88,,11/1995,Montenegro,https://www.instagram.com/alfred_selfdiscipline/
alfredo-angulo,ALFREDO ANGULO,1,1,0,Middleweight,70.5in / 179cm,1.778,EL PERRO,08/1982,Mexico,https://www.instagram.com/elperroangulo12/; https://www.facebook.com/alfredoangulo.elperro
allen-wycoco,Allen Wycoco,0,1,0,Middleweight,"70""",1.778,,,Philippines,
alma-garcia,Alma Garcia,0,1,0,Women Flyweight,,,,,,
almat-jumanov,ALMAT JUMANOV,1,0,0,Welterweight,71in / 180cm,1.8288,KAZAKH TITAN,08/1996,Kazakhstan,https://www.instagram.com/QAZAQTITAN
alonzo-martinez,ALONZO MARTINEZ,4,2,0,Middleweight,70in / 178cm,70,THE MEXICAN AMERICAN RHINO,04/1984,United States of America,https://www.instagram.com/ALONZOMARTINEZ155
alvin-davis,ALVIN DAVIS,0,1,0,Light Heavyweight,72in / 183cm,1.8034,,03/1986,United States of America,
alvin-kanehailua,ALVIN KANEHAILUA,0,1,0,Light Heavyweight,,,,,Australia,
amer-abdulnabi,AMER ABDULNABI,0,1,0,Heavyweight,181 cm,1.83,THE MACHETE,01/1986,lebenon,https://www.instagram.com/amerabdulnabiofficial/
andre-kase,Andre Kase,0,1,0,Middleweight,,1.81,The Bull,,United States of America,
andrea-bicchi,ANDREA BICCHI,4,3,0,Cruiserweight,71in / 180cm,1.8034,ITALIAN THUNDER,03/1997,Italy,https://www.instagram.com/ANDREA_BICCHI.BKB
andrei-arlovski,Andrei Arlovski,2,0,0,Heavyweight,77in / 196cm,1.905,THE PITBULL,02/1979,United States of America,https://www.instagram.com/andreiarlovski/
andres-parra,ANDRES PARRA,0,0,0,Bantamweight,,,,,,
andrew-angelcor,ANDREW ANGELCOR,3,1,0,Welterweight,68in / 173cm,66,,05/1990,United States of America,https://www.instagram.com/aangelcor/
andrew-anthony,ANDREW ANTHONY,1,0,0,Heavyweight,,1.8034,,,,
andrew-miller,Andrew Miller,1,0,0,Lightweight,"73""",1.8034,,,United Kingdom,
andrew-potter,Andrew Potter,0,1,0,Cruiserweight,,,,07/1992,United States of America,
andrew-strode,ANDREW STRODE,4,0,0,Men Flyweight,74in / 188cm,1.7272,LEGEND,12/1996,United States of America,https://www.instagram.com/legendstrode/
andrew-yates,ANDREW YATES,3,2,0,Featherweight,73in / 185cm,70,GOLDEN CHILD,03/1989,United States of America,https://www.instagram.com/goldenboymma/; https://www.facebook.com/AndrewYatesTheGoldenBoy/
andru-davis-henry,ANDRU DAVIS-HENRY,0,0,0,Lightweight,,,,,,
andy-nguyen,Andy Nguyen,2,2,0,Women Flyweight,64 in / 163 cm,64,The CrAsian,04/1982,United States of America,https://www.instagram.com/andythecrasian1/; https://www.facebook.com/AndyTheCrasian1/
andy-thornton,Andy Thornton,1,0,0,Cruiserweight,75in / 90cm,1.8034,,09/1987,United Kingdom,https://www.instagram.com/thorny1987
andy-walsh,Andy Walsh,1,0,0,Lightweight,,,,,,
angel-hernandez,ANGEL HERNANDEZ,1,0,0,Lightweight,67in / 170cm,1.7018,OG,04/1985,United States of America,https://www.instagram.com/towingangel/
angel-petkov,ANGEL PETKOV,2,0,0,Lightweight,68in / 173cm,1.75,,08/1991,Bulgaria,https://shorturl.at/hyDUV
angela-danzig,Angela Danzig,0,0,0,Strawweight,,64,Momma,06/1978,,https://www.instagram.com/danzig_mma/; https://www.facebook.com/AngelaDanzigMMA
angelo-colon,ANGELO COLON,0,1,0,Bantamweight,75in / 191cm,1.778,,08/1997,United States of America,https://www.instagram.com/angelocolon_
angelo-trujillo,Angelo Trujillo,0,2,0,Men Flyweight,,1.72,PHENOMENAL FIGHTER,10/1997,United States of America,https://www.instagram.com/phenomenalfighter
anthony-foye,ANTHONY FOYE,2,4,0,Featherweight,77in / 190cm,1.7526,THE HITMAN,10/1991,United States of America,https://www.instagram.com/QUINTAN_135BKFC
anthony-garrett,ANTHONY GARRETT,3,1,0,Heavyweight,84in / 213cm,1.9558,THE WARRIOR OF CHRIST,11/1989,United States of America,https://www.instagram.com/ANTHONYTHEWARRIOROFCHRIST; https://www.facebook.com/anthony.garrett.549
anthony-grubbs,ANTHONY GRUBBS,1,0,0,Lightweight,,1.6764,GOD GIVEN,,,
anthony-holmes,ANTHONY HOLMES,5,3,0,Light Heavyweight,70in / 178cm,1.778,THE YORKSHIRE GLADIATOR,01/1985,United Kingdom,https://www.instagram.com/anthony_d_holmes/
anthony-pagan,ANTHONY PAGAN,1,0,0,Lightweight,70in / 178cm,1.7272,,07/2001,United States of America,
anthony-prater,Anthony Prater,0,1,0,Men Flyweight,,71,,,,
anthony-retic,Anthony Retic,2,3,0,Bantamweight,79in / 200.66cm,75,,04/1988,United States of America,
anthony-sanchez,ANTHONY SANCHEZ,1,3,0,Bantamweight,67in / 170cm,67,,07/1991,United States of America,https://www.instagram.com/lil.nidas
anthony-yost,ANTHONY YOST,2,2,0,Men Flyweight,66in / 168cm,1.651,THE DEVIL'S ADVOCATE,09/1993,United States of America,https://www.instagram.com/bareknuckle_tonyy/
anton-larsson,Anton Larsson,0,1,0,Bantamweight,,,,,,
antonio-castillo-jr,ANTONIO CASTILLO JR,0,1,0,Featherweight,70in / 178cm,1.7018,THE MEICAN MUSCLE,02/1987,United States of America,https://www.instagram.com/EL_MEXICANMUSCLE145
antonio-hernandez,Antonio Hernandez,1,0,0,Middleweight,70 in / 177.8cm,71,,,United States of America,
antonio-moscatiello,Antonio Moscatiello,1,0,0,Lightweight,,1.7018,Big Blind Fury,09/1982,Italy,
antonio-silva,Antonio Silva,0,1,0,Heavyweight,82,1.94,Bigfoot,09/1979,,
antwion-mccollough,Antwion McCollough,0,0,0,Bantamweight,,,,,United States of America,
anubhav-verma,Anubhav Verma,0,1,0,Bantamweight,,,Peshwa,06/1996,India,
apisit-sangmuang,Apisit Sangmuang,0,1,0,Featherweight,,,,,Thailand,
apostle-spencer,APOSTLE SPENCER,0,2,0,Welterweight,74in / 188cm,68,,02/1984,United States of America,https://www.instagram.com/apostlepspencer/
arash-mardani,Arash Mardani,1,0,0,,,73,,,Iran,
arbi-chakaev,ARBI CHAKAEV,1,1,0,Heavyweight,72in / 183cm,1.8288,BORZ,10/1990,Austria,https://www.instagram.com/chakaev_arbi/
armando-aj-rodriguez,AJ RODRIGUEZ,3,1,0,Bantamweight,69in / 175cm,70,THE BIGGEST,04/1999,United States of America,https://www.instagram.com/AJTHEBIGGESTRODRIGUEZ
arnold-bomaye-adams,ARNOLD 'BOMAYE' ADAMS,7,5,0,Heavyweight,77.5 in / 1.96 m,75,BOMAYE,07/1985,United States of America,https://www.facebook.com/ArnoldBomayeAdams/
arron-blakey,Arron Blakey,1,0,0,Middleweight,"70""",1.8,,,United Kingdom,https://www.instagram.com/arron_blakey/
art-driscoll,ART DRISCOLL,0,3,0,Middleweight,72in / 183cm,71,BERSERKER,07/1984,United States of America,https://www.instagram.com/theberserkerbkfc/
art-parker,Art Parker,2,3,0,Heavyweight,73in / 185.42cm,74,,03/1993,United States of America,
artem-lobov,Artem Lobov,2,1,0,,65,1.75,The Russian Hammer,08/1986,,
arthur-walcott-ceesay,Arthur Walcott-Ceesay,1,1,0,Lightweight,,69,,09/1982,United States of America,
ash-griffiths,Ash Griffiths,0,5,0,Light Heavyweight,"72""",1.52,,,United Kingdom,
asher-jack,ASHER JACK,1,0,0,Middleweight,70in / 178cm,1.8034,,05/1999,New Zealand,https://www.instagram.com/sonn_y262
ashton-caniglia,ASHTON CANIGLIA,1,1,0,Lightweight,68in / 173cm,1.6764,NO CHANCE,02/1992,United States of America,https://www.instagram.com/nochance1992
aspen-ladd,ASPEN LADD,1,0,0,Women Featherweight,67in / 170cm,1.6764,,03/1995,United States of America,
aubrey-mendonca,AUBREY MENDONCA,1,0,0,Cruiserweight,68in / 173cm,1.7018,MERCILESS,09/1994,,https://www.instagram.com/aubrey_sayvon/
audra-cummings,Audra Cummings,0,2,0,Women Flyweight,,62,,,,
austin-levine,Austin Levine,0,1,0,Heavyweight,75 in / 190.5 cm,1.83,The Machine,02/1994,United States of America,
austin-lewis,AUSTIN LEWIS,1,2,0,Men Flyweight,72in / 183cm,66,THE ANIMAL,03/1994,United States of America,https://www.instagram.com/austinlewismma
austin-peterson,AUSTIN PETERSON,0,2,0,Welterweight,68in / 173cm,1.7272,CRAY EYES,05/1987,United States of America,https://www.instagram.com/austincrazyeyes
austin-trout,AUSTIN TROUT,5,0,0,Lightweight,72in / 183cm,70,NO DOUBT,09/1985,United States of America,https://www.instagram.com/nodoubttrout/
axel-birbes,Axel Birbes,0,1,0,Welterweight,"72""",1.82,,,,https://www.instagram.com/axel_wisigoth/
bakhtyor-kudratov,BAKHTYOR KUDRATOV,0,1,0,Lightweight,70in / 178cm,1.7526,BAHA THE BARBARIAN,04/1994,Uzbekistan,
bartek-kanabey,BARTEK KANABEY,4,3,0,Featherweight,78in / 198cm,1.7526,THE POLISH PLOUGH,06/1997,United Kingdom,https://www.instagram.com/bkb_thepolishplough/
bartlomiej-krol,BARTLOMIEJ KROL,5,2,0,Light Heavyweight,69in / 175cm,1.778,THE POLISH KING,10/1987,Poland,https://www.instagram.com/krolbartlomiej/
bear-hill,BEAR HILL,2,1,0,Heavyweight,74in / 188cm,1.8796,THE LAST BARBARIAN,06/1993,United States of America,
bec-rawlings,BEC RAWLINGS,4,3,0,Women Flyweight,64.5in / 164cm,66,ROWDY,02/1989,Australia,https://www.instagram.com/rowdybec/; https://www.facebook.com/rowdybec
bekhzod-usmonov,BEKHZOD USMONOV,1,1,0,Featherweight,,1.7,LION,08/1995,Tajikistan,https://www.instagram.com/bekhzod__usmonov/
ben-bonner,BEN BONNER,5,2,0,Lightweight,65in / 165cm,1.778,THE BOMBER,11/1990,United Kingdom,https://www.instagram.com/benbonnerr/
ben-bradley,Ben Bradley,0,1,0,Lightweight,,,,,,
ben-davis,BEN DAVIS,0,1,0,Lightweight,69in / 175cm,1.7526,THE BANE,10/1999,United States of America,https://www.instagram.com/benthebanedavis/
ben-hatchett,Ben Hatchett,3,2,0,Featherweight,,,,,,
ben-jacobsen,BEN JACOBSEN,0,1,0,Welterweight,,73,,,,
ben-moa,BEN MOA,2,0,0,Heavyweight,81in / 206cm,75,TONGAN NIGHTMARE,04/1981,United States of America,https://www.instagram.com/BENMOA4
ben-robinson,BEN ROBINSON,0,1,0,Cruiserweight,74in / 188cm,1.8288,DANGEROUS GENTLEMAN,05/1989,United States of America,https://www.instagram.com/BENJITSU89
ben-rothwell,BEN ROTHWELL,4,1,0,Heavyweight,81in / 206cm,76,,10/1981,United States of America,https://www.instagram.com/rothwellfighter/
benjamas-phakra,Benjamas Phakra,0,1,0,Women Flyweight,,62,รินPour,08/1988,Thailand,
benjamin-lowe,BENJAMIN LOWE,0,2,0,Light Heavyweight,76in / 193cm,1.8796,THE BUTLER,03/1993,United Kingdom,https://www.instagram.com/benlowe_bkfc
beto-saniba,BETO SANIBA,0,1,0,Lightweight,68in / 173cm,1.651,,12/1982,Mexico,https://www.instagram.com/alberto_saniba/tagged/
bill-dieckhoff,Bill Dieckhoff,1,0,0,Heavyweight,74 in/188 cm,1.96,Kill,02/1994,United States of America,
billy-hawthorn,Billy Hawthorn,1,4,0,Heavyweight,,,,,United Kingdom,
billy-martin,Billy Martin,0,0,0,Middleweight,,1.8,The Kid,04/1990,United States of America,
billy-swanson,BILLY SWANSON,0,1,0,Heavyweight,74in / 188cm,1.8542,BILLY SWANSON,03/1994,United States of America,
billy-wagner,Billy Wagner,6,1,0,Welterweight,,72,,02/1993,United States of America,
bj-lawrence,BJ Lawrence,0,0,0,Lightweight,,1.8,,,United States of America,
blaine-warbritton,BLAINE WARBRITTON,2,0,0,Men Flyweight,75in / 191cm,70,NORTH TAPICA BAD BOY,04/1993,United States of America,https://www.instagram.com/BAREKNUCKLEBADBOY
blake-bad-davis,Blake 'BAD' Davis,2,0,0,Light Heavyweight,80.5 in,1.96,BAD,12/1994,United States of America,https://www.instagram.com/baddavis954/
blake-lacaze,BLAKE LACAZE,1,5,0,Middleweight,80.5in  /  204cm,77,BIG BOY,07/1995,United States of America,
boaz-kapua,BOAZ KAPUA,1,0,0,Middleweight,73in / 185cm,1.8288,AL-AHAD,03/2005,Australia,https://www.instagram.com/theonlyboaz
boban-simic,BOBAN SIMIC,0,0,0,Heavyweight,,,,,,
bobby-brents,BOBBY BRENTS,2,4,0,Heavyweight,74in / 188cm,1.7526,ZOMBIE,05/1982,United States of America,https://www.instagram.com/bobzombie265/; https://www.facebook.com/bobby.brents.5
bobby-gunn,Bobby Gunn,1,0,0,,,1.8,THE CELTIC WARRIOR,12/1973,Canada,
bobby-henry,BOBBY HENRY,2,0,0,Welterweight,78in / 198cm,1.905,B3,06/2002,United States of America,https://www.instagram.com/b3osamaa
bobby-taylor,BOBBY TAYLOR,6,3,0,Lightweight,69in / 175cm,68,ODB,04/1978,United States of America,https://www.instagram.com/BOBBYTODB
bobo-obannon,Bobo O'Bannon,4,4,0,Heavyweight,77.5 in / 1.96 m,74,Bible Belt Brawler,,United States of America,https://www.instagram.com/thebiblebeltbrawler/
bohdan-kotok,BOHDAN KOTOK,2,0,0,Heavyweight,78in / 198cm,1.9304,IRON HAMMER,08/1998,Poland,https://www.instagram.com/BOGDANKOTOK
bojan-kosednar,Bojan Kosednar,0,2,0,Middleweight,177 cm,1.73,Zelva,07/1983,Slovenia,https://www.instagram.com/zelva_mma/?hl=en
boonsom-klinmee,Boonsom Klinmee,1,0,0,,,71,,,Thailand,
bovar-khanakov,BOVAR KHANAKOV,5,3,0,Featherweight,68in / 173cm,1.8034,THE GLADIATOR,10/1991,Ukraine,https://www.instagram.com/khanakovbovar/
brad-machine-gun-kelly,Brad 'Machine Gun' Kelly,3,1,0,Middleweight,68in / 172.72cm,68,Machine Gun,02/1982,United States of America,
brad-watchorn,Brad Watchorn,0,0,0,Middleweight,79 in / 201cm,1.88,Bellator,09/1989,United Kingdom,
bradley-taylor,BRADLEY TAYLOR,4,0,0,Featherweight,69in / 175cm,1.7526,,06/2000,United Kingdom,https://www.instagram.com/bradley.taylor_
brady-meister,BRADY MEISTER,2,2,0,Heavyweight,77in / 195cm,79,BIG BIRD,06/1997,United States of America,https://www.instagram.com/bradymeisterathlete/
braeden-kuykendall,STASH KUYKENDALL,0,2,0,Lightweight,74in / 188cm,1.8034,,,,
braeden-tovey,Braeden Tovey,1,1,0,Middleweight,75 in,0,Bad Intentions,,United States of America,
brandon-allen,BRANDON ALLEN,6,2,0,Welterweight,70 in / 178cm,69,SUPERMAN,12/1989,United States of America,https://www.instagram.com/brandonsupermanallen/
brandon-boss-hogg-johnson,Brandon 'Boss Hogg' Johnson,2,4,0,Light Heavyweight,77in / 195.58,72,Boss Hogg,01/1979,United States of America,
brandon-bushaw,BRANDON BUSHAW,2,1,0,Lightweight,,68,,05/1981,United States of America,
brandon-comby,BRANDON COMBY,1,0,0,Lightweight,68in / 173cm,1.778,,11/1995,United Kingdom,
brandon-conley,BRANDON CONLEY,2,1,0,Cruiserweight,71in / 180cm,1.7526,STRONGHOLD,11/1988,United States of America,https://www.instagram.com/STRONGHOLD_500
brandon-girtz,BRANDON GIRTZ,1,2,0,Welterweight,69in / 175cm,1.7,,03/1985,United States of America,https://www.instagram.com/brandongirtzmma/
brandon-honsvick,BRANDON HONSVICK,1,2,0,Featherweight,72in / 183cm,1.7272,THE DOWNS WARRIOR,02/1986,United States of America,https://www.instagram.com/BRANDON_DOWNSWARRIOR_HONSVICK
brandon-lambert,Brandon Lambert,0,1,0,Bantamweight,,73,,,United States of America,
brandon-malbrough,Brandon Malbrough,0,1,0,,,,,,,
brandon-martin,Brandon Martin,0,1,0,Middleweight,,1.9,,02/1987,United States of America,
brandon-meneses,BRANDON MENESES,1,1,0,Featherweight,72in / 183cm,1.78,THE VOODO CHILD,09/1993,United States of America,https://www.instagram.com/meneses_mma/; https://www.facebook.com/brandon.g.meneses
brandon-meyer,BRANDON MEYER,3,4,0,Lightweight,72in / 183cm,1.778,BEASTMODE,06/1983,United States of America,https://www.instagram.com/brandonbeastmodemeyer/
brandon-shavers,BRANDON SHAVERS,2,1,0,Welterweight,79in / 201cm,1.9304,THE SHREDDER,10/1994,United States of America,https://www.instagram.com/theshredder_11/
branko-busick,BRANKO BUSICK,0,1,0,Heavyweight,73in / 185cm,1.8288,,07/1990,United States of America,
braxton-smith,BRAXTON SMITH,1,0,0,Heavyweight,72in / 183cm,1.8034,BEAUTIFUL MONSTER,01/1989,United States of America,https://www.instagram.com/beautifulmonster_mma/
brayden-marzona,BRAYDEN MARZONA,0,1,0,Middleweight,71in / 180cm,1.778,MAD DAWG,10/2001,Australia,https://www.instagram.com/brayden_marzona_ptt/
brendan-needham,Brendan Needham,2,1,0,,,74,,,United Kingdom,
brennan-ward,BRENNAN WARD,1,1,0,Middleweight,71in / 180cm,1.8034,IRISH,06/1988,United States of America,https://www.instagram.com/bwpugda170killah/
brett-fields,BRETT FIELDS,1,3,0,Lightweight,73in / 185.5cm,72,DA BEAST,08/1980,United States of America,
brett-hudson,BRETT HUDSON,0,2,0,Lightweight,68in / 173cm,1.7526,HEARTLESS,05/1987,United States of America,https://www.instagram.com/BRETT5150HUDSON
brett-lowry,Brett Lowry,0,2,0,Men Flyweight,,,,,,
brett-may,Brett May,0,1,0,Heavyweight,,,,,United Kingdom,
brett-shoenfelt,BRETT SHOENFELT,0,1,0,Middleweight,71in / 180cm,1.778,SHOWTIME,07/1989,United States of America,https://www.instagram.com/showtime_mma_brand/
brett-williams,Brett Williams,2,1,0,Middleweight,,,,10/1993,United States of America,
brian-hyslop,BRIAN HYSLOP,1,1,0,Bantamweight,65in / 65cm,1.651,BRAVEHEART,12/1986,United Kingdom,
brian-jackson,BRIAN JACKSON,1,2,0,Middleweight,,,ACTION,08/1981,United States of America,
brian-kleb,BRIAN KLEB,0,0,0,Welterweight,,,,,,
brian-maronek,Brian Maronek,0,1,0,Light Heavyweight,,1.87,Quicksand,11/1981,United States of America,https://www.facebook.com/QuicksandRiggs
brian-maxwell,Brian Maxwell,1,9,0,Light Heavyweight,78in / 198.12cm,72,Mr Red Rims,08/1987,United States of America,
bridger-bercier,BRIDGER BERCIER,0,1,0,Heavyweight,,,,,United States of America,
britain-hart,BRITAIN HART,10,3,0,Strawweight,66in / 167.64cm,67,,02/1990,United States of America,https://www.instagram.com/teambritainhart/
brittany-horton,BRITTANY HORTON,0,1,0,Strawweight,67in / 170cm,65,,08/1992,United States of America,
brock-walker,BROCK WALKER,1,1,0,Heavyweight,69in / 175cm,1.7526,ALPHA DAWG,08/1985,United States of America,
brok-weaver,Brok Weaver,0,1,0,Welterweight,73,1.83,Chata Tuska,12/1991,United States of America,
brooke-evans-i9fru,BROOKE EVANS,1,0,0,Women Flyweight,64in / 162cm,1.651,BARE KNUCKLE BROOKE,04/1987,United States of America,https://www.instagram.com/BAREKNUCKLEBROOKE
bruce-abramski,BRUCE ABRAMSKI,1,1,0,Cruiserweight,76,74,,09/1984,United States of America,https://www.instagram.com/bruce.abramski/
bruce-lutchmedial,Bruce Lutchmedial,1,2,0,Lightweight,69.0 in / 175cm,70,,07/1991,United States of America,https://www.instagram.com/bruceironlion/
brutal-jake-bostwick,Jake Bostwick,4,2,0,Middleweight,67in/170cm,68,Brutal,10/1989,United States of America,https://www.instagram.com/brutalbostwick/
bryan-b-mo-mortensen,Bryan 'B-Mo' Mortensen,0,0,0,Welterweight,,1.78,B-Mo,03/1988,United States of America,https://www.instagram.com/bmo_tivated/
bryan-creighton,BRYAN CREIGHTON,0,1,0,Featherweight,61in / 155cm,1.651,THE BIG BAD WOLF,05/1986,United Kingdom,https://www.instagram.com/p/C5ESy8osF78/?hl=en
bryan-cromer,Bryan Cromer,0,0,0,Heavyweight,,,,,United States of America,
bryan-duran,BRYAN DURAN,8,1,0,Featherweight,70 in / 178cm,67,EL GALLO,08/1995,Cuba,https://www.instagram.com/bryanelgalloduran/
bryan-mcdowell,BRYAN McDOWELL,1,1,0,Middleweight,76in / 193cm,1.905,ICEMAN,01/1995,United States of America,https://www.instagram.com/icemancatch/
bryant-acheson,BRYANT ACHESON,5,0,0,Heavyweight,78in / 198cm,75,DEFIANT,02/1985,United States of America,https://www.instagram.com/defiantbryant_/
bryant-mcclain,BRYANT MCCLAIN,0,2,0,Middleweight,74in / 188cm,73,,02/1992,United States of America,https://www.instagram.com/irishbryantmcclain/
bryce-hall,BRYCE HALL,1,0,0,Welterweight,,1.77,,08/1999,United States of America,https://www.instagram.com/brycehall/
bryce-henry,BRYCE HENRY,6,0,0,Welterweight,80in / 203cm,75,BABA YAGA,01/2001,United States of America,https://www.instagram.com/theofficialbrycehenry_/
brynnen-mciver,Brynnen McIver,0,0,0,Welterweight,,,,02/1985,United States of America,https://www.facebook.com/brynnen.mciver
buakaw,Buakaw,2,0,0,Lightweight,,1.72,The White Lotus,05/1982,Thailand,https://www.instagram.com/buakaw1/?igshid=YmMyMTA2M2Y%3D; https://www.facebook.com/BanchamekGym
bubba-mcdaniel,Bubba McDaniel,0,1,0,Cruiserweight,75in / 191cm,1.91,The Menace,05/1983,United States of America,https://www.instagram.com/bubbathemenace/; https://www.facebook.com/bubba.mcdaniel.3
bubu,BUBU,0,4,0,Heavyweight,63in / 160cm,1.778,Piotr 'BUBU' Cwik,04/1984,Germany,https://www.instagram.com/piotr.bubu.cwik/?hl=en
byron-woodger,Byron Woodger,0,0,0,Heavyweight,,,,,United Kingdom,
caeden-scott,CAEDEN SCOTT,2,0,0,Welterweight,71in / 180cm,1.8288,PRETTIEST,08/2005,Canada,https://www.instagram.com/CAEDENSCOTTT
caleb-gall,CALEB GALL,0,0,0,Featherweight,,,,,,
caleb-joseph-avila,CALEB JOSEPH AVILA,1,2,0,Heavyweight,73in / 185.5cm,1.8288,PANDA,05/2001,United States of America,https://www.instagram.com/PANDA_GOD_MMA
calie-cutler,Calie Cutler,0,1,0,,62.5in / 158.75cm,1.65,The Honey Badger,03/1990,United States of America,https://www.facebook.com/calie.cutler
calista-silgado,Calista Silgado,0,1,0,Women Flyweight,61.5 in/156 cm,66,Cali,04/1988,Columbia,
cameron-davis,CAMERON DAVIS,0,0,0,Heavyweight,,,,,,
cameron-delano,CAMERON DELANO,1,0,0,Middleweight,68in / 173cm,1.7526,THE BULL,10/1997,United States of America,https://www.instagram.com/camerondelano_official/
cameron-hardy,CAMERON HARDY,1,0,0,Bantamweight,66in / 168cm,1.7272,PARTY,05/1995,United Kingdom,https://www.instagram.com/cameronrkh/
cameron-vancamp,CAMERON VANCAMP,3,2,0,Welterweight,74in / 188cm,1.8796,JUMPMAN,04/1993,United States of America,https://www.instagram.com/vancamp.cameron/
carina-damm,CARINA DAMM,0,1,0,Women Flyweight,64in / 163cm,1.5748,BARBIE,02/1979,Brazil,https://www.instagram.com/carinadamm/
carlos-giner,CARLOS GINER,1,0,0,Lightweight,69in / 175cm,1.7018,ZURDO,04/1998,Mexico,https://www.instagram.com/ZURDOGINER01
carlos-trinidad,CARLOS TRINIDAD,7,1,0,Middleweight,78in / 198cm,72,SNAKE,03/1996,United States of America,https://www.instagram.com/trinidadsnake/tagged/?hl=en
carlos-yanez,CARLOS YANEZ,0,0,0,Featherweight,,,,,,
cary-caprio,CARY CAPRIO,2,3,0,Men Flyweight,68in / 173cm,1.7018,CAP VS THE WORLD,04/1994,United States of America,https://www.instagram.com/cap_vs_the_world/
casey-moses,CASEY MOSES,1,1,0,Welterweight,70in / 178cm,1.8034,THE LAWLESS,11/1989,United States of America,https://www.instagram.com/CASEYMOSES1
cassie-robb,CASSIE ROBB,0,4,0,Strawweight,61in / 155cm,64,THE JOKER,08/1990,United States of America,https://www.instagram.com/thecassierobb/
cecilia-ulloa-flores,Cecilia Ulloa Flores,2,2,0,Men Flyweight,,,,,Mexico,
cedric-severac,Cédric Séverac,0,1,0,Cruiserweight,,,,,France,
cesar-perez,Cesar Perez,0,0,0,Welterweight,,,,,,
cesar-vazquez,CESAR VAZQUEZ,1,0,0,Bantamweight,72in / 183cm,1.7018,,05/1996,Mexico,https://www.instagram.com/cesarvazquez_1/
chachi-versace,CHACHI VERSACE,0,2,0,Bantamweight,67in / 170cm,66,,02/1988,United States of America,https://www.instagram.com/chachi___versace/
chad-lucanas,CHAD LUCANAS,3,0,0,Lightweight,69in / 175cm,1.7018,SUPER CHAD,09/1995,Canada,https://www.instagram.com/ssuperchad/
chad-mendes,Chad Mendes,1,1,0,Lightweight,66in / 167.64cm,66,Money,05/1985,United States of America,https://www.instagram.com/chadmendes/; https://www.facebook.com/people/chad-mendes/6419447
chaloeporn-sawatsuk,Chaloeporn Sawatsuk,1,1,0,Light Heavyweight,"71""",1.6764,,,Thailand,
chancey-wilson,CHANCEY WILSON,3,6,0,Men Flyweight,66in / 168cm,62,SUPAFLYY,07/1991,United States of America,https://www.instagram.com/SUPAFLYYBKFC
chango-romero,CHANGO ROMERO,0,0,0,Lightweight,,,,,,
channarong-injampa,Channarong Injampa,0,1,0,Welterweight,,,,,Switzerland,
chanwut-kaewnamyen,Chanwut Kaewnamyen,0,0,0,Middleweight,,,,,Thailand,
charisa-sigala,Charisa Sigala,1,5,0,Strawweight,,64,,03/1984,United States of America,
charlene-gellner,CHARLENE GELLNER,1,0,0,Women Flyweight,61in / 156cm,1.5748,PITBULL,08/1985,United States of America,https://www.facebook.com/princessthapittbull/
charles-wasserman,CHARLES WASSERMAN,2,2,0,Light Heavyweight,75 in / 191cm,1.8796,BAD NEWS,03/1987,South Africa,https://www.instagram.com/_chazzyboi_/
charlie-dubray,Charlie DuBray,0,1,0,Lightweight,70.0in / 178cm,66,,08/1988,United States of America,
charlie-milner,Charlie Milner,2,3,0,Heavyweight,,,,,United Kingdom,
chasa-symonds,Chasa Symonds,1,3,0,Welterweight,,1.68,Croydon Bomber,,United Kingdom,
chase-gormley,CHASE GORMLEY,1,1,0,Heavyweight,78in / 198cm,1.905,,08/1983,United States of America,https://www.instagram.com/gormleymma/
chase-sherman,Chase Sherman,1,1,0,Heavyweight,78,,The Vanilla Gorilla,11/1998,,
cheng-leang,CHENG LEANG,0,1,0,Lightweight,73in / 185cm,1.7526,LAST LUCK,,Cambodia,https://www.instagram.com/FLIPSIDETEAM
chevvy-bridges,Chevvy Bridges,1,3,0,Featherweight,,68,Wild Man,05/1992,United States of America,https://www.instagram.com/wildman_bareknuckle/
chris-big-boy-jensen,Chris 'Big Boy' Jensen,2,1,0,Heavyweight,74 in/188 cm,74,Big Boy,12/1980,United States of America,
chris-boffil,Chris Boffil,1,0,0,Cruiserweight,,1.78,,08/1985,United States of America,https://www.instagram.com/chrisboffil/
chris-camozzi,CHRIS CAMOZZI,4,3,0,Cruiserweight,78in / 198cm,75,,11/1986,United States of America,https://www.instagram.com/chriscamozzimma/; https://www.facebook.com/CamozziMMA
chris-cisneros,CHRIS CISNEROS,1,1,0,Light Heavyweight,70in / 78cm,1.778,THE MAVERICK,12/1979,United States of America,
chris-cornelius,Chris Cornelius,0,3,0,Lightweight,,1.75,,01/1983,United States of America,
chris-drummond,CHRIS DRUMMOND,0,1,0,Middleweight,71n / 180cm,1.778,THE ALBATROSS,12/1993,Australia,https://www.instagram.com/CHRISDRUMMONDMMA
chris-fishgold,Chris Fishgold,1,2,0,Middleweight,68 in / 173cm,1.73,,06/1992,United Kingdom,https://www.instagram.com/chrisfishgold/; https://www.facebook.com/chris.fishgold
chris-garcia,CHRIS GARCIA,6,1,0,Bantamweight,71in / 180cm,68,DYNAMITE,08/1999,United States of America,https://www.instagram.com/_teamgarcia_/
chris-johnson,Chris Johnson,0,2,0,Bantamweight,,1.7,The Jungle,05/1994,United States of America,
chris-leben,Chris Leben,3,1,0,Cruiserweight,70.5,71,The Crippler,07/1980,,
chris-lytle,Chris Lytle,3,0,0,Middleweight,68,1.81,Lights out,08/1974,,
chris-sarro,CHRIS SARRO,2,7,0,Heavyweight,72in / 183cm,73,,08/1988,United States of America,https://www.instagram.com/chrisgoldengloves/
christian-fayne,PRINCE NYSEAM,1,0,0,Middleweight,71in / 180cm,1.8288,2RAWKUTT,04/1997,United States of America,https://www.instagram.com/2RAWKUTT
christian-torres,CHRISTIAN TORRES,2,6,0,Middleweight,72in / 183cm,67,THE TERMINATOR,01/1987,United States of America,https://www.instagram.com/CMurda8484/
christine-ferea,CHRISTINE FEREA,11,1,0,Women Flyweight,61in / 156cm,65,MISFIT,09/1982,United States of America,https://www.instagram.com/christineferea/
christine-vicens,CHRISTINE VICENS,5,1,0,Women Flyweight,66in / 168cm,66,LA ABUSADORA,06/1985,United States of America,https://www.instagram.com/ChristyFitmma/
christopher-hamlett,CHRISTOPHER HAMLETT,0,1,0,Light Heavyweight,73in / 185cm,1.8796,THE CRUSADER,10/1995,United States of America,https://www.instagram.com/chris_hamlett1
christopher-inocencio,CHRISTOPHER INOCENCIO,1,0,0,Lightweight,70in / 178cm,1.778,,02/1991,United States of America,
cj-dean,CJ DEAN,0,0,0,Featherweight,,,,,,
claudia-zamora,CLAUDIA ZAMORA,0,0,0,Women Bantamweight,70in / 178cm,1.6256,THE PHOENIX,04/1986,United States of America,https://www.instagram.com/claud_strikeforce/
clay-burns,Clay Burns,0,1,0,Featherweight,66,1.68,3rd DEGREE,03/1987,United States of America,
cliff-wright-jr,Cliff Wright Jr.,0,1,0,Lightweight,71in / 180cm,1.8,The Goblin,01/1979,United States of America,
codie-shuffield,Codie Shuffield,1,0,0,Cruiserweight,,,,10/1988,United States of America,
cody-beck,CODY BECK,0,0,0,Heavyweight,,,,,,
cody-beierle,CODY BEIERLE,0,3,0,Light Heavyweight,74in / 188cm,1.88,BEAR KILLER,07/1991,United States of America,https://www.instagram.com/__BEARKILLER__
cody-jenkins,Cody Jenkins,1,5,0,Featherweight,,70,Jenks,01/1993,United States of America,https://www.instagram.com/codyjenkinsmma/
cody-locked-amp-loaded-land,Cody Land,1,2,0,Welterweight,,67,Locked & Loaded,,United States of America,
cody-mitchell,Cody Mitchell,0,0,0,Featherweight,,1.68,,09/1987,United States of America,
cody-russell,CODY RUSSELL,2,0,0,Middleweight,70in / 178cm,69,,09/1995,United States of America,https://www.instagram.com/cody__fights/
cody-schieve,CODY SCHIEVE,0,2,0,Featherweight,,1.8,LIGHTNING,04/1995,United States of America,https://www.instagram.com/codyxavierschieve/
cody-vidal,CODY VIDAL,3,1,0,Light Heavyweight,74in / 188cm,70,,09/1988,United States of America,https://www.instagram.com/VIDAL.VISIONS
cole-ferrell,COLE FERRELL,1,1,0,Featherweight,68in / 173cm,69,,11/1992,United States of America,https://www.instagram.com/coleferrellmma/
colin-reeser,COLIN REESER,0,1,0,Lightweight,69in / 175cm,66,CPAT,12/2004,United States of America,
conan-barbaru,CONAN BARBARU,2,3,0,Light Heavyweight,79in / 200cm,1.8034,THE TERROR OF TRANSYLVANIA,10/1988,Romania,https://www.instagram.com/barbaru88
conner-warden,CONNER WARDEN,0,1,0,Middleweight,69in / 175cm,1.8034,,09/1998,United Kingdom,https://www.instagram.com/Connerwarden_
connor-mckenna,CONNOR McKENNA,0,3,0,Heavyweight,71in / 180cm,1.78,THE IRISH WARRIOR,06/1992,United States of America,https://www.instagram.com/CONNORMCKENNABKFC
connor-tierney,CONNOR TIERNEY,9,2,0,Welterweight,73in / 185.42cm,74,BRUM TOWN BOMBER,11/1994,United Kingdom,https://www.instagram.com/connortierneybtb/
conor-bracken,CONOR BRACKEN,0,1,0,Cruiserweight,76in / 193cm,1.8542,KENNY POWER,12/1992,United States of America,https://www.instagram.com/BICKENBRACK
conor-cooke,CONOR COOKE,6,1,0,Light Heavyweight,76in / 193cm,1.905,DA CROOK,03/1987,United Kingdom,https://www.instagram.com/conorcooke/
cooper-clarke,COOPER CLARKE,0,1,0,Lightweight,73in / 185cm,1.7526,DOCOCK,07/2005,Australia,https://www.instagram.com/cooperscd1
corey-harrison,Corey Harrison,1,4,0,Cruiserweight,,,,,United Kingdom,
corey-mcintosh,COREY McINTOSH,0,1,0,Cruiserweight,70in / 178cm,1.778,KING SMILEZ,12/1984,United States of America,https://www.instagram.com/KING_SMILEZ_757
corey-roberts,COREY ROBERTS,1,2,0,Featherweight,68in / 173cm,1.7,PITBULL,01/1988,United States of America,https://www.instagram.com/COREYROBERTSSR
cory-hardy,CORY HARDY,0,1,0,Middleweight,66in / 167cm,1.8288,,12/1993,United Kingdom,https://www.instagram.com/Cory_hardy_1
cory-madden,Cory Madden,0,1,0,Welterweight,,1.73,,,United States of America,
cory-willis,COREY WILLIS,3,1,0,Heavyweight,72in / 183cm,73,WHATCHU TALKIN' ABOUT,06/1986,United States of America,https://www.instagram.com/corey_whatutalkinbout_willis/
cristina-crist,CRISTINA CRIST,1,2,0,Strawweight,61in / 155cm,1.5748,CRAZY,04/1990,United States of America,https://www.instagram.com/crazy_cristina_crist/
cruiser-keith-richardson,KEITH RICHARDSON,2,2,0,Cruiserweight,73in / 185cm,1.8288,THE OFFICER,03/1983,United States of America,https://www.instagram.com/onetough_boxer/
crystal-lawson,CRYSTAL LAWSON,0,0,0,Strawweight,,1.5748,BEAR,01/1989,United States of America,https://www.instagram.com/p/Cw5k_zZJtcp/; https://www.facebook.com/thaifightgirl
crystal-pittman,CRYSTAL PITTMAN,3,4,0,Women Bantamweight,66in / 168cm,65,THE RUGGED BEAUTY,08/1986,United States of America,https://www.instagram.com/the_rugged_beauty/
crystal-van-wyk,CRYSTAL VAN WYK,2,3,0,Strawweight,63in / 160cm,1.5748,THE LOVELY,05/1987,South Africa,https://www.instagram.com/crystal_van_wyk/; https://www.facebook.com/crystal.h.vanwyk
dagoberto-aguero,DAGOBERTO AGUERO,1,0,0,Men Flyweight,"68.5""",1.75,,02/1993,United States of America,https://www.instagram.com/dagobertoaguero_boxing/
daishaun-middleton,Daishaun Middleton,0,1,0,Welterweight,,69,Raging Demon,11/1990,United States of America,https://www.instagram.com/daimiddleton/
dakota-cochrane,DAKOTA COCHRANE,7,3,0,Middleweight,71in / 180cm,67,,05/1986,United States of America,https://www.instagram.com/dakotacochranemma/
dakota-highpine,DAKOTA HIGHPINE,1,4,0,Featherweight,71in / 180cm,70,MONTANA DAK,01/1997,United States of America,https://www.instagram.com/dhighpine/
dale-sopi,Dale Sopi,1,2,0,Heavyweight,74,1.8,,01/1991,,
dallas-davison,DALLAS DAVISON,5,4,0,Middleweight,71in / 180cm,72,THE DENTIST,06/2000,United States of America,https://www.instagram.com/dallythedentist/
dalton-shtybel,DALTON SHTYBEL,0,1,0,Lightweight,73.5in / 186cm,1.7526,,08/1993,Canada,https://www.instagram.com/daltonshtybel/
dalvin-blair,DALVIN BLAIR,2,1,0,Welterweight,71in / 180cm,1.8034,HIPPY DISCIPLE,11/1990,United States of America,https://www.instagram.com/hippiedisciple
dameko-dabon-labon,DAMEKO DABON LABON,2,1,0,Bantamweight,72in / 183cm,69,LOTTO,01/1995,United States of America,https://www.instagram.com/damekolabon/
damian-gorski,Damian Gorski,1,6,0,Light Heavyweight,"70""",1.81,Goral,09/1991,Poland,
damien-black,DAMIEN BLACK,0,0,0,Heavyweight,,,,,,
damjan-savanovic,DAMJAN SAVANOVIC,0,1,0,Heavyweight,,,,02/1996,,https://www.instagram.com/savanovic.96/
damon-the-demon-bell,Damon 'The Demon' Bell,1,1,0,Light Heavyweight,69.0 in / 175cm,69,The Demon,08/1991,United States of America,
dan-chapman,DAN CHAPMAN,6,1,0,Featherweight,66in / 168cm,1.7018,INDIAN SPICE,05/1990,United Kingdom,https://www.instagram.com/dan_chapman01/
dan-godoy,DAN GODOY,1,3,0,Lightweight,71in / 180cm,1.7526,MAXBET,08/1996,Canada,https://www.instagram.com/maxbet_bkfc
dan-mohammed,DAN MOHAMMED,0,1,0,Bantamweight,61in / 155cm,1.7018,,05/1997,United Kingdom,https://www.instagram.com/danmohammedbkb
dan-spohn,Dan Spohn,0,1,0,Cruiserweight,"77.0""",1.94,Dragon,10/1984,United States of America,https://www.instagram.com/dragonspohn/; https://www.facebook.com/dragonspohn
dan-vinni,DAN VINNI,1,0,0,Light Heavyweight,,,THE KING OF MEKONG,,United Kingdom,https://www.instagram.com/danvinni_mma/
danasabe-mohammed,DANASABE MOHAMMED,1,2,0,Middleweight,76in / 193cm,69,PAPA MIDNIGHT,10/1990,United States of America,https://www.instagram.com/papamidnight170/
daniel-alvarez,DANIEL ALVAREZ,2,2,0,Featherweight,67.5in / 171cm,66,MACHETE,11/1989,United States of America,https://www.instagram.com/_d90sguy_/
daniel-bunyan,Daniel Bunyan,0,1,0,Light Heavyweight,,,,,United States of America,https://www.instagram.com/danbunyanmma/
daniel-cooper,DANIEL COOPER,2,0,0,Light Heavyweight,72in / 183cm,73,SUPER,05/1999,United States of America,https://www.instagram.com/supercoop189
daniel-curtin,DANIEL CURTIN,0,1,0,Heavyweight,73in / 185cm,1.9304,BIG,11/1990,United Kingdom,
daniel-dorrer,Daniel Dörrer,1,0,0,Cruiserweight,"75""",1.8796,,,Germany,
daniel-gardner,DANIEL GARDNER,0,1,0,Light Heavyweight,70in / 178cm,67,DJ,05/1984,United States of America,https://www.instagram.com/dangardner/
daniel-gary,Daniel Gary,0,4,0,Lightweight,69.0 in / 175cm,65,Black Mamba,11/1993,United States of America,
daniel-pettit,DANIEL PETTIT,1,3,0,Featherweight,71in / 180cm,72,TOWER DOG,10/1989,United States of America,https://www.instagram.com/towerdogdan/
daniel-robson,Daniel Robson,0,2,0,Heavyweight,,,,,United Kingdom,
daniel-straus,DANIEL STRAUS,0,2,0,Featherweight,67in / 170cm,1.73,,07/1984,United States of America,https://www.instagram.com/danielstraus/; https://www.facebook.com/danielstrausfan
daniel-vansickle,Daniel Vansickle,0,1,0,Lightweight,,1.7,,,United States of America,
daniela-graf,DANIELA GRAF,0,1,0,Women Flyweight,,1.6,,09/1982,Germany,https://www.instagram.com/danielagrafofficial/
danny-christie,DANNY CHRISTIE,5,3,0,Welterweight,73in / 185cm,1.8034,THE BASTARD,01/1985,United Kingdom,https://www.instagram.com/danny_tb_christie/
danny-hilton,Danny Hilton,1,0,0,Lightweight,,,,,United States of America,
danny-leadbetter,DANNY LEADBETTER,0,3,0,Light Heavyweight,70n / 78cm,69,1.7272,10/1991,United Kingdom,https://www.instagram.com/danny_leadbetter_
danny-mcintosh,DANNY McINTOSH,1,1,0,Cruiserweight,72in / 183cm,1.8796,THE BIG MAC,04/1980,United Kingdom,
danny-mitchell,DANNY MITCHELL,2,0,0,Light Heavyweight,,1.8796,THE CHEESECAKE ASSASSIN,08/1986,United Kingdom,https://www.facebook.com/dannymitchellmma
danny-mitchell-us,DANNY MITCHELL (US),0,1,0,Cruiserweight,78in / 198cm,1.9304,D-BOY,01/1981,United States of America,https://www.instagram.com/d.e.mitchell209/
danny-moir,DANNY MOIR,3,1,0,Light Heavyweight,78in / 198cm,1.905,THE DESTROYER,10/1992,United Kingdom,https://www.instagram.com/moirdanny/
danny-oconnor,Danny O'Connor,0,0,0,Lightweight,67.5in / 171cm,1.73,,,United States of America,
danny-wall,DANNY WALL,0,1,0,Middleweight,,1.8034,WAR,02/1989,United Kingdom,https://www.instagram.com/dannywallofficial
darcy-braine,DARCY BRAINE,1,0,0,Heavyweight,79in / 201cm,2.0066,,03/1995,Australia,https://www.instagram.com/darcy.braine
darren-godfrey,Darren Godfrey,0,5,0,Light Heavyweight,,,,,United Kingdom,
darren-hendry,DARREN HENDRY,5,1,0,Cruiserweight,,73,THE DAZZLER,01/1990,United Kingdom,
darren-till,DARREN TILL,0,0,0,Light Heavyweight,,,,,United Kingdom,
darren-whitney,DARREN WHITNEY,1,1,0,Welterweight,77in / 196cm,1.8288,D DAY,06/1990,United States of America,https://www.instagram.com/DDAY6MMA
darrian-leu-pierre,DARRIAN LEU-PIERRE,0,0,0,Lightweight,78.5in / 199cm,1.9304,EL SICARIO,03/2001,United States of America,https://www.instagram.com/dtlp09
darrick-the-buck-gates,DARRICK GATES,1,6,0,Featherweight,73in / 185cm,69,THE BUCK,04/1989,United States of America,https://www.instagram.com/bkfcbuck/
darwin-bonilla,Darwin Bonilla,0,1,0,Men Flyweight,,65,,,,
dat-nguyen,DAT NGUYEN,4,1,0,Bantamweight,,67,DAT BE DAT,10/1982,Viet Nam,https://www.instagram.com/datbedat/; https://www.facebook.com/datbedat/
davian-green,Davian Green,0,2,0,Cruiserweight,80in/203.2cm,74,,01/1993,United States of America,https://www.facebook.com/davian.green.5
david-bosnick,David Bosnick,1,0,0,Featherweight,71.5in / 182cm,1.78,The Boss,09/1990,United States of America,https://www.instagram.com/david_bosnick/
david-burke,DAVID BURKE,1,1,0,Light Heavyweight,74in / 188cm,1.8288,,10/1995,United States of America,https://www.instagram.com/davidburke1019
david-diaz,DAVID DIAZ,3,1,0,Bantamweight,68in / 172.72cm,65,EL PERRO NECIO,06/1989,United States of America,https://www.instagram.com/el.necio.diaz/?hl=en
david-lopez,David Lopez,0,0,0,Middleweight,,,,,,
david-loureiro,David Loureiro,0,1,0,Bantamweight,,1.75,Immortal Goat,11/1990,United States of America,
david-mora,DAVID MORA,1,1,0,Welterweight,72in / 183cm,1.8288,,03/1995,Spain,https://www.instagram.com/davidmora155/
david-morgan,David Morgan,0,1,0,,,,,03/1988,United States of America,
david-mundell,DAVID MUNDELL,10,2,0,Middleweight,75 in / 190.5 cm,69,REDNECK,08/1991,United States of America,https://www.instagram.com/redneckmundell/; https://www.facebook.com/david.mundell.1
david-oscar,DAVID OSCAR,6,2,0,Heavyweight,68in / 173cm,1.8542,DAVID,03/1990,Poland,https://www.instagram.com/dawidoskar15/
david-round,DAVID ROUND,3,4,0,Light Heavyweight,72in / 183cm,71,ONE MORE,04/1987,United Kingdom,https://www.instagram.com/david1moreroundbkfc/
david-sanchez,DAVID SANCHEZ,2,1,0,Light Heavyweight,73.5in / 187cm,1.8288,THA SANDMAN,01/1983,United States of America,
david-simpson,DAVID SIMPSON,3,5,0,Light Heavyweight,71in / 180cm,71,,11/1989,United States of America,https://www.instagram.com/DAVID_SIMPSONMMA
david-the-caveman-rickels,David 'The Caveman' Rickels,2,1,0,Middleweight,72in/183cm,71,The Caveman,01/1989,United States of America,
dawid-chylinski,DAWID CHYLINSKI,4,3,0,Light Heavyweight,73in / 185cm,1.7272,MACHO,05/1998,United Kingdom,https://www.instagram.com/Miixbix
dawid-zoltaszek,Dawid Zoltaszek,6,2,0,Heavyweight,81.1in / 206cm,1.93,Maximus,01/1978,Poland,
dean-hunt,Dean Hunt,0,1,0,Light Heavyweight,,,,,,
deborah-melhorn,DEBORAH MELHORN,1,1,0,Women Featherweight,65in / 165cm,1.6764,,03/1994,Germany,https://www.instagram.com/DEBEE.CRUSH
dec-spelman,DEC SPELMAN,3,0,0,Cruiserweight,77in / 195cm,1.8288,Kid Nytro,03/1992,United Kingdom,
delaney-bailey,Delaney Bailey,1,1,0,Strawweight,,61,Lil Scrappy,11/1992,United States of America,https://www.instagram.com/lilscrappy_bailey/; https://www.facebook.com/delaney.owen.5
demarcus-chop-chop-corley,Demarcus 'Chop Chop' Corley,0,1,0,Bantamweight,70 in / 177.8cm,67,Chop Chop,06/1974,United States of America,
denis-gondzala-610p7,DENIS GONDZALA,0,1,0,Welterweight,,1.88,,05/2002,Slovakia,https://www.instagram.com/gondzala70kg/
dennis-labruzza,Dennis LaBruzza,1,1,0,Light Heavyweight,,,,,United States of America,
derek-campos,DEREK CAMPOS,0,0,0,Lightweight,,,THE STALLION,,United States of America,https://www.instagram.com/dc_stallionmma/?ref=Sneakershouts
derek-greene,Derek Greene,0,1,0,Welterweight,,66,,,,
derek-perez,DEREK PEREZ,4,5,0,Bantamweight,70 in / 178cm,69,RAGE,03/1992,United States of America,
deron-carlis,DERON CARLIS,0,1,0,Lightweight,65in / 165cm,65,PHARAOH,10/1986,United States of America,https://www.instagram.com/pharaohcarlis/
deron-winn,DERON WINN,1,0,0,Cruiserweight,,1.6764,,06/1989,United States of America,https://www.instagram.com/deron_winn
derrick-findley,DERRICK FINDLEY,3,4,0,Welterweight,74in / 188cm,66,SUPERMAN,05/1980,United States of America,https://www.instagram.com/DERRICK_SUPERMAN_FINDLEY
desmond-johnson,DESMOND JOHNSON,0,1,0,Featherweight,72in / 183cm,1.8288,,08/1979,Canada,
detrailous-teddy-webster,Detrailous' Teddy Webster,0,0,0,Heavyweight,73in / 185.42cm,1.83,Detrailous,05/1988,United States of America,
devin-gibson,DEVIN GIBSON,2,1,0,Bantamweight,,66,THE CANADIAN ASSASSIN,,Canada,
devon-schwan,DEVON SCHWAN,1,0,0,Cruiserweight,72in / 183cm,1.8796,DAPPER SCRAPPER,01/1983,United States of America,https://www.instagram.com/SAVAGEGENTLEMAN_
devonte-jeffery,DEVONTE JEFFERY,0,2,0,Cruiserweight,"75""",1.8796,MR. UNKNOWN,07/1994,United States of America,https://www.instagram.com/DevonteJ21
dexter-carthon,BOLO CARTHON,0,2,0,Heavyweight,78in / 198cm,1.8034,BOLO,04/1984,United States of America,https://www.instagram.com/1984LOUIS_
dexter-thomas---no-fighter-info,Dexter Thomas,0,0,0,Lightweight,,,,,,
diamond-long,DIAMOND LONG,0,0,0,Women Flyweight,,,IN THE ROUGH,,,https://www.instagram.com/diamond_bkfc/?hl=en
diego-garijo,Diego Garijo,1,1,0,Welterweight,,1.76,El Nino,,,
diego-romo,DIEGO ROMO,0,1,0,Light Heavyweight,73in / 185cm,1.8034,PSYCHOPATH,02/1992,Ecuador,https://www.instagram.com/DIEGO_ROMO92
diego-sanchez,Diego Sanchez,0,1,0,Welterweight,72in / 183cm,1.78,Nightmare,12/1981,United States of America,https://www.instagram.com/diegonightmaresanchezufc/; https://www.facebook.com/profile.php?id=100046761529951
dilan-prasovic,DILAN PRASOVIC,2,0,0,Heavyweight,76in / 193cm,1.9,,12/1995,Montenegro,https://www.instagram.com/dprasovic/
dillon-blaydon,DILLON BLAYDON,1,2,0,Cruiserweight,75in / 191cm,1.8288,,05/1992,United States of America,https://www.instagram.com/DILLON_THE_IRISHTHUG
dillon-cleckler,Dillon Cleckler,3,2,0,Heavyweight,76in / 193.04cm,75,Bad Boy,11/1981,United States of America,https://www.instagram.com/dccleckler/; https://www.facebook.com/dillon.cleckler
dillon-winemiller,Dillon Winemiller,2,2,0,Light Heavyweight,,71,The Dog,12/1992,United States of America,https://www.instagram.com/dillon_winemiller/
dilshat-nurym,DILSHAT NURYM,1,0,0,Featherweight,71in / 180cm,1.778,ASAU BARAK,,Kazakhstan,https://www.instagram.com/NURIM.D
dimitri-angelini,DIMITRI ANGELINI,0,4,0,Lightweight,69.0 in / 175cm,70,THE MODERN GLADIATOR,,Italy,https://www.instagram.com/dimitri_angelini_bkfc/
dionisio-ramirez,DIONISIO RAMIREZ,2,0,0,Welterweight,69in / 175cm,1.7526,NICHO,10/1986,United States of America,
dj-linderman,DJ Linderman,3,2,0,Heavyweight,74.5,1.86,DA PROTEGE,09/1983,United States of America,
dominic-ahnee,Dominic Ahnee,0,1,0,Light Heavyweight,,,,,United States of America,
dominick-carey,DOMINICK CAREY,1,1,0,Men Flyweight,70in / 178cm,1.7526,DOM THE BOMB,10/2000,United States of America,https://www.instagram.com/518domthebomb/
dominico-salas,DOMINICO SALAS,1,0,0,Welterweight,68in / 173cm,66,MAD DOC,05/1988,United States of America,https://www.facebook.com/dominico.salas
dominik-herold,DOMINIK HEROLD,6,1,0,Cruiserweight,73in / 185cm,1.8542,RIDER,03/1999,Czech Republic,https://www.instagram.com/DOM_RIDER_HEROLD
donald-sanchez,DONALD SANCHEZ,5,2,0,Light Heavyweight,70in / 178cm,72,,08/1984,United States of America,https://www.instagram.com/officialdonaldsanchez/
donald-wonch,DONALD WONCH,0,1,0,Heavyweight,,,,,,
donelei-benedetto,Donelei Benedetto,0,1,0,Light Heavyweight,,1.88,Slim Reaper,08/1991,United States of America,https://www.instagram.com/benedettoathletics_/
donnie-tice-jr,DONNIE TICE JR,1,2,0,Heavyweight,69in / 175cm,1.8034,DJ,04/1999,United States of America,https://www.facebook.com/donnieticejr
donny-matos,DONNY MATOS,1,0,0,Featherweight,68in / 173cm,1.7018,TERRIER,01/1988,Brazil,https://www.instagram.com/DONY_TERRIER
donovan-desmae,DONOVAN DESMAE ,0,1,0,Middleweight,,1.8,,12/1991,Spain,https://www.instagram.com/donovanvegasmma/
donterry-woods,Donterry Woods,0,0,0,Cruiserweight,,1.88,Troublesome,08/1984,United States of America,https://twitter.com/troublesomemma; https://www.facebook.com/Asmodeus1776/
dorian-long,DORIAN LONG,1,0,0,Lightweight,,,,,United States of America,
doug-coldred-coltrane,DOUG 'COLDRED' COLTRANE,4,2,0,Middleweight,79in / 200cm,73,COLDRED,04/1986,United States of America,https://www.instagram.com/coldred_coltrane_/
drake-heitfield,Drake Heitfield,0,1,0,Bantamweight,,69,,04/1992,United States of America,
drako-rodriguez,DRAKO RODRIGUEZ,2,1,0,Featherweight,70.5in / 179cm,1.7526,THE GREAT DRAKOLINI,06/1996,United States of America,https://www.instagram.com/drakorodriguez/; https://www.facebook.com/drako.rodriguez.35
dre-coles,Dre Coles,1,0,0,Bantamweight,,1.68,,,,
drew-lipton,Drew Lipton,0,4,0,Light Heavyweight,70 in / 177.8cm,67,The Spider Monkey,10/1988,United States of America,
drew-nolan,DREW NOLAN,1,3,0,Cruiserweight,68in / 173cm,70,HARD BODY,07/1990,United States of America,https://www.instagram.com/drew.hardbody.nolan/?img_index=1
drew-stuve,DREW STUVE,4,0,0,Middleweight,74in / 188cm,1.8796,WILD BOY,12/1996,Canada,https://www.instagram.com/stuvoboxing/
duke-sensley,Duke Sensley,2,0,0,Light Heavyweight,80in / 203cm,1.93,The Nuke,07/1995,United States of America,https://www.instagram.com/duke.gon.nuke.em/
dusan-radovic,DUSAN RADOVIC,0,1,0,Middleweight,,1.81,MECAVA,01/1999,Serbia,https://www.instagram.com/dusan_radovic_/
dustin-garrett,DUSTIN GARRETT,0,1,0,Featherweight,68in / 173cm,1.6764,ELMO,08/1997,United States of America,
dustin-long,Dustin Long,0,1,0,Cruiserweight,,1.96,,08/1982,United States of America,
dustin-pague,DUSTIN PAGUE,6,2,0,Welterweight,73.5in / 186cm,69,THE DISCIPLE,08/1987,United States of America,https://www.instagram.com/dustinpague/?hl=en
dustin-rabiega,Dustin Rabiega,3,2,0,Cruiserweight,,,,,,
dustin-thompson,DUSTIN THOMPSON,0,0,0,Welterweight,,,,,,
dusty-sparks,DUSTY SPARKS,0,2,0,Lightweight,70in / 178cm,1.8034,,11/1986,United States of America,https://www.instagram.com/p/BtpPiPOA5WZ/
dylan-felion,DYLAN FELION,0,1,0,Featherweight,74in / 188cm,75,THE AFRO SAMURAI,12/1997,United States of America,https://www.instagram.com/dylan_felion/
dylan-schulte,DYLAN SCHULTE,3,1,0,Featherweight,72in / 183cm,65,THE VILLAIN,03/1996,United States of America,https://www.instagram.com/SCHULTE_DYLAN1
eddie-alvarez,EDDIE ALVAREZ,1,2,0,Lightweight,69in / 175cm,1.76,THE UNDERGROUND KING,01/1984,United States of America,https://www.instagram.com/ealvarezfight/; https://www.facebook.com/Eddie-Alvarez-34838112296/
eddie-hoch,Eddie Hoch,2,1,0,Lightweight,68in / 172.72cm,69,,,United States of America,
edgard-plazaola,EDGARD PLAZAOLA,6,0,0,Featherweight,70in / 178cm,68,THE DREAM KILLER,03/1988,Nicaragua,https://www.instagram.com/the_dreamkill3r/
eduardo-concepcion,EDUARDO CONCEPCION,2,1,0,Cruiserweight,72 in/182.88 cm,71,,03/1990,Cuba,https://www.instagram.com/eduardoconcepcion_/
eduardo-meneses,EDUARDO MENESES,0,1,0,Bantamweight,67in / 170cm,1.651,CHINO,05/2005,Mexico,https://www.instagram.com/EDUARDO.M.HERNANDEZ.165
eduardo-peralta,EDUARDO PERALTA,2,3,0,Middleweight,68in / 173cm,66,,02/1994,Mexico,https://www.instagram.com/EDPERALTA9
eduardo-suarez,EDUARDO SUAREZ,0,0,0,Featherweight,,,,,,
elijah-harris,ELIJAH HARRIS,2,2,0,Featherweight,73in / 185 cm,67,BUFFALO SOLDIER,10/1995,United States of America,https://www.instagram.com/thebuffalosoldier145
elijah-jamerson,ELIJAH JAMERSON,1,0,0,Bantamweight,71in / 180cm,1.7272,SNAPDRAGON,05/1994,United States of America,https://www.instagram.com/elijamzmusic
ellis-shepherd,ELLIS SHEPHERD,3,1,0,Lightweight,64in / 163cm,1.778,THE GRAFTER,,United Kingdom,https://www.instagram.com/ellis_bkfcshepherd1/
elnur-suleymanov,ELNUR SULEYMANOV,1,0,0,Middleweight,175.26,1.7526,ZAVOEVATEL,,Azerbaijan,https://www.instagram.com/ELNUR_ZAVOEVATEL
elvin-brito,ELVIN BRITO,7,7,0,Welterweight,70in / 177cm,68,EL BANDITO,07/1985,Puerto Rico,https://www.instagram.com/bare_knuckle_bandido/; https://www.facebook.com/ElBandidoMMA/
emeka-ifekandu,EMEKA IFEKANDU,2,0,0,Lightweight,75.5in / 192cm,68,,08/1986,United States of America,https://www.instagram.com/ifekanduemeka/?hl=en
emil-enchev,EMIL ENCHEV,1,0,0,Light Heavyweight,,1.9,,06/2001,Bulgaria,https://www.instagram.com/emil_m_enchev_the_gladiator/
emircan-gulsen,EMIRCAN GULSEN,1,0,0,Welterweight,,,,09/2001,Turkey,https://www.instagram.com/emircan.boxing/
emma-murray,EMMA MURRAY,0,2,0,Strawweight,61in / 156cm,62,EAZY E,07/2004,United States of America,https://www.instagram.com/murr.emma
emmanuel-rivero,EMMANUEL RIVERO,0,0,0,Featherweight,,,,,Argentina,
emre-akbas,EMRE AKBAS,1,0,0,Light Heavyweight,,1.87,,04/2001,Turkey,https://www.instagram.com/akbasemre1/
enkhtur-bayartsogt,ENKHTUR BAYARTSOGT,1,0,0,Welterweight,68in / 173cm,1.778,ET BOSS WOLF,01/1992,,
enzo-tobbia,ENZO TOBBIA,1,1,0,Light Heavyweight,72in / 183cm,1.7526,OSSO DURO,03/1991,Italy,
eric-dodson,ERIC DODSON,4,2,0,Featherweight,67in / 170cm,66,THUGGY BEAR,05/1986,United States of America,https://www.instagram.com/x.thuggybear.x/
eric-prindle,Eric Prindle,0,1,0,Heavyweight,79,1.94,American Soldier,08/1976,United States of America,
eric-soto,ERIC SOTO,0,0,0,Heavyweight,,,,,,
eric-thompson,Eric Thompson,0,3,0,Middleweight,,67,The Genetic Freak,10/1985,United States of America,
eric-westbury,ERIC WESTBURY,0,1,0,Light Heavyweight,75in / 191cm,1.8288,,01/1992,United States of America,https://www.instagram.com/EJWESTBURY
erick-lozano,ERICK LOZANO,3,6,0,Cruiserweight,71in / 180cm,70,EL TRAVIESO,04/1984,United States of America,https://www.instagram.com/elozano1233/; https://www.facebook.com/Erick.el.Travieso.Lozano
erick-murray,Erick Murray,1,1,0,Cruiserweight,,76,,,United States of America,
erik-leander,Erik Leander,0,1,0,Heavyweight,,,,12/1978,United States of America,
erik-lopez,ERIC LOPEZ,3,4,0,Middleweight,69i / 175cm,67,LIGHTS OUT,10/1996,United States of America,
erkan-varol,Erkan Varol,0,1,0,Lightweight,,,,06/1981,Turkey,
ermek-kumachaev,Ermek Kumachaev,0,1,0,,,71,,,Kyrgyzstan,
ernesto-papa,ERNESTO PAPA,2,0,0,Cruiserweight,77in / 196cm,1.8288,BIG 20,03/1983,Italy,https://www.instagram.com/PAPA_BKB_BIG_20_
ernesto-suarez,ERNESTO SUAREZ,2,0,0,Bantamweight,66in / 168cm,1.7018,LAS MANOS BENDITAS,11/1994,Cuba,https://www.instagram.com/_lasmanosbenditas_
esteban-rodriguez,ESTEBAN RODRIGUEZ,6,1,0,Heavyweight,81in / 206cm,76,MOHAWK,01/1992,United States of America,https://www.facebook.com/esteban.rodriguez.7399786
estevan-payan,Estevan Payan,1,1,0,Lightweight,72,1.78,EL TERRIBLE,04/1982,United States of America,
ethan-trout,ETHAN TROUT,0,0,0,Welterweight,,,,,,
evgenii-kurdanov,EVGENII KURDANOV,5,3,0,Welterweight,69in / 175cm,1.71,THE SAILOR,07/1994,Russia,https://www.instagram.com/kurdanovcoach/
ezatullah-kakar,Ezatullah Kakar,1,0,0,Heavyweight,,72,,05/2000,Pakistan,
fabiano-hawthorne,Fabiano Hawthorne,1,1,0,Welterweight,,70,,07/1982,Brazil,https://www.facebook.com/fabiano.hawthorne
fabio-maldonado,FABIO MALDONADO,0,1,0,Cruiserweight,75in / 190cm,1.8542,,,Brazil,https://www.instagram.com/FABIO_MALDO
famez,FAMEZ,4,6,0,Welterweight,67.5in / 171cm,67,FAMEZ,10/1994,United States of America,https://www.instagram.com/therealfamezbackup/
fani-peloumpi,FANI PELOUMPI,1,1,0,Strawweight,"65""",64,,04/1984,Greece,https://www.facebook.com/fani.peloumpi
fatu-tuitasi,FATU TUITASI,0,1,0,Welterweight,,,,,,
felipe-chavez,FELIPE CHAVEZ,3,1,0,Welterweight,73in / 185cm,70,FLIP,09/1983,United States of America,https://www.instagram.com/felipechavez669/?hl=en
felipe-maia,FELIPE MAIA,2,1,0,Lightweight,"68.50""",1.75,PRAGUINHA,04/1989,Brazil,https://www.instagram.com/praguinhamma/
felony-charles-bennett,Felony Charles Bennett,1,4,0,Featherweight,,67,Felony,11/1979,United States of America,https://www.instagram.com/bennet_charles/
fernando-gonzalez,FERNANDO GONZALEZ,1,1,0,Light Heavyweight,68in / 173cm,69,THE MENIFEE MANIAC,04/1984,United States of America,https://www.instagram.com/menifeemaniac/
fetongi-tuinauvai,FETONGI TUINAUVAI,1,0,0,Heavyweight,73in / 183cm,1.8034,TONGAN TEE,08/1989,Australia,https://www.instagram.com/teedupfitness_
florian-de-la-motte,FLORIAN DE LA MOTTE,0,1,0,Heavyweight,,,,,,
florin-lupu,Florin Lupu,0,1,0,Bantamweight,"69""",1.6,,01/1980,Romania,https://www.instagram.com/florin_lupu/
fran-suarez,FRAN SUAREZ,0,2,0,Lightweight,70in / 178cm,1.7526,MI VIDA LOCA,06/1986,Spain,https://www.instagram.com/suarez.fsp/
francesco-ricchi,FRANCESCO RICCHI,7,3,0,Light Heavyweight,79in / 200.66cm,75,,02/1994,Italy,
franco-tenaglia,FRANCO TENAGLIA,5,1,0,Welterweight,74in / 188cm,69,,09/1996,Argentina,https://www.instagram.com/fran_tenaglia/
frank-lester,FRANK LESTER,0,1,0,Cruiserweight,72in / 183cm,1.8288,THE TANK,03/1985,United States of America,
frank-tate,Frank Tate,2,2,0,Heavyweight,83in / 210.82cm,76,,04/1976,United States of America,
frankie-gavin,FRANKIE GAVIN,0,1,0,Welterweight,,1.7272,,,,
frankie-shughart,Frankie Shughart,0,2,0,Middleweight,,1.91,Four Fingers,10/1989,United States of America,
frankie-solomon,FRANKIE SOLOMON JR,1,0,0,Middleweight,78in / 198cm,1.8034,MR. FUNDAMENTALZ,07/1989,United States of America,https://www.instagram.com/MR._FUNDAMENTALZ_
fred-pierce,Fred Pierce,2,4,0,Middleweight,69.0 in / 175cm,1.83,,,United States of America,
fred-sikking,FRED SIKKING ,0,1,0,Cruiserweight,74in / 178cm,1.8796,THE PIRANHA,10/1980,,https://www.instagram.com/fred_sikking
freddy-masabo,FREDDY MASABO,3,1,0,Featherweight,74 in,1.77,,,Cuba,https://www.instagram.com/spidermanfreddy/
freddy-sandoval,FREDDY SANDOVAL,0,1,0,Light Heavyweight,74in / 188cm,69,BIG SEXY,05/1985,United States of America,https://www.instagram.com/p/ClXTC24Jz59/?img_index=1
fuad-tarverdi,FUAD TARVERDI,0,1,0,Bantamweight,66in / 167cm,1.7018,THE FLASH,,Azerbaijan,https://www.instagram.com/TARVERDI.FUAD
gabe-sacchetti,Gabe Sacchetti,0,2,0,Men Flyweight,,66,,,United States of America,
gabriel-brown,Gabriel Brown,0,1,0,Cruiserweight,74 in/188 cm,74,,01/1996,United States of America,
gabriel-freyre,GABRIEL FREYRE,2,2,0,Featherweight,72in / 183cm,1.6764,WARRIOR OF GOD,06/1992,United States of America,https://www.instagram.com/FREYREWOG
gabriel-gonzaga,Gabriel Gonzaga,1,0,0,Heavyweight,76,1.88,Napao,05/1979,,
gabriel-hernandez,GABRIEL HERNANDEZ,1,0,0,Men Flyweight,,1.7272,THE WOLFMAN,,United States of America,
gabriel-mota,GABRIEL MOTA,2,3,0,Cruiserweight,72in / 183cm,1.778,MANO DE PIEDRA,04/1992,United States of America,https://www.instagram.com/manosdepiedra92/
gabrielle-roman,GABRIELLE ROMAN,2,3,0,Women Flyweight,64in / 163cm,1.6002,,01/1992,United States of America,https://www.instagram.com/lafamilia_roman/
galactika-mejia,LADDY MEJIA,1,1,0,Strawweight,60.5in / 153cm,1.5748,GALACTIKA,03/1987,Peru,https://www.instagram.com/galactikgirl/; https://www.facebook.com/VALERIAGALACTIKA/
gary-balletto-iii,GARY BALLETTO III,3,0,0,Light Heavyweight,70in / 178cm,1.8034,BATMAN,01/1995,United States of America,https://www.instagram.com/batmanballetto/
gary-fox,GARY FOX,4,3,0,Welterweight,67in / 170cm,1.7018,,11/1985,United Kingdom,https://www.instagram.com/garyfoxbkfc.lufc/
gary-slator,GARY SLATOR,1,1,0,Heavyweight,75in / 191cm,1.8288,THE GRIM REAPER,05/2000,United Kingdom,
gaston-reyno,Gaston Reyno,3,0,0,Lightweight,69.5in / 177cm,1.83,Tonga,11/1986,Uruguay,https://www.instagram.com/gastonreyno; https://www.facebook.com/gastontongareyno
gaz-corran,GAZ CORRAN,1,0,0,Heavyweight,71in / 180cm,1.778,THE CRUSHER,03/1981,United Kingdom,
geane-herrera,Geane Herrera,1,1,0,Men Flyweight,65.5in / 165.1cm,65,The Revolutionary,05/1990,United States of America,https://www.facebook.com/geaneh
gee-perez,GEE PEREZ,6,2,0,Men Flyweight,76in / 193cm,68,THE CUTMAN,08/1988,United States of America,https://www.instagram.com/bkfc_the_cutman/
gene-perez,Gene Perez,0,2,0,Featherweight,,64,,07/1990,United States of America,https://www.facebook.com/gene.perez2
gentleman-jack,Gentleman Jack,1,0,0,Featherweight,,68,Gentleman,,,
george-buckell,George Buckell,0,1,0,Lightweight,,,,,,
george-thorpe,GEORGE THORPE,2,1,0,Middleweight,79in / 200cm,1.8796,GORGEOUS,07/1996,United Kingdom,https://www.instagram.com/georgethorpebkfc/
georgi-valentinov,Georgi Valentinov,1,0,0,Middleweight,187 cm / 73.6 in,1.778,,04/1993,Bulgaria,https://www.instagram.com/georgi.valentinov_official/?hl=en
geronimo-dos-santos,GERONIMO DOS SANTOS,1,0,0,Heavyweight,80.5in / 204cm,1.9304,MONDRAGON,08/1980,Brazil,https://www.instagram.com/MONDRAGON_MONSTROMMA
ghost-mcfarlane,GHOST MCFARLANE,1,1,0,Heavyweight,79in / 201cm,1.9304,,03/1998,United Kingdom,https://www.instagram.com/jaycarriganmcfarlane
gilbert-patrocinio,Gilbert Patrocinio,2,0,0,Welterweight,,,Tubaraobranco,08/1991,Brazil,
gilberto-aguilar,Gilberto Aguilar,0,4,0,Lightweight,71,68,El Azteca,05/1980,Mexico,
gilberto-fuentes,GILBERTO FUENTES,1,0,0,Cruiserweight,,,,,,
giovanni-carpentieri,GIOVANNI CARPENTIERI,0,1,0,Light Heavyweight,74in / 188cm,1.778,MAMBA,03/1990,Italy,https://www.instagram.com/giovanni_carpentieri_bkb/
glendel-futrell,GLENDEL FUTRELL,0,4,0,Featherweight,74 in/188 cm,72,THE BERSERKER,07/1990,United States of America,https://www.instagram.com/bareknuckle_berserker007/; https://www.facebook.com/glendel007/
gligor-stojanov,Gligor Stojanov,0,0,0,Welterweight,,,,,Switzerland,
gorichkhan-rigi,GORICHKHAN RIGI,0,1,0,Light Heavyweight,,1.87,,06/2001,,https://www.instagram.com/gorichkhan/
gorjan-gogo-slaveski,Gorjan Slaveski,7,1,0,Welterweight,71 in,69,Braveheart,05/1994,Macedonia,https://www.instagram.com/gogo_braveheart
goscha,Goscha,0,1,0,Light Heavyweight,,,,,,
grady-wall,GRADY WALL,0,1,0,Lightweight,70in / 178cm,1.7272,G,06/1999,United States of America,https://www.instagram.com/gwall_1999/
greg-bono,Greg Bono,0,1,0,Featherweight,67.5in / 171cm,66,,,United States of America,https://www.instagram.com/rockhard_bono/
greg-hardy-jr,Greg Hardy Jr,0,1,0,Heavyweight,80.5in / 204cm,1.96,The Prince of War,07/1988,United States of America,https://www.instagram.com/greghardyjr/
greg-stratton,GREG STRATTON,0,0,0,Middleweight,,,,,,
gregoris-cisneros,GREGORIS CISNEROS,0,0,0,Welterweight,,,,,,
grigor-saruhanyan,GRIGOR SARUHANYAN,0,0,0,Middleweight,,,,,,
guilherme-vianna,GUILHERME VIANA,2,1,0,Heavyweight,78in / 198cm,1.9304,,05/1986,Brazil,https://www.instagram.com/gplay203
gustaf-cedermalm,Gustaf Cedermalm,1,1,0,Featherweight,"72""",1.778,Forehead Forward,01/1986,Sweden,
gustavo-balart,GUSTAVO BALART,0,0,0,Men Flyweight,,,,,,
gustavo-cuban-assassin-trujillo,Gustavo 'Cuban Assassin' Trujillo,8,0,0,Heavyweight,78.5 in/199.39cm,76,Cuban Assassin,02/1993,Cuba,https://www.instagram.com/cubanassassin_mma/
guto-inocente,GUTO INOCENTE,0,1,0,Heavyweight,,,,,,
gzim-selmani,GZIM SELMANI,1,0,0,Heavyweight,80in / 203cm,1.905,THE ALBANIAN PSYCHO,06/1994,,https://www.instagram.com/albanianpsycho/
haim-gozali,Haim Gozali,2,0,0,Middleweight,72in / 183cm,71,,05/1973,,
hannah-rankin,HANNAH RANKIN,1,1,0,Women Featherweight,70in / 178cm,1.7526,THE CLASSICAL WARRIOR,07/1999,United Kingdom,https://www.instagram.com/team_rankin/
hannah-rosario,Hannah Rosario,0,0,0,Featherweight,,1.62,,08/1990,United States of America,
hannah-the-hurricane-guy,Hannah 'The Hurricane' Guy,0,1,0,Women Flyweight,63 in / 106.02cm,64,The Hurricane,05/1995,United States of America,https://www.instagram.com/hannahguymma/; https://www.facebook.com/hannahjguy
harris-stephenson,Harris Stephenson,5,3,0,Light Heavyweight,74 in/188 cm,74,Sandman,03/1989,United States of America,
harrison-aiken,HARRISON AIKEN,3,5,0,Light Heavyweight,74in / 188cm,70,THE HEADHUNTER,07/1989,United States of America,https://www.instagram.com/theheadhunterbkfc/
harry-cain,HARRY CAIN,0,1,0,Featherweight,,,,,,
harry-cruz,Harry Cruz,0,1,0,,,1.75,,04/1995,Puerto Rico,
harry-gigliotti,HARRY GIGLIOTTI,1,0,0,Featherweight,72in / 183cm,1.778,THE HITMAN,,United States of America,https://www.instagram.com/thehitmangigliotti
hasan-al-ghanim,HASAN AL-GHANIM,4,0,0,Lightweight,69in / 175cm,1.651,HUNGRY,01/1995,Canada,https://www.instagram.com/hungryhasan/
hassan-yousefi,HASSAN YOUSEFI,1,0,0,Heavyweight,77in / 195cm,1.905,,,,
hayden-brown,HAYDEN BROWN,0,1,0,Heavyweight,73in / 185cm,1.8288,THE BERSERKER,03/1997,United States of America,https://www.instagram.com/BERSERKER_BTOWN
hayden-sherriff,Hayden Sherriff,2,4,0,Featherweight,,,,,,
haze-hepi,HAZE HEPI,3,1,0,Heavyweight,81in / 206cm,1.905,THE HUNTSMAN,03/1991,New Zealand,https://www.instagram.com/hazethehuntsman
haze-wilson,HAZE WILSON,4,2,0,Heavyweight,74in / 188cm,1.8288,THE HOOLIGAN,11/1989,United States of America,https://www.instagram.com/HAZE_WILSON
hazel-naheinaena,HAZEL NAHIENAENA,1,0,0,,68in / 173cm,1.7018,,09/1995,United States of America,
hector-lightning-lombard,Héctor 'Lightning' Lombard,3,1,0,Cruiserweight,71in / 180cm,1.8,Lightning,02/1978,Cuba,https://www.instagram.com/hectorlombard/
heinrich-coorssen,Heinrich Coorssen,1,0,0,Welterweight,,,,,Paraguay,
helen-peralta,Helen Peralta,3,0,0,Women Flyweight,65,1.55,Iansa,07/1988,,
henry-williams,Henry Williams,5,2,0,Lightweight,,,Pit Bull,09/1992,United States of America,
herbert-morgan,Herbert Morgan,0,1,0,Cruiserweight,,1.78,Coach Killa,10/1988,United States of America,
houston-the-assassin-alexander,HOUSTON 'The ASSASSIN' ALEXANDER,5,0,0,Heavyweight,,72,The ASSASSIN,03/1972,United States of America,https://www.instagram.com/houstonassassin/?hl=en
howard-davis,HOWARD DAVIS,8,4,0,Lightweight,77in / 195.58,74,HD,03/1995,United States of America,https://www.instagram.com/nhhd876/
hunor-horvath,HUNOR HORVATH,0,0,0,Featherweight,,,,,,
hunter-ioane,HUNTER IOANE,1,0,0,Lightweight,70in / 178cm,1.7526,COCO SAMOA,07/1995,Australia,
hynek-hospodarsky,Hynek Hospodarsky,0,1,0,Lightweight,,1.7272,Shelby,01/2002,Czech Republic,
idrees-wasi,IDREES WASI,1,4,0,Cruiserweight,72in / 183cm,72,,04/1992,United States of America,https://www.instagram.com/idreeswasi/
iliyan-adrianov,ILIYAN ADRIANOV,1,0,0,Featherweight,73in / 185cm,1.83,,08/2002,Bulgaria,https://www.instagram.com/iliyan_adrianov/
ilyas-sadykov,Ilyas Sadykov,0,1,0,Middleweight,,1.85,Bad Boy,,Kazakhstan,https://www.instagram.com/ilyas_mmapro/
iman-williams,IMAN WILLIAMS,2,0,0,Cruiserweight,77in / 195cm,1.8796,STROSS,09/1993,United States of America,https://www.instagram.com/only1stross
ira-johnson,IRA JOHNSON,0,1,0,Lightweight,69in / 175cm,69,,01/1991,United States of America,https://www.instagram.com/IRAJOHNSON633
irakli-ghvinjilia,IRAKLI GHVINJILIA,0,1,0,Lightweight,70n / 178m,1.778,MAMLUK,04/1996,,https://www.instagram.com/irakli_ghvinjilia/
irineu-beato-costa-junior,Irineu Beato Costa Junior,0,1,0,,,1.92,NEGRO TEY,08/1980,Brazil,
isaac-doolittle,ISAAC DOOLITTLE,4,2,0,Light Heavyweight,67in / 170cm,70,THE HONEY BADGER,12/1990,United States of America,https://www.instagram.com/isaac_doolittle/
isaac-matamoros,ISAAC MATAMOROS,0,0,0,Featherweight,,,,,,
isaac-vallie-flagg,Isaac Vallie-Flagg,3,2,0,Lightweight,70 in / 177.8cm,1.73,,04/1978,United States of America,
isaiah-williams,ISAIAH WILLIAMS,0,1,0,Welterweight,73in / 185cm,1.778,PROFOUND,07/1992,United States of America,https://www.instagram.com/izzybkbprofound
ishiah-carson,ISHIAH CARSON,1,3,0,Featherweight,73in / 185cm,1.8034,HILL COUNTY STRANGLER,10/1994,United States of America,https://www.instagram.com/ishiahcarson
islam-sizbulatov,ISLAM SIZBULATOV,1,0,0,Lightweight,71in / 180cm,1.7526,,,Austria,https://www.instagram.com/ISLAMMA_91
ismail-israilov,ISMAIL ISRAILOV,1,0,0,Middleweight,73.5in / 186cm,1.8288,BERTI,06/2000,Russia,
israel-rodriguez,ISRAEL RODRIGUEZ,0,1,0,Welterweight,72in / 183cm,1.778,EL ROOSTER,06/1998,United States of America,
issam-khaoui,ISSAM KHAOUI,1,0,0,Featherweight,,1.77,EL MAROC,12/2001,Germany,
itso-babulaidze,ITSO BABULAIDZE,1,0,0,Middleweight,73in / 185cm,72,,04/1993,,https://www.instagram.com/itsobabulaidze.mma/
ivan-nunez,IVAN NUÑEZ,0,0,0,Bantamweight,,,,,,
ivan-rocka,Ivan Rocka,0,1,0,Bantamweight,,,Ivan Rocka,,United States of America,
ivana-coleman,Ivana Coleman,0,1,0,Featherweight,,1.66,Mardi Gras Mamba,,,
jack-cullen,JACK CULLEN,2,0,0,Middleweight,78in / 198cm,1.905,,11/1993,United Kingdom,https://www.instagram.com/jackpcullen/?hl=en
jack-culshaw,JACK CULSHAW,1,0,0,Lightweight,72in / 183cm,1.8288,THE YORKSHIRE STALLION,05/1998,United Kingdom,https://www.instagram.com/p/C6wtaUKoSpB/
jack-draper,JACK DRAPER,3,1,0,Heavyweight,74in / 188cm,1.905,THE SPARTAN,04/1996,United Kingdom,https://www.instagram.com/thespartan497/
jack-dugdale,JACK DUGDALE,4,1,0,Welterweight,,1.7272,,,,
jack-fincham,JACK FINCHAM,0,0,0,Light Heavyweight,73in / 185cm,1.8288,,09/1992,United Kingdom,https://www.instagram.com/jack_charlesf
jack-grady,JACK GRADY,1,4,0,Bantamweight,67in / 170cm,69,SHADY,11/1986,United States of America,https://www.instagram.com/JACKSHADYGRADY
jack-lawless-freriks,Jack 'Lawless' Freriks,1,1,0,Middleweight,74 in/188 cm,75,Lawless,07/1996,United States of America,
jack-willoughby,Jack Willoughby,0,1,0,Lightweight,,1.91,The Ripper,03/1993,United States of America,https://www.instagram.com/jackwilloughby/
jackson-whitley,JACKSON WHITLEY,0,0,0,Lightweight,,,,,,
jacob-akin,JACOB AKIN,1,1,0,Bantamweight,69in / 175cm,66,THE ROSEDALE STRANGLER,06/1985,United States of America,https://www.facebook.com/JacobRosedaleStranglerAkin/
jacob-brunelle,Jacob Brunelle,0,1,0,Lightweight,,1.73,The Caveman,10/1977,United States of America,https://www.instagram.com/theoneandonlycaveman/?hl=en
jacob-kreitel,JACOB KREITEL,0,3,0,Welterweight,,74,,,United States of America,https://www.facebook.com/jacob.kreitel.9
jade-masson-wong,JADE MASSON-WONG,4,2,0,Women Flyweight,60in / 152.5cm,64,,10/1992,Canada,https://www.instagram.com/jade.masson.wong/
jafar-fortt-knox,JA'FAR FORTT 'KNOX',3,2,0,Welterweight,74in / 188cm,71,KNOX,06/1990,United States of America,https://www.instagram.com/jafar_bkfc/
jair-roberto,JAIR ROBERTO,0,0,0,Lightweight,,,,,,
jairo-santos,JAIRO SANTOS,0,0,0,Featherweight,,,,,,
jake-craig,JAKE CRAIG,0,1,0,Cruiserweight,75 in / 191cm,1.8542,BRONSON,11/1991,Canada,https://www.instagram.com/bronsoncraigmma/
jake-heffernan,JAKE HEFFERNAN,1,0,0,Lightweight,72in / 183,1.7526,THE GRINDER,11/1989,United States of America,https://www.instagram.com/JAKEGBTW
jake-lindsey,JAKE LINDSEY,5,1,0,Middleweight,72.5 in / 181.61cm,71,GYPSY,06/1986,United States of America,https://www.instagram.com/gypsy_jake_lindsey/
jake-young,Jake Young,1,3,0,Welterweight,,72,,,,
jakkaphop-rattanamangsang,Jakkaphop Rattanamangsang,1,0,0,Lightweight,,,Phop Perfect,,Thailand,
jakub-kosicki,JAKUB KOSICKI,0,1,0,Cruiserweight,68in / 173cm,1.778,KOSA,05/1995,United Kingdom,https://www.instagram.com/j.kosicki
jamel-herring,JAMEL HERRING,1,0,0,Bantamweight,71n / 180cm,1.778,SEMPR FI,10/1985,,
james-brown,JAMES BROWN,5,1,0,Featherweight,77in / 190cm,1.88,GET DOWN,09/1993,United States of America,https://www.instagram.com/getdownjdbrown/; https://www.facebook.com/james.j.brown.585
james-dalzell,JAMES DALZELL,0,1,0,Lightweight,72in / 183cm,1.7526,Penetanguishene Wolverine,,,
james-degale,JAMES DEGALE,1,0,0,Light Heavyweight,,1.8288,,09/1986,United Kingdom,https://www.instagram.com/jamesdegale1
james-dennis,JAMES DENNIS,2,2,0,Light Heavyweight,69.5in / 176cm,69,KNUCKLEHEAD,01/1989,United States of America,https://www.instagram.com/jamesknuckleheaddennis/
james-dixon,JAMES DIXON,1,0,0,Light Heavyweight,71in / 180cm,1.7018,LIONHEART,05/1994,United Kingdom,https://www.instagram.com/james.the.lion.heart.dixon/
james-gray,JAMES GRAY,0,1,0,Light Heavyweight,74in / 188cm,1.778,THE DAWG,05/1979,United States of America,
james-lilley,JAMES LILLEY,10,3,0,Lightweight,71in / 180cm,70,LIGHTS OUT,11/1986,United Kingdom,https://www.instagram.com/jameslilley86/; https://www.facebook.com/jameslilley86
james-obrien,JAMES O'BRIEN,0,1,0,Light Heavyweight,,,,,United Kingdom,
james-rodriguez,James Rodriguez,1,0,0,Light Heavyweight,,73,,,United States of America,
james-walker,JAMES WALKER,2,0,0,Heavyweight,81in / 206cm,1.9812,SUGAR MAN,03/1988,United Kingdom,https://www.instagram.com/james.w_boxing
jamie-arevalo,Jamie Arevalo,0,1,0,Heavyweight,,,,,Mexico,
jamie-campbell,Jamie Campbell,1,1,0,,,1.96,,,United States of America,
jamie-cox,JAMIE COX,0,1,0,Light Heavyweight,,1.8,,,United Kingdom,
jamie-hendry,Jamie Hendry,0,1,0,Middleweight,,,,,United Kingdom,
jamie-jones,Jamie Jones,0,0,0,Light Heavyweight,,,Boom Boom,,United Kingdom,
jamie-oldfield,Jamie Oldfield,0,3,0,Welterweight,,,,,United Kingdom,
jan-sulecki,JAN SULECKI,2,3,0,Heavyweight,73in / 185cm,1.8796,TANK,12/1994,United Kingdom,https://www.instagram.com/jan__boxing_thg_/
jancarlos-rivera,JANCARLOS RIVERA,3,0,0,Men Flyweight,62in / 157cm,63,BABY HULK,11/1997,United States of America,https://www.instagram.com/OFFICIAL.JANCARLOS
jaquis-williams,Jaquis Williams,0,1,0,Cruiserweight,,1.93,,11/1991,United States of America,
jared-hayes,Jared Hayes,0,1,0,Middleweight,,,,,,
jared-lennon,JARED LENNON,1,1,0,Bantamweight,73in / 185cm,1.778,LENNY,12/1995,United States of America,https://www.instagram.com/lennon_bk/
jared-tallent,JARED TALLENT,0,1,0,Featherweight,68in / 173cm,1.7526,,08/1996,United States of America,
jared-torgeson,JARED TORGENSON,0,1,0,Cruiserweight,72in / 183cm,1.8796,,10/1986,United States of America,https://www.instagram.com/torgie_205
jared-warren,JARED WARREN,8,3,0,Light Heavyweight,76in / 193cm,73,CAPTAIN DEADPOOL,11/1983,United States of America,https://www.instagram.com/capt.dead_pool/
jarod-grant,JAROD GRANT,8,3,0,Bantamweight,68in / 172.72cm,67,KID GATTI,,United States of America,https://www.instagram.com/JarodKidGattiGrant/
jaskaran-singh,JASKARAN SINGH,0,1,0,Heavyweight,80in / 203cm,1.905,JASSI,,India,https://www.instagram.com/JASKARANBOXER
jason-dinunzio,JASON DINUNZIO,0,2,0,Lightweight,69.5in / 176cm,1.7526,SPOOK,12/1995,United States of America,https://www.instagram.com/spookmanee
jason-fann,Jason Fann,0,1,0,,,,,,United States of America,
jason-fish,Jason Fish,2,4,0,Cruiserweight,69.0 in / 175cm,70,Hook 'em,,United States of America,
jason-high,JASON HIGH,1,0,0,Middleweight,,69,,10/1981,United States of America,https://www.instagram.com/jason_highwalker/
jason-kelly,JASON KELLY,0,1,0,Welterweight,72in / 183cm,1.7526,LETHAL,03/1984,Canada,
jason-knight,Jason Knight,1,1,0,,71.5,1.78,The Kid,07/1992,United States of America,
jay-action-jackson,JAY 'ACTION' JACKSON,5,4,0,Light Heavyweight,77in / 190cm,71,ACTION,07/1989,United States of America,https://www.instagram.com/jayactionjackson/
jay-cucciniello,Jay Cucciniello,0,1,0,,68in / 173cm,1.68,The Mellow Fellow,07/1986,United Kingdom,
jay-kerr,Cody Kerr,1,0,0,Heavyweight,79in / 201cm,1.905,,02/2000,United Kingdom,
jayme-hinshaw,JAYME HINSHAW,2,0,0,Strawweight,,1.57,ATOMBOMB,10/1989,United States of America,https://www.facebook.com/Jaymehinshawmma/
jaymes-hyder,Jaymes Hyder,0,2,0,Bantamweight,,1.8,The Shark,07/1994,United States of America,https://www.instagram.com/sharkking710/
jc-corazon-deleon,JC 'Corazon' Deleon,2,1,0,Middleweight,72in / 183cm,70,Corazon,12/1998,United States of America,https://www.instagram.com/corazon.deleon_
jc-llamas,JC Llamas,0,1,0,Welterweight,72,1.75,The Leg Lock Monester,12/1984,,
jd-burns,JD BURNS,3,4,0,Welterweight,,,,,United States of America,https://www.instagram.com/jitsujunkie/
jean-carlos-pereira,Jean Carlos Pereira,1,1,0,,,73,,,Brazil,
jedrzej-durski,Jedrzej Durski,1,1,0,Middleweight,178 cm / 70.1 in,1.85,,02/1986,Poland,https://www.instagram.com/czy_tu_bija/
jeff-bailey,Jeff Bailey,1,0,0,Light Heavyweight,,66,,,United States of America,https://www.instagram.com/jeff_koreanbbq_bailey/
jeff-chiffens,Jeff Chiffens,3,6,0,Lightweight,73in / 185.42cm,1.778,Hungry,,United States of America,
jeff-janvier,Jeff Janvier,1,0,0,Cruiserweight,"73""",70,,,United States of America,
jeff-lentz,JEFF LENTZ,1,0,0,Lightweight,70in / 178cm,1.778,RELENTLESS,02/1989,United States of America,https://www.instagram.com/jefflentzofficial
jeff-saunders,JEFF SAUNDERS,1,0,0,Featherweight,69in / 175cm,1.7526,,09/1991,United Kingdom,https://www.instagram.com/jeffsaunderspro
jeff-souder,JEFF SOUDER,2,2,0,Light Heavyweight,,72,,,United States of America,
jelle-zeegers,JELLE ZEEGERS,1,1,0,Featherweight,70in / 178cm,1.7018,BARBARIOUS,10/1994,,https://www.instagram.com/barbarious_bkfc
jennifer-tate,Jennifer Tate,0,1,0,Bantamweight,,1.66,RoseBud,09/1985,,
jenny-savage,JENNY SAVAGE,3,4,0,Women Flyweight,62.5in / 158cm,60,THE TENNESSEE GANGSTER,04/1993,United States of America,https://www.instagram.com/thetennesseegangster/?img_index=1; https://www.facebook.com/jenny.savage.3367
jerald-gregori,Jerald Gregori,0,3,0,Bantamweight,,65,,04/1994,United States of America,
jeramy-karshner,JERAMY KARSHNER,0,0,0,Cruiserweight,,,,,,
jeremiah-big-rig-riggs,JEREMIAH 'BIG RIG' RIGGS,2,3,0,Middleweight,74in / 188cm,71,BIG RIG,12/1982,United States of America,https://www.facebook.com/JeremiahRiggsMMA/
jeremiah-potts,Jeremiah Potts,0,2,0,Bantamweight,,1.7,,,United States of America,
jeremiah-scott,JEREMIAH SCOTT,2,0,0,Lightweight,,69,,,United States of America,
jeremiah-truhlar,JEREMIAH TRUHLAR,0,1,0,Welterweight,70in / 178cm,1.778,THE GENTLEMAN,11/1992,United States of America,
jeremie-holloway,JEREMIE HOLLOWAY,1,1,0,Middleweight,74in / 188cm,71,HIT 'EM,09/1984,United States of America,https://www.instagram.com/HITEMHOLLOWAY
jeremy-morrison,JEREMY MORRISON,0,2,0,Heavyweight,75in / 191cm,1.905,The Mormon Meteor Dr,04/1978,United States of America,https://www.instagram.com/JEREMYBMORRISON
jeremy-sauceda,JEREMY SAUCEDA,3,2,0,Middleweight,72in / 183cm,70,THE WARRIOR,04/1990,United States of America,https://www.instagram.com/jeremyssauceda/
jeremy-smith,JEREMY SMITH,4,4,0,Cruiserweight,72in / 183cm,70,PITBULL,12/1994,South Africa,https://www.instagram.com/PITBULL_SMITH
jeremy-stephens,JEREMY STEPHENS,3,1,0,Lightweight,71in / 180cm,1.7526,LIL HEATHEN,05/1986,United States of America,https://www.instagram.com/lilheathenmma/
jeremy-waltron,JEREMY WALTRON,0,1,0,Welterweight,72in / 183cm,1.8542,,06/1990,United Kingdom,
jerome-macalino,JEROME MACALINO,1,0,0,Lightweight,,,,,,
jesse-desrosier,JESSE DESROSIER,0,1,0,Middleweight,76in / 193cm,1.8288,,11/1988,United States of America,https://www.instagram.com/pikuniboy_media
jesse-pringle,JESSE PRINGLE,0,1,0,Cruiserweight,80in / 203cm,1.9304,THE OUTLAW,10/1974,United States of America,https://www.instagram.com/JESSEPRINGLELLC
jesse-sparks,JESSE SPARKS,0,0,0,Heavyweight,,,,,,
jessica-borga,JESSICA BORGA,3,1,0,Women Featherweight,69in / 175cm,66,THE BLACK WIDOW,04/1989,United States of America,https://www.instagram.com/blackwidowborga/; https://www.facebook.com/jessica.borga
jessica-eye,JESSICA EYE,1,0,0,Women Flyweight,66in / 168cm,1.6764,EVIL,07/1986,United States of America,https://www.instagram.com/JESSICAEVILEYE
jessica-la-magnifica-gonzalez,Jessica 'La Magnifica' Gonzalez,8,5,0,Bantamweight,,,La Magnifica,,Mexico,
jessica-link,Jessica Link,1,5,0,Women Flyweight,,68,,,United States of America,
jessica-ruiz,JESSICA RUIZ,0,1,0,Strawweight,61in / 156cm,1.5494,LA REINA,08/1984,United States of America,https://www.instagram.com/LAREINA_ISHTAR
jessie-stalder,JESSIE STALDER,1,1,0,Cruiserweight,71.5in / 181cm,1.8288,THE GYM SHARK,08/1984,United States of America,https://www.facebook.com/jessie.stalder.73
jesus-de-nazaret,JESUS DE NAZARET ,0,1,0,Light Heavyweight,71in / 180cm,1.778,NZ3,03/1996,Spain,https://www.instagram.com/__NZ3__
jesus-quevedo,Jesus Quevedo,0,1,0,,,,,,Mexico,
jett-jones,Jett Jones,0,1,0,Cruiserweight,,1.88,,02/1987,United States of America,
jez-woltron,Jez Woltron,0,0,0,Welterweight,72in / 183cm,1.8542,,05/1990,United Kingdom,
jim-pulgar,JIM PULGAR,1,2,0,Lightweight,71in / 180cm,1.7018,ALEXANDER,10/1991,United States of America,https://www.instagram.com/jimpulgar/
jim-the-beast-alers,Jim 'The Beast' Alers,4,1,0,Lightweight,73in / 185.42cm,69,The Beast,10/1986,United States of America,https://www.instagram.com/fightjim/; https://www.facebook.com/profile.php?id=100058273233797
jimmie-rivera,JIMMIE RIVERA,3,2,0,Featherweight,68.5 in / 174 cm,64,EL TERROR,06/1989,United States of America,https://www.instagram.com/jimmierivera/; https://www.facebook.com/jimmie.rivera.3
jimmy-jennett,Jimmy Jennett,1,0,0,Heavyweight,,1.98,,,United States of America,
jimmy-mccrory,JIMMY MCCRORY,0,0,0,,,,,,,
jimmy-millar,JIMMY MILLAR,1,2,0,Light Heavyweight,69in / 175cm,1.8034,JUSTICE,07/1983,United Kingdom,https://www.instagram.com/Beetrootking
jimmy-sweeney,JIMMY SWEENEY,29,6,0,Welterweight,68in / 173cm,1.7526,KING,03/1985,United Kingdom,https://www.instagram.com/JIMMYBKBKING
jindrich-byrtus,JINDRICH BYRTUS,5,0,0,Cruiserweight,73in / 185cm,1.8034,,03/2005,Czech Republic,https://www.instagram.com/jindrich_byrtus/
jivko-stoimenov,JIVKO STOIMENOV,0,1,0,Middleweight,70in / 177cm,1.79,THE BULGARIAN RIPPER,07/1996,Bulgaria,https://www.instagram.com/jivkostoimenov/
jmani-oliver,JMANI OLIVER,1,0,0,Lightweight,71n / 180cm,1.6764,,01/1996,United States of America,https://www.instagram.com/themmaheru
jmmy-wallhead,JIMMY WALLHEAD,0,1,0,Light Heavyweight,,1.8034,,,,
joao-guerra,Joao Guerra,0,1,0,Lightweight,,1.85,,10/1993,United States of America,https://www.instagram.com/joaopedrotguerra/; https://www.facebook.com/john.guerra.526438
joby-steffensmeier,JOBY STEFFENSMEIER,0,1,0,Men Flyweight,67in / 170cm,1.7018,JOBYWANKENOBI,12/1995,United States of America,https://www.instagram.com/jobywannkenobi
jocelyn-lybarger,Jocelyn Lybarger,0,2,0,Women Flyweight,65.5in / 165.1cm,67,Lights Out,10/1985,United States of America,
joe-elmore,JOE ELMORE,2,5,0,Welterweight,68in / 173cm,68,HITMAN,09/1982,United States of America,https://www.instagram.com/joehitman187/
joe-lister,JOE LISTER,2,1,0,Light Heavyweight,71in / 180cm,1.8288,BIG,08/2004,United Kingdom,https://www.instagram.com/Joelister_1
joe-pegg,Joe Pegg,1,1,0,Featherweight,69.0 in / 175cm,68,,11/1983,United States of America,
joe-ray,JOE RAY,2,0,0,Heavyweight,75in / 191cm,1.778,RUTHLESS,07/1988,United States of America,https://www.instagram.com/JOSEPHRAYREALTOR
joe-riggs,JOE RIGGS,4,2,0,Light Heavyweight,,72,DIESEL,09/1982,United States of America,https://www.instagram.com/joedieselriggs/?hl=en
joe-saucedo,JOE SAUCEDO,0,0,0,Bantamweight,,,,,,
joel-guzman,JOEL GUZMAN,0,0,0,Light Heavyweight,,,,,,
joel-parades,Joel Parades,0,0,0,,,,,,,
joemil-miado,Joemil Miado,2,0,0,Featherweight,"73""",1.7526,The Joker,09/1997,Philippines,
joey-angelo,Joey Angelo,2,2,0,Middleweight,,1.78,,04/1989,,
joey-beltran,JOEY BELTRAN,5,4,0,Heavyweight,75 in / 191cm,73,THE MEXICUTIONER,12/1981,United States of America,https://www.instagram.com/joeybeltran_mma/; https://www.facebook.com/joey.beltran.39
joey-dawejko,JOEY DAWEJKO,0,1,0,Heavyweight,70in / 178cm,70,THE TANK,06/1990,United States of America,https://www.instagram.com/joey_thetank_dawejko/
joey-gambino,JOEY GAMBINO,1,0,0,Featherweight,69in / 175cm,1.7272,THE RAGING WARRIOR,10/1988,United States of America,
joey-munoz,Joey Munoz,1,0,0,Middleweight,,1.65,,06/1992,United States of America,
johan-van-de-rel,Johan Van De Rel,0,1,0,,,74,,,France,
john-blenkiron,JOHN BLENKIRON,0,0,0,,,,,,,
john-chalbeck,John Chalbeck,2,0,0,Lightweight,67in/170cm,68,The Florida Keys Kid,,United States of America,
john-dodson,JOHN DODSON,4,0,0,Men Flyweight,66in / 168cm,63,THE MAGICIAN,09/1984,United States of America,https://www.instagram.com/johndodsonmma/; https://www.facebook.com/TheMagicianDodson/
john-ferguson,JOHN FERGUSON,1,5,0,Light Heavyweight,61in / 155cm,1.8034,BIG BAD,09/1987,United Kingdom,https://www.instagram.com/johnfergo1987/
john-garbarino,JOHN GARBARINO,4,0,0,Middleweight,70in / 178cm,70,JOHNNY CANOLI,08/1995,United States of America,https://www.instagram.com/teamgarbarino/
john-hick,JOHN HICK,4,0,0,Featherweight,,,,,United Kingdom,
john-hollis,John Hollis,0,1,0,Featherweight,67in/170cm,1.73,The Bus Driver,03/1987,United States of America,
john-howard,JOHN HOWARD,0,1,0,Middleweight,73in/ 85cm,1.7018,DOOMS DAY,03/1983,United States of America,https://www.instagram.com/johndoomsdayhoward
john-mcallister,John McAllister,0,6,0,,,69,,,,
john-orr,JOHN ORR,1,1,0,Heavyweight,79in / 200cm,74,BIG JOHN,12/1983,United States of America,https://www.instagram.com/bigjohnorr/
john-parker,John Parker,0,0,0,Men Flyweight,,,,,United States of America,
john-phillips,JOHN PHILLIPS,1,0,0,Cruiserweight,74in / 188cm,1.8034,,,United Kingdom,https://www.instagram.com/JOHNPHILLIPSUFC
john-spencer,JOHN SPENCER,0,4,0,Featherweight,66in / 168cm,1.6764,,03/1990,United Kingdom,
john-walker,JOHN WALKER,0,0,0,Heavyweight,,,,,,
johnavan-vistante,Johnavan Vistante,0,1,0,Lightweight,,1.85,The Immortal Warrior,03/1990,,
johnny-brutal-bedford,'Brutal' Johnny Bedford,6,1,0,Bantamweight,71 in / 180cm,70,Brutal,01/1983,United States of America,https://www.instagram.com/brutalbedford/; https://www.facebook.com/brutaljohnnybedford
johnny-pantoja,Johnny Pantoja,1,0,0,Lightweight,,70,The Cannibal,05/1990,United States of America,
johnny-redmond,JOHNNY REDMOND,0,1,0,Cruiserweight,,,,,,
jojo-chillizzi,JOJO SCHILLIZZI,0,0,0,Light Heavyweight,,,,,,
jomi-escoboza,JOMI ESCOBOZA,10,2,0,Light Heavyweight,76in / 193cm,75,THE ARCHANGEL,07/1990,United States of America,https://www.instagram.com/jomi_kungfu/
jon-barnard,Jon Barnard,4,0,0,Lightweight,,1.68,Untameable,06/1989,United States of America,
jon-telfer,JON TELFER,1,1,0,Lightweight,69in / 175cm,1.778,THE IRON MAN,09/1997,United Kingdom,
jonathan-cage-noah,Jonathan Cage Noah,0,2,0,Featherweight,,66,2 Smooth,05/1990,United States of America,
jonathan-miller,JONATHAN MILLER,2,2,0,Cruiserweight,71in / 180cm,1.8542,,07/1992,United States of America,https://www.instagram.com/bigbaby9292/
jonathan-quiroz,JONATHAN QUIROZ,0,0,0,Lightweight,73in / 185cm,1.778,EL SANCHO,04/1987,United States of America,
jonno-chipchase,JONNO CHIPCHASE,3,2,0,Bantamweight,73in / 185cm,69,JCB,04/1991,United Kingdom,https://www.instagram.com/jonnochipchase/
jonny-graham,JONNY GRAHAM,3,1,0,Welterweight,70in / 178 cm,1.778,,01/1988,United Kingdom,https://www.instagram.com/jonny1pgraham/
jonny-ramsay,JONNY RAMSAY,0,0,0,Heavyweight,,,,,,
jonny-tello,JONNY TELLO,3,2,0,,"70""",68,EL TORO,,Canada,https://www.instagram.com/JONNYTELLO
jordan-burnett,JORDAN BURNETT,0,1,0,Lightweight,72in / 183cm,1.8796,THE UPSET,12/1996,United Kingdom,https://www.instagram.com/jordan_burnett96/
jordan-christensen,JORDAN CHRISTENSEN,3,7,0,Middleweight,69in / 175cm,70,HAYES HAYMAKER,01/1986,United States of America,https://www.instagram.com/hayes_haymaker_christensen/
jordan-murray,JORDAN MURRAY,0,0,0,Cruiserweight,,,,,,
jordan-nash,Jordan Nash,2,3,0,Middleweight,72 in/182.88 cm,72,,01/1997,United States of America,
jordan-pedreira,Jordan Pedreira,0,0,0,Lightweight,,,,,,
jordan-smith,JORDAN SMITH,0,1,0,Middleweight,76in / 193cm,72,MATE ELE,12/1984,United States of America,
jordan-ward,JORDAN WARD,0,1,0,Bantamweight,67in / 171cm,1.6764,FLASH,10/1988,United Kingdom,https://www.instagram.com/Jordan.n.ward.9
jordan-weeks,Jordan Weeks,0,1,0,Welterweight,,1.88,,11/1991,United States of America,https://www.facebook.com/jordan.weeks.90
jorge-bargallo,JORGE BARGALLO,0,1,0,Bantamweight,69in / 175cm,1.7272,,03/1994,United States of America,
jorge-gonzalez-rolon,Jorge Gonzalez-Rolon,0,2,0,,,70,,03/1985,United States of America,
jorge-the-gladiator-gonzalez,Jorge 'The Gladiator' Gonzalez,0,1,0,Lightweight,,70,The Gladiator,,United States of America,
jose-daniel,JOSE DANIEL,0,1,0,Heavyweight,77.5 in / 196cm,1.8796,JACARE,04/1985,Spain,https://www.instagram.com/DANIELJACARE_OFICIAL
jose-guadalupe-ruelas-soto,Jose Guadalupe Ruelas Soto,1,0,0,Lightweight,,1.78,,08/1989,Mexico,
jose-lopez,JOSE  LOPEZ,0,0,0,Bantamweight,65in / 165cm,1.6256,PITBULL KID,10/1998,Mexico,https://www.instagram.com/PK_SANCHEZ
josef-hala,JOSEF HALA,5,0,0,Light Heavyweight,73.5in / 186cm,1.778,THE BERSERKER,03/1995,Czech Republic,https://www.instagram.com/HALIOVEE
josenaldo-silva,JOSENALDO SILVA,1,0,0,Middleweight,72in / 183cm,68,NALDO,08/1986,Brazil,
joseph-calarruda,JOSEPH CALARRUDA,1,0,0,Welterweight,,,,,,
joseph-creer,JOSEPH CREER,6,3,0,Light Heavyweight,75in / 191cm,76,DARK KNIGHT,12/1981,United States of America,https://www.instagram.com/JOSEPHCREER
joseph-peters,JOSEPH PETERS,3,0,0,Light Heavyweight,72in / 183cm,1.8034,JGP,03/2001,United States of America,https://www.instagram.com/OOGWAYWASRIGHT
joseph-white,JOSEPH WHITE,3,2,0,Heavyweight,74in / 188cm,74,THE PUNISHER,10/1991,United States of America,https://www.instagram.com/JOETHEPUNISHERWHITE
josh-armstrong,JOSH ARMSTRONG,0,0,0,Men Flyweight,,1.7272,,08/1988,United States of America,
josh-bourdeaux,Josh Bourdeaux,1,2,0,,,,,09/1982,United States of America,
josh-burns,JOSH BURNS,6,9,0,Heavyweight,74in / 188cm,72,THE HAMMER,05/1978,United States of America,https://www.instagram.com/josh_the_hammer_burns/?hl=en; https://www.facebook.com/josh.burns.5815
josh-copeland,JOSH COPELAND,2,3,0,Heavyweight,75.0in / 191cm,73,CUDDLY BEAR,10/1982,United States of America,https://www.instagram.com/joshcuddlybear/
josh-dyer,JOSH DYER,5,2,0,Light Heavyweight,73in / 185.42cm,71,D-DAY,03/1991,United States of America,https://www.instagram.com/joshddaydyer/
josh-freeman,JOSH FREEMAN,0,1,0,Heavyweight,78in / 198cm,1.8288,PREDATOR,04/1991,United States of America,
josh-fremd,JOSH FREMD,1,0,0,Cruiserweight,79in / 200cm,1.9558,BIG YINZ,01/1994,United States of America,https://www.instagram.com/joshfremdmma
josh-krejci,JOSH KREJCI,2,2,0,Featherweight,71in / 180cm,67,JARHEAD,01/1988,United States of America,https://www.instagram.com/HARAMBE_88
josh-kuhne,JOSH KUHNE,1,0,0,Welterweight,76in / 193,1.778,KAMIKAZE,03/1991,Australia,https://www.instagram.com/joshkuhne
josh-marer,JOSH MARER,1,3,0,Featherweight,72in / 183cm,68,DANGER,10/1990,United States of America,https://www.instagram.com/josh.danger.marer/; https://www.facebook.com/DangerMMA/
josh-richey,JOSH RICHEY,0,4,0,Men Flyweight,74in / 188cm,68,THE KID,06/1993,United States of America,
josh-todd,Josh Todd,0,0,0,Cruiserweight,,1.91,,,United States of America,
josh-watson,JOSH WATSON,4,1,0,Heavyweight,78in / 198cm,72,STAY DOWN,10/1989,United States of America,https://www.instagram.com/STAY_DOWN_WATSON
josh-wright,Josh Wright,0,2,0,Lightweight,,67,,04/1992,United States of America,
josh-zuckerman,JOSH ZUCKERMAN,1,0,0,Welterweight,72in / 183cm,1.778,THE SUGAR MAN,03/1988,United States of America,https://www.instagram.com/IAMTHESUGARMAN
joshua-huber,JOSHUA HUBER,1,0,0,Welterweight,70in / 178cm,1.7526,THE HELLBOY,08/1985,United States of America,https://www.instagram.com/hellboyhuber/
joshua-morales,Joshua Morales,0,1,0,Lightweight,,1.8,,,United States of America,
joshua-moreno,JOSHUA MORENO,3,0,0,Middleweight,73in / 185cm,72,,,United States of America,
joshua-ofiu,JOSHUA OFIU,0,0,0,Heavyweight,,,,,,
joshua-oxendine,JOSHUA OXENDINE,1,1,0,Bantamweight,67in / 170cm,1.778,PEACHER MAN,03/1994,United States of America,https://www.instagram.com/joshuaoxendine_/
joshua-sanchez,Joshua Sanchez,0,2,0,Heavyweight,,0,,,United States of America,
joshua-sikes,Joshua Sikes,4,2,0,Welterweight,73.5in / 186.69cm,72,The Wayward One,10/1990,United States of America,
joshua-whiteside,JOSHUA WHITESIDE,1,0,0,Welterweight,72in / 183cm,1.778,JIGSAW,05/1997,United States of America,https://www.instagram.com/joshwhitesideboxing_
josue-ekedi,JOSUE EKEDI,0,0,0,Lightweight,75n 190cm,1.7526,AFRICAN KRATOS,02/1999,France,
josue-lugo,JOSUE LUGO,0,0,0,Heavyweight,,,,,,
jovan-alayon,JOVAN ALAYON,0,1,0,Lightweight,71in / 180cm,1.778,LION HEART,03/1994,United States of America,
jr-ridge,JR RIDGE,3,3,0,Bantamweight,64in / 163cm,64,THE LION,08/1985,Philippines,https://www.instagram.com/jrridge/
jr-rumsley,JR RUMLEY,1,0,0,Middleweight,79in / 200cm,1.905,HURRICAIN,01/1993,United States of America,
juan-adams,JUAN ADAMS,2,0,0,Heavyweight,81in / 206cm,77,THE KRAKEN,01/1992,United States of America,https://www.instagram.com/chosenjuan285/; https://www.facebook.com/DA.chosenjuan234
juan-alvarez,JUAN ÁLVAREZ,0,1,0,Lightweight,68in / 173cm,1.7272,EL MAZO,04/1993,Mexico,https://www.instagram.com/juanalvarez9160/
juan-campos,JUAN CAMPOS,0,0,0,Bantamweight,65in / 165cm,1.651,PONY,12/1986,Venezuela,https://www.instagram.com/theponycampos/
juan-figuerva,JUAN FIGUERVA,1,1,0,Heavyweight,72in / 183cm,1.7272,FIGS,09/1989,United States of America,
juan-torres,Juan Torres,2,3,0,Heavyweight,74 in/188 cm,72,,10/1986,United States of America,
julian-fernandez,JULIAN FERNANDEZ,1,0,0,Cruiserweight,77in / 190cm,1.905,PIT BULL JR.,07/1993,Mexico,https://www.instagram.com/JULIAN_FRNANDEZ
julian-lane,JULIAN LANE,9,9,0,Middleweight,70in / 178cm,69,LET ME BANG,07/1987,United States of America,https://www.instagram.com/julianlanemma/
julian-valencia,JULIAN VALENCIA,0,1,0,Bantamweight,67in / 170cm,1.6764,,01/1989,United States of America,
julio-garcia,Julio Garcia,0,1,0,Welterweight,67.5 in / 171.45 cm,68,The Cuban Lover,,United States of America,
julio-perez-rodriguez,JULIO PEREZ RODRIGUEZ,3,2,0,Cruiserweight,79in / 201cm,76,THE CUBAN HORSE,03/1999,United States of America,
junior-hicks,JUNIOR HICKS,0,1,0,Cruiserweight,73in / 185cm,1.905,THE JOKER,08/1992,United States of America,https://www.instagram.com/ONEEYEJOKER
justi-walters,JUSTIN WALTERS,0,2,0,Welterweight,71in / 180cm,1.778,SEXY,09/1989,United States of America,
justin-baesman,Justin Baesman,0,1,0,Middleweight,69,1.78,The Raw Deal,06/1981,,https://www.instagram.com/baesmanj/
justin-clarke,JUSTIN CLARKE,1,0,0,Featherweight,71in / 180cm,1.7526,,01/1991,United States of America,https://www.instagram.com/jcfights
justin-cornell,JUSTIN CORNELL,1,0,0,Welterweight,71in / 180cm,1.8034,THE UNDERDOG,03/1995,United States of America,
justin-grizzard,Justin Grizzard,0,1,0,Cruiserweight,,1.96,,,United States of America,
justin-howell,JUSTIN HOWELL,0,0,0,Cruiserweight,,,,,,
justin-ibarrola-sanchez,JUSTIN IBARROLA,9,0,0,Bantamweight,67in / 170cm,67,JOY BOY,05/1998,United States of America,https://www.instagram.com/teamibarrola/
justin-kennedy,JUSTIN KENNEDY,0,1,0,Welterweight,73in / 136cm,1.7526,THE NIGIRIAN BLACK PANTHER,,,
justin-mcdonald,JUSTIN McDONALD,0,1,0,Middleweight,72in / 183cm,72,LUMBERJACK,04/1990,United States of America,https://www.instagram.com/the_lumberjack_mma/
justin-scoggins,Justin Scoggins,0,1,0,Bantamweight,66in / 168cm,1.7,Tank,05/1992,United States of America,
justin-street,JUSTIN STREET,3,2,0,Men Flyweight,67in / 170cm,1.6764,THE NIGHTMARE,11/1992,United States of America,https://www.instagram.com/nightmare_street_125/
justin-thornton,Justin Thornton,0,1,0,Heavyweight,72.5 in / 181.61cm,73,The Warrior,12/1982,United States of America,
justin-walters,PAUL WALTERS,0,1,0,Welterweight,71in / 180cm,1.778,SEXY,09/1989,United States of America,
justin-watson,JUSTIN WATSON,1,2,0,Bantamweight,71in / 180cm,1.7018,,03/1987,United States of America,https://www.instagram.com/bk_warmonger
justin-williams,JUSTIN WILLIAMS,0,0,0,Light Heavyweight,71in / 196cm,1.8288,PRETTY BOY,04/1996,United States of America,
juston-stills,Juston Stills,1,1,0,Welterweight,72 in,68,,,United States of America,
justyn-martinez,JUSTYN MARTINEZ,2,6,0,Bantamweight,64.5in / 164cm,63,,06/1993,United States of America,https://www.instagram.com/justyn_martinez/
jw-kiser,JW KISER,1,1,0,Heavyweight,70in / 178cm,72,,09/1977,United States of America,https://www.instagram.com/jdub92277; https://www.facebook.com/jay.dizzle.9699
kai-stewart,KAI STEWART,9,0,0,Featherweight,70in / 178cm,66,KING,06/2000,United States of America,https://www.instagram.com/kaihb145/?hl=en
kaine-tomlinson-jr,KAINE TOMLINSON JR.,2,3,0,Welterweight,71.5in / 181cm,70,KAINE 9,10/2000,United States of America,https://www.instagram.com/kaine.tomlinson_mma_boxer/; https://www.facebook.com/kaine.tomlinson.58
kaine-tomlinson-sr,Kaine Tomlinson Sr.,0,4,0,Light Heavyweight,71in / 180cm,71,The Beast,,United States of America,
kaleb-lionheart-harris,Kaleb 'Lionheart' Harris,6,5,0,Welterweight,72 in/182.88 cm,71,Lionheart,09/1993,United States of America,
kaloyan-kolev,KALOYAN KOLEV,1,1,0,Heavyweight,185 cm / 73 in,1.87,,10/1992,Bulgaria,https://www.instagram.com/kaloqn2/
kane-wilkinson,KANE WILKINSON,0,1,0,Light Heavyweight,77in / 195cm,1.9304,THE HITMAN,12/2001,United Kingdom,
kantapon-petsang,Kantapon Petsang,1,0,0,Middleweight,,,Black Falcon,,Thailand,
karl-roberson,KARL ROBERSON,0,1,0,Cruiserweight,76in / 193cm,1.8542,BABYK,10/1990,United States of America,https://www.instagram.com/K_BABYK_ROBERSON
karl-thompson,KARL THOMPSON,4,1,0,Cruiserweight,73in / 185cm,1.8288,THE WASP,11/1988,United Kingdom,https://www.instagram.com/karlThompsonBKFC
karla-alvarez,KARLA ALVAREZ,1,1,0,Strawweight,66in / 167cm,1.651,GOD'S CHILD,11/1988,United States of America,https://www.instagram.com/karlaalvarez_1/
kasey-yates,KASEY YATES,0,2,0,Lightweight,71.5in / 181cm,71,CORNBREAD,01/1988,United States of America,
kasim-ruffin,KASIM RUFFIN,2,1,0,Featherweight,69in / 175cm,1.7526,CAUTION,01/1994,United States of America,https://www.instagram.com/caution_kasimruffin/
kassius-kayne,KASSIUS KAYNE,0,1,0,Welterweight,76in / 193cm,1.86,KILLA,08/1986,United States of America,https://www.instagram.com/kassius_kayne/; https://www.facebook.com/kassius.kayne
kastriot-xhema,KASTRIOT XHEMA,0,0,0,Light Heavyweight,,,,,,
kat-paprocki,KAT PAPROCKI,2,1,0,Strawweight,65in / 165cm,1.6256,,04/1993,United States of America,https://www.instagram.com/kat_paprocki/
kat-rabellizsa,KAT RABELLIZSA,0,1,0,,71in / 180cm,1.7272,KING KATTY,03/1991,United States of America,
katharina-lehner,KATHARINA LEHNER,0,1,0,Women Featherweight,68.5in / 174cm,1.7018,GERMAN GYPSY,04/1990,Germany,https://www.instagram.com/katharinalehner/
kayden-giroux,KAYDEN GIROUX,1,1,0,Cruiserweight,76in / 193cm,1.8796,THE GIANT,09/2003,Canada,https://www.instagram.com/kaydengiroux
kaylan-gorospe,KAYLAN GOROSPE,0,1,0,Lightweight,,,,,,
kealii-kanekoa-2,KEALI'I KANEKOA,1,1,0,Light Heavyweight,74in / 188cm,1.8796,THE CHIEF,12/1990,United States of America,
kearon-thomas,Kearon Thomas,0,0,0,Middleweight,,,,,United Kingdom,
keegan-vandermeer,KEEGAN VANDERMEER,2,2,0,Cruiserweight,81in / 206cm,1.9304,THE CAREER KILLER,03/1992,United States of America,https://www.instagram.com/sundance_kid92/
keilen-fantroy,Keilen Fantroy,0,1,0,Welterweight,,66,,,United States of America,
keith-richardson,KEITH RICHARDSON,5,2,0,Bantamweight,68.5 in / 174 cm,66,THE ROCKSTAR,11/1983,United States of America,https://www.instagram.com/rockstarmma/; https://www.facebook.com/RockstarMMA/
keivan-soleimani,Keivan Soleimani,2,1,0,Welterweight,,72,,03/1991,Iran,
kendall-grove,Kendall Grove,1,2,0,Light Heavyweight,79in / 200.66cm,1.99,Da Spyder,11/1982,United States of America,
kendrick-latchman,Kendrick Latchman,1,0,0,Bantamweight,70.5in/179cm,68,The Uprising,06/1993,United States of America,https://www.facebook.com/kendrick.latchman1
kendrick-miree,KENDRICK MIREE,0,1,0,Heavyweight,79in / 201cm,74,BIG PROBLEM,04/1983,United States of America,https://www.instagram.com/KENDRICK.MIREE
kenmon-evans,Kenmon Evans,1,1,0,Middleweight,81in / 205.74cm,1.8,,03/1992,United States of America,
kenny-hill,KENNY HILL,0,1,0,Lightweight,72in / 183cm,1.6764,THE SUN TAN SUPERMAN,04/1985,United States of America,https://www.instagram.com/the_thug_funny
kenny-licea,Kenny Licea,2,0,0,Welterweight,,72,Hella,10/1987,United States of America,
kenzie-morrison,KENZIE MORRISON,1,0,0,Heavyweight,80in /203cm,1.9304,TCB,07/1990,United States of America,https://www.instagram.com/KENZIEMORRISONOFFICIAL
kerry-lattimer,Kerry Lattimer,0,1,0,Welterweight,,1.73,The Batterer,03/1985,United States of America,
kevin-croom,Kevin Croom,2,1,0,Lightweight,73in / 185cm,1.81,Crash,07/1987,United States of America,https://www.instagram.com/kevincroom_ufc/; https://www.facebook.com/kevin.croom.395
kevin-masirika,KEVIN MASIRIKA,0,0,0,Heavyweight,,,,,,
kevin-sims-buckley,KEVIN SIMS,0,1,0,Light Heavyweight,74in / 188cm,1.8542,CASH,05/1992,United States of America,https://www.instagram.com/HALFWAYBLACK
keynan-williams,KEYNAN WILLIAMS,0,0,0,Middleweight,,1.8796,,,,https://www.instagram.com/challengeaccepted_2020/
khortni-kamyron,Khortni Kamyron,2,1,0,Bantamweight,,1.65,The Head Hunter,09/1985,United States of America,https://www.instagram.com/khortni_/
kieron-sewell,KIERON SEWELL,2,1,0,Bantamweight,65in / 165cm,1.6256,THE SCUMBAG,09/1993,United Kingdom,https://www.instagram.com/Kieron_the_scumbag_sewell
kimani-crawford,KIMANI CRAWFORD,2,0,0,Middleweight,72in / 183cm,1.8034,THE KING,08/1992,Canada,https://www.instagram.com/kingz.boxing/
kimbo-slice-jr,KIMBO SLICE JR,0,0,0,Welterweight,,,,05/1992,United States of America,https://www.instagram.com/babyslice242/?hl=en
king-mo,KING MO,0,0,0,Light Heavyweight,,,,,,
kobe-bowen,Kobe Bowen,1,2,0,Lightweight,,1.8,,05/1998,Barbados,
koda-the-gladiator-greenwood,Koda 'The Gladiator' Greenwood,0,3,0,Featherweight,,1.78,The Gladiator,12/1994,United States of America,
kody-murray,Kody Murray,0,1,0,Bantamweight,,,,,United States of America,
kofi-king,Kofi King,1,0,0,Heavyweight,,74,,,Uruguay,
kory-moegenburg,KORY MOEGENBURG,0,1,0,Cruiserweight,68.5in / 174cm,1.778,THE MONSTER,03/1992,United States of America,https://www.instagram.com/monstamma185/
kratos,KRATOS,0,0,0,,,,,,,
kris-trezise,KRIS TREZISE,5,2,0,Middleweight,,1.8542,,,,
krisana-frankke-srisang,Krisana 'Frankke' Srisang,3,0,0,Featherweight,"66""",1.7018,Frankke,06/1995,Thailand,
kristian-kirilov,KRISTIAN KIRILOV,0,0,0,Heavyweight,"72.44""",1.88,,07/1991,Bulgaria,
kristijan-jevtovic,KRISTIJAN JEVTOVIC,0,1,0,Middleweight,,,,11/2003,Serbia,https://www.instagram.com/kristijan_jevtovic/
kristof-kirsch,Kristof Kirsch,2,0,0,Lightweight,"76""",1.905,The Real Slim Shady,03/1996,Germany,
krystian-nadolski,Krystian Nadolski,0,3,0,Middleweight,,,,,,
krzysztof-wisniewski,KRZYSZTOF WISNIEWSKI,3,0,0,Heavyweight,74in / 188cm,1.905,BIG MAN,10/1991,Poland,https://www.instagram.com/bigman_mma
kurtis-ellis---no-id,KURTIS ELLIS,0,2,0,Featherweight,72in / 183cm,1.8034,,05/1993,United States of America,
kyle-cassidy,Kyle Cassidy,1,2,0,Light Heavyweight,,,,,United Kingdom,
kyle-mcelroy,KYLE McELROY,2,6,0,Light Heavyweight,71in / 180cm,75,The Irishman,03/1981,United States of America,https://www.instagram.com/irishmankyle/
kyle-redfearn,KYLE REDFEARN,0,1,0,Middleweight,72in / 183cm,1.8288,,08/1990,United Kingdom,https://www.instagram.com/kyleredfearn
kyle-wright,Kyle Wright,1,0,0,Light Heavyweight,,1.8,Super Savage,11/1995,United States of America,https://www.facebook.com/k.savage26
lamont-stafford,LAMONT STAFFORD,1,0,0,Cruiserweight,,1.98,KO KING,06/1984,United States of America,https://www.instagram.com/thakoking/; https://www.facebook.com/lamont%20koking%20stafford
landon-williams,LANDON WILLIAMS,0,2,0,Bantamweight,70in / 177cm,1.7272,ALMOST FAMOUS,05/1986,United States of America,
lardy-navarro,LARDY NAVARRO,4,1,0,Featherweight,70in / 178cm,0,SITO,07/2001,United States of America,https://www.instagram.com/lardynavarro/
lasha-roinishvili,LASHA ROINISHVILI,0,0,0,Heavyweight,,1.82,IRON,04/1992,,
lavar-johnson,LAVAR JOHNSON,2,1,0,Heavyweight,81in / 206cm,1.9304,BIG,06/1977,United States of America,https://www.instagram.com/LAVARBIGJOHNSON
leandro-martins,LEANDRO MARTINS,0,1,0,Lightweight,72in / 183cm,1.7526,,,,https://www.instagram.com/LEANDROLIVEIRABJJ
leandro-torres,LEANDRO TORRES,1,1,0,Welterweight,70in / 177cm,1.7272,THE END,04/1982,Argentina,https://www.instagram.com/leandrotorres_the_end/
lee-browne,LEE BROWNE,3,5,0,Cruiserweight,77in / 195cm,1.9558,DA BANGER,06/1987,United Kingdom,https://www.instagram.com/leebrownebareknuckle
lehi-dominguez,LEHI DOMINGUEZ,0,1,0,Light Heavyweight,,1.8034,SOLDADO,11/1989,United States of America,https://www.instagram.com/the_real_lehidominguez/
leigh-cohoon,LEIGH COHOON,3,0,0,Light Heavyweight,74in / 188cm,1.8288,THE BOOM,08/1984,United Kingdom,https://www.instagram.com/leighcohoon84_bkfc/
leo-bercier,LEO BERCIER,6,5,0,Light Heavyweight,73in / 185cm,71,BUSHIDO,04/1981,United States of America,https://www.instagram.com/bushidoboy81/
leo-pla,Leo Pla,4,3,0,Cruiserweight,,71,,05/1982,United States of America,
leo-valdivia,Leo Valdivia,0,1,0,Light Heavyweight,75 in / 191cm,1.81,,03/1988,Nicaragua,
leonard-garcia,Leonard Garcia,2,1,0,Welterweight,69.0 in / 175cm,70,Bad Boy,07/1979,United States of America,
leonardo-perdomo,LEONARDO PERDOMO,11,0,0,Heavyweight,73in / 185cm,71,EL ZAMBO,02/1992,Cuba,https://www.instagram.com/el_zambo_official_fighter/
leonel-carrera,LEONEL CARRERA,3,2,0,Light Heavyweight,75in / 191cm,74,LIONHEART,04/1989,United States of America,https://www.instagram.com/training_with_leo/?hl=en
levi-costa,LEVI COSTA,2,3,0,Heavyweight,72.5 in / 182 cm,74,PITBULL,10/1985,Brazil,https://www.instagram.com/levi_pitbull/
lewis-garside,LEWIS GARSIDE,3,0,0,Bantamweight,67in / 171cm,1.651,THE LEPRECHAUN,09/1990,United Kingdom,https://www.instagram.com/garsidelewis_
lewis-glover,LEWIS GLOVER,1,2,0,Cruiserweight,77in / 196cm,1.8034,SWEET LEW,09/1995,United States of America,
lewis-keen,LEWIS KEEN,5,1,0,Lightweight,70in / 178cm,1.7526,,09/1998,United Kingdom,https://www.instagram.com/lewisskeen
lewis-knox,LEWIS KNOX,5,2,0,Featherweight,72in / 183cm,1.8034,The Leith Warrior,06/1996,United Kingdom,https://www.instagram.com/Knoxybkb; https://www.facebook.com/lewis.knox.14
lewis-rumsey,LEWIS RUMSEY,2,5,0,Heavyweight,76in / 193cm,71,THE BEAST,11/1989,United States of America,https://www.instagram.com/lewisrumseybkfc/
lewy-sherriff,Lewy Sherriff,0,1,0,Lightweight,,,,,,
lex-ludlow,LEX LUDLOW,3,0,0,Heavyweight,72.5in / 184cm,71,THE GRIZZLY BEAR,10/1993,United States of America,https://www.instagram.com/thegrizzlybear205
liam-dooley,LIAM DOOLEY,1,1,0,Welterweight,69in / 175cm,1.778,,05/1994,United Kingdom,https://www.instagram.com/liamdooley1994
liam-hutchinson,LIAM HUTCHINSON,2,1,0,Light Heavyweight,75in / 191cm,1.8288,,11/1990,United Kingdom,https://www.instagram.com/Liamhutchinson146
liam-smyth,LIAM SMYTH,1,0,0,Heavyweight,72in / 183cm,1.8796,GINGE FROM SHARD END,,United Kingdom,https://www.instagram.com/Gingefromshardend
liam-wilson,Liam Wilson,4,3,0,Welterweight,,,,,United Kingdom,
lino-sanchez,LINO SÁNCHEZ,0,1,0,Cruiserweight,77in / 190cm,1.905,,06/1996,Mexico,https://www.instagram.com/LINOSANCHEZ_232
lj-hermreck,LJ Hermreck,1,3,0,Featherweight,,70,,09/1989,United States of America,
lj-schulz,LJ Schulz,0,1,0,Lightweight,,67,,,United States of America,
lloyd-cupcake-mix,Lloyd 'Cupcake' Mix,3,1,0,Lightweight,69.0 in / 175cm,71,Cupcake,11/1984,United States of America,
logan-speyrer,LOGAN SPEYRER,1,0,0,Bantamweight,70in / 178cm,1.7526,,07/1997,United States of America,https://www.instagram.com/LOGAN_SPEYRER
logan-tucker,LOGAN TUCKER,0,1,0,Middleweight,71in / 180cm,70,MAYHEM,11/1998,United States of America,https://www.instagram.com/logantucker21/
lonel-levitchi,LONEL LEVITCHI,0,0,0,Welterweight,,,,,,
loren-thibodeaux,Loren Thibodeaux,0,1,0,Featherweight,,1.8,Gator,06/1995,United States of America,
lorenzo-coca,LORENZO COCA,1,1,0,Lightweight,71in / 180cm,67,THE DISCIPLE,03/1985,United States of America,
lorenzo-the-juggernaut-hunt,LORENZO 'THE JUGGERNAUT' HUNT,13,2,0,Light Heavyweight,75 in / 190.5 cm,72,THE JUGGERNAUT,09/1982,United States of America,https://www.instagram.com/thejuggernauthunt/; https://www.facebook.com/lorenzo.hunt.18
louie-lopez,LOUIE LOPEZ,4,5,0,Featherweight,71in / 180cm,69,EL LOCO,10/1991,United States of America,https://www.instagram.com/louie_lopez_athlete_/
louis-brewington,LOUIS BREWINGTON,0,1,0,Light Heavyweight,77in / 195cm,1.9304,REAL DEAL,12/1990,United States of America,https://www.instagram.com/louis_real_deal
louis-hernandez,Louis Hernandez,0,1,0,Middleweight,,,,09/1994,United States of America,
louis-king,LOUIS KING,0,0,0,Cruiserweight,,,,,,
lucas-sontgen,LUCAS SONTGEN,0,1,0,Middleweight,72in / 183cm,1.778,THE DENTIST,,Germany,https://www.instagram.com/LUCAS_SOE
ludwig-wolper,LUDWIG WOLPER,0,0,0,Lightweight,72in / 183cm,1.77,,02/1993,Germany,https://www.instagram.com/ludwig_wolper/
luis-baboon-palomino,LUIS PALOMINO,10,2,0,Lightweight,67in / 170cm,69,BABOON,10/1980,Peru,https://www.instagram.com/luisbaboon/; https://www.facebook.com/ElBandidoMMA/
luis-castaneda,LUIS CASTAÑEDA,1,0,0,Middleweight,72in / 183cm,1.7272,HUICHO,10/1985,Mexico,https://www.instagram.com/luiswichocastaneda/?hl=en
luis-iniguez,LUIS INIGUEZ,0,1,0,Bantamweight,68in / 173cm,1.7526,EL LEON MEXICANO,08/1982,United States of America,https://www.instagram.com/LUISINIGUEZMMA
luis-paulo-terra,Luis Paulo Terra,0,1,0,Light Heavyweight,,,Rato',,Brazil,
luis-rey-gallegos,LUIS REY GALLEGOS,0,1,0,Bantamweight,65in / 165cm,1.6764,CORAZÓN DE LEÓN,06/1986,Mexico,https://www.instagram.com/corazondeleon_mma/
luis-villasenor,LUIS VILLASENOR,1,2,0,Cruiserweight,72in / 183cm,68,EL JEFE,05/1980,United States of America,https://www.instagram.com/luis__villasenor_/
lukas-jones,LUKAS JONES,2,3,0,Featherweight,69in / 175cm,1.651,KLOWN,11/1993,,
luke-atkin,Luke Atkin,0,2,0,Cruiserweight,,1.778,The Loose Cannon,01/1987,United Kingdom,
luke-bampton,LUKE BAMPTON,0,1,0,Lightweight,68in / 173cm,1.651,BAM BAM,02/1991,Australia,https://www.instagram.com/bam_ftflo
luke-beamish,LUKE BEAMISH,2,0,0,Welterweight,71in / 180cm,1.8288,THE NIGHTMARE,05/1990,United Kingdom,https://www.instagram.com/beamish.luke
luke-brassfield,LUKE BRASSFIELD,0,1,0,Middleweight,72in / 183cm,1.8034,BRASSHAMMER,09/1987,United Kingdom,https://www.instagram.com/lukebrassfield/
luke-kelly,Luke Kelly,0,0,0,Welterweight,,,,,,
luke-nevin,LUKE NEVIN,3,2,0,Middleweight,72in / 183cm,1.8542,,01/1995,United Kingdom,https://www.instagram.com/lnevin/
luke-parsons,Luke Parsons,0,2,0,Lightweight,,71,,06/1981,United States of America,
luke-rockhold,Luke Rockhold,0,1,0,Middleweight,77in / 196cm,1.91,,10/1984,United States of America,https://www.instagram.com/lukerockhold/; https://www.facebook.com/rockholdmma
luke-steele,LUKE STEELE,0,1,0,Lightweight,74in / 187cm,1.8288,THE SOUL SNATCHER,08/1999,United Kingdom,https://www.instagram.com/Lukesteele673
lumumba-sayers,LUMUMBA SAYERS,1,0,0,Heavyweight,74in / 188cm,1.8288,HEAVY HANDS SR,06/1978,United States of America,https://www.instagram.com/LUMUMBAHEAVYHANDSSAYERS
luther-paipa,LUTHER PAIPA,0,0,0,Middleweight,,,,,,
mac-bygraves,MAC BYGRAVES,3,0,0,Middleweight,74in / 188cm,1.778,ATTACK,,United Kingdom,https://www.instagram.com/macbygravesbkb/
mahaheng-silkmuaythai,Mahaheng Silkmuaythai,1,0,0,Men Flyweight,,64,Mahaheng Silkmuaythai,,Thailand,https://www.facebook.com/thanathorn.kamwan
mahmoud-ahmed,MAHMOUD AHMED,2,0,0,Bantamweight,68in / 173cm,1.651,Mando,01/1997,Egypt,https://www.instagram.com/MAHMOUDMANDO.OFFICIAL
maia-kahaunaele,Maia Kahaunaele,0,1,0,Women Flyweight,62.5,1.63,,03/1982,,
maika-samson,MAIKA SAMSON,1,0,0,Bantamweight,70in / 178,1.7272,,01/2000,United States of America,
maki-pitolo,MAKI PITOLO,0,1,0,Middleweight,73in / 185cm,1.778,COCOUT BOMBZ,11/1990,United States of America,
malinda-amarasinghe,Malinda Amarasinghe,0,1,0,Featherweight,,,,,Sri Lanka,
manspile,MANSPILE,0,0,0,,,,,,,
manuel-moreira,Manuel Moreira,0,4,0,Lightweight,,72,,,United States of America,
manuel-otero,MANUEL OTERO,1,0,0,Heavyweight,70.5in / 179cm,1.778,MAYOR MANO,03/1988,United States of America,
marc-entenberg,MARC ENTENBERG,2,0,0,Featherweight,72in / 182cm,72,,10/1992,United States of America,https://www.instagram.com/marckavelli/
marcel-swift-stamps,Marcel 'Swift' Stamps,2,2,0,Light Heavyweight,,75,Swift,04/1985,United States of America,
marcello-solinas,MARCELLO SOLINAS,0,0,0,Cruiserweight,,,,,,
marcelo-antonio-perez,MARCELO ANTONIO PEREZ,0,1,0,Men Flyweight,64in / 163cm,1.6256,,01/1975,Mexico,https://www.instagram.com/ANTONIOPERRZGARCIA
marciano-hernandez,Marciano Hernandez,2,0,0,Bantamweight,69.7in / 177cm,66,,,United States of America,
marco-guistarini,MARCO  GUISTARINI,1,1,0,Featherweight,67in / 170cm,1.7272,BARRACUDA,04/1987,Italy,https://www.instagram.com/marco_barracuda_giustarini/
marcus-brimage,Marcus Brimage,0,1,0,Featherweight,,64,,,,https://www.instagram.com/yoga_ninja954/
marcus-edwards,MARCUS EDWARDS,4,0,0,Middleweight,76in / 193cm,69,BAD INTENTIONS,04/1989,United States of America,https://www.instagram.com/marcus_mma/; https://www.facebook.com/marcus.b.edwards.7
marcus-pond,MARCUS POND,1,2,0,Middleweight,74in / 188cm,1.8034,THE PILGRIM,04/1990,United Kingdom,https://www.instagram.com/marcus_pond_bkb/?ref=NJnCjuUr1R4y&hl=am-et
marcus-williamson,MARCUS WILLIAMSON,0,1,0,Middleweight,74in / 188cm,1.7272,LIGHTS OUT,03/1991,United States of America,
marian-dimitrov,Marian Dimitrov,1,0,0,Middleweight,177cm,1.8,,06/1992,Bulgaria,https://www.instagram.com/mdimitrov1_/
marian-iovita,MARIAN IOVITA,0,0,0,Heavyweight,,1.8542,II PADRINO,10/1978,Italy,https://www.instagram.com/marianilpadrino4
mario-lopez,MARIO LOPEZ,0,0,0,Heavyweight,,,,,,
mario-martinez,MARIO MARTINEZ,0,0,0,Middleweight,69in / 175cm,1.7018,MALANDRO,08/1990,Mexico,https://www.instagram.com/MARIO_MARVEL
mario-soo,MARIO SOO,1,0,0,Cruiserweight,,1.7526,,,,
mario-vargas,Mario Vargas,0,1,0,Middleweight,,70,,09/1974,Cuba,https://www.instagram.com/murder_mo/
marisol-ruelas,MARISOL RUELAS,0,2,0,Women Featherweight,64in / 163cm,1.651,,02/2997,United States of America,
marius-radoi,Marius Radoi,0,1,0,Welterweight,"71""",1.72,,,,
mariya-agapova,MARIYA AGAPOVA,0,1,0,Women Flyweight,71in / 180cm,1.6764,MONEY MASHKA,04/1997,Kazakhstan,https://www.instagram.com/mma.mashka/
mark-angel-sadang,MARK ANGEL SADANG,1,0,0,Lightweight,72in / 183cm,1.7526,DEADSHOT,,Philippines,
mark-culp,Mark Culp,0,1,0,Cruiserweight,,1.82,,12/1991,United States of America,https://www.instagram.com/culp080521/
mark-flanagan,MARK FLANAGAN,0,1,0,Heavyweight,75in / 190cm,1.8542,BAM BAM,05/1990,Australia,https://www.instagram.com/markbambamflanagan
mark-grubic,MARK GRUBIC,0,0,0,Lightweight,71in / 180cm,1.7526,THE VIKING,05/1992,United Kingdom,
mark-irwin,Mark Irwin,3,2,0,Bantamweight,,67,The Shark,,United States of America,
mark-johnson,Mark Johnson,0,2,0,Bantamweight,,70,,,United States of America,
markus-suarez,MARKUS SUAREZ,1,2,0,Middleweight,76in / 193cm,73,MURK,06/1987,United States of America,https://www.instagram.com/officialyung.murk__/
marley-churcher,MARLEY CHURCHER,3,5,0,Light Heavyweight,25,1.8288,TANK,08/1987,United Kingdom,https://www.instagram.com/Marley_tank_churcher
martez-mcgregor,MARTEZ MCGREGOR,0,0,0,Welterweight,,,,,,
marti-barnes,MARTI BARNES,1,1,0,Heavyweight,,,,,,https://www.instagram.com/martibarnes33/
martin-stoichkov,Martin Stoichkov,0,1,0,Lightweight,"67.71""",1.7,,02/1998,Bulgaria,https://www.instagram.com/stoichkov.m/
martin-trey-brown,Martin Trey Brown,4,2,0,Lightweight,73in / 185.42cm,71,,08/1984,United States of America,https://www.facebook.com/martin.brown.712161
martyna-krol,Martyna Krol,1,1,0,Women Flyweight,,68,,,Poland,
mason-shaw,MASON SHAW,8,7,0,Cruiserweight,72in / 183cm,1.8542,SMILEY,01/1995,United Kingdom,https://www.instagram.com/smiley_bkfc/
mathilda-wilson,MATHILDA WILSON,3,4,0,Women Flyweight,66in / 167cm,1.6002,THE BARE-KNUCKLE COUPLE,03/1991,Sweden,
matin-safari,MATIN SAFARI,0,1,0,Lightweight,70in / 178cm,1.7272,MAT DOG,,,https://www.instagram.com/MATINSAFARIORG
matt-adams,MATT ADAMS,0,1,0,Heavyweight,73.5in / 186cm,1.778,BAD MATT ADAMS,09/1997,United States of America,https://www.instagram.com/badmattadams/
matt-floyd,MATT FLOYD,0,1,0,Light Heavyweight,,1.8542,,09/1989,Australia,https://www.instagram.com/mattythejedifloyd
matt-guymon,MATT GUYMON,2,3,0,Bantamweight,72in / 183cm,68,THE SILENCER,07/1988,United States of America,https://www.instagram.com/matgman/
matt-maestas,MATT MAESTAS,2,3,0,Light Heavyweight,72in / 183cm,71,IRON FIST,01/1987,United States of America,https://www.instagram.com/MATTHEW.MAESTAS.184
matt-murphy,Matt Murphy,0,2,0,Featherweight,,1.73,KO KID,07/1998,United States of America,
matt-phillips,Matt Phillips,3,1,0,Welterweight,,69,Babyface,,,
matt-semelsberger,MATT SEMELSBERGER,0,0,0,Middleweight,,,,,,
matt-shippen,Matt Shippen,0,0,0,Heavyweight,,,,,United Kingdom,
matthew-socholotiuk,MATTHEW SOCHOLOTIUK,2,2,0,Middleweight,76in / 193cm,1.7526,THE HAWK,08/1988,Canada,https://www.instagram.com/socholotiuk88/
matthew-wiwczaryk,MATTHEW WIWCZARYK,3,1,0,Middleweight,70in / 178cm,1.778,THE MARTYR,05/1999,United Kingdom,https://www.instagram.com/Mat_The_Martyr_KK
matty-hill,MATTY HILL,1,2,0,Cruiserweight,74in / 188cm,1.8796,MAD DOG,01/1989,United Kingdom,https://www.instagram.com/matty.mad.dog.hill
matty-hodgson,MATTY HODGSON,7,5,0,Light Heavyweight,77in / 190cm,1.8542,THE HAMMER,06/1984,United Kingdom,https://www.instagram.com/mattthehammerbkfc/
maurice-horne,MAURICE HORNE,1,2,0,Light Heavyweight,78in / 198cm,72,THE GOD OF WAR,05/1987,United States of America,https://www.instagram.com/wartimebox
maurice-jackson,Maurice Jackson,1,1,0,Heavyweight,84,2.06,THE GORILLA,01/1981,,
maxime-bellamy,MAXIME BELLAMY,2,1,0,Middleweight,75in / 191cm,1.8288,ORSU CORSU,02/2000,France,https://www.instagram.com/orsu_corsu/
meghan-oneill,MEGHAN O'NEILL,0,1,0,Women Featherweight,62in / 157cm,1.5748,THE WITCH,12/1991,United Kingdom,https://www.instagram.com/meghanthewitchoneill
mehdi-barghi,MEHDI BARGHI,1,0,0,Heavyweight,73in / 185cm,1.83,,01/1986,Iran,https://www.instagram.com/barghi.mehdi/
mehmet-ozer,MEHMET OZER,0,1,0,Heavyweight,"74.80""",1.88,MOUNTAIN,01/1982,Turkey,https://www.instagram.com/nerminhajdarpasic/
melanie-shah,MELANIE SHAH,2,2,0,Strawweight,68in / 173cm,67,,10/1981,United Kingdom,https://www.instagram.com/melaniebkshah/
melvin-the-young-assassin-guillard,Melvin 'The Young Assassin' Guillard,2,6,0,Welterweight,,69,The Young Assassin,03/1983,United States of America,https://www.instagram.com/melvinfighter83/
micah-lail,Micah Lail,0,1,0,Light Heavyweight,,,,,United States of America,
micah-livingston-mike,MICAH LIVINGSTON (MIKE),0,3,0,Bantamweight,76in / 193cm,1.651,SAVAGE MIKE,09/1989,United States of America,https://www.instagram.com/livingston_3400/
micah-mitchell,MICAH MITCHELL,0,1,0,Bantamweight,,1.7,INTERSTATE5IVE,,United States of America,
micah-terrill,MICAH TERRILL,0,1,0,Middleweight,74in / 188cm,1.8796,SEE ME,01/1984,United States of America,https://www.instagram.com/seeme2024/
micah-white,MICAH WHITE,0,0,0,Men Flyweight,,,,,,
michael-furnier,MICHAEL FURNIER,0,4,0,Heavyweight,73in / 185cm,1.73,AMERICAN GANGSTER,07/1994,United States of America,https://www.instagram.com/mikey_americangangster_furnier
michael-hernandez,Michael Hernandez,1,0,0,Bantamweight,"67.0""",1.7,Hurricane,11/1985,United States of America,
michael-igwegbe,MICHAEL LGWEGBE,0,1,0,Light Heavyweight,72in / 183cm,1.7272,,03/2002,,https://www.instagram.com/THEREALMICHAELCHIBUNNA
michael-jones,Michael Jones,0,1,0,,,1.7,Murc,,United States of America,
michael-larrimore,MICHAEL LARRIMORE,3,1,0,Bantamweight,70in / 178cm,69,PAPA G,04/1998,United States of America,https://www.instagram.com/PAPAG_MMA
michael-manno,MICHAEL MANNO,2,2,0,Middleweight,71in / 180cm,1.8034,PORT CITY SOLDIER,12/1995,United States of America,https://www.instagram.com/_datboymanno_/
michael-mcdonald,Michael McDonald,1,0,0,Lightweight,,1.75,IRON,06/1994,United States of America,
michael-perry,Michael Perry,0,0,0,,,,,,,
michael-stripling,Michael Stripling,0,1,0,Welterweight,,70,,02/1986,United States of America,
michael-venom-page,Michael 'Venom' Page,0,1,0,Middleweight,79 in / 201cm,1.91,Venom,04/1987,United Kingdom,https://www.instagram.com/michaelvenompage/; https://www.facebook.com/michaelvenompage/
mick-terrill,MICK TERRILL,10,2,0,Heavyweight,74.5in / 189.23cm,75,,06/1983,United Kingdom,https://www.instagram.com/mick_terrill/
mick-whitehead,MICK WHITEHEAD,0,1,0,Welterweight,72in / 183cm,1.7526,WARHORSE,01/1992,Australia,https://www.instagram.com/warhorsebkfc
micky-pedersen,MICKY PEDERSEN,0,1,0,Heavyweight,,,,,,
mike-alvarado,Mike Alvarado,0,1,0,Lightweight,"69.5""",1.75,Mile High,07/1980,United States of America,
mike-andaya,MIKE ANDAYA,1,0,0,Lightweight,72.5in / 184cm,1.7526,,10/1989,United States of America,https://www.instagram.com/andaya760
mike-bisset,Mike Bisset,1,1,0,,,1.91,CONCRETE,12/1984,United States of America,
mike-hansen,MIKE HANSEN,2,0,0,Bantamweight,69in / 175cm,1.6256,MIGHTY MOUSE,10/1989,United States of America,https://www.instagram.com/bkfc_mightymouse125/
mike-heckert,MIKE HECKERT,2,1,0,Welterweight,74.5in / 189cm,71,,04/1995,United States of America,https://www.instagram.com/michaelheckert/?hl=en
mike-jones,MIKE JONES,2,1,0,Lightweight,76in / 193cm,74,,04/1990,United States of America,https://www.instagram.com/MIKEJONES170
mike-jurik,MIKE JURIK,0,1,0,Featherweight,65in / 165cm,1.6256,HASSBY,08/2000,Czech Republic,https://www.instagram.com/_mikejurik_/
mike-kyle,Mike Kyle,0,2,0,Heavyweight,77in / 195.58,75,MAK,03/1980,United States of America,
mike-lee,Mike Lee,1,0,0,Cruiserweight,,74,,09/1994,United States of America,
mike-platinum-perry,'PLATINUM' MIKE PERRY,6,0,0,Middleweight,71in / 180cm,70,PLATINUM,09/1991,United States of America,https://www.instagram.com/platinummikeperry/; https://www.facebook.com/profile.php?id=100006711189501
mike-richman,MIKE RICHMAN,8,3,0,Light Heavyweight,70.5in / 179cm,68,THE MARINE,04/1988,United States of America,https://www.instagram.com/themarinerichman/?hl=en
mike-seymour,Mike Seymour,0,0,0,Cruiserweight,,1.73,,01/1978,United States of America,
mike-trizano,MIKE TRIZANO,2,0,0,Lightweight,71.5in / 181cm,1.8034,THE LONE WOLF,05/1992,United States of America,https://www.instagram.com/thelonewolfmma/
mike-wilkinson,MIKE WILKINSON,0,0,0,Welterweight,,,,,,
mikey-henderson,MIKEY HENDERSON,3,0,0,Light Heavyweight,77in / 195cm,1.8288,EL ANIMAL,04/1995,United Kingdom,https://www.instagram.com/mhboxing9
miles-mcdonald,Miles McDonald,0,1,0,Men Flyweight,66.5in/168.91cm,1.7,,08/1991,United States of America,
milton-volter,MILTON VOLTER,0,1,0,Welterweight,,,,,,
mitch-seybold,Mitch Seybold,1,2,0,Lightweight,,1.83,,12/1986,United States of America,
mladen-iliev,MLADEN ILIEV,2,0,0,Middleweight,176 cm,1.78,,03/1991,Bulgaria,https://www.instagram.com/byhwamei/?hl=en
mohamed-aly,MOHAMED ALY,1,0,0,Heavyweight,72in / 183cm,1.7272,FLEX,01/1984,Egypt,https://www.instagram.com/mohamedflexaly/
mohammed-saleem,KASEEM SALEEM,0,1,0,Heavyweight,,,,,,
monica-franco,MONICA FRANCO,1,1,0,Women Bantamweight,"63.0""",1.6764,FEARLESS,12/1984,United States of America,https://www.instagram.com/fearlessmonicafranco/; https://www.facebook.com/fearless%20monica%20franco
monty-aboughaly,Monty Aboughaly,2,0,0,Lightweight,72.5 in / 181.61cm,69,,,United States of America,
monty-klistoff,Monty Klistoff,0,0,0,Light Heavyweight,,1.73,,,United States of America,
morgan-starkey,MORGAN STARKEY,2,3,0,Lightweight,"66""",1.67,,,United Kingdom,
mpampis-klados,MPAMPIS KLADOS,0,0,0,Light Heavyweight,,,,,,
murat-kazgan,Murat Kazgan,1,1,0,Welterweight,"67""",1.75,Lord Pitbull,01/1986,Turkey,https://www.instagram.com/muratkazgan/
murat-kilimetov,MURAT KILIMETOV,3,0,0,Cruiserweight,78in / 198cm,1.905,SAMBEAST,08/1991,Russia,https://www.instagram.com/kilimetov_mma/
myles-mazurkiewicz,Myles Mazurkiewicz,0,0,0,Featherweight,,1.73,Marauder,,United States of America,
nada-miljancevic,NADJA MILJANCEVIC,0,1,0,Women Featherweight,,1.7,THE SERBIAN PRINCESS,06/2000,Serbia,Mijlancevic
nadia-moreno,NADIA MORENO,1,0,0,Women Bantamweight,64in / 163cm,1.6256,007,12/1998,United States of America,https://www.instagram.com/nadia007m
naeem-phuphan-binhar,Naeem Phuphan Binhar,0,2,0,Lightweight,,1.68,,09/1997,Thailand,https://www.instagram.com/naeembinhar/; https://www.facebook.com/NaeemBinhar
naff-higson,Naff Higson,0,1,0,Cruiserweight,"76""",1.82,,,,
nalu-cenal,NALU CENAL,0,1,0,Bantamweight,71in / 180cm,1.7018,,03/1991,United States of America,
namakana-pakala,NAMAKANA PAKALA,1,0,0,Light Heavyweight,72in / 183cm,1.8288,,03/1995,United States of America,
nash-diederichs,NASH DIEDERICHS,1,2,0,Welterweight,70in / 178cm,1.7526,THE GHOST,07/2000,Canada,https://www.instagram.com/nashdiederichs
natalie-gage,NATALIE GAGE,2,0,0,Strawweight,67in / 171cm,1.6764,,02/1994,United States of America,https://www.instagram.com/_50shadesofgage/
nate-ghareeb,NATE GHAREEB ,0,1,0,Welterweight,69in / 175cm,1.7272,NASTY,07/1993,United States of America,
nate-maness,NATE MANESS,2,0,0,Bantamweight,72in / 183cm,1.778,MAYHEM,06/1991,United States of America,https://www.instagram.com/natemayhem1/
nate-morrow,NATE MORROW,1,0,0,Featherweight,69.5in / 176cm,1.7526,THE BAD MAN,01/1995,United States of America,https://www.instagram.com/NATERSMORROW
nathan-flawless-mitchell,Nathan 'Flawless' Mitchell,0,4,0,Lightweight,77in / 195.58,74,Flawless,,United States of America,
nathan-hind,Nathan Hind,1,0,0,Welterweight,,,,,United Kingdom,
nathan-leeson,NATHAN LEESON,0,0,0,Lightweight,,,,,,
nathan-owens,Nathan Owens,1,1,0,Light Heavyweight,,1.905,The Outlaw,01/1989,United Kingdom,
nathan-rivera,NATHAN RIVERA,5,0,0,Featherweight,74in / 188cm,71,THE REAPER,05/1997,United States of America,https://www.instagram.com/_nathanrivera/
nathan-thompson,Nathan Thompson,1,0,0,Welterweight,,,,,,
natsuda-yooya,Natsuda Yooya,0,1,0,,,,,,Thailand,
navid-mansouri,NAVID MANSOURI,1,1,0,Lightweight,72in / 183cm,1.8034,,03/1989,United Kingdom,https://www.instagram.com/NAVMANSOURI
nelson-best,NELSON BEST,0,0,0,Heavyweight,,,,,,
nicholas-blume,CHINO BLUME,2,2,0,Heavyweight,74in / 188cm,74,CHET CHINO,10/1987,United States of America,https://www.instagram.com/chetchinoblume
nicholas-saragosa,NICHOLAS SARAGOSA,1,0,0,Lightweight,,,,,,
nick-burgos,NICK BURGOS,0,2,0,Bantamweight,68in / 173cm,1.68,NICKY NO HOLDZ BARZ,02/1980,United States of America,https://www.instagram.com/BARZ.1980
nick-felber,NICK FELBER,1,0,0,Lightweight,68in / 173cm,1.7526,THE FURY,,,
nick-gonzalez,Nick Gonzalez,1,0,0,Bantamweight,,,,,,
nick-kohring,NICK KOHRING,1,0,0,Light Heavyweight,78in / 198cm,1.8542,KILLSHOT,03/1991,United States of America,https://www.facebook.com/nick.kohring
nick-mamalis,Nick Mamalis,0,1,0,Featherweight,,1.71,GARFIELD,06/1986,United States of America,
nick-rossborough,NICK ROSSBOROUGH,0,0,0,Heavyweight,,,,,United States of America,
nick-villar,Nick Villar,0,4,0,Lightweight,67.5in / 171cm,67,,01/1990,United States of America,
nico-gaffie,NICO GAFFIE,3,1,0,Featherweight,66in / 168cm,1.6256,THE IRON,03/1996,Spain,https://www.instagram.com/NICO_GAFFIE
nico-hernandez,Nico Hernandez,1,0,0,Men Flyweight,64in/162.56cm,1.63,,01/1996,United States of America,
nicola-salisci,NICOLA SALISCI,0,0,0,,,,,,,
nicolas-diaz,NICOLAS DIAZ,1,0,0,Men Flyweight,61in / 155cm,1.6256,,10/1992,Mexico,https://www.instagram.com/nicolas.inquebrantable.diaz/
nicole-schaefer,NICOLE SCHAEFER,2,0,0,Women Bantamweight,63in / 160cm,1.62,NICCI,02/1997,Germany,https://www.instagram.com/nicole_schaefer_official/
nikola-arsov,Nikola Arsov,0,1,0,Lightweight,"68.11""",1.76,,03/1995,Bulgaria,https://www.instagram.com/n_arsovv/
nikolay-aleksiev,NIKOLAY ALEKSIEV,0,1,0,Heavyweight,72in / 183cm,1.83,RUSE,04/1986,Bulgaria,https://www.instagram.com/nikialexiev/
noah-aldana,NOAH ALDANA,0,0,0,Bantamweight,,,,,,
noah-cutter,NOAH CUTTER,3,7,0,Middleweight,74in / 188cm,73,,07/1989,United States of America,https://www.instagram.com/noahscutter/
noah-norman,NOAH NORMAN,0,1,0,Bantamweight,69in / 175cm,67,CANNON,07/1998,United States of America,https://www.instagram.com/719cannon
nolan-mclaughlin,Nolan Mclaughlin,0,1,0,Featherweight,,1.83,,,United States of America,https://www.facebook.com/nolan.mclaughlin.547
nolan-smith,Nolan Smith,0,0,0,Heavyweight,,,,,United States of America,
octavin-turner,OCTAVIN TURNER,2,0,0,Men Flyweight,67in / 170cm,1.7018,SMASH,,United States of America,https://www.instagram.com/SMASH_ABADMAN
oleg-magkeev,OLEG MAGKEEV,1,0,0,Light Heavyweight,76in / 193cm,1.905,,,Russia,https://www.instagram.com/OLEG_MAGKEEV1
oluwale-bamgbose,OLUWALE BAMGBOSE,1,0,0,Cruiserweight,79in / 200cm,1.8034,THE HOLY WAR ANGEL,,,https://www.instagram.com/holywarangelmma
omar-avelar,Omar Avelar,0,1,0,,,1.65,GALLO FINO,02/1990,United States of America,
omar-molina,Omar Molina,0,1,0,Heavyweight,,,Rocky,,Mexico,
oscar-willis,OSCAR WILLIS,1,0,0,Lightweight,67.5in / 171cm,1.7272,THE ONE THE ONLY,05/1991,United Kingdom,https://www.instagram.com/oscarswillis/
oskar-smykiel,OSKAR SMYKIEL,1,1,0,Welterweight,73in / 185cm,1.8034,,06/1989,United Kingdom,https://www.instagram.com/Mr_ozz89
ouadia-tergui,OUADIA TERGUI ,1,0,0,Middleweight,73in / 185cm,1.8034,TIGER,10/1991,Italy,https://www.instagram.com/ouadiatergui
paco-castillo,PACO CASTILLO,0,2,0,Lightweight,63in / 160cm,1.651,THE TEXAS PUNISHER,11/1981,United States of America,
paddy-mcglade,Paddy McGlade,0,0,0,Welterweight,,,,,,
paige-vanzant,Paige VanZant,0,2,0,Women Flyweight,65.5in / 165.1cm,64,12 Gauge,03/1994,United States of America,
paitoon-rock-jaikom,Paitoon 'Rock' Jaikom,0,1,0,Welterweight,,68,Rock,08/1985,Thailand,https://www.facebook.com/profile.php?id=100001322985792
paolo-zorzi,PAOLO ZORZI,0,0,0,Heavyweight,,1.8796,THE IMMORTAL,10/1979,Italy,https://www.instagram.com/l.l.theimmortalpaolozorzi
paris-boyd,PARIS BOYD,1,0,0,Lightweight,74in / 188cm,1.8288,PDOTT DA KNOCKOUT ARTIST,07/1988,United States of America,https://www.instagram.com/PDOTTDAKNOCKOUT_ARTIST
parker-porter,PARKER PORTER,4,0,0,Heavyweight,73in / 185cm,72,,04/1985,United States of America,https://www.instagram.com/parkerportermma/
partho-ghosh,Partho Ghosh,0,1,0,Bantamweight,,,Nightmare,05/1988,India,
pat-brady,PATRICK BRADY,3,0,0,Heavyweight,75in / 191cm,72,THE BRICK,02/1984,United States of America,https://www.instagram.com/hevweightbrady/?hl=en
pat-carroll,PAT CARROLL,2,0,0,Heavyweight,73.5 / 186cm,1.8288,,10/1991,United States of America,https://www.instagram.com/p_carroll23
pat-casey,PAT CASEY,4,2,0,Middleweight,70in / 178cm,68,THE GORILLA NINJA,10/1990,United States of America,https://www.instagram.com/patcasey1035/
pat-sullivan,PAT SULLIVAN,1,2,0,Welterweight,72in / 183cm,72,THE IRISHMAN,08/1999,United States of America,https://www.instagram.com/teamirishman/
patrick-tolone,PATRICK TOLONE,1,1,0,Heavyweight,80in / 203cm,1.8796,THE REVENANT,09/1995,Australia,https://www.instagram.com/mel_therevenant_tolone/
patryk-fornalski,PATRYK FORNALSKI,0,0,0,,,,,,,
patryk-pientnik,PATRYK PIENTNIK,0,1,0,Bantamweight,62in / 17cm,1.7526,,09/2005,,
patryk-sagan,Patryk Sagan,0,0,0,Featherweight,,,,,,
paul-cook,PAUL COOK,3,1,0,Welterweight,70in / 178cm,1.778,,08/1987,United Kingdom,https://www.instagram.com/c88ky
paul-hilz,PAUL HILZ,0,0,0,Middleweight,,,,,,
paul-osullivan,PAUL O'SULLIVAN,1,2,0,Middleweight,70in / 178cm,1.778,,05/1986,United Kingdom,https://www.instagram.com/paulosullivan1986
paul-ryan-shough,(PAUL) RYAN SHOUGH,1,3,0,Heavyweight,77.5 in / 196cm,75,THE ZOMBIE COWBOY,02/1993,United States of America,https://www.instagram.com/rpauls2/; https://www.facebook.com/ryan.shoughii
paul-schiller,PAUL SCHILLER ,0,1,0,Welterweight,73in / 185cm,1.8034,THE SLAYER,,United States of America,https://www.instagram.com/SLAYERSCHILLER
paul-teague,Paul Teague,0,3,0,Welterweight,74 in/188 cm,72,,01/1989,United States of America,
paul-venis,PAUL VENIS,1,0,0,Heavyweight,70in / 178cm,1.778,THE MENACE,05/1986,United Kingdom,https://www.instagram.com/paulvenisofficial22/
paul-walters,Paul Walters,0,2,0,Lightweight,,,,,United States of America,
paulie-malignaggi,Paulie Malignaggi,0,1,0,,71,1.73,Magic Man,11/1980,,
paulo-games,PAULO GAMES,2,1,0,Welterweight,72in / 183cm,1.8034,ZE DOIDO,07/1987,Brazil,https://www.instagram.com/paulomgamesbkfc_fighter/
pearl-gonzalez,Pearl Gonzalez,1,1,0,Women Flyweight,65in / 165.1cm,64,,08/1986,United States of America,https://www.instagram.com/pearlgonzalez/
pernell-stevens,Pernell Stevens,0,0,0,Light Heavyweight,,1.73,,,United States of America,https://www.facebook.com/pernell.stevens.1
petar-razov,PETAR RAZOV,0,0,0,Welterweight,,1.85,,12/1998,,https://www.instagram.com/petar_r4/
pete-petties,Pete Petties,0,1,0,Lightweight,71in / 180cm,70,The Joker,12/1990,United States of America,https://www.instagram.com/whysoseriousmma/; https://www.facebook.com/peter.petties
peter-barrett,PETER BARRETT,2,0,0,Lightweight,75in / 185cm,1.778,SLIPPERY PETE,08/1986,United States of America,https://www.instagram.com/SLIPPERY_PETE145
peter-hayes,Peter Hayes,1,1,0,Light Heavyweight,,71,,,,
peter-peraza,PETER PERAZA,4,1,0,Welterweight,67in / 170cm,67,D2G,06/1990,United States of America,https://www.instagram.com/DIRT_2_GOLD
petr-beranek,PETR BERANEK,2,2,0,Cruiserweight,74in / 188cm,1.87,BERY,08/1989,Czech Republic,https://www.instagram.com/beryjkg/
phatiphan-tiger-krungklang,Phatiphan 'Tiger' Krungklang,0,1,0,Lightweight,,66,Tiger,10/1997,Thailand,
phil-caracappa,PHIL CARACAPPA,1,1,0,Bantamweight,70in / 178cm,68,HITMAN,06/1992,United States of America,https://www.instagram.com/phillycara/
phil-ramer,Phil Ramer,0,1,0,Featherweight,,1.8,,,United States of America,
pic-jardine,PIC JARDINE,2,0,0,Middleweight,70in / 178cm,1.778,THE MAULER,05/1991,United Kingdom,https://www.instagram.com/picjardine
pipat-mike-chaiporn,Pipat 'Mike' Chaiporn,0,2,0,,,62,Mike,,Thailand,
po-denman,PO DENMAN,3,0,0,Women Flyweight,"67""",1.6764,,,Thailand,
pongpisan-ton-chunyong,Pongpisan 'Ton' Chunyong,3,1,0,Featherweight,"68""",68,Ton,10/1986,Thailand,https://www.facebook.com/profile.php?id=100024521610146
pono-enos,PONO ENOS,0,1,0,Lightweight,,,,,,
poorya-mokhtari,Poorya Mokhtari,0,1,0,Featherweight,,,Kratos,05/1997,Iran,
pouriya-rokhneh,Pouriya Rokhneh,1,0,0,Cruiserweight,"73""",1.8542,,,Iran,
pov-chor,Pov Chor,1,0,0,Bantamweight,,,,02/1994,Cambodia,
quartus-stitt,Quartus Stitt,0,3,0,Middleweight,,1.82,Cool Breeze,04/1986,United States of America,https://www.facebook.com/quartus.stitt
quentin-gaskins,QUENTIN GASKINS,3,1,0,Bantamweight,68.5in / 174cm,67,QG,09/1989,United States of America,https://www.instagram.com/quentin_qg_gaskins/
quentin-henry,QUENTIN HENRY,6,2,0,Cruiserweight,75 in / 190.5 cm,73,THE HERO,,United States of America,https://www.instagram.com/herohenry/
rachel-ostovich,Rachel Ostovich,1,0,0,Women Flyweight,61.5 in/156 cm,63,,02/1991,United States of America,
radek-stadler,RADEK STADLER,0,1,0,Featherweight,73in / 185cm,1.8034,MAHUSVI,08/1999,Czech Republic,https://www.instagram.com/radek.stadler.1/
rafael-witkowski,RAFAEL WITKOWSKI,0,1,0,Heavyweight,,1.905,,,United Kingdom,https://www.instagram.com/rafix_1991
rafal-pawlowski,RAFAL PAWLOWSKI,0,0,0,Bantamweight,71in / 180cm,1.8034,MIGHTY PIGEON,05/1995,United Kingdom,
ramadan-nooman,RAMADAN NOOMAN,0,1,0,Welterweight,67in / 170cm,1.7,,04/1991,Egypt,https://www.instagram.com/ramadan_nooman/
ramal-amanov,Ramal Amanov,0,1,0,Middleweight,68in / 173cm,68,,09/1984,Azerbaijan,
rambo,RAMBO,4,1,0,Men Flyweight,71in / 180cm,65,RAMBO,01/1994,United States of America,https://www.instagram.com/rambo_laflair60s/
ramiro-figueroa,RAMIRO FIGUEROA,5,1,0,Welterweight,75in / 191cm,1.8034,,05/2002,United States of America,https://www.instagram.com/ramirof_2001/
randine-eckholm,Randine Eckholm,0,4,0,Women Flyweight,71in / 180cm,17.3,,,United States of America,
randy-costa,RANDY COSTA,1,0,0,Featherweight,73in / 185cm,1.7272,THE ZOHAN,07/1994,United States of America,https://www.instagram.com/randy_costa
randy-hedderick,Randy Hedderick,0,2,0,Lightweight,,1.75,,08/1981,,
randy-kamaiopili-jr,RANDY KAMAIOPILI JR,1,0,0,Middleweight,68in / 173cm,1.6764,,04/1990,United States of America,
randy-yellowhair,RANDY YELLOWHAIR,0,0,0,Lightweight,,,,,,
ras-hylton,RAS HYLTON,1,0,0,Heavyweight,73n / 185cm,1.9812,RASQUATCH THE JAMAICAN SHAMROCK,02/1988,United States of America,
rashad-coulter,ORLANDO COULTER,2,2,0,Heavyweight,76in / 193cm,1.8288,DAYWALKER,11/1981,,https://www.instagram.com/RASHAD_COULTER_SPEAKS
ravon-baxter,Ravon Baxter,1,1,0,Light Heavyweight,,73,Big Shot,03/1996,United States of America,https://www.facebook.com/RavonIBALLBaxter/
ray-lopez,Ray Lopez,0,1,0,Bantamweight,,66,,,,
ray-pell,RAY PELL,1,2,0,Lightweight,70in / 178cm,70,HONKEYKONG,08/1992,United States of America,https://www.instagram.com/honkeykong92/
ray-putterill,RAY PUTTERILL,1,1,0,Lightweight,69in / 175cm,1.7272,RAZOR,04/1989,United Kingdom,
raymond-locker,Raymond Locker,0,2,0,Bantamweight,,0,The Bluegrass Kid,,United States of America,
rayne-wells,RAYNE WELLS,0,3,0,Lightweight,71in / 180cm,1.8034,THE GUY ON THE COUCH,07/1982,United States of America,https://www.instagram.com/toughguytuesday/
reggie-barnett-jr,REGGIE BARNETT JR,9,3,0,Bantamweight,,66,EDUCATED HANDS,07/1986,United States of America,https://www.instagram.com/martibarnes33/
reggie-pena,Reggie Pena,0,1,0,,74,1.83,The Regulator,04/1983,,
rene-white-boy-rodriguez,Rene 'White Boy' Rodriguez,4,4,0,Welterweight,72 in / 183cm,71,White Boy,07/1982,United States of America,
reuben-roundstone,REUBEN ROUNDSTONE,0,2,0,Heavyweight,78in / 198cm,1.8796,BAM,03/1995,United States of America,https://www.facebook.com/reuben.roundstone.7/
reza-ahmadzezhad,Reza Ahmadzezhad,1,0,0,,,71,,,Thailand,
reza-goodary,Reza Goodary,0,1,0,Light Heavyweight,83.5,76,,12/1988,Iran,https://www.instagram.com/rezagoodary/; https://www.facebook.com/RezaGoodary
ricardo-talavera-jr,RICARDO TALAVERA JR,0,0,0,Bantamweight,,,,,,
ricco-rodriguez,Ricco Rodriguez,1,0,0,Heavyweight,,1.94,Suave,08/1977,United States of America,
rich-the-cure-carsten,Rich 'The Cure' Carsten,0,1,0,Light Heavyweight,69.0 in / 175cm,71,The Cure,04/1982,United States of America,https://www.instagram.com/carstenrichard/?hl=en
richard-brooks,RICHARD BROOKS,0,2,0,Lightweight,69in / 175cm,1.7526,BIG BAD WOLF,04/1998,United States of America,https://www.instagram.com/charismaticrich/
richard-montano,Richard Montano,0,1,0,Cruiserweight,,68,,,United States of America,
rick-caruso,RICK CARUSO,2,5,0,Featherweight,71in / 180cm,72,SLICK,03/1988,United States of America,https://www.instagram.com/slickrickmma/
rick-hawn,RICK HAWN,1,1,0,Welterweight,70in / 178cm,69,GHENGIS,09/1976,United States of America,https://www.instagram.com/genghis_hawn1/?hl=en; https://www.facebook.com/pages/Rick-Hawn/138291469556769
rickie-mcconnicio,RICKIE McCONNICO,0,1,0,Middleweight,75in / 191cm,1.8542,CRIMSON KING,06/1997,United States of America,https://www.instagram.com/RICKIE_MCCONNICO_
ricky-nelder,RICKY NELDER,6,5,0,Cruiserweight,60in / 152cm,1.8034,THE BIRMINGHAM BULL,03/1985,United Kingdom,
rico-disciullo,RICO DISCIULLO,4,0,0,Lightweight,70in / 178cm,68,,10/1986,United States of America,https://www.instagram.com/ricodisciullo/
rico-franco,RICO FRANCO,10,3,0,Welterweight,"69""",68,BON BON,10/1992,United Kingdom,https://www.instagram.com/RICOFRANCOBKB
riley-pellegrino,RILEY PELLEGRINO,0,1,0,Middleweight,68in / 173cm,1.7526,,09/1992,United States of America,https://www.instagram.com/RYDAWGMMA
ritchie-faoso,RITCHIE FA'OSO,0,1,0,Heavyweight,76in / 193m,1.8288,FUSS,05/1984,Australia,
rob-boardman,ROB BOARDMAN,6,1,0,Cruiserweight,77in / 190cm,1.778,THE GREAT WHITE,04/1988,United Kingdom,https://www.instagram.com/robboardmanbkfc/
rob-cunningham,ROB CUNNINGHAM,2,5,0,Heavyweight,"78""",1.9304,,05/1990,United Kingdom,https://www.instagram.com/robcunni
rob-fuller,Rob Fuller,1,3,0,Bantamweight,67in / 170cm,67,The One-Percenter,07/1980,United States of America,
robbie-brown,ROBBIE BROWN,3,4,0,Featherweight,67in / 170cm,1.6764,,03/1995,United Kingdom,https://www.instagram.com/robbiebrown95/
robbie-kennedy,Robbie Kennedy,1,1,0,Light Heavyweight,"80""",1.95,TNT,,United Kingdom,
robbie-peralta,ROBBIE PERALTA,4,2,0,Lightweight,69in / 175cm,67,PROBLEMS,03/1986,United States of America,https://www.instagram.com/problemsmma760/; https://www.facebook.com/robbie.peralta/?show_switched_toast=0&show_invite_to_follow=0&show_switched_tooltip=0&show_podcast_settings=0&show_community_transition=0
robert-armas,ROBERT ARMAS,5,5,0,Featherweight,67in / 170cm,64,EL GALLO NEGRO,09/1988,United States of America,https://www.instagram.com/ROBMANN88
robert-barry,Robert Barry,0,0,0,Welterweight,,,,,,
robert-desharnais,ROBERT DESHARNAIS,2,0,0,Featherweight,73in / 185cm,1.8288,THE SLIM REAPER,05/1995,Canada,https://www.instagram.com/robert.desharnais/
robert-madrid,Robert Madrid,0,1,0,Bantamweight,,65,,01/1984,United States of America,https://www.facebook.com/robert.madrid.98
robert-morrow,Robert Morrow,1,2,0,Heavyweight,77in / 195.58,1.91,The Destroyer,09/1985,United States of America,
robert-washington,Robert Washington,2,1,0,Middleweight,,71,,07/1984,United States of America,
roberto-bomb-first-guzman,Roberto 'Bomb First' Guzman,0,1,0,Cruiserweight,,69,Bomb First,,United States of America,
roberto-sinko,ROBERTO SINKO,1,0,0,Lightweight,66in / 168cm,1.651,,06/1988,Mexico,https://www.instagram.com/roberto_sinko/
robinson-perez,ROBINSON PEREZ,0,0,0,Heavyweight,72in / 183cm,1.8034,WOLF,12/1992,United States of America,https://www.instagram.com/_mr.wolf54/
rocky-long,Rocky Long,0,2,0,Middleweight,,68,,,United States of America,
roderick-stewart,RODERICK STEWART,2,3,0,Middleweight,79in / 201cm,73,ICE WATER,05/1994,United States of America,https://www.instagram.com/ICEWATERRICO
rodney-hinton,RODNEY HINTON,2,0,0,Welterweight,77in / 196cm,71,THE ANIMAL,08/1997,United States of America,https://www.instagram.com/RODNEYTHEANIMAL
rodney-thomas,RODNEY THOMAS,1,3,0,Light Heavyweight,72in / 183cm,1.7526,,09/1986,United States of America,https://www.instagram.com/RODNEYTHOMASBKFC
rodolfo-rubio,RODOLFO RUBIO,1,0,0,Bantamweight,66in / 168cm,1.651,FITO,01/1987,Mexico,https://www.instagram.com/rodolfofitorubio/; https://www.facebook.com/RodolfoFitoRubio/
rohan-prado,ROHAN PRADO,1,0,0,Lightweight,73in / 185cm,71,HEADLINE RO,01/1997,United States of America,
rolando-gabriel-dy,Rolando Gabriel Dy,3,1,0,Featherweight,,,,,Philippines,
romain-courier,ROMAIN COURIER,0,0,0,Featherweight,,,,,,
roman-cordova,RÓMAN CÓRDOVA,0,1,0,Featherweight,64in / 163cm,1.7272,GALLO NEGRO,09/1992,Venezuela,https://www.instagram.com/KALVIN.ROMAN
rome-lindsay,Rome Lindsay,3,1,0,,,1.8,,12/1984,United States of America,
ronnie-forney,Ronnie Forney,0,1,0,Cruiserweight,,1.8,Reckless,11/1993,,
ronnie-glass,Ronnie Glass,0,1,0,Light Heavyweight,,1.72,The Unbreakable,,United States of America,
ronnie-rogers,Ronnie Rogers,1,1,0,Lightweight,66in / 167.64cm,68,Bam Bam,,United States of America,
ronny-hauser,RONNY HAUSER,1,0,0,Bantamweight,62in / 157cm,1.6764,,10/1993,United States of America,https://www.instagram.com/RONNYHAUSERJR
rosalinda-rodriguez,ROSALINDA RODRIGUEZ,3,1,0,Women Flyweight,64.5in / 164cm,1.61,VENOM,11/1986,United States of America,https://www.instagram.com/the_real_venom_rodriguez/
rosen-dimitrov,Rosen Dimitrov,1,0,0,Middleweight,175 cm,1.76,,05/1982,Bulgaria,https://www.instagram.com/georgi.valentinov_official/?hl=en
rowan-gregory,ROWAN GREGORY,0,2,0,Heavyweight,71in / 180cm,1.778,THE MANBABY,02/2002,United Kingdom,https://www.instagram.com/Bkbrowangregorymanbaby
rowdy-akers,Rowdy Akers,0,1,0,Lightweight,68.5in/173.99cm,1.75,,11/1974,United States of America,
royal-ryan-reber,'ROYAL' RYAN REBER,8,2,0,Bantamweight,70 in / 178cm,69,ROYAL,08/1987,United States of America,https://www.instagram.com/royalreber/
ruben-arroyo,RUBEN ARROYO,0,4,0,Lightweight,69.5in / 177cm,1.7018,THE BEAST,12/1987,United States of America,https://www.instagram.com/thebeast_bkfc/
ruben-warr,RUBEN WARR,2,2,0,Lightweight,69in / 175cm,1.7272,BADBOY,03/1989,United States of America,https://www.instagram.com/badboywarr_bkfc/
rudo-tovar,RUDO TOVAR,0,2,0,Middleweight,73in / 185cm,1.7526,EL RUDO,04/1991,Mexico,https://www.instagram.com/rudotovar/
rudy-levocz,RUDY LEVOCZ,0,0,0,Light Heavyweight,75in / 191cm,1.905,BLACK WIDOW,03/1988,United States of America,
ruel-panales,RUEL PANALES,0,0,0,Bantamweight,,,,,,
rung-arun-khunchai,Rung-Arun Khunchai,0,1,0,Men Flyweight,,,,,Thailand,
ruslan-tokhtarov,RUSLAN TOKHTAROV,1,1,0,Lightweight,66in / 168cm,1.6764,STROM,05/1993,Austria,https://www.instagram.com/STROM66_
rusty-crowder,Rusty Crowder,4,6,0,Featherweight,67in/170cm,69,,,United States of America,
ryan-are-you-ready-roberts,RYAN 'ARE YOU READY' ROBERTS,1,1,0,Middleweight,67in / 170cm,66,ARE YOU READY,07/1978,United States of America,https://www.instagram.com/RKR1978
ryan-aston,RYAN ASTON,0,1,0,Welterweight,,1.8034,,,United Kingdom,https://www.instagram.com/ryanastonboxing/
ryan-barratt,RYAN BARRATT,0,0,0,Cruiserweight,,,,,,
ryan-barrett,RYAN BARRETT,0,0,0,Cruiserweight,,,,,,
ryan-benoit,Ryan Benoit,0,1,0,Men Flyweight,68.5in / 174cm,1.65,Baby Face,08/1989,United States of America,https://www.instagram.com/babyfacebenoit/; https://www.facebook.com/ryan.benoit.505
ryan-braun,RYAN BRAUN,3,0,0,Cruiserweight,73.5in / 186cm,71,BATTLE READY,05/1983,United States of America,https://www.instagram.com/RBRAUN185
ryan-carmichael,RYAN CARMICHAEL,1,1,0,Lightweight,72in / 183cm,1.778,,07/1993,United Kingdom,https://www.instagram.com/ryan_carmichael1/
ryan-carroll,Ryan Carroll,0,2,0,Bantamweight,,68,,09/1980,United States of America,
ryan-harris,Ryan Harris,0,1,0,Middleweight,,,,,,
ryan-ibsen,RYAN IBSEN,1,1,0,Featherweight,77in / 195cm,1.905,THE ELECTRIC CITY STRANGLER,05/1995,United States of America,
ryan-jones,Ryan Jones,2,2,0,Light Heavyweight,,71,,05/1987,United States of America,
ryan-mccarthy,RYAN McCARTHY,1,2,0,Lightweight,74in / 188cm,1.7526,IRON,10/1988,United Kingdom,https://www.instagram.com/Rymac088
ryan-petersen,RYAN PETERSEN,2,2,0,Welterweight,71.5in / 181cm,1.7526,RYU,07/1985,United States of America,https://www.instagram.com/RYUPETERSEN
ryan-sanson,RYAN SANSON,1,0,0,Welterweight,74in / 188cm,1.8542,,05/1988,United Kingdom,https://www.instagram.com/r.san22
ryan-winnett,RYAN WINNETT,1,0,0,Lightweight,72in / 183cm,1.8034,,09/1993,Australia,
rynell-riley,Rynell Riley,2,2,0,Welterweight,,70,,,,
sabah-homasi,SABAH HOMASI,1,2,0,Middleweight,72in / 183cm,1.8288,SLEEK SHEIK,10/1988,United States of America,https://www.instagram.com/sabah_thesleeksheik/
sabri-ben-henia,SABRI BEN HENIA,0,1,0,Welterweight,74in / 188cm,1.8542,SCARFACE,,,
sadudee-srimueang,Sadudee Srimueang,2,0,0,Lightweight,,68,,10/1993,Thailand,https://www.instagram.com/p/CaG7qH5vZGn; https://www.facebook.com/profile.php?id=100045470085404
saenchai,Saenchai,0,1,0,Lightweight,,,,,Thailand,
saensuk-venum,Saensuk Venum,0,0,0,,,,,,,
sahin-omer,SAHIN OMER,0,1,0,Lightweight,68in / 173cm,1.778,THE OMEN,05/1989,United Kingdom,https://www.instagram.com/806_sahin
sakis-zampelos,SAKIS ZAMPELOS,0,1,0,Light Heavyweight,,1.81,,10/1993,Greece,https://www.instagram.com/sakis_zampelos/
sam-polk,SAM POLK,2,0,0,Cruiserweight,80in / 203cm,1.8796,BLUNT FORCE TRAUMA,09/1981,United States of America,https://www.instagram.com/bftcombatsports/
sam-shewmaker,SAM SHEWMAKER,5,4,0,Heavyweight,76 in / 193cm,75,HILLBILLY HAMMER,06/1984,United States of America,https://www.instagram.com/sam_hillbillyhammer_shewmaker/; https://www.facebook.com/TheOzarkMountainFighter/
sam-watford,SAM WATFORD,0,1,0,Middleweight,76in / 193cm,1.8034,SUPER SANE,01/1991,United States of America,https://www.instagram.com/SAMSUPERSAIYAN
sam-williams,SAM WILLIAMS,0,0,0,Heavyweight,,,,,,
samuel-romero,SAMUEL ROMERO,0,0,0,Middleweight,,,,,,https://www.instagram.com/samromeromma/
samuel-samples,SAMUEL SAMPLES,2,4,0,Bantamweight,67in / 171cm,68,ACE OF SPADES,03/1990,United States of America,https://www.instagram.com/ace0spadezz/
sandra-rees,SANDRA REES,0,0,0,Women Flyweight,,,,,,
saowaluk-nareepansri,Saowaluk Nareepansri,1,0,0,,,61,,,Thailand,
sara-bitto,SARA BITTO,1,1,0,Women Bantamweight,70in / 178cm,1.778,THE PROBLEM,12/1992,Italy,https://www.instagram.com/sara_theproblem_bitto/
sarah-click,SARAH CLICK,0,4,0,Strawweight,67in / 170cm,1.6256,MOCHA MADNESS,08/1991,United States of America,https://www.instagram.com/mocha_maddness/; https://www.facebook.com/sarahmma
sarah-shell,SARAH SHELL,3,0,0,Women Flyweight,66in / 168cm,1.7018,TNT,12/1987,United States of America,https://www.instagram.com/DR_SARAHSHELL
sarry-pierre,SARRY PIERRE,0,0,0,Heavyweight,,,,,,
sarun-srioumboo,Sarun Srioumboo,2,1,0,Featherweight,"72""",71,,,Thailand,
saw-htoo-aung,Saw Htoo Aung,0,1,0,Featherweight,,,,02/1999,Myanmar,
sawyer-depee,SAWYER DEPEE,5,3,0,Light Heavyweight,75in / 191cm,72,,12/1993,United States of America,https://www.instagram.com/sawyer_depee/
scott-lampert,SCOTT LAMPERT,0,1,0,Welterweight,69in / 175cm,68,BOMBS,11/1984,United States of America,https://www.instagram.com/scotty_bombs_lampert/
scott-oshaughnessy,Scott O'Shaughnessy,2,2,0,Light Heavyweight,70 in / 177.8cm,70,The Irish Spartan,,United States of America,https://www.facebook.com/scoshaughnessy
scott-roberts,SCOTT ROBERTS,1,1,0,Cruiserweight,75in / 191cm,1.8288,THE MAD POET,04/1989,United States of America,https://www.instagram.com/scott.tmp.roberts/
sean-hotusing,SEAN HOTUSING,0,3,0,Welterweight,73in / 185cm,72,BAM BAM,12/1988,United States of America,https://www.instagram.com/bam_bambrand/
sean-p-town-wilson,SEAN 'P-TOWN' WILSON,5,3,0,Middleweight,67in / 170cm,68,P-TOWN,10/1982,United States of America,https://www.instagram.com/ptown402/
sean-schultz,SEAN SCHULTZ,0,1,0,Heavyweight,74in / 88cm,1.8034,LAYKO,04/1998,United States of America,
sean-weir,SEAN WEIR,3,0,0,Light Heavyweight,76in / 193cm,1.905,THE BUTCHER,09/1991,United Kingdom,
sebastian-temesi,SEBASTIAN TEMESI,1,0,0,Light Heavyweight,72in / 183m,1.8288,,04/1990,Australia,https://www.instagram.com/SEBASTIAN_TEMESI
sedric-johnson,Sedric Johnson,1,0,0,Middleweight,80in/203.2cm,1.85,,09/1984,United States of America,https://www.facebook.com/themanovsteele
sergio-herrea,Sergio Herrea,1,0,0,,,,,,Mexico,
sergio-lopez,SERGIO LOPEZ,1,1,0,Welterweight,69in / 175cm,1.778,THE SAVAGE,07/1979,United States of America,https://www.instagram.com/SAVLOPEZ79
sergio-perez-jimenez,SERGIO PEREZ JIMENEZ,0,0,0,Middleweight,69in / 175cm,1.6764,CACHORRO,05/1994,Mexico,https://www.instagram.com/sergioperez.cachorro/
seth-shaffer,Seth Shaffer,3,1,0,Featherweight,,1.75,,03/1993,United States of America,
shah-zolfaghari,Shah Zolfaghari,0,0,0,Cruiserweight,,1.83,Shah,01/1992,United States of America,https://www.instagram.com/shahzolfaghari/; https://www.facebook.com/shahryar.zolfaghari.7
shaine-moffitt,Shaine Moffitt,0,1,0,Lightweight,,1.78,Skeletor,,United States of America,https://www.facebook.com/shaine.moffitt
shamil-dzhakhbarov,SHAMIL DZHAKHBAROV,0,1,0,Featherweight,67in / 170cm,1.6002,THE HUNTER,,Russia,https://www.instagram.com/DZHAKHBAROV_57
shane-fichter,SHANE FICHTER,1,0,0,Light Heavyweight,72in / 183cm,1.8288,HAVOC,05/1985,United States of America,https://www.instagram.com/SHANEHAVOCMINDSET
shane-jordan,SHANE JORDAN,0,0,0,Bantamweight,,,,,United States of America,https://www.instagram.com/suga_shanesweetness/
shane-stapp,Shane Stapp,0,1,0,Middleweight,,,,,United States of America,
shannon-ritch,Shannon Ritch,1,1,0,Heavyweight,,1.76,The Cannon,09/1970,United States of America,
shaun-kissane,SHAUN KISSANE,0,1,0,Welterweight,,,,,United Kingdom,
shawn-brooks,SHAWN BROOKS,1,0,0,Middleweight,76in / 193cm,1.778,THE MIDKNIGHTEXPRESS,10/1992,United States of America,https://www.instagram.com/shawndjb/; https://www.facebook.com/shawn.t.brooks
shawn-moffett,Shawn Moffett,1,2,0,Lightweight,,71,,,United States of America,
shawn-west,Shawn West,0,1,0,Lightweight,71,,The Exception,07/1989,United States of America,
sheena-brandenburg,Sheena Brandenburg,1,3,0,Women Flyweight,,1.66,Puma Starr,06/1983,United States of America,https://www.instagram.com/puma_starr/
shelby-cannon,SHELBY CANNON,2,1,0,Strawweight,62in / 157cm,1.5748,BOOM BOOM,03/1991,United States of America,https://www.instagram.com/SHELBAEBAY
shiro-hitto,SHIRO HITTO,0,1,0,Middleweight,70in / 173cm,1.7526,,02/1988,United States of America,
shyanna-bintliff,SHYANNA BINTLIFF,1,1,0,Women Featherweight,69in / 175cm,1.7272,,10/1996,,
simeon-crawford,SIMEON CRAWFORD,0,1,0,Cruiserweight,,,,,,
simeon-ottley,SIMEON OTTLEY,3,1,0,Middleweight,70in / 178cm,1.7272,MR. MIYAGI,09/1990,United Kingdom,https://www.instagram.com/Mrmyagi_i_pt
sineadh-ni-nuallain,SINÉADH NÍ NUALLÁIN,1,0,0,Women Flyweight,63in / 160cm,1.5494,THE GRENADE,03/2002,United Kingdom,
sinthruram-petchaan,Sinthruram Petchaan,0,0,0,Bantamweight,,,,,Thailand,
sirimongkhon-ohh-lamthuan,Sirimongkhon 'Ohh' Lamthuan,2,0,0,Cruiserweight,,66,Ohh,02/1979,Thailand,
sky-moiseichik,Sky Moiseichik,0,0,0,,,1.75,El Chivo Loco,07/1978,United States of America,
skyler-mauler,SKYLER MAULLER,1,3,0,Middleweight,74in / 188cm,1.7272,THE PHOENIX,07/2000,United States of America,https://www.instagram.com/skylermauller
sohanne-bengana,Sohanne Bengana,0,1,0,Featherweight,,,The Artist,03/1988,Algeria,https://www.instagram.com/sohanne.theartist/
solon-staley,Solon Staley,1,0,0,,,1.65,Solo,12/1983,United States of America,https://www.facebook.com/SOLONSTALEY
somchai-ainthida,Somchai Ainthida,1,0,0,Bantamweight,,,,,Thailand,
somiong-war-luktupfah,Somiong 'War' Luktupfah,1,0,0,,,63,War,,Myanmar,
sonny-smith,SONNY SMITH,2,2,0,Welterweight,72in / 183cm,1.8034,SAVAGE,03/1988,United Kingdom,https://www.instagram.com/sixsightco/
sophia-hayes,SOPHIA HAYES,0,1,0,Women Bantamweight,67in / 170cm,1.6764,,09/2005,United States of America,https://www.instagram.com/sophia.hayesmma
sophong-satho,Sophong Satho,0,1,0,Middleweight,,,,,Thailand,
sornchai-seng-maseng,Sornchai Seng Maseng,2,2,0,Lightweight,"69""",1.7018,,04/1997,Thailand,https://www.facebook.com/profile.php?id=100010074521626
souris-manfredi,Souris Manfredi,1,2,0,Strawweight,,65,,05/1988,France,https://instagram.com/souris_manfredi_; https://www.facebook.com/manfrediatpoivron.org/
spencer-meehan,SPENCER MEEHAN,1,0,0,Welterweight,71in / 180cm,1.8034,SECOND CHANCE,01/1993,United States of America,https://www.instagram.com/smeehan1313/
spencer-ruggeri,Spencer Ruggeri,0,2,0,Bantamweight,69.5in / 176.53cm,66,,,United States of America,
squire-redfern,SQUIRE REDFERN,1,0,0,Lightweight,73in / 185.5cm,1.8034,KUPA KING,07/1991,United States of America,https://www.instagram.com/kupa_king/
stan-surmacz,STAN SURMACZ,1,0,0,Heavyweight,77in / 190cm,1.9304,SILVERBACK,03/1990,Canada,https://www.instagram.com/silverback_surmacz/
stanislav-grosu,STANISLAV GROSU,4,3,0,Middleweight,76in / 193cm,74,,10/1992,Moldova,https://www.instagram.com/grosustanislav/; https://www.facebook.com/stanislav.grosu.1
stanoy-tabakov,STANOY TABAKOV,1,2,0,Cruiserweight,72in / 183cm,1.84,THE COBRA,12/1981,Bulgaria,https://www.instagram.com/stanoytabakovmma/
stefan-dobrijevic,STEFAN DOBRIJEVIC,1,0,0,Middleweight,,1.85,,10/2005,,https://www.instagram.com/dobrijevicc_s/
stephen-stengel,STEPHEN STENGEL,0,1,0,Light Heavyweight,,1.8542,,,United States of America,
stephen-tomahawk-townsel,STEPHEN 'TOMAHAWK' TOWNSEL,6,4,0,Cruiserweight,73.5in / 186cm,74,TOMAHAWK,03/1980,United States of America,https://www.instagram.com/stevetomahawktownsel/; https://www.facebook.com/stephen.townsel.1
stephon-reese,Stephon Reese,0,3,0,Cruiserweight,92.98,1.73,Slugga,01/1991,United States of America,
sterling-lenz,Sterling Lenz,0,1,0,Lightweight,,1.68,Iron Roghneck,06/1986,United States of America,
steve-banks,STEVE BANKS,4,3,0,Heavyweight,80in / 203cm,1.9558,PANDA,03/1981,United States of America,https://www.instagram.com/pandabanks/?hl=en; https://m.facebook.com/PandaMuayThai/
steve-herelius,STEVE HERELIUS,1,2,0,Heavyweight,81in / 205.74cm,73,,,,
steve-pasche,STEVE PASCHE,2,2,0,Heavyweight,72in / 183cm,1.83,VENOM,01/1988,France,https://www.instagram.com/steve_venom_/
steven-sainsbury,STEVEN SAINSBURY,1,0,0,Middleweight,81in / 206cm,1.9304,SAVAGE,04/1992,United States of America,https://www.instagram.com/esteban___sainsbury/
stevie-devenport,STEVIE DEVENPORT,0,0,0,Lightweight,,,,,,
stevie-taylor,STEVIE TAYLOR,1,1,0,Cruiserweight,80in / 203cm,1.8796,,05/1987,United Kingdom,https://www.instagram.com/Stevietaylor666
stevo-morris,STEVO MORRIS,2,3,0,Featherweight,,1.78,THE BLESSED,06/1995,United States of America,
stew-martin,STEW MARTIN ,1,0,0,Lightweight,68in / 173cm,1.7526,TANK,09/1985,United Kingdom,https://www.instagram.com/Stewmartinboxer
street-fight-mike-vetrila,Street Fight' Mike Vetrila,3,1,0,Light Heavyweight,"72""",74,Street Fight,08/1991,Russia,https://instagram.com/mikevetrila; https://www.facebook.com/mikevetrila
suban-malopho,Suban Malopho,0,1,0,Bantamweight,,,,,Thailand,
sudan-sitpholek-kulubon,Sudan 'Sitpholek' Kulubon,0,1,0,Featherweight,,69,Sitpholek,07/1999,Thailand,https://www.facebook.com/dek.indys.5
surachat-srirod,Surachat Srirod,0,1,0,,,61,,,Thailand,
surasak-sukkhamcha,Surasak Sukkhamcha,2,0,0,,,71,,,Thailand,
sydney-smith,SYDNEY SMITH,1,3,0,Strawweight,69in / 175cm,68,SUNDANCE,12/1991,United States of America,https://www.instagram.com/sundancemma/
tai-emery,TAI EMERY,2,2,0,Women Flyweight,64in / 163cm,1.5748,,01/1987,Australia,https://www.instagram.com/TAI_EMERY
taryn-turner,Taryn Turner,0,0,0,Bantamweight,,,,,,
tatsuki-shinotsuka,TATSUKI SHINOTSUKA,0,0,0,Men Flyweight,,,,,,
taylor-bull,TAYLOR BULL,4,1,0,Light Heavyweight,79in / 200cm,1.9558,THE RAGIN',09/1986,Canada,https://www.instagram.com/bull.taylor
taylor-dagner,TAYLOR DAGNER,0,0,0,Women Flyweight,68in / 173cm,1.7526,RUTHLESS,11/1999,United States of America,https://www.instagram.com/taydagnerbkfc
taylor-starling,TAYLOR STARLING,5,4,0,Women Flyweight,67in / 170cm,67,KILLA BEE,02/1996,United States of America,https://www.instagram.com/taywstarling/
tba,TBA,0,0,0,,,,,,,
tee-cummins,Tee Cummins,2,0,0,Cruiserweight,72in / 183cm,1.83,,08/1992,United States of America,
tee-jay-chang,Tee Jay Chang,1,3,0,Lightweight,"70""",70,Tee Jay Chang,08/1988,United Kingdom,
teerawat-wongaon,Teerawat Wongaon,0,1,0,Featherweight,"73""",1.778,,,Thailand,
terri-diamond,TERRI DIAMOND,1,0,0,Women Featherweight,66in / 168cm,1.651,THE DIAMOND,06/1984,United Kingdom,https://www.instagram.com/Tezdiamond
terry-braizer,Terry Braizer,0,1,0,Light Heavyweight,76.0in / 193cm,1.83,The Dominator,10/1986,United Kingdom,https://www.instagram.com/tbchampchamp/
terry-janoski,Terry Janoski,1,1,0,Light Heavyweight,72.5 in / 181.61cm,70,,07/1990,United States of America,
terry-needham,Terry Needham,1,0,0,Featherweight,,,,,,
terry-williams,TERRY WILLIAMS,1,0,0,Heavyweight,82in / 208cm,1.8796,NEPH,08/1991,United States of America,https://www.instagram.com/nephew_dagreat
terryl-johnson,TERRYL JOHNSON,0,1,0,Light Heavyweight,73in / 185cm,1.8034,TAJ MAHAL,03/1982,United States of America,https://www.instagram.com/tajworldent
tetee-denman,TeTee Denman,2,1,0,Featherweight,,,,04/1999,Thailand,
tha-pyay-nyo,Tha Pyay Nyo,0,0,0,Featherweight,"69""",1.651,,,Myanmar,
thai-tetley,THAI TETLEY,0,1,0,Heavyweight,,1.8288,,,,
thearith-ouch,Thearith Ouch,1,0,0,Bantamweight,,,The Fox,09/1997,Cambodia,
theo-doukas,THEO DOUKAS,0,0,0,Heavyweight,72in / 183cm,1.778,,,,
theron-martin,Theron Martin,0,0,0,,,,,,,
thiago-pitbull-alves,Thiago 'Pitbull' Alves,2,1,0,Middleweight,70 in / 178 cm,70,Pitbull,10/1983,Brazil,https://www.instagram.com/thiagoalvesatt
thodsaphon-konkom-wannahat,Thodsaphon 'Konkom' Wannahat,0,1,0,Men Flyweight,,63,Konkom,07/1989,Thailand,
thoedsak-sinam,Thoedsak Sinam,0,1,0,,,68,,,Thailand,
thomas-angeloff,THOMAS ANGELOFF,1,0,0,Light Heavyweight,75 in / 190cm,1.905,THE SPIDER MONKEY,02/1983,,https://www.instagram.com/TRANGELOFFJR
thomas-jungle,THOMAS JUNGLES,0,1,0,Lightweight,,1.778,SHOW TIME,,,
tim-hester,Tim Hester,1,1,0,Welterweight,,,,11/1994,United States of America,
tim-tamaki,TIM TAMAKI,0,1,0,Lightweight,69in / 175cm,1.7272,,,,
timmy-mason,TIMMY MASON,3,4,0,Lightweight,69in / 175cm,70,TIMMY TIME,08/1993,United States of America,https://www.instagram.com/timmy_time406/
tj-benson,TJ Benson,0,3,0,Lightweight,,69,TJ,,United States of America,https://www.instagram.com/badboybenson/
toby-bindon,TOBY BINDON,2,4,0,Featherweight,73in / 185cm,1.778,WARDOG,04/1994,United Kingdom,https://www.instagram.com/wardoguk_/
toby-misech,TOBY MISECH,1,1,0,Featherweight,69in / 175cm,1.7272,TOO QUICK,03/1988,United States of America,
todd-duffee,TODD DUFFEE,0,1,0,Heavyweight,,,,,United States of America,https://www.instagram.com/toddduffee/
todor-zhelyazkov,Todor Zhelyazkov,0,1,0,Middleweight,173 cm,1.76,Zelva,10/1986,Bulgaria,https://www.instagram.com/todorzhelyazkovbjj/
tofan-pirani,Tofan Pirani,0,1,0,Cruiserweight,"77""",1.905,,08/1979,Sweden,https://www.instagram.com/tyfoon_p/
tom-mowbray,TOM MOWBRAY,0,1,0,Light Heavyweight,69in / 175cm,1.778,,02/1994,,https://www.instagram.com/tom_tits
tom-scott,Tom Scott,2,1,0,Cruiserweight,"77""",1.82,,,United Kingdom,
tom-shoaff,Tom Shoaff,4,5,0,Lightweight,"74""",72,,,United States of America,https://www.instagram.com/tom.shoaff/; https://www.facebook.com/tom.shoaff
tom-stokes,TOM STOKES,2,1,0,Welterweight,,1.8034,,,United Kingdom,https://www.instagram.com/Tomstokes1994
tomar-washington,Tomar Washington,1,0,0,Heavyweight,,1.78,T-Bo,02/1978,United States of America,https://www.facebook.com/tomar.washington
tomas-lejsek,TOMAS LEJSEK,0,1,0,Cruiserweight,79.5in / 202cm,1.8288,,03/1995,Czech Republic,
tomas-melis,TOMAS MELIS,5,0,0,Light Heavyweight,73in / 185cm,1.778,,03/1997,Slovakia,https://www.instagram.com/TOMMASMELIS
tomas-vojtela,TOMAS VOJTELA,4,2,0,Featherweight,72in / 182cm,1.8,DRAGON,08/2003,Slovakia,https://www.instagram.com/t_vojtela/
tommy-aaron,TOMMY AARON,1,0,0,Lightweight,71in / 180cm,1.8034,,04/1995,United States of America,https://www.instagram.com/tommy_aaronmma/
tommy-carus,TOMMY CARUS,0,1,0,Lightweight,75in / 191cm,1.8288,CHAOS,02/1992,United Kingdom,https://www.instagram.com/tommychaoscarus/
tommy-hawthorn,TOMMY HAWTHORN,1,0,0,Lightweight,72in / 183cm,1.7526,,07/1995,United Kingdom,https://www.instagram.com/Tommyhawthornmma
tommy-strydom,TOMMY STRYDOM,4,2,0,Featherweight,70in / 177cm,1.7018,THE FARMER,01/1986,South Africa,https://www.instagram.com/p/C52gTTbu73t/?hl=en
toni-estorer,TONI ESTORER,5,2,0,Cruiserweight,75.5in / 192cm,1.89,TONI,11/1995,Germany,https://www.instagram.com/toni.estorer/
toni-markulev,TONI MARKULEV,1,0,0,Middleweight,73.5in / 186cm,1.8034,,01/1987,Bulgaria,
toni-tallman,Toni Tallman,0,1,0,Women Bantamweight,,,,,United States of America,
tony-jenkins,TONY JENKINS,3,0,0,Light Heavyweight,Reach: 75in / 191cm,1.83,THE WAY,05/1979,United States of America,
tony-krytonite-lopez,Tony 'Krytonite' Lopez,2,5,0,Heavyweight,78.5 in/199.39cm,77,Kryptonite,,United States of America,
tony-lafferty,TONY LAFFERTY,5,5,0,Featherweight,,1.778,,,,
tony-murphy,Tony Murphy,3,0,0,Middleweight,72in / 183cm,1.83,TMURPH,10/1991,United States of America,https://www.instagram.com/tonymurp4y
tony-pike,TONY PIKE,0,1,0,Lightweight,72in / 173cm,1.7526,THE PISTOL,05/1991,United States of America,
tony-shields,TONY SHIELDS,3,1,0,Middleweight,72in / 183cm,1.8288,BARE KNUCKLE,01/1989,United Kingdom,https://www.instagram.com/tonyshields68/
tony-soto,TONY SOTO,6,3,0,Welterweight,69.5in / 176.53cm,69,LOCO,09/1987,United States of America,https://www.instagram.com/tony_loco_soto/
tracey-johnson,TRACEY JOHNSON,0,0,0,Heavyweight,75in / 191cm,1.7526,THE TITAN,11/1989,United States of America,https://www.instagram.com/thetitanjohnson
traevon-kroger,TRAEVON KROGER,2,0,0,Featherweight,75in / 191cm,1.905,KID COBRA,01/2000,United States of America,
trai-santos,TRAI SANTOS,0,2,0,Featherweight,70in / 178cm,70,,05/1992,United States of America,https://www.instagram.com/trai_santos_mma/
travis-demko,TRAVIS DEMKO,0,1,0,Lightweight,67 in / 170cm,1.7272,THE OUTLAW,07/1993,United States of America,https://www.instagram.com/the_outlaw_demko_22
travis-dickinson,TRAVIS DICKINSON,1,2,0,Heavyweight,73in / 185cm,1.9304,,03/1988,United Kingdom,
travis-floyd,Travis Floyd,1,1,0,Featherweight,70in / 178cm,68,Flo,06/1987,United States of America,
travis-lerchen,Travis Lerchen,0,1,0,Cruiserweight,,1.88,The Villian,,United States of America,
travis-smith,TRAVIS SMITH,0,1,0,Light Heavyweight,69in / 175cm,1.7018,THE HYBRID,12/1982,United States of America,https://www.instagram.com/HYBRIDSMITH82
travis-thompson,TRAVIS THOMPSON,6,8,0,Bantamweight,66in / 168cm,66,THE ANIMAL,03/1983,United States of America,https://www.instagram.com/theanimalbkfc/?hl=en
tre-cook,TRE COOK,0,1,0,Cruiserweight,73in / 185cm,1.8288,TRE THE TRUTH,01/1986,United States of America,
trever-bradshaw,TREVER BRADSHAW,1,1,0,Lightweight,69in / 175cm,70,,07/1987,United States of America,https://www.instagram.com/treverbradshaw/
trevor-bozniak,TREVOR BOZNIAK,0,1,0,Cruiserweight,74in / 188cm,1.8034,THE BEAST,08/1977,Canada,https://www.instagram.com/1977tboz
trevor-loken,Trevor Loken,1,2,0,Featherweight,,1.73,,09/1997,United States of America,
trevor-morris,Trevor Morris,0,2,0,Men Flyweight,,,Monster,,United States of America,
trey-martin,TRAY MARTIN,1,0,0,Welterweight,67in / 170cm,1.651,BIG DOGG,09/1999,United States of America,
troy-beets,Troy Beets,0,1,0,,,1.88,Basher,09/1974,,
troy-dennison,TROY DENNISON,0,2,0,Welterweight,70.5in / 179cm,1.8288,THE TERROR,12/1988,United States of America,https://www.instagram.com/TROY_DENNISON
trukon-carson,Trukon Carson,2,1,0,Welterweight,,71,The Carolina Gamedog,04/1995,United States of America,https://www.instagram.com/the_carolina_gamedog/?hl=en; https://www.facebook.com/david.carson.50
tumba,Tumba,1,0,0,Lightweight,"73""",1.8034,,,Thailand,
tyler-goodjohn,Tyler Goodjohn,5,4,0,Lightweight,71in / 180cm,69,El Tornado,05/1991,United Kingdom,
tyler-hill,Tyler Hill,0,1,0,Light Heavyweight,79in / 200.66cm,75,The Zombie,08/1991,United States of America,
tyler-jacques,Tyler Jacques,0,1,0,Welterweight,,1.83,The Tank,08/1990,United States of America,
tyler-jones,TYLER JONES,1,0,0,Lightweight,76in / 193cm,1.8288,BEOWOLF,,United States of America,
tyler-randall,TYLER RANDALL,4,4,0,Men Flyweight,66in / 168cm,66,ROOKIE,12/1994,United States of America,https://www.instagram.com/_rookierandall/
tyler-sammis,Tyler Sammis,1,0,0,Featherweight,67.5in / 171cm,,Cat-5,06/2003,United States of America,https://www.instagram.com/tylersammismma/
tyler-tremblett,TYLER TREMBLETT,1,0,0,Heavyweight,75.5in / 192cm,1.905,BIG NASTY,03/1992,Canada,https://www.instagram.com/tremblett24/
tyler-vogel,Tyler Vogel,0,2,0,Cruiserweight,,,,,,
tylor-sijohn,TYLOR SIJOHN,0,3,0,Cruiserweight,72in / 183cm,1.7526,RED BIRD,04/1990,United States of America,https://www.instagram.com/tyj_redbird/
uly-monster-diaz,Uly 'Monster' Diaz,5,3,0,Middleweight,71in / 180cm,70,Monster,03/1981,Cuba,
usanakorn,Usanakorn,2,0,0,Women Flyweight,,67,"ซอย,เนSoi, Na",12/1988,Thailand,
van-vo,VAN VO,1,3,0,Lightweight,71in / 180cm,1.7526,TACTIC,01/1984,United States of America,https://www.instagram.com/vantacticvo/
vaso-bakocevic,VASO BAKOCEVIC,6,1,0,Middleweight,67.5in / 171cm,1.72,THE PSYCHO,10/1989,Montenegro,https://www.instagram.com/vaso_psycho/
veronika-dmitriyeva,Veronika Dmitriyeva,0,2,0,Strawweight,,1.63,Russian Bomb,09/1988,Russia,https://www.facebook.com/Nekah-Dmitriyeva-297908670391226/
veselin-ivanov,VESELIN IVANOV,1,0,0,Featherweight,166 cm,1.68,THE MADMAN,01/1988,Bulgaria,https://www.instagram.com/veselin914/
victor-booty,Victor Booty,0,2,0,,,69,,,United Kingdom,
victor-flor,VICTOR FLOR,0,1,0,Bantamweight,69in / 175cm,1.7272,,,United States of America,
victor-jones,Victor Jones,0,1,0,Heavyweight,,1.87,,12/1987,United States of America,
victor-rosas,VICTOR ROSAS,1,1,0,Bantamweight,69in / 175cm,1.7018,THE ART OF VIOLENCE,09/1988,United States of America,https://www.instagram.com/vr7sd/
vincent-alsept,VINCENT ALSEPT,0,0,0,Men Flyweight,,,,,,
vincent-aragona,VINCENT ARAGONA,1,0,0,Cruiserweight,,,,,,
vincent-familari,VINCENT FAMILARI,1,1,0,Light Heavyweight,71in / 180cm,72,VINNY FAM,04/1988,United States of America,https://www.instagram.com/vinnyfam00/
vinny-turiello,Vinny Turiello,1,0,0,Bantamweight,,0,,,,
vladislav-kanchev,Vladislav Kanchev,1,0,0,Middleweight,175 cm,1.77,C-4,02/1990,Bulgaria,https://www.instagram.com/vladislavkanchev.mma/
vladislav-tuinov,VLADISLAV TUINOV,2,0,0,Welterweight,72in / 183cm,1.7018,DIAMOND,,Russia,
wade-the-hammer-johnson,Wade 'The Hammer' Johnson,1,1,0,Welterweight,76in / 193.04cm,75,The Hammer,11/1990,United States of America,https://www.facebook.com/TheHammerJohnson
wain-morgan,WAIN MORGAN,0,2,0,Heavyweight,69,1.77,,,United Kingdom,
walber-brito-de-barros,Walber Brito de Barros,0,1,0,Welterweight,73.5,1.83,TETE,02/1985,,
walter-pugliesi,WALTER PUGLIESI,2,0,0,Cruiserweight,73in / 185cm,1.778,,,Italy,https://www.instagram.com/WALTER_PUGLIESI_MMA
warren-thompson,Warren Thompson,1,0,0,Heavyweight,,74,The Destroyer,12/1985,United States of America,
wayna-reid,WAYNA REID,2,2,0,Lightweight,72in / 183cm,70,THE RATED R SUPERSTAR,12/1995,United States of America,https://www.instagram.com/LORDWANYA
wes-the-soldier-combs,Wes 'The Soldier' Combs,1,1,0,Heavyweight,,73,The Soldier,06/1973,United States of America,
wilhelm-ott,Wilhelm Ott,1,1,0,Middleweight,177 cm,1.83,The Austrian Nightmare,06/1982,Austria,https://www.instagram.com/willi.ott.148/
will-cairns,WILL CAIRNS,3,14,0,Welterweight,68in / 173cm,69,,06/1993,United Kingdom,https://www.instagram.com/willcairns541
will-chope,Will Chope,3,5,0,Middleweight,76in / 193cm,1.94,The Kill,09/1990,United States of America,
will-dunkle,Will Dunkle,1,3,0,Light Heavyweight,,72,,,,
will-rochester,WILL ROCHESTER,0,1,0,Welterweight,74in / 188cm,1.8288,,05/1985,United Kingdom,
will-santiago,WILL SANTIAGO,2,2,0,Middleweight,70.5in / 179cm,68,THE BROWN BOMBER,02/1983,United States of America,https://www.instagram.com/brownbomber_mma/
will-sears,Will Sears,0,3,0,Heavyweight,,,,05/1984,United States of America,
will-smith,WILL SMITH,1,0,0,Lightweight,,1.8542,WILD,04/1990,United Kingdom,https://www.instagram.com/Wildwillsmith77
will-the-thrill-shutt,Will 'The Thrill' Shutt,1,3,0,Welterweight,68.5 in,68,Will the Thrill,,United States of America,
will-worley,Will Worley,1,0,0,Welterweight,,1.73,The Wolverine,09/1993,United States of America,https://www.facebook.com/will.worley.315
william-albrecht,WILLIAM ALBRECHT,3,1,0,Light Heavyweight,79in / 200cm,74,WILD BILL,02/1977,United States of America,https://www.instagram.com/505WILDB
willie-gates,WILLIE GATES,1,0,0,Bantamweight,73in / 185cm,1.7272,WHOOP ASS,01/1987,United States of America,https://www.instagram.com/WHOOPASSWILLIE
xavier-horton,XAVIER HORTON,0,0,0,Heavyweight,,,,,United States of America,
yamila-sanchez,YAMILA SANCHEZ,0,1,0,Women Bantamweight,67in / 171cm,1.5748,SUKHI,09/1988,Spain,https://www.instagram.com/sukhi_yamy/
yannick-van-dinther,YANNICK VAN DINTHER,0,1,0,Welterweight,,,,,,
yoel-romero-iqws6,YOEL ROMERO,1,0,0,Heavyweight,73in / 185cm,1.8288,,,,
yohann-marin,Yohann Marin,0,1,0,Cruiserweight,"74""",1.8542,,,France,
yorgan-de-castro,YORGAN DE CASTRO,1,1,0,Heavyweight,73in / 185cm,73,THE MAD TITAN,12/1986,United States of America,https://www.instagram.com/YORGAN_DECASTRO
yosdenis-cedeno,YOSDENIS CEDENO,2,2,0,Welterweight,69in / 175cm,68,PINK PANTHER,02/1985,Cuba,https://www.facebook.com/yosdenis.cedeno.3
yunus-batan,YUNUS BATAN,2,1,0,Middleweight,72.5 in / 182 cm,1.7526,,01/1999,Turkey,https://www.instagram.com/yunusemrebatan/?hl=en
zac-cavender,ZAC CAVENDER,2,1,0,Cruiserweight,81in / 206cm,1.9558,,08/1994,United States of America,https://www.instagram.com/ZACCAVENDERMMA
zach-calmus,ZACH CALMUS,5,6,0,Heavyweight,76in / 193cm,72,SHARK ATTACK,01/1992,United States of America,https://www.instagram.com/zachcalmustheshark/; https://www.facebook.com/people/Zach-Calmus/pfbid0SeQhRqKqKemKacTScm1ssKKDvAubBPZZxrAVXmRMD1Drf8FTpkP6D4qDSvCtnCeMl/?ref=fb_profile_link_qp_control
zach-johnson,Zach Johnson,0,0,0,Featherweight,,1.7,,11/1984,United States of America,
zach-juusola,ZACH JUUSOLA,1,1,0,Middleweight,71in / 180cm,1.8542,JUICE,08/1987,United States of America,https://www.instagram.com/juice155/
zach-pannell,ZACH PANNELL,1,5,0,Featherweight,69in / 175cm,66,LIL MAC,04/1994,United States of America,https://www.instagram.com/lilmac_717
zach-zane,Zach Zane,0,2,0,Middleweight,69in / 175cm,70,God's Warrior,12/1989,United States of America,
zack-partridge,ZACK PARTRIDGE,1,0,0,Light Heavyweight,73in / 185cm,71,,10/1988,United States of America,https://www.instagram.com/RIDGE79
zane-marks,Zane Marks,0,1,0,Light Heavyweight,,,,,,
zay-garcia,ZAY GARCIA,0,3,0,Men Flyweight,67in / 170cm,1.651,ZAYBOMINATION,08/1991,United States of America,https://www.instagram.com/ZAYBOMINATION
zdenek-pernica,Zdenek Pernica,0,2,0,Lightweight,,,,,,
zdravko-dimitrov,ZDRAVKO DIMITROV,0,3,0,Featherweight,68in / 173cm,1.7272,THE APE,08/1993,Bulgaria,https://www.instagram.com/zdravko.dimitroff/
zeb-vincent,ZEB VINCENT,3,4,0,Middleweight,76in / 193cm,72,CWB,03/1995,United States of America,https://www.instagram.com/zebcwbvincent/
zedekiah-montanez,ZEDEKIAH MONTANEZ,1,1,0,Lightweight,68in / 173cm,68,KING,05/1992,United States of America,https://www.instagram.com/zedekiahmma
zelemkhan-mukushev,Zelemkhan Mukushev,0,1,0,,,73,,,Thailand,
zion-tomlinson,Zion Tomlinson,6,5,0,Light Heavyweight,75.5in / 190.5cm,73,Z-Man,09/1999,United States of America,
zohrab-azimov,ZOHRAB AZIMOV,0,0,0,Featherweight,67in / 170cm,1.74,THE LEGEND,08/1996,Azerbaijan,https://www.instagram.com/zohrab_legend_azimov/
