id,pk,slug,event_id,fighter_1_id,fighter_2_id,winner_id,bout_type,weight_class,weight_lbs,outcome_method,outcome_method_details,end_round,end_round_time,fighter_1_odds,fighter_2_odds,is_cancelled
RmlnaHROb2RlOjY3MTQx,67141,reginald-barnett-jr-vs-clay-burns-67141,RXZlbnROb2RlOjMxODQ=,RmlnaHRlck5vZGU6MjA2NjQ=,RmlnaHRlck5vZGU6MzUxODY=,RmlnaHRlck5vZGU6MjA2NjQ=,MC,Bantamweight,135.0,Decision,Unanimous,5.0,5:00,,,0
RmlnaHROb2RlOjY3MTM5,67139,jamie-campbell-vs-dale-sopi-67139,RXZlbnROb2RlOjMxODQ=,RmlnaHRlck5vZGU6NjIwMDk=,RmlnaHRlck5vZGU6NjY1NA==,RmlnaHRlck5vZGU6NjIwMDk=,MC,,,Decision,Unanimous,5.0,5:00,,,0
RmlnaHROb2RlOjY3MTQw,67140,harris-stephenson-vs-jorge-gonzalez-rolon-67140,RXZlbnROb2RlOjMxODQ=,RmlnaHRlck5vZGU6MTk4MTk=,RmlnaHRlck5vZGU6MzUxODc=,RmlnaHRlck5vZGU6MTk4MTk=,MC,Welterweight,168.0,KO/TKO,,1.0,0:26,,,0
RmlnaHROb2RlOjY3MTM3,67137,sam-shewmaker-vs-maurice-jackson-67137,RXZlbnROb2RlOjMxODQ=,RmlnaHRlck5vZGU6MzUxODI=,RmlnaHRlck5vZGU6MTk0NA==,RmlnaHRlck5vZGU6MzUxODI=,MC,,,Decision,Split,5.0,5:00,,,0
RmlnaHROb2RlOjY3MTM1,67135,chris-lytle-vs-drew-lipton-67135,RXZlbnROb2RlOjMxODQ=,RmlnaHRlck5vZGU6MzYw,RmlnaHRlck5vZGU6MTUwNzg=,RmlnaHRlck5vZGU6MzYw,CO,Catchweight,200.0,KO/TKO,,1.0,1:18,,,0
RmlnaHROb2RlOjY3MTM2,67136,arnold-adams-vs-joey-beltran-67136,RXZlbnROb2RlOjMxODQ=,RmlnaHRlck5vZGU6MTM4NDU=,RmlnaHRlck5vZGU6OTYz,RmlnaHRlck5vZGU6MTM4NDU=,MC,,,KO/TKO,Doctor Stoppage,4.0,0:09,,,0
RmlnaHROb2RlOjY3MTQy,67142,jimmy-jennett-vs-tony-lopez-67142,RXZlbnROb2RlOjMxODQ=,RmlnaHRlck5vZGU6MzUxODg=,RmlnaHRlck5vZGU6MjE0OA==,RmlnaHRlck5vZGU6MzUxODg=,MC,,,Decision,Unanimous,5.0,5:00,,,0
RmlnaHROb2RlOjMyMjg0,32284,diego-garijo-vs-tom-shoaff-32284,RXZlbnROb2RlOjMxODQ=,RmlnaHRlck5vZGU6MTYyNQ==,RmlnaHRlck5vZGU6MTYyMjM=,RmlnaHRlck5vZGU6MTYyNQ==,MC,Lightweight,154.0,KO/TKO,,,,,,0
RmlnaHROb2RlOjY3MTM0,67134,bec-rawlings-vs-britain-hart-67134,RXZlbnROb2RlOjMxODQ=,RmlnaHRlck5vZGU6NjE0MQ==,RmlnaHRlck5vZGU6MzUxODE=,RmlnaHRlck5vZGU6NjE0MQ==,ME,Bantamweight,135.0,Decision,Split,5.0,5:00,,,0
RmlnaHROb2RlOjY3MTM4,67138,kendall-grove-vs-bruce-abramski-67138,RXZlbnROb2RlOjMxODQ=,RmlnaHRlck5vZGU6Njc0,RmlnaHRlck5vZGU6MzUxODM=,RmlnaHRlck5vZGU6Njc0,MC,Catchweight,200.0,Decision,Unanimous,5.0,5:00,,,0
RmlnaHROb2RlOjMyMjg3,32287,joe-riggs-vs-brok-weaver-32287,RXZlbnROb2RlOjMxODM=,RmlnaHRlck5vZGU6ODI2,RmlnaHRlck5vZGU6MTE1MDU=,RmlnaHRlck5vZGU6ODI2,MC,Catchweight,175.0,Decision,Unanimous,5.0,5:00,,,0
RmlnaHROb2RlOjMyMjg2,32286,rusty-crowder-vs-dillard-pegg-32286,RXZlbnROb2RlOjMxODM=,RmlnaHRlck5vZGU6NzQwNQ==,RmlnaHRlck5vZGU6MTg5,RmlnaHRlck5vZGU6NzQwNQ==,MC,Lightweight,154.0,KO/TKO,,2.0,0:33,,,0
RmlnaHROb2RlOjMyMjg1,32285,johnny-bedford-vs-matt-murphy-32285,RXZlbnROb2RlOjMxODM=,RmlnaHRlck5vZGU6OTYy,RmlnaHRlck5vZGU6ODgyMQ==,RmlnaHRlck5vZGU6OTYy,MC,Bantamweight,135.0,Decision,Unanimous,5.0,5:00,,,0
RmlnaHROb2RlOjY3MTMx,67131,arnold-adams-vs-sam-shewmaker-67131,RXZlbnROb2RlOjMxODM=,RmlnaHRlck5vZGU6MTM4NDU=,RmlnaHRlck5vZGU6MzUxODI=,RmlnaHRlck5vZGU6MTM4NDU=,ME,,,Decision,Split,5.0,5:00,,,0
RmlnaHROb2RlOjY3MTMz,67133,christine-ferea-vs-jennifer-tate-67133,RXZlbnROb2RlOjMxODM=,RmlnaHRlck5vZGU6MTQzMzI=,RmlnaHRlck5vZGU6MjgwMTk=,RmlnaHRlck5vZGU6MTQzMzI=,MC,Bantamweight,135.0,KO/TKO,,1.0,1:55,,,0
RmlnaHROb2RlOjY3MTMy,67132,marcel-stamps-vs-kendall-grove-67132,RXZlbnROb2RlOjMxODM=,RmlnaHRlck5vZGU6MjI3NTc=,RmlnaHRlck5vZGU6Njc0,RmlnaHRlck5vZGU6MjI3NTc=,CO,Catchweight,200.0,KO/TKO,,3.0,0:47,,,0
RmlnaHROb2RlOjMyMjg5,32289,elvin-brito-vs-harris-stephenson-32289,RXZlbnROb2RlOjMxODM=,RmlnaHRlck5vZGU6MzQ2Nw==,RmlnaHRlck5vZGU6MTk4MTk=,RmlnaHRlck5vZGU6MzQ2Nw==,MC,Welterweight,168.0,KO/TKO,,5.0,0:06,,,0
RmlnaHROb2RlOjMyMjg4,32288,abdiel-velazquez-vs-shawn-west-32288,RXZlbnROb2RlOjMxODM=,RmlnaHRlck5vZGU6OTExNQ==,RmlnaHRlck5vZGU6ODY5NQ==,RmlnaHRlck5vZGU6OTExNQ==,MC,Lightweight,154.0,KO/TKO,,1.0,1:16,,,0
RmlnaHROb2RlOjczOTE0,73914,alejandro-solorzano-vs-erik-leander-73914,RXZlbnROb2RlOjMxODI=,RmlnaHRlck5vZGU6MzA1NzM=,RmlnaHRlck5vZGU6MzUxOTM=,RmlnaHRlck5vZGU6MzA1NzM=,MC,,,KO/TKO,Doctor Stoppage (Cut),4.0,0:29,,,0
RmlnaHROb2RlOjczOTE3,73917,jose-ruelas-soto-vs-gilberto-aguilar-73917,RXZlbnROb2RlOjMxODI=,RmlnaHRlck5vZGU6MzUxOTg=,RmlnaHRlck5vZGU6MTA3NTY=,RmlnaHRlck5vZGU6MzUxOTg=,PL,,,Decision,,5.0,5:00,,,0
RmlnaHROb2RlOjMyMjky,32292,chris-lytle-vs-jc-llamas-32292,RXZlbnROb2RlOjMxODI=,RmlnaHRlck5vZGU6MzYw,RmlnaHRlck5vZGU6MTU3MTQ=,RmlnaHRlck5vZGU6MzYw,MC,Welterweight,170.0,Decision,Unanimous,5.0,5:00,,,0
RmlnaHROb2RlOjczOTE4,73918,shannon-ritch-vs-omar-molina-73918,RXZlbnROb2RlOjMxODI=,RmlnaHRlck5vZGU6MjM0Mg==,RmlnaHRlck5vZGU6MzUxOTk=,RmlnaHRlck5vZGU6MjM0Mg==,PL,,,KO/TKO,,1.0,0:26,,,0
RmlnaHROb2RlOjMyMjkz,32293,joe-riggs-vs-heriberto-tovar-32293,RXZlbnROb2RlOjMxODI=,RmlnaHRlck5vZGU6ODI2,RmlnaHRlck5vZGU6MzMyMDk=,RmlnaHRlck5vZGU6ODI2,MC,Middleweight,185.0,Decision,Unanimous,5.0,5:00,,,0
RmlnaHROb2RlOjczOTEz,73913,sam-shewmaker-vs-joel-parades-73913,RXZlbnROb2RlOjMxODI=,RmlnaHRlck5vZGU6MzUxODI=,RmlnaHRlck5vZGU6MzUxOTI=,RmlnaHRlck5vZGU6MzUxODI=,MC,,,Decision,Split,5.0,5:00,,,0
RmlnaHROb2RlOjMyMjkx,32291,joey-beltran-vs-tony-lopez-32291,RXZlbnROb2RlOjMxODI=,RmlnaHRlck5vZGU6OTYz,RmlnaHRlck5vZGU6MjE0OA==,RmlnaHRlck5vZGU6OTYz,MC,,,Ends in a Draw,Split,5.0,5:00,,,0
RmlnaHROb2RlOjMyMjkw,32290,leonard-garcia-vs-julian-lane-32290,RXZlbnROb2RlOjMxODI=,RmlnaHRlck5vZGU6NjYx,RmlnaHRlck5vZGU6MTgzNQ==,RmlnaHRlck5vZGU6NjYx,ME,Welterweight,168.0,KO/TKO,,2.0,1:31,,,0
RmlnaHROb2RlOjMyMjk0,32294,tom-shoaff-vs-diego-garijo-32294,RXZlbnROb2RlOjMxODI=,RmlnaHRlck5vZGU6MTYyMjM=,RmlnaHRlck5vZGU6MTYyNQ==,RmlnaHRlck5vZGU6MTYyMjM=,MC,Lightweight,155.0,KO/TKO,Doctor Stoppage (Cut),4.0,1:26,,,0
RmlnaHROb2RlOjczMTUy,73152,bec-rawlings-vs-cecilia-ulloa-73152,RXZlbnROb2RlOjMxODI=,RmlnaHRlck5vZGU6NjE0MQ==,RmlnaHRlck5vZGU6MzUxOTE=,RmlnaHRlck5vZGU6NjE0MQ==,CO,,122.0,Decision,Unanimous,5.0,5:00,,,0
RmlnaHROb2RlOjczOTE1,73915,travis-thompson-vs-ivan-rocka-73915,RXZlbnROb2RlOjMxODI=,RmlnaHRlck5vZGU6MzUxOTQ=,RmlnaHRlck5vZGU6NzUwNDg=,RmlnaHRlck5vZGU6MzUxOTQ=,MC,,,KO/TKO,,2.0,1:59,,,0
RmlnaHROb2RlOjczOTE2,73916,sergio-herrera-vs-jesus-quevedo-73916,RXZlbnROb2RlOjMxODI=,RmlnaHRlck5vZGU6MzUxOTY=,RmlnaHRlck5vZGU6MzUxOTc=,RmlnaHRlck5vZGU6MzUxOTY=,PL,Bantamweight,135.0,KO/TKO,,4.0,Roun,,,0
RmlnaHROb2RlOjY4Njkz,68693,isaac-vallie-flagg-vs-randy-hedderick-68693,RXZlbnROb2RlOjMxODE=,RmlnaHRlck5vZGU6MTM3Nw==,RmlnaHRlck5vZGU6MjA5MDc=,RmlnaHRlck5vZGU6MTM3Nw==,MC,Catchweight,165.0,KO/TKO,,3.0,1:22,,,0
RmlnaHROb2RlOjY4Njky,68692,reginald-barnett-jr-vs-rusty-crowder-68692,RXZlbnROb2RlOjMxODE=,RmlnaHRlck5vZGU6MjA2NjQ=,RmlnaHRlck5vZGU6NzQwNQ==,RmlnaHRlck5vZGU6MjA2NjQ=,MC,Bantamweight,135.0,Decision,Unanimous,5.0,5:00,,,0
RmlnaHROb2RlOjY4Njg5,68689,harris-stephenson-vs-kaleb-harris-68689,RXZlbnROb2RlOjMxODE=,RmlnaHRlck5vZGU6MTk4MTk=,RmlnaHRlck5vZGU6MzUyMDA=,RmlnaHRlck5vZGU6MTk4MTk=,CO,Catchweight,165.0,Decision,Split,5.0,5:00,,,0
RmlnaHROb2RlOjY4Njkx,68691,sam-shewmaker-vs-chase-sherman-68691,RXZlbnROb2RlOjMxODE=,RmlnaHRlck5vZGU6MzUxODI=,RmlnaHRlck5vZGU6ODE5Mg==,RmlnaHRlck5vZGU6MzUxODI=,MC,,,Ends in a Draw,Split,5.0,5:00,,,0
RmlnaHROb2RlOjY4Njkw,68690,christine-ferea-vs-britain-hart-68690,RXZlbnROb2RlOjMxODE=,RmlnaHRlck5vZGU6MTQzMzI=,RmlnaHRlck5vZGU6MzUxODE=,RmlnaHRlck5vZGU6MTQzMzI=,MC,Flyweight,126.0,KO/TKO,Doctor Stoppage,2.0,1:09,,,0
RmlnaHROb2RlOjMyMjk2,32296,chris-leben-vs-justin-baesman-32296,RXZlbnROb2RlOjMxODE=,RmlnaHRlck5vZGU6NzMx,RmlnaHRlck5vZGU6MTgzNw==,RmlnaHRlck5vZGU6NzMx,MC,Light Heavyweight,205.0,KO/TKO,,1.0,0:25,,,0
RmlnaHROb2RlOjMyMjk3,32297,johnny-bedford-vs-abdiel-velazquez-32297,RXZlbnROb2RlOjMxODE=,RmlnaHRlck5vZGU6OTYy,RmlnaHRlck5vZGU6OTExNQ==,RmlnaHRlck5vZGU6OTYy,MC,Bantamweight,135.0,KO/TKO,,4.0,0:15,,,0
RmlnaHROb2RlOjMyMjk1,32295,artem-lobov-vs-jason-knight-32295,RXZlbnROb2RlOjMxODE=,RmlnaHRlck5vZGU6MzYxOA==,RmlnaHRlck5vZGU6Nzg1OA==,RmlnaHRlck5vZGU6MzYxOA==,ME,Catchweight,147.0,Decision,Unanimous,5.0,5:00,,,0
RmlnaHROb2RlOjMyMjk4,32298,sheena-brandenburg-vs-ivana-coleman-32298,RXZlbnROb2RlOjMxODE=,RmlnaHRlck5vZGU6MjAzNTA=,RmlnaHRlck5vZGU6MjUzNTg=,RmlnaHRlck5vZGU6MjAzNTA=,MC,Flyweight,125.0,KO/TKO,,2.0,0:37,,,0
RmlnaHROb2RlOjY2NTM4,66538,artem-lobov-vs-paulie-malignaggi-66538,RXZlbnROb2RlOjMxODA=,RmlnaHRlck5vZGU6MzYxOA==,RmlnaHRlck5vZGU6MzUyMDQ=,RmlnaHRlck5vZGU6MzYxOA==,ME,Lightweight,154.0,Decision,Unanimous,5.0,5:00,,,0
RmlnaHROb2RlOjY2NTQw,66540,abdiel-velazquez-vs-travis-thompson-66540,RXZlbnROb2RlOjMxODA=,RmlnaHRlck5vZGU6OTExNQ==,RmlnaHRlck5vZGU6MzUxOTQ=,RmlnaHRlck5vZGU6OTExNQ==,PL,Bantamweight,135.0,Decision,Unanimous,5.0,5:00,,,0
RmlnaHROb2RlOjMyMjk5,32299,dakota-cochrane-vs-chris-leben-32299,RXZlbnROb2RlOjMxODA=,RmlnaHRlck5vZGU6MTcz,RmlnaHRlck5vZGU6NzMx,RmlnaHRlck5vZGU6MTcz,CO,,,Decision,Unanimous,5.0,5:00,,,0
RmlnaHROb2RlOjMyMzAx,32301,walber-brito-de-barros-vs-joe-riggs-32301,RXZlbnROb2RlOjMxODA=,RmlnaHRlck5vZGU6NjQyNw==,RmlnaHRlck5vZGU6ODI2,RmlnaHRlck5vZGU6NjQyNw==,MC,Catchweight,175.0,Ends in a Draw,Unanimous,5.0,5:00,,,0
RmlnaHROb2RlOjMyMzAy,32302,jim-alers-vs-elvin-brito-32302,RXZlbnROb2RlOjMxODA=,RmlnaHRlck5vZGU6MzkwMQ==,RmlnaHRlck5vZGU6MzQ2Nw==,RmlnaHRlck5vZGU6MzkwMQ==,PL,Catchweight,160.0,KO/TKO,,1.0,0:45,,,0
RmlnaHROb2RlOjMyMzAw,32300,julian-lane-vs-tom-shoaff-32300,RXZlbnROb2RlOjMxODA=,RmlnaHRlck5vZGU6MTgzNQ==,RmlnaHRlck5vZGU6MTYyMjM=,RmlnaHRlck5vZGU6MTgzNQ==,MC,Catchweight,160.0,Decision,Unanimous,5.0,5:00,,,0
RmlnaHROb2RlOjMyMzAz,32303,david-mundell-vs-drew-lipton-32303,RXZlbnROb2RlOjMxODA=,RmlnaHRlck5vZGU6MTEwMzg=,RmlnaHRlck5vZGU6MTUwNzg=,RmlnaHRlck5vZGU6MTEwMzg=,PL,Catchweight,175.0,KO/TKO,,1.0,1:55,,,0
RmlnaHROb2RlOjY2NTM5,66539,johnny-bedford-vs-reginald-barnett-jr-66539,RXZlbnROb2RlOjMxODA=,RmlnaHRlck5vZGU6OTYy,RmlnaHRlck5vZGU6MjA2NjQ=,RmlnaHRlck5vZGU6OTYy,MC,Bantamweight,135.0,Decision,Unanimous,5.0,5:00,,,0
RmlnaHROb2RlOjMyMzA4,32308,dale-sopi-vs-juan-torres-32308,RXZlbnROb2RlOjMxNzk=,RmlnaHRlck5vZGU6NjY1NA==,RmlnaHRlck5vZGU6ODcxOQ==,RmlnaHRlck5vZGU6NjY1NA==,MC,,,Decision,Unanimous,5.0,5:00,,,0
RmlnaHROb2RlOjMyMzA2,32306,helen-peralta-vs-christine-ferea-32306,RXZlbnROb2RlOjMxNzk=,RmlnaHRlck5vZGU6MTUwNzA=,RmlnaHRlck5vZGU6MTQzMzI=,RmlnaHRlck5vZGU6MTUwNzA=,MC,Flyweight,126.0,Decision,Unanimous,5.0,5:00,,,0
RmlnaHROb2RlOjMyMzA3,32307,isaac-vallie-flagg-vs-melvin-guillard-32307,RXZlbnROb2RlOjMxNzk=,RmlnaHRlck5vZGU6MTM3Nw==,RmlnaHRlck5vZGU6Njc3,RmlnaHRlck5vZGU6MTM3Nw==,MC,Lightweight,154.0,KO/TKO,Hand Injury,3.0,2:00,,,0
RmlnaHROb2RlOjMyMzA1,32305,chase-sherman-vs-arnold-adams-32305,RXZlbnROb2RlOjMxNzk=,RmlnaHRlck5vZGU6ODE5Mg==,RmlnaHRlck5vZGU6MTM4NDU=,RmlnaHRlck5vZGU6ODE5Mg==,CO,,,Decision,Unanimous,5.0,5:00,,,0
RmlnaHROb2RlOjMyMzA0,32304,jim-alers-vs-leonard-garcia-32304,RXZlbnROb2RlOjMxNzk=,RmlnaHRlck5vZGU6MzkwMQ==,RmlnaHRlck5vZGU6NjYx,RmlnaHRlck5vZGU6MzkwMQ==,ME,Lightweight,154.0,KO/TKO,,1.0,1:38,,,0
RmlnaHROb2RlOjMyMzEz,32313,delaney-owen-vs-sheena-brandenburg-32313,RXZlbnROb2RlOjMxNzg=,RmlnaHRlck5vZGU6NjI1MQ==,RmlnaHRlck5vZGU6MjAzNTA=,RmlnaHRlck5vZGU6NjI1MQ==,MC,Strawweight,115.0,KO/TKO,,1.0,1:01,,,0
RmlnaHROb2RlOjczNjMx,73631,david-mundell-vs-ronnie-forney-73631,RXZlbnROb2RlOjMxNzg=,RmlnaHRlck5vZGU6MTEwMzg=,RmlnaHRlck5vZGU6NDgxOTI=,RmlnaHRlck5vZGU6MTEwMzg=,MC,Catchweight,175.0,KO/TKO,,1.0,1:09,,,0
RmlnaHROb2RlOjMyMzE0,32314,gustavo-trujillo-vs-rob-morrow-32314,RXZlbnROb2RlOjMxNzg=,RmlnaHRlck5vZGU6MjU0ODQ=,RmlnaHRlck5vZGU6MjYxMDM=,RmlnaHRlck5vZGU6MjU0ODQ=,MC,Catchweight,200.0,KO/TKO,,1.0,0:35,,,0
RmlnaHROb2RlOjczNjMy,73632,jared-warren-vs-brian-maxwell-73632,RXZlbnROb2RlOjMxNzg=,RmlnaHRlck5vZGU6MzUyMTI=,RmlnaHRlck5vZGU6Mjc3NjY=,RmlnaHRlck5vZGU6MzUyMTI=,MC,,,KO/TKO,,1.0,1:59,,,0
RmlnaHROb2RlOjMyMzEw,32310,jim-alers-vs-julian-lane-32310,RXZlbnROb2RlOjMxNzg=,RmlnaHRlck5vZGU6MzkwMQ==,RmlnaHRlck5vZGU6MTgzNQ==,RmlnaHRlck5vZGU6MzkwMQ==,CO,Lightweight,154.0,KO/TKO,,2.0,0:53,,,0
RmlnaHROb2RlOjczNjMz,73633,zach-juusola-vs-fred-pierce-73633,RXZlbnROb2RlOjMxNzg=,RmlnaHRlck5vZGU6MzUzOQ==,RmlnaHRlck5vZGU6MTM0OTY=,RmlnaHRlck5vZGU6MzUzOQ==,MC,Catchweight,200.0,KO/TKO,,2.0,0:33,,,0
RmlnaHROb2RlOjczNjMw,73630,abdiel-velazquez-vs-rick-caruso-73630,RXZlbnROb2RlOjMxNzg=,RmlnaHRlck5vZGU6OTExNQ==,RmlnaHRlck5vZGU6Mjk3MDk=,RmlnaHRlck5vZGU6OTExNQ==,MC,Catchweight,147.0,KO/TKO,,2.0,0:11,,,0
RmlnaHROb2RlOjczNjI5,73629,dat-nguyen-vs-travis-thompson-73629,RXZlbnROb2RlOjMxNzg=,RmlnaHRlck5vZGU6MzUyMDk=,RmlnaHRlck5vZGU6MzUxOTQ=,RmlnaHRlck5vZGU6MzUyMDk=,MC,Bantamweight,135.0,Decision,Unanimous,5.0,5:00,,,0
RmlnaHROb2RlOjMyMzEx,32311,lorenzo-hunt-vs-reggie-pena-32311,RXZlbnROb2RlOjMxNzg=,RmlnaHRlck5vZGU6MTc4OTU=,RmlnaHRlck5vZGU6Mjc4Ng==,RmlnaHRlck5vZGU6MTc4OTU=,MC,Catchweight,200.0,KO/TKO,Doctor Stoppage,1.0,2:00,,,0
RmlnaHROb2RlOjMyMzA5,32309,gabriel-gonzaga-vs-antonio-silva-32309,RXZlbnROb2RlOjMxNzg=,RmlnaHRlck5vZGU6NjY5,RmlnaHRlck5vZGU6MTMyMw==,RmlnaHRlck5vZGU6NjY5,ME,,,KO/TKO,,2.0,1:50,,,0
RmlnaHROb2RlOjMyMzEy,32312,joey-angelo-vs-walber-brito-de-barros-32312,RXZlbnROb2RlOjMxNzg=,RmlnaHRlck5vZGU6MjM2,RmlnaHRlck5vZGU6NjQyNw==,RmlnaHRlck5vZGU6MjM2,MC,Catchweight,200.0,Decision,Split,5.0,5:00,,,0
RmlnaHROb2RlOjMyMzE2,32316,joey-beltran-vs-chase-sherman-32316,RXZlbnROb2RlOjMxNzc=,RmlnaHRlck5vZGU6OTYz,RmlnaHRlck5vZGU6ODE5Mg==,RmlnaHRlck5vZGU6OTYz,CO,,,Decision,Unanimous,5.0,5:00,,,0
RmlnaHROb2RlOjMyMzE1,32315,jason-knight-vs-artem-lobov-32315,RXZlbnROb2RlOjMxNzc=,RmlnaHRlck5vZGU6Nzg1OA==,RmlnaHRlck5vZGU6MzYxOA==,RmlnaHRlck5vZGU6Nzg1OA==,ME,Lightweight,154.0,KO/TKO,Corner Stoppage,5.0,0:29,,,0
RmlnaHROb2RlOjMyMzE3,32317,johnny-bedford-vs-charles-bennett-32317,RXZlbnROb2RlOjMxNzc=,RmlnaHRlck5vZGU6OTYy,RmlnaHRlck5vZGU6MjIyMg==,RmlnaHRlck5vZGU6OTYy,MC,Catchweight,147.0,KO/TKO,Hand Injury,2.0,2:00,,,0
RmlnaHROb2RlOjMyMzE5,32319,wes-combs-vs-adrian-miles-32319,RXZlbnROb2RlOjMxNzc=,RmlnaHRlck5vZGU6NjEz,RmlnaHRlck5vZGU6NjQ1Mw==,RmlnaHRlck5vZGU6NjEz,MC,,,Disqualificaton,Illegal Ground Strike,,,,,0
RmlnaHROb2RlOjMyMzIw,32320,hector-lombard-vs-david-mundell-32320,RXZlbnROb2RlOjMxNzY=,RmlnaHRlck5vZGU6MTE2Mg==,RmlnaHRlck5vZGU6MTEwMzg=,RmlnaHRlck5vZGU6MTE2Mg==,ME,,,Decision,Unanimous,5.0,5:00,,,0
RmlnaHROb2RlOjcwMTM0,70134,jim-alers-vs-kaleb-harris-70134,RXZlbnROb2RlOjMxNzY=,RmlnaHRlck5vZGU6MzkwMQ==,RmlnaHRlck5vZGU6MzUyMDA=,RmlnaHRlck5vZGU6MzkwMQ==,CO,Lightweight,155.0,Decision,Majority,5.0,5:00,,,0
RmlnaHROb2RlOjMyMzIx,32321,luis-palomino-vs-elvin-brito-32321,RXZlbnROb2RlOjMxNzY=,RmlnaHRlck5vZGU6MTg5OQ==,RmlnaHRlck5vZGU6MzQ2Nw==,RmlnaHRlck5vZGU6MTg5OQ==,MC,Lightweight,155.0,Decision,Unanimous,5.0,5:00,,,0
RmlnaHROb2RlOjMyMzIy,32322,ulysses-diaz-vs-brian-maxwell-32322,RXZlbnROb2RlOjMxNzY=,RmlnaHRlck5vZGU6MzQwMzE=,RmlnaHRlck5vZGU6Mjc3NjY=,RmlnaHRlck5vZGU6MzQwMzE=,PL,Catchweight,195.0,KO/TKO,,1.0,1:13,,,0
RmlnaHROb2RlOjcwMTM1,70135,dat-nguyen-vs-abdiel-velazquez-70135,RXZlbnROb2RlOjMxNzY=,RmlnaHRlck5vZGU6MzUyMDk=,RmlnaHRlck5vZGU6OTExNQ==,RmlnaHRlck5vZGU6MzUyMDk=,MC,,,KO/TKO,,1.0,1:51,,,0
RmlnaHROb2RlOjMyMzIz,32323,gustavo-trujillo-vs-lorenzo-hunt-32323,RXZlbnROb2RlOjMxNzY=,RmlnaHRlck5vZGU6MjU0ODQ=,RmlnaHRlck5vZGU6MTc4OTU=,RmlnaHRlck5vZGU6MjU0ODQ=,PL,Light Heavyweight,205.0,KO/TKO,,1.0,1:01,,,0
RmlnaHROb2RlOjcwMTM2,70136,francesco-ricchi-vs-fred-pierce-70136,RXZlbnROb2RlOjMxNzY=,RmlnaHRlck5vZGU6MzUyMTc=,RmlnaHRlck5vZGU6MTM0OTY=,RmlnaHRlck5vZGU6MzUyMTc=,PL,,,KO/TKO,,1.0,1:38,,,0
RmlnaHROb2RlOjcwMTM3,70137,travis-thompson-vs-josh-boudreaux-70137,RXZlbnROb2RlOjMxNzY=,RmlnaHRlck5vZGU6MzUxOTQ=,RmlnaHRlck5vZGU6MzUyMDc=,RmlnaHRlck5vZGU6MzUxOTQ=,PL,,,KO/TKO,,2.0,0:15,,,0
RmlnaHROb2RlOjcwMTM4,70138,reginald-barnett-jr-vs-matt-murphy-70138,RXZlbnROb2RlOjMxNzY=,RmlnaHRlck5vZGU6MjA2NjQ=,RmlnaHRlck5vZGU6ODgyMQ==,RmlnaHRlck5vZGU6MjA2NjQ=,PL,Featherweight,145.0,KO/TKO,,2.0,1:46,,,0
RmlnaHROb2RlOjMyMzI0,32324,isaac-vallie-flagg-vs-luis-palomino-32324,RXZlbnROb2RlOjMxNzQ=,RmlnaHRlck5vZGU6MTM3Nw==,RmlnaHRlck5vZGU6MTg5OQ==,RmlnaHRlck5vZGU6MTg5OQ==,ME,Lightweight,154.0,KO/TKO,,1.0,0:45,,,0
RmlnaHROb2RlOjMyMzI2,32326,frank-tate-vs-dillon-cleckler-32326,RXZlbnROb2RlOjMxNzQ=,RmlnaHRlck5vZGU6MTE4OTc=,RmlnaHRlck5vZGU6OTQ5NA==,RmlnaHRlck5vZGU6OTQ5NA==,CO,,,KO/TKO,Punches,3.0,0:59,,,0
RmlnaHROb2RlOjMyMzI3,32327,kaleb-harris-vs-elvin-brito-32327,RXZlbnROb2RlOjMxNzQ=,RmlnaHRlck5vZGU6MzUyMDA=,RmlnaHRlck5vZGU6MzQ2Nw==,RmlnaHRlck5vZGU6MzQ2Nw==,MC,Lightweight,155.0,Decision,Split,5.0,5:00,,,0
RmlnaHROb2RlOjcyNzI3,72727,codie-shuffield-vs-herbert-morgan-72727,RXZlbnROb2RlOjMxNzQ=,RmlnaHRlck5vZGU6NjQ3Ng==,RmlnaHRlck5vZGU6MTA1OTQ=,RmlnaHRlck5vZGU6NjQ3Ng==,MC,Light Heavyweight,205.0,KO/TKO,Punches,2.0,1:30,,,0
RmlnaHROb2RlOjMyMzI4,32328,bobby-taylor-vs-louis-hernandez-32328,RXZlbnROb2RlOjMxNzQ=,RmlnaHRlck5vZGU6NjkzMQ==,RmlnaHRlck5vZGU6MzUyMTg=,RmlnaHRlck5vZGU6NjkzMQ==,MC,Welterweight,170.0,Decision,Split,5.0,5:00,,,0
RmlnaHROb2RlOjMyMzMy,32332,chris-sarro-vs-billy-martin-32332,RXZlbnROb2RlOjMxNzQ=,RmlnaHRlck5vZGU6MzUyMTQ=,RmlnaHRlck5vZGU6MjAzNzY=,RmlnaHRlck5vZGU6MzUyMTQ=,MC,,,KO/TKO,Punch,1.0,1:50,,,0
RmlnaHROb2RlOjMyMzI1,32325,will-chope-vs-joe-elmore-32325,RXZlbnROb2RlOjMxNzQ=,RmlnaHRlck5vZGU6NTk5NQ==,RmlnaHRlck5vZGU6MTc3Ng==,RmlnaHRlck5vZGU6MTc3Ng==,MC,Welterweight,170.0,KO/TKO,Punches,1.0,0:52,,,0
RmlnaHROb2RlOjMyMzI5,32329,tee-cummins-vs-john-mcallister-32329,RXZlbnROb2RlOjMxNzQ=,RmlnaHRlck5vZGU6MzUyMTk=,RmlnaHRlck5vZGU6MzUyMTU=,RmlnaHRlck5vZGU6MzUyMTk=,MC,,,KO/TKO,Punch,2.0,0:42,,,0
RmlnaHROb2RlOjMyMzMw,32330,detrailous-webster-vs-linc-battee-32330,RXZlbnROb2RlOjMxNzQ=,RmlnaHRlck5vZGU6MzUyMjA=,RmlnaHRlck5vZGU6MTU0NDA=,,MC,,,,,,,,,1
RmlnaHROb2RlOjMyMzMx,32331,jeremy-rogers-vs-jeff-denton-32331,RXZlbnROb2RlOjMxNzQ=,RmlnaHRlck5vZGU6MzUwNTA=,RmlnaHRlck5vZGU6MzUyMjE=,,MC,Bantamweight,135.0,,,,,,,1
RmlnaHROb2RlOjMyMzY2,32366,renat-lyatifov-vs-boris-miroshnichenko-32366,RXZlbnROb2RlOjMxNzM=,RmlnaHRlck5vZGU6MTE2NzA=,RmlnaHRlck5vZGU6NjkzMg==,RmlnaHRlck5vZGU6MTE2NzA=,ME,Middleweight,185.0,Decision,Unanimous,3.0,5:00,,,0
RmlnaHROb2RlOjMyMjgz,32283,helen-peralta-vs-christine-ferea-32283,RXZlbnROb2RlOjMxNzM=,RmlnaHRlck5vZGU6MTUwNzA=,RmlnaHRlck5vZGU6MTQzMzI=,RmlnaHRlck5vZGU6MTUwNzA=,MC,Flyweight,125.0,,,,,,,0
RmlnaHROb2RlOjMyMzY3,32367,igor-egorov-vs-ivica-truscek-32367,RXZlbnROb2RlOjMxNzM=,RmlnaHRlck5vZGU6NzExMg==,RmlnaHRlck5vZGU6Mzg1Ng==,RmlnaHRlck5vZGU6NzExMg==,MC,Welterweight,170.0,Submission,Armbar,1.0,1:18,,,0
RmlnaHROb2RlOjMyODMw,32830,thiago-alves-vs-julian-lane-32830,RXZlbnROb2RlOjMxOTA=,RmlnaHRlck5vZGU6NTcz,RmlnaHRlck5vZGU6MTgzNQ==,RmlnaHRlck5vZGU6NTcz,ME,,,Decision,Split,5.0,5:00,-385.0,247.0,0
RmlnaHROb2RlOjMyNDI2,32426,hector-lombard-vs-kendall-grove-32426,RXZlbnROb2RlOjMxOTA=,RmlnaHRlck5vZGU6MTE2Mg==,RmlnaHRlck5vZGU6Njc0,RmlnaHRlck5vZGU6MTE2Mg==,CO,Light Heavyweight,205.0,KO/TKO,,1.0,1:50,-345.0,225.0,0
RmlnaHROb2RlOjYzNDQ1,63445,reginald-barnett-jr-vs-abdiel-velazquez-63445,RXZlbnROb2RlOjMxOTA=,RmlnaHRlck5vZGU6MjA2NjQ=,RmlnaHRlck5vZGU6OTExNQ==,RmlnaHRlck5vZGU6MjA2NjQ=,MC,Lightweight,155.0,Decision,Unanimous,5.0,5:00,,,0
RmlnaHROb2RlOjMyODYz,32863,calie-cutler-vs-christine-ferea-32863,RXZlbnROb2RlOjMxOTA=,RmlnaHRlck5vZGU6OTE1MA==,RmlnaHRlck5vZGU6MTQzMzI=,RmlnaHRlck5vZGU6MTQzMzI=,MC,Catchweight,128.0,KO/TKO,,2.0,Roun,,,0
RmlnaHROb2RlOjMyODY4,32868,lorenzo-hunt-vs-erick-lozano-32868,RXZlbnROb2RlOjMxOTA=,RmlnaHRlck5vZGU6MTc4OTU=,RmlnaHRlck5vZGU6MzAwNzM=,RmlnaHRlck5vZGU6MTc4OTU=,MC,Catchweight,195.0,KO/TKO,,3.0,Roun,,,0
RmlnaHROb2RlOjYzNDQ2,63446,josh-dyer-vs-jared-warren-63446,RXZlbnROb2RlOjMxOTA=,RmlnaHRlck5vZGU6MjE0NDM=,RmlnaHRlck5vZGU6MzUyMTI=,RmlnaHRlck5vZGU6MjE0NDM=,MC,Middleweight,185.0,KO/TKO,,5.0,Roun,,,0
RmlnaHROb2RlOjMyODY0,32864,joe-elmore-vs-tom-shoaff-32864,RXZlbnROb2RlOjMxOTA=,RmlnaHRlck5vZGU6MTc3Ng==,RmlnaHRlck5vZGU6MTYyMjM=,RmlnaHRlck5vZGU6MTc3Ng==,MC,Catchweight,165.0,Decision,Unanimous,5.0,5:00,,,0
RmlnaHROb2RlOjYzNDQ3,63447,jarod-grant-vs-josh-boudreaux-63447,RXZlbnROb2RlOjMxOTA=,RmlnaHRlck5vZGU6MzU2MTU=,RmlnaHRlck5vZGU6MzUyMDc=,RmlnaHRlck5vZGU6MzU2MTU=,MC,Bantamweight,135.0,KO/TKO,,2.0,1:23,,,0
RmlnaHROb2RlOjYzNDQ4,63448,kenmon-evans-vs-robert-washington-63448,RXZlbnROb2RlOjMxOTA=,RmlnaHRlck5vZGU6MzU2MTc=,RmlnaHRlck5vZGU6MzU2MTg=,RmlnaHRlck5vZGU6MzU2MTc=,PL,Middleweight,185.0,KO/TKO,,1.0,1:39,,,0
RmlnaHROb2RlOjMyODY1,32865,jacob-brunnell-vs-rusty-crowder-32865,RXZlbnROb2RlOjMxOTA=,RmlnaHRlck5vZGU6MzQ3Nw==,RmlnaHRlck5vZGU6NzQwNQ==,RmlnaHRlck5vZGU6NzQwNQ==,PL,Lightweight,155.0,Decision,Unanimous,5.0,5:00,,,0
RmlnaHROb2RlOjMyNDI1,32425,thiago-alves-vs-phil-baroni-32425,RXZlbnROb2RlOjMxOTA=,RmlnaHRlck5vZGU6NTcz,RmlnaHRlck5vZGU6NTAy,,ME,,,,,,,,,1
RmlnaHROb2RlOjMyODc2,32876,joey-beltran-vs-marcel-stamps-32876,RXZlbnROb2RlOjMxODk=,RmlnaHRlck5vZGU6OTYz,RmlnaHRlck5vZGU6MjI3NTc=,RmlnaHRlck5vZGU6OTYz,ME,,,KO/TKO,,4.0,1:55,,,0
RmlnaHROb2RlOjMzMTY4,33168,david-rickels-vs-cliff-wright-33168,RXZlbnROb2RlOjMxODk=,RmlnaHRlck5vZGU6MTYwOA==,RmlnaHRlck5vZGU6MTY4,RmlnaHRlck5vZGU6MTYwOA==,MC,,,Decision,Unanimous,5.0,5:00,,,0
RmlnaHROb2RlOjc0NTgw,74580,isaac-doolittle-vs-brandon-johnson-74580,RXZlbnROb2RlOjMxODk=,RmlnaHRlck5vZGU6MzU4MTU=,RmlnaHRlck5vZGU6NDgwNDA=,RmlnaHRlck5vZGU6MzU4MTU=,MC,Middleweight,185.0,Decision,Majority,5.0,5:00,,,0
RmlnaHROb2RlOjMzMTc1,33175,lj-hermreck-vs-rowdy-akers-33175,RXZlbnROb2RlOjMxODk=,RmlnaHRlck5vZGU6OTIwMA==,RmlnaHRlck5vZGU6ODY5NA==,RmlnaHRlck5vZGU6OTIwMA==,MC,,,KO/TKO,,1.0,0:51,,,0
RmlnaHROb2RlOjMzMTY5,33169,john-hollis-vs-fred-pierce-33169,RXZlbnROb2RlOjMxODk=,RmlnaHRlck5vZGU6Mjk2MQ==,RmlnaHRlck5vZGU6MTM0OTY=,RmlnaHRlck5vZGU6MTM0OTY=,MC,,,KO/TKO,,1.0,1:54,,,0
RmlnaHROb2RlOjMzMTc2,33176,miles-mcdonald-vs-kendrick-latchman-33176,RXZlbnROb2RlOjMxODk=,RmlnaHRlck5vZGU6NjI4NA==,RmlnaHRlck5vZGU6MTM0ODc=,RmlnaHRlck5vZGU6MTM0ODc=,MC,,,KO/TKO,,2.0,1:41,,,0
RmlnaHROb2RlOjMyOTIz,32923,jim-alers-vs-luis-palomino-32923,RXZlbnROb2RlOjMyMzc=,RmlnaHRlck5vZGU6MzkwMQ==,RmlnaHRlck5vZGU6MTg5OQ==,RmlnaHRlck5vZGU6MTg5OQ==,ME,Lightweight,155.0,KO/TKO,Right Cross,1.0,0:44,-217.0,152.0,0
RmlnaHROb2RlOjMzMzUz,33353,jake-bostwick-vs-tyler-vogel-33353,RXZlbnROb2RlOjMyMzc=,RmlnaHRlck5vZGU6NjAxNw==,RmlnaHRlck5vZGU6ODgzNA==,RmlnaHRlck5vZGU6NjAxNw==,CO,,,Decision,,6.0,5:00,,,0
RmlnaHROb2RlOjYyODI0,62824,britain-hart-vs-randine-eckholm-62824,RXZlbnROb2RlOjMyMzc=,RmlnaHRlck5vZGU6MzUxODE=,RmlnaHRlck5vZGU6MzU5Njc=,RmlnaHRlck5vZGU6MzUxODE=,MC,,,KO/TKO,,4.0,1:21,,,0
RmlnaHROb2RlOjYyODI1,62825,francesco-ricchi-vs-noah-cutter-62825,RXZlbnROb2RlOjMyMzc=,RmlnaHRlck5vZGU6MzUyMTc=,RmlnaHRlck5vZGU6NDE0Mjk=,RmlnaHRlck5vZGU6MzUyMTc=,MC,,,KO/TKO,Right Hand,3.0,0:31,,,0
RmlnaHROb2RlOjYyODI2,62826,ulysses-diaz-vs-donelei-benedetto-62826,RXZlbnROb2RlOjMyMzc=,RmlnaHRlck5vZGU6MzQwMzE=,RmlnaHRlck5vZGU6Mjc3Njc=,RmlnaHRlck5vZGU6MzQwMzE=,MC,,,KO/TKO,Punches,1.0,0:03,,,0
RmlnaHROb2RlOjYyODI3,62827,jarod-grant-vs-chris-johnson-62827,RXZlbnROb2RlOjMyMzc=,RmlnaHRlck5vZGU6MzU2MTU=,RmlnaHRlck5vZGU6Mjg0NTA=,RmlnaHRlck5vZGU6MzU2MTU=,MC,,,KO/TKO,,3.0,0:24,,,0
RmlnaHROb2RlOjYyODI4,62828,eddie-hoch-vs-jeff-chiffens-62828,RXZlbnROb2RlOjMyMzc=,RmlnaHRlck5vZGU6MTI4MDk=,RmlnaHRlck5vZGU6MzUyMTY=,RmlnaHRlck5vZGU6MTI4MDk=,MC,,,KO/TKO,,2.0,0:29,,,0
RmlnaHROb2RlOjczNDU0,73454,lorenzo-hunt-vs-davian-green-73454,RXZlbnROb2RlOjMyMzc=,RmlnaHRlck5vZGU6MTc4OTU=,RmlnaHRlck5vZGU6NTgwNjg=,RmlnaHRlck5vZGU6MTc4OTU=,MC,,,KO/TKO,,2.0,2:09,,,0
RmlnaHROb2RlOjMzNDI0,33424,allen-arzeno-vs-fred-pierce-33424,RXZlbnROb2RlOjMyMzc=,RmlnaHRlck5vZGU6MzQ0OQ==,RmlnaHRlck5vZGU6MTM0OTY=,RmlnaHRlck5vZGU6MzQ0OQ==,PL,,,KO/TKO,,1.0,1:31,,,0
RmlnaHROb2RlOjczNDU1,73455,kenmon-evans-vs-sedric-johnson-73455,RXZlbnROb2RlOjMyMzc=,RmlnaHRlck5vZGU6MzU2MTc=,RmlnaHRlck5vZGU6MzgyMjk=,RmlnaHRlck5vZGU6MzU2MTc=,PL,,,KO/TKO,,1.0,1:40,,,0
RmlnaHROb2RlOjMzNDM2,33436,lorenzo-hunt-vs-dustin-long-33436,RXZlbnROb2RlOjMyMzc=,RmlnaHRlck5vZGU6MTc4OTU=,RmlnaHRlck5vZGU6MTc3MTI=,,MC,,,,,,,,,1
RmlnaHROb2RlOjM0ODU3,34857,paige-vanzant-vs-britain-hart-34857,RXZlbnROb2RlOjMzMTQ=,RmlnaHRlck5vZGU6MjU2Mw==,RmlnaHRlck5vZGU6MzUxODE=,RmlnaHRlck5vZGU6MzUxODE=,ME,Featherweight,145.0,Decision,Unanimous,5.0,5:00,-115.0,-115.0,0
RmlnaHROb2RlOjM0ODU4,34858,johnny-bedford-vs-dat-nguyen-34858,RXZlbnROb2RlOjMzMTQ=,RmlnaHRlck5vZGU6OTYy,RmlnaHRlck5vZGU6MzUyMDk=,RmlnaHRlck5vZGU6MzUyMDk=,CO,Bantamweight,135.0,Decision,Unanimous,5.0,5:00,125.0,-167.0,0
RmlnaHROb2RlOjMzODkw,33890,chris-leben-vs-quentin-henry-33890,RXZlbnROb2RlOjMzMTQ=,RmlnaHRlck5vZGU6NzMx,RmlnaHRlck5vZGU6NzM3NA==,RmlnaHRlck5vZGU6NzMx,MC,Heavyweight,265.0,KO/TKO,Punches,1.0,1:07,-115.0,-115.0,0
RmlnaHROb2RlOjM0ODE5,34819,martin-brown-vs-zach-zane-34819,RXZlbnROb2RlOjMzMTQ=,RmlnaHRlck5vZGU6MTkyNg==,RmlnaHRlck5vZGU6OTk1OA==,RmlnaHRlck5vZGU6MTkyNg==,MC,Lightweight,155.0,KO/TKO,Punches,2.0,1:28,-667.0,400.0,0
RmlnaHROb2RlOjM0ODIw,34820,lorenzo-hunt-vs-rob-morrow-34820,RXZlbnROb2RlOjMzMTQ=,RmlnaHRlck5vZGU6MTc4OTU=,RmlnaHRlck5vZGU6MjYxMDM=,RmlnaHRlck5vZGU6MTc4OTU=,MC,Light Heavyweight,205.0,KO/TKO,Punches,2.0,4:00,-217.0,160.0,0
RmlnaHROb2RlOjM0ODYw,34860,greg-bono-vs-john-chalbeck-34860,RXZlbnROb2RlOjMzMTQ=,RmlnaHRlck5vZGU6MzY1NDc=,RmlnaHRlck5vZGU6MzY1NDg=,RmlnaHRlck5vZGU6MzY1NDg=,MC,Featherweight,145.0,KO/TKO,Punch,3.0,0:28,400.0,-667.0,0
RmlnaHROb2RlOjM0ODI2,34826,haim-gozali-vs-john-mcallister-34826,RXZlbnROb2RlOjMzMTQ=,RmlnaHRlck5vZGU6MTIyMzg=,RmlnaHRlck5vZGU6MzUyMTU=,RmlnaHRlck5vZGU6MTIyMzg=,MC,Heavyweight,265.0,KO/TKO,Punches,2.0,1:08,-1250.0,600.0,0
RmlnaHROb2RlOjM0ODI1,34825,dillon-cleckler-vs-chris-jensen-34825,RXZlbnROb2RlOjMzMTQ=,RmlnaHRlck5vZGU6OTQ5NA==,RmlnaHRlck5vZGU6MTAwNzM=,RmlnaHRlck5vZGU6OTQ5NA==,MC,Heavyweight,265.0,KO/TKO,Body Shot,1.0,0:24,-278.0,200.0,0
RmlnaHROb2RlOjczOTEx,73911,taylor-starling-vs-charisa-sigala-73911,RXZlbnROb2RlOjMzMTQ=,RmlnaHRlck5vZGU6MzM2MTk=,RmlnaHRlck5vZGU6MzA1MTI=,RmlnaHRlck5vZGU6MzM2MTk=,MC,Bantamweight,135.0,Decision,Unanimous,5.0,5:00,,,0
RmlnaHROb2RlOjczOTEy,73912,travis-thompson-vs-dave-morgan-73912,RXZlbnROb2RlOjMzMTQ=,RmlnaHRlck5vZGU6MzUxOTQ=,RmlnaHRlck5vZGU6Njc1NDk=,RmlnaHRlck5vZGU6MzUxOTQ=,PL,Bantamweight,135.0,KO/TKO,,2.0,0:22,,,0
RmlnaHROb2RlOjM0ODYy,34862,dave-morgan-vs-travis-thompson-34862,RXZlbnROb2RlOjMzMTQ=,RmlnaHRlck5vZGU6MTYwMw==,RmlnaHRlck5vZGU6MzUyMTA=,RmlnaHRlck5vZGU6MzUyMTA=,PL,Bantamweight,135.0,KO/TKO,,2.0,0:22,200.0,-278.0,0
RmlnaHROb2RlOjM0ODY4,34868,jeff-bailey-vs-drew-lipton-34868,RXZlbnROb2RlOjMzMTQ=,RmlnaHRlck5vZGU6MzU4NzI=,RmlnaHRlck5vZGU6MTUwNzg=,RmlnaHRlck5vZGU6MzU4NzI=,PL,,,KO/TKO,,1.0,1:32,,,0
RmlnaHROb2RlOjM0ODYx,34861,brandon-lambert-vs-jarod-grant-34861,RXZlbnROb2RlOjMzMTQ=,RmlnaHRlck5vZGU6MzYzMDk=,RmlnaHRlck5vZGU6MzU2MTU=,RmlnaHRlck5vZGU6MzU2MTU=,PL,Bantamweight,135.0,KO/TKO,Punch,3.0,1:11,400.0,-667.0,0
RmlnaHROb2RlOjY3MTI3,67127,david-diaz-vs-spencer-ruggeri-67127,RXZlbnROb2RlOjM1NDI=,RmlnaHRlck5vZGU6Mzg2MDA=,RmlnaHRlck5vZGU6Mzg1OTk=,RmlnaHRlck5vZGU6Mzg2MDA=,MC,,,Decision,Majority,5.0,5:00,,,0
RmlnaHROb2RlOjM1MzQ5,35349,adrian-miles-vs-jason-fish-35349,RXZlbnROb2RlOjM1NDI=,RmlnaHRlck5vZGU6NjQ1Mw==,RmlnaHRlck5vZGU6MTczNA==,RmlnaHRlck5vZGU6MTczNA==,MC,,,KO/TKO,Punches,3.0,1:20,,,0
RmlnaHROb2RlOjY3MTI1,67125,arnold-adams-vs-bobo-obannon-67125,RXZlbnROb2RlOjM1NDI=,RmlnaHRlck5vZGU6MTM4NDU=,RmlnaHRlck5vZGU6MzUyMDI=,RmlnaHRlck5vZGU6MTM4NDU=,MC,,,KO/TKO,Punches,1.0,1:58,,,0
RmlnaHROb2RlOjY3MTMw,67130,ryan-jones-vs-eric-thompson-67130,RXZlbnROb2RlOjM1NDI=,RmlnaHRlck5vZGU6Mzg1OTg=,RmlnaHRlck5vZGU6MTM1NzE=,RmlnaHRlck5vZGU6Mzg1OTg=,PL,,,KO/TKO,Injury (Broken Hand),2.0,2:00,,,0
RmlnaHROb2RlOjM1MzQ4,35348,melvin-guillard-vs-scott-oshaughnessy-35348,RXZlbnROb2RlOjM1NDI=,RmlnaHRlck5vZGU6Njc3,RmlnaHRlck5vZGU6MjA5Ng==,RmlnaHRlck5vZGU6MjA5Ng==,MC,,,KO/TKO,Punches,1.0,0:46,,,0
RmlnaHROb2RlOjY3MTI2,67126,kaleb-harris-vs-noah-cutter-67126,RXZlbnROb2RlOjM1NDI=,RmlnaHRlck5vZGU6MzUyMDA=,RmlnaHRlck5vZGU6NDE0Mjk=,RmlnaHRlck5vZGU6MzUyMDA=,MC,,,KO/TKO,Doctor Stoppage,1.0,2:00,,,0
RmlnaHROb2RlOjY3MTI5,67129,zion-tomlinson-sr-vs-tyler-hill-67129,RXZlbnROb2RlOjM1NDI=,RmlnaHRlck5vZGU6Mzg2MDE=,RmlnaHRlck5vZGU6NzU1Mg==,RmlnaHRlck5vZGU6Mzg2MDE=,PL,,,KO/TKO,Strikes,1.0,1:40,,,0
RmlnaHROb2RlOjM0ODgz,34883,leonard-garcia-vs-joe-elmore-34883,RXZlbnROb2RlOjM1NDI=,RmlnaHRlck5vZGU6NjYx,RmlnaHRlck5vZGU6MTc3Ng==,RmlnaHRlck5vZGU6NjYx,ME,,,Decision,Unanimous,5.0,5:00,,,0
RmlnaHROb2RlOjY3MTI4,67128,elvin-brito-vs-brad-kelly-67128,RXZlbnROb2RlOjM1NDI=,RmlnaHRlck5vZGU6MzQ2Nw==,RmlnaHRlck5vZGU6NDEyODU=,RmlnaHRlck5vZGU6MzQ2Nw==,PL,,,Decision,Unanimous,5.0,5:00,,,0
RmlnaHROb2RlOjczNDY4,73468,bobo-obannon-vs-zachary-calmus-73468,RXZlbnROb2RlOjM1NTM=,RmlnaHRlck5vZGU6MzUyMDI=,RmlnaHRlck5vZGU6Mzk0NDY=,RmlnaHRlck5vZGU6MzUyMDI=,MC,Heavyweight,265.0,KO/TKO,Corner Stoppage,2.0,2:00,,,0
RmlnaHROb2RlOjM1ODQy,35842,frank-tate-vs-josh-burns-35842,RXZlbnROb2RlOjM1NTM=,RmlnaHRlck5vZGU6MTE4OTc=,RmlnaHRlck5vZGU6MTgxOA==,RmlnaHRlck5vZGU6MTE4OTc=,ME,Heavyweight,265.0,KO/TKO,Punches,3.0,1:02,,,0
RmlnaHROb2RlOjczNDY3,73467,ronnie-rogers-vs-dimitri-angelini-73467,RXZlbnROb2RlOjM1NTM=,RmlnaHRlck5vZGU6MjA2Mg==,RmlnaHRlck5vZGU6Mzk0NDk=,RmlnaHRlck5vZGU6MjA2Mg==,MC,Lightweight,155.0,KO/TKO,Overhand Right,1.0,1:37,,,0
RmlnaHROb2RlOjM1NzE1,35715,lorenzo-hunt-vs-josh-dyer-35715,RXZlbnROb2RlOjM1NTM=,RmlnaHRlck5vZGU6MTc4OTU=,RmlnaHRlck5vZGU6MjE0NDM=,RmlnaHRlck5vZGU6MTc4OTU=,MC,Catchweight,195.0,KO/TKO,Lost Contact,5.0,0:52,-270.0,194.0,0
RmlnaHROb2RlOjM1NzE0,35714,marcel-stamps-vs-mike-richman-35714,RXZlbnROb2RlOjM1NTM=,RmlnaHRlck5vZGU6MjI3NTc=,RmlnaHRlck5vZGU6MTk2NQ==,RmlnaHRlck5vZGU6MTk2NQ==,CO,Catchweight,180.0,KO/TKO,Shoulder Injury,1.0,1:11,-213.0,157.0,0
RmlnaHROb2RlOjczNDcw,73470,rusty-crowder-vs-daniel-gary-73470,RXZlbnROb2RlOjM1NTM=,RmlnaHRlck5vZGU6NzQwNQ==,RmlnaHRlck5vZGU6NTU3NzY=,RmlnaHRlck5vZGU6NzQwNQ==,PL,Featherweight,145.0,KO/TKO,Punches,1.0,1:00,,,0
RmlnaHROb2RlOjM1ODQz,35843,tom-shoaff-vs-nathan-mitchell-35843,RXZlbnROb2RlOjM1NTM=,RmlnaHRlck5vZGU6MTYyMjM=,RmlnaHRlck5vZGU6MzY5NDk=,RmlnaHRlck5vZGU6MTYyMjM=,MC,Lightweight,155.0,KO/TKO,Body Shots,1.0,1:38,,,0
RmlnaHROb2RlOjM1MzY4,35368,dillon-cleckler-vs-josh-burns-35368,RXZlbnROb2RlOjM1NTM=,RmlnaHRlck5vZGU6OTQ5NA==,RmlnaHRlck5vZGU6MTgxOA==,,ME,,,,,,,,,1
RmlnaHROb2RlOjczNDcx,73471,anthony-retic-vs-andy-locker-73471,RXZlbnROb2RlOjM1NTM=,RmlnaHRlck5vZGU6MjkzMzU=,RmlnaHRlck5vZGU6Mzk3Mzk=,RmlnaHRlck5vZGU6MjkzMzU=,PL,Bantamweight,135.0,KO/TKO,Uppercut,1.0,0:38,,,0
RmlnaHROb2RlOjczNDY5,73469,robert-washington-vs-ryan-jones-73469,RXZlbnROb2RlOjM1NTM=,RmlnaHRlck5vZGU6MzU2MTg=,RmlnaHRlck5vZGU6Mzg1OTg=,RmlnaHRlck5vZGU6MzU2MTg=,MC,Middleweight,185.0,KO/TKO,Doctor Stoppage (Cut),2.0,0:52,,,0
RmlnaHROb2RlOjczNDcy,73472,ehsanullah-kakar-vs-chris-sarro-73472,RXZlbnROb2RlOjM1NTM=,RmlnaHRlck5vZGU6Mzk0NDc=,RmlnaHRlck5vZGU6MzUyMTQ=,RmlnaHRlck5vZGU6Mzk0NDc=,MC,Light Heavyweight,205.0,KO/TKO,Jab,1.0,0:46,,,0
RmlnaHROb2RlOjY2NzE3,66717,francesco-ricchi-vs-brian-maxwell-66717,RXZlbnROb2RlOjM1ODI=,RmlnaHRlck5vZGU6MzUyMTc=,RmlnaHRlck5vZGU6Mjc3NjY=,RmlnaHRlck5vZGU6MzUyMTc=,MC,,,KO/TKO,,2.0,1:25,,,0
RmlnaHROb2RlOjY2NzE2,66716,steve-herelius-vs-juan-torres-66716,RXZlbnROb2RlOjM1ODI=,RmlnaHRlck5vZGU6NTE1NTI=,RmlnaHRlck5vZGU6ODcxOQ==,RmlnaHRlck5vZGU6NTE1NTI=,MC,,,Decision,Split,5.0,5:00,,,0
RmlnaHROb2RlOjM1ODUw,35850,hector-lombard-vs-joe-riggs-35850,RXZlbnROb2RlOjM1ODI=,RmlnaHRlck5vZGU6MTE2Mg==,RmlnaHRlck5vZGU6ODI2,RmlnaHRlck5vZGU6MTE2Mg==,CO,Catchweight,225.0,KO/TKO,Doctor Stoppage,4.0,1:07,-205.0,175.0,0
RmlnaHROb2RlOjM2MTIz,36123,joey-beltran-vs-sam-shewmaker-36123,RXZlbnROb2RlOjM1ODI=,RmlnaHRlck5vZGU6OTYz,RmlnaHRlck5vZGU6MzUxODI=,RmlnaHRlck5vZGU6OTYz,ME,Heavyweight,265.0,Decision,Unanimous,5.0,5:00,-300.0,250.0,0
RmlnaHROb2RlOjY2NzE1,66715,eddie-hoch-vs-bruce-lutchmedial-66715,RXZlbnROb2RlOjM1ODI=,RmlnaHRlck5vZGU6MTI4MDk=,RmlnaHRlck5vZGU6MjYwMQ==,RmlnaHRlck5vZGU6MTI4MDk=,MC,,,Decision,Unanimous,5.0,5:00,,,0
RmlnaHROb2RlOjY2NzE0,66714,jarod-grant-vs-travis-thompson-66714,RXZlbnROb2RlOjM1ODI=,RmlnaHRlck5vZGU6MzU2MTU=,RmlnaHRlck5vZGU6MzUxOTQ=,RmlnaHRlck5vZGU6MzU2MTU=,MC,Bantamweight,135.0,KO/TKO,Doctor Stoppage,4.0,0:35,,,0
RmlnaHROb2RlOjY2NzEz,66713,julian-lane-vs-jake-bostwick-66713,RXZlbnROb2RlOjM1ODI=,RmlnaHRlck5vZGU6MTgzNQ==,RmlnaHRlck5vZGU6NjAxNw==,RmlnaHRlck5vZGU6MTgzNQ==,MC,Welterweight,170.0,Decision,Unanimous,5.0,5:00,,,0
RmlnaHROb2RlOjM2MjQ5,36249,pearl-gonzalez-vs-charisa-sigala-36249,RXZlbnROb2RlOjM1ODI=,RmlnaHRlck5vZGU6Mjc4Mw==,RmlnaHRlck5vZGU6MzA1MTI=,RmlnaHRlck5vZGU6Mjc4Mw==,MC,Bantamweight,135.0,Decision,Unanimous,5.0,5:00,-205.0,175.0,0
RmlnaHROb2RlOjM2MTI0,36124,luis-palomino-vs-tyler-goodjohn-36124,RXZlbnROb2RlOjM1ODI=,RmlnaHRlck5vZGU6MTg5OQ==,RmlnaHRlck5vZGU6Mzk3NTE=,RmlnaHRlck5vZGU6MTg5OQ==,MC,Lightweight,155.0,Decision,Unanimous,5.0,5:00,-275.0,235.0,0
RmlnaHROb2RlOjM1ODUx,35851,thiago-alves-vs-ulysses-diaz-35851,RXZlbnROb2RlOjM1ODI=,RmlnaHRlck5vZGU6NTcz,RmlnaHRlck5vZGU6MzQwMzE=,RmlnaHRlck5vZGU6NTcz,MC,Middleweight,185.0,KO/TKO,Doctor Stoppage,3.0,2:00,-150.0,130.0,0
RmlnaHROb2RlOjY2NzE5,66719,yosdenis-cedeno-vs-allen-arzeno-66719,RXZlbnROb2RlOjM1ODI=,RmlnaHRlck5vZGU6MzUzNw==,RmlnaHRlck5vZGU6MzQ0OQ==,RmlnaHRlck5vZGU6MzUzNw==,PL,Welterweight,170.0,Submission,Split,5.0,2:00,,,0
RmlnaHROb2RlOjY2NzE4,66718,joshuah-alvarez-vs-paul-teague-66718,RXZlbnROb2RlOjM1ODI=,RmlnaHRlck5vZGU6NDI4Mjg=,RmlnaHRlck5vZGU6NDUwNDk=,RmlnaHRlck5vZGU6NDI4Mjg=,PL,,,Submission,Split,5.0,2:00,,,0
RmlnaHROb2RlOjM2NjY0,36664,dk-moneyy-vs-nick-ireland-36664,RXZlbnROb2RlOjM2NTM=,RmlnaHRlck5vZGU6NDA2NzU=,RmlnaHRlck5vZGU6NDA2NzY=,RmlnaHRlck5vZGU6NDA2NzY=,MC,,,Decision,Majority,5.0,5:00,,,0
RmlnaHROb2RlOjM2NjYy,36662,jonathan-michael-porter-vs-austin-sprinz-36662,RXZlbnROb2RlOjM2NTM=,RmlnaHRlck5vZGU6NDA2NzE=,RmlnaHRlck5vZGU6NDA2NzI=,,MC,,,,,,,,,1
RmlnaHROb2RlOjcwNTU5,70559,jay-jackson-vs-damon-bell-70559,RXZlbnROb2RlOjM2NTM=,RmlnaHRlck5vZGU6MTQ3MDA=,RmlnaHRlck5vZGU6NDEyNjU=,RmlnaHRlck5vZGU6MTQ3MDA=,MC,,,KO/TKO,,3.0,1:58,,,0
RmlnaHROb2RlOjcwNTU4,70558,jared-warren-vs-zion-tomlinson-sr-70558,RXZlbnROb2RlOjM2NTM=,RmlnaHRlck5vZGU6MzUyMTI=,RmlnaHRlck5vZGU6Mzg2MDE=,RmlnaHRlck5vZGU6MzUyMTI=,MC,,,KO/TKO,,1.0,1:14,,,0
RmlnaHROb2RlOjcwNTYx,70561,jordan-nash-vs-brandon-allen-70561,RXZlbnROb2RlOjM2NTM=,RmlnaHRlck5vZGU6NDEyNjc=,RmlnaHRlck5vZGU6NDEyNjg=,RmlnaHRlck5vZGU6NDEyNjc=,MC,,,Decision,Unanimous,5.0,5:00,,,0
RmlnaHROb2RlOjcwNTYw,70560,chris-jensen-vs-kyle-mcelroy-70560,RXZlbnROb2RlOjM2NTM=,RmlnaHRlck5vZGU6MTAwNzM=,RmlnaHRlck5vZGU6NDEyNjY=,RmlnaHRlck5vZGU6MTAwNzM=,MC,,,KO/TKO,,1.0,1:27,,,0
RmlnaHROb2RlOjM2NjQy,36642,arnold-adams-vs-mick-terrill-36642,RXZlbnROb2RlOjM2NTM=,RmlnaHRlck5vZGU6MTM4NDU=,RmlnaHRlck5vZGU6Mzk0NDU=,RmlnaHRlck5vZGU6MTM4NDU=,CO,,,KO/TKO,,2.0,0:38,150.0,-180.0,0
RmlnaHROb2RlOjM2NjM3,36637,geane-herrera-vs-abdiel-velazquez-36637,RXZlbnROb2RlOjM2NTM=,RmlnaHRlck5vZGU6NjU3OQ==,RmlnaHRlck5vZGU6OTExNQ==,RmlnaHRlck5vZGU6NjU3OQ==,MC,,,KO/TKO,,2.0,0:14,-150.0,120.0,0
RmlnaHROb2RlOjcwNTU2,70556,taylor-starling-vs-cassie-robb-70556,RXZlbnROb2RlOjM2NTM=,RmlnaHRlck5vZGU6MzM2MTk=,RmlnaHRlck5vZGU6MjU1Mg==,RmlnaHRlck5vZGU6MzM2MTk=,MC,,,KO/TKO,,1.0,0:28,,,0
RmlnaHROb2RlOjM2NjQx,36641,britain-hart-vs-jenny-clausius-36641,RXZlbnROb2RlOjM2NTM=,RmlnaHRlck5vZGU6MzUxODE=,RmlnaHRlck5vZGU6MzE1OTM=,RmlnaHRlck5vZGU6MzUxODE=,MC,,,KO/TKO,,3.0,1:52,-365.0,290.0,0
RmlnaHROb2RlOjcwNTU3,70557,tony-soto-vs-joshua-sikes-70557,RXZlbnROb2RlOjM2NTM=,RmlnaHRlck5vZGU6NDEyNjM=,RmlnaHRlck5vZGU6NDEyNjQ=,RmlnaHRlck5vZGU6NDEyNjM=,MC,,,Decision,Unanimous,5.0,5:00,,,0
RmlnaHROb2RlOjM2MTY5,36169,paige-vanzant-vs-rachael-ostovich-36169,RXZlbnROb2RlOjM2NTM=,RmlnaHRlck5vZGU6MjU2Mw==,RmlnaHRlck5vZGU6NjgzMA==,RmlnaHRlck5vZGU6NjgzMA==,ME,,,Decision,Unanimous,5.0,5:00,-290.0,230.0,0
RmlnaHROb2RlOjM2NjYz,36663,evil-hero-vs-dakota-olave-36663,RXZlbnROb2RlOjM2NTM=,RmlnaHRlck5vZGU6NDA2NzM=,RmlnaHRlck5vZGU6NDA2NzQ=,RmlnaHRlck5vZGU6NDA2NzM=,MC,,,Decision,Unanimous,5.0,5:00,,,0
RmlnaHROb2RlOjM2OTgz,36983,johnny-bedford-vs-reginald-barnett-jr-36983,RXZlbnROb2RlOjM3MDQ=,RmlnaHRlck5vZGU6OTYy,RmlnaHRlck5vZGU6MjA2NjQ=,RmlnaHRlck5vZGU6OTYy,ME,Bantamweight,135.0,Decision,Unanimous,5.0,5:00,,,0
RmlnaHROb2RlOjM2OTg0,36984,ryan-jones-vs-kaine-tomlinson-sr-36984,RXZlbnROb2RlOjM3MDQ=,RmlnaHRlck5vZGU6Mzg1OTg=,RmlnaHRlck5vZGU6NDEzODQ=,RmlnaHRlck5vZGU6Mzg1OTg=,PL,,,KO/TKO,,1.0,1:49,-185.0,155.0,0
RmlnaHROb2RlOjYzMjU1,63255,scott-oshaughnessy-vs-david-simpson-63255,RXZlbnROb2RlOjM3MDQ=,RmlnaHRlck5vZGU6MjA5Ng==,RmlnaHRlck5vZGU6MzY5OTQ=,RmlnaHRlck5vZGU6MjA5Ng==,MC,,,Decision,Unanimous,5.0,5:00,,,0
RmlnaHROb2RlOjYzMjU0,63254,kaleb-harris-vs-derrick-findley-63254,RXZlbnROb2RlOjM3MDQ=,RmlnaHRlck5vZGU6MzUyMDA=,RmlnaHRlck5vZGU6NDE1NTE=,RmlnaHRlck5vZGU6MzUyMDA=,MC,Catchweight,165.0,Decision,Unanimous,5.0,5:00,,,0
RmlnaHROb2RlOjM2ODcw,36870,melvin-guillard-vs-harris-stephenson-36870,RXZlbnROb2RlOjM3MDQ=,RmlnaHRlck5vZGU6Njc3,RmlnaHRlck5vZGU6MTk4MTk=,RmlnaHRlck5vZGU6MTk4MTk=,MC,Catchweight,165.0,Disqualification,Intentional Foul,2.0,0:15,240.0,-300.0,0
RmlnaHROb2RlOjM3MDI5,37029,dillon-cleckler-vs-justin-thornton-37029,RXZlbnROb2RlOjM3MDQ=,RmlnaHRlck5vZGU6OTQ5NA==,RmlnaHRlck5vZGU6MTAwNzI=,RmlnaHRlck5vZGU6OTQ5NA==,MC,Heavyweight,265.0,KO/TKO,,1.0,0:19,-700.0,450.0,0
RmlnaHROb2RlOjM2OTg1,36985,elvin-brito-vs-julio-garcia-36985,RXZlbnROb2RlOjM3MDQ=,RmlnaHRlck5vZGU6MzQ2Nw==,RmlnaHRlck5vZGU6NDEzODU=,RmlnaHRlck5vZGU6MzQ2Nw==,MC,,,Decision,Majority,5.0,5:00,-425.0,325.0,0
RmlnaHROb2RlOjM2ODUx,36851,quentin-henry-vs-jason-fish-36851,RXZlbnROb2RlOjM3MDQ=,RmlnaHRlck5vZGU6NzM3NA==,RmlnaHRlck5vZGU6MTczNA==,RmlnaHRlck5vZGU6NzM3NA==,MC,,,KO/TKO,,2.0,0:36,130.0,-160.0,0
RmlnaHROb2RlOjM3MDMw,37030,bobby-taylor-vs-ronnie-rogers-37030,RXZlbnROb2RlOjM3MDQ=,RmlnaHRlck5vZGU6NjkzMQ==,RmlnaHRlck5vZGU6MjA2Mg==,RmlnaHRlck5vZGU6NjkzMQ==,PL,Lightweight,155.0,KO/TKO,,1.0,1:51,155.0,-185.0,0
RmlnaHROb2RlOjM2NjQz,36643,alan-belcher-vs-tony-lopez-36643,RXZlbnROb2RlOjM3MDQ=,RmlnaHRlck5vZGU6NTgy,RmlnaHRlck5vZGU6MjE0OA==,RmlnaHRlck5vZGU6NTgy,CO,Heavyweight,265.0,Decision,Unanimous,5.0,5:00,-270.0,210.0,0
RmlnaHROb2RlOjcwMTEw,70110,cody-land-vs-kevin-benson-70110,RXZlbnROb2RlOjM3MTY=,RmlnaHRlck5vZGU6MTcw,RmlnaHRlck5vZGU6MTczNDI=,RmlnaHRlck5vZGU6MTcw,MC,,,KO/TKO,Right Hook to the Body,2.0,1:29,,,0
RmlnaHROb2RlOjcwMTA4,70108,jason-high-vs-rocky-long-70108,RXZlbnROb2RlOjM3MTY=,RmlnaHRlck5vZGU6NTc=,RmlnaHRlck5vZGU6NTM3MQ==,RmlnaHRlck5vZGU6NTc=,MC,,,KO/TKO,Punches,1.0,1:59,,,0
RmlnaHROb2RlOjcwMTA5,70109,sean-wilson-vs-will-shutt-70109,RXZlbnROb2RlOjM3MTY=,RmlnaHRlck5vZGU6MzA2,RmlnaHRlck5vZGU6OTQ5OQ==,RmlnaHRlck5vZGU6MzA2,MC,,,KO/TKO,Left Hook,1.0,1:21,,,0
RmlnaHROb2RlOjM2OTk1,36995,houston-alexander-vs-wes-combs-36995,RXZlbnROb2RlOjM3MTY=,RmlnaHRlck5vZGU6MjA5,RmlnaHRlck5vZGU6NjEz,RmlnaHRlck5vZGU6MjA5,MC,,,KO/TKO,Overhand Right,1.0,0:34,-225.0,185.0,0
RmlnaHROb2RlOjcwMTA2,70106,josh-burns-vs-sam-shewmaker-70106,RXZlbnROb2RlOjM3MTY=,RmlnaHRlck5vZGU6MTgxOA==,RmlnaHRlck5vZGU6MzUxODI=,RmlnaHRlck5vZGU6MTgxOA==,CO,,,KO/TKO,Left Hook,1.0,0:19,,,0
RmlnaHROb2RlOjM2NzQ3,36747,dakota-cochrane-vs-mike-richman-36747,RXZlbnROb2RlOjM3MTY=,RmlnaHRlck5vZGU6MTcz,RmlnaHRlck5vZGU6MTk2NQ==,RmlnaHRlck5vZGU6MTk2NQ==,ME,Welterweight,170.0,KO/TKO,Punches,2.0,0:37,-270.0,210.0,0
RmlnaHROb2RlOjcwMTA3,70107,ryan-roberts-vs-jorge-gonzalez-70107,RXZlbnROb2RlOjM3MTY=,RmlnaHRlck5vZGU6ODMw,RmlnaHRlck5vZGU6NzI3NjM=,RmlnaHRlck5vZGU6ODMw,MC,,,KO/TKO,Overhand Right,2.0,0:29,,,0
RmlnaHROb2RlOjcwMTEx,70111,juan-carlos-de-leon-vs-keilen-fantroy-70111,RXZlbnROb2RlOjM3MTY=,RmlnaHRlck5vZGU6MzE3NTU=,RmlnaHRlck5vZGU6MjI5ODQ=,RmlnaHRlck5vZGU6MzE3NTU=,MC,,,KO/TKO,Right Hooks,2.0,1:36,,,0
RmlnaHROb2RlOjcwMTEy,70112,carlos-trinidad-vs-noah-cutter-70112,RXZlbnROb2RlOjM3MTY=,RmlnaHRlck5vZGU6NDU0NjM=,RmlnaHRlck5vZGU6NDE0Mjk=,RmlnaHRlck5vZGU6NDU0NjM=,PL,,,KO/TKO,Right Hook,1.0,0:38,,,0
RmlnaHROb2RlOjcwMTEz,70113,jeff-souder-vs-adam-valcourt-70113,RXZlbnROb2RlOjM3MTY=,RmlnaHRlck5vZGU6MjI5ODA=,RmlnaHRlck5vZGU6MTUwNjU=,RmlnaHRlck5vZGU6MjI5ODA=,PL,,,KO/TKO,Uppercuts,2.0,0:49,,,0
RmlnaHROb2RlOjYzMzgw,63380,dallas-davison-vs-jordan-christensen-63380,RXZlbnROb2RlOjM3NzI=,RmlnaHRlck5vZGU6NDIyMzg=,RmlnaHRlck5vZGU6MzU1OTA=,RmlnaHRlck5vZGU6NDIyMzg=,MC,,,KO/TKO,Doctor Stoppage,2.0,2:00,,,0
RmlnaHROb2RlOjYzMzc2,63376,leo-bercier-vs-luis-villasenor-63376,RXZlbnROb2RlOjM3NzI=,RmlnaHRlck5vZGU6MTYyOTQ=,RmlnaHRlck5vZGU6NDIyMjk=,RmlnaHRlck5vZGU6MTYyOTQ=,MC,,,KO/TKO,,2.0,1:26,,,0
RmlnaHROb2RlOjYzMzc4,63378,bryant-acheson-vs-josh-watson-63378,RXZlbnROb2RlOjM3NzI=,RmlnaHRlck5vZGU6NDIyMzM=,RmlnaHRlck5vZGU6NDIyMzQ=,RmlnaHRlck5vZGU6NDIyMzM=,MC,,,KO/TKO,,1.0,0:30,,,0
RmlnaHROb2RlOjY4Njg4,68688,christine-ferea-vs-calista-silgado-68688,RXZlbnROb2RlOjM3NzI=,RmlnaHRlck5vZGU6MTQzMzI=,RmlnaHRlck5vZGU6NDIyMjc=,RmlnaHRlck5vZGU6MTQzMzI=,CO,,,KO/TKO,,3.0,3:34,,,0
RmlnaHROb2RlOjYzMzgx,63381,sawyer-depee-vs-james-dennis-63381,RXZlbnROb2RlOjM3NzI=,RmlnaHRlck5vZGU6NDIyMzc=,RmlnaHRlck5vZGU6NDIyMzY=,RmlnaHRlck5vZGU6NDIyMzc=,PL,,,KO/TKO,,1.0,1:01,,,0
RmlnaHROb2RlOjYzMzgy,63382,kai-stewart-vs-darrick-gates-63382,RXZlbnROb2RlOjM3NzI=,RmlnaHRlck5vZGU6NDIyMzA=,RmlnaHRlck5vZGU6NDIyMzE=,RmlnaHRlck5vZGU6NDIyMzA=,PL,,,KO/TKO,,1.0,1:24,,,0
RmlnaHROb2RlOjYzMzc3,63377,tom-shoaff-vs-josh-wright-63377,RXZlbnROb2RlOjM3NzI=,RmlnaHRlck5vZGU6MTYyMjM=,RmlnaHRlck5vZGU6NDIyMzI=,RmlnaHRlck5vZGU6MTYyMjM=,MC,,,KO/TKO,,2.0,1:25,,,0
RmlnaHROb2RlOjM3NTMw,37530,joe-riggs-vs-melvin-guillard-37530,RXZlbnROb2RlOjM3NzI=,RmlnaHRlck5vZGU6ODI2,RmlnaHRlck5vZGU6Njc3,RmlnaHRlck5vZGU6ODI2,ME,,,KO/TKO,Punches,1.0,0:59,-325.0,250.0,0
RmlnaHROb2RlOjYzMzc5,63379,jade-masson-wong-vs-crystal-pittman-63379,RXZlbnROb2RlOjM3NzI=,RmlnaHRlck5vZGU6NDE4Njg=,RmlnaHRlck5vZGU6NDIyMzU=,RmlnaHRlck5vZGU6NDE4Njg=,MC,,,KO/TKO,Doctor Stoppage,3.0,2:00,,,0
RmlnaHROb2RlOjYzMzc1,63375,lloyd-woodard-vs-brett-fields-63375,RXZlbnROb2RlOjM3NzI=,RmlnaHRlck5vZGU6MTg5Mg==,RmlnaHRlck5vZGU6NDIyMjg=,RmlnaHRlck5vZGU6MTg5Mg==,MC,,,KO/TKO,,1.0,0:14,,,0
RmlnaHROb2RlOjM3NTI3,37527,david-rickels-vs-julian-lane-37527,RXZlbnROb2RlOjM3NzE=,RmlnaHRlck5vZGU6MTYwOA==,RmlnaHRlck5vZGU6MTgzNQ==,RmlnaHRlck5vZGU6MTYwOA==,ME,,,Decision,Unanimous,5.0,5:00,-120.0,-110.0,0
RmlnaHROb2RlOjYzNzM2,63736,mark-irwin-vs-drake-heitfield-63736,RXZlbnROb2RlOjM3NzE=,RmlnaHRlck5vZGU6NDIyMjQ=,RmlnaHRlck5vZGU6NjM1MDA=,RmlnaHRlck5vZGU6NDIyMjQ=,MC,,,KO/TKO,Right Cross,2.0,1:30,,,0
RmlnaHROb2RlOjYzNzM3,63737,chancey-wilson-vs-joshua-richey-63737,RXZlbnROb2RlOjM3NzE=,RmlnaHRlck5vZGU6MzMyNDI=,RmlnaHRlck5vZGU6NDIyMjY=,RmlnaHRlck5vZGU6MzMyNDI=,MC,,,Decision,Unanimous,5.0,5:00,,,0
RmlnaHROb2RlOjM3NTI4,37528,jake-lindsey-vs-eric-thompson-37528,RXZlbnROb2RlOjM3NzE=,RmlnaHRlck5vZGU6MjkyNw==,RmlnaHRlck5vZGU6MTM1NzE=,RmlnaHRlck5vZGU6MjkyNw==,MC,,,KO/TKO,,3.0,1:00,-700.0,450.0,0
RmlnaHROb2RlOjYzNzMz,63733,isaac-doolittle-vs-jay-jackson-63733,RXZlbnROb2RlOjM3NzE=,RmlnaHRlck5vZGU6MzU4MTU=,RmlnaHRlck5vZGU6MTQ3MDA=,RmlnaHRlck5vZGU6MzU4MTU=,CO,,,Decision,Majority,5.0,5:00,,,0
RmlnaHROb2RlOjYzNzM0,63734,charisa-sigala-vs-jessica-link-davis-63734,RXZlbnROb2RlOjM3NzE=,RmlnaHRlck5vZGU6MzA1MTI=,RmlnaHRlck5vZGU6NTUxNzc=,RmlnaHRlck5vZGU6MzA1MTI=,MC,,,Decision,Split,5.0,5:00,,,0
RmlnaHROb2RlOjYzNzM1,63735,chevvy-bridges-vs-lj-hermreck-63735,RXZlbnROb2RlOjM3NzE=,RmlnaHRlck5vZGU6NDI2MTI=,RmlnaHRlck5vZGU6OTIwMA==,RmlnaHRlck5vZGU6NDI2MTI=,MC,,,KO/TKO,Left Straight,1.0,1:23,,,0
RmlnaHROb2RlOjYzNzM4,63738,shawn-moffett-vs-nick-villar-63738,RXZlbnROb2RlOjM3NzE=,RmlnaHRlck5vZGU6MzMyNjk=,RmlnaHRlck5vZGU6NDIyMTk=,RmlnaHRlck5vZGU6MzMyNjk=,PL,,,KO/TKO,Punches,1.0,0:58,,,0
RmlnaHROb2RlOjM3NTI5,37529,scott-heston-vs-john-mcallister-37529,RXZlbnROb2RlOjM3NzE=,RmlnaHRlck5vZGU6MTUwNTA=,RmlnaHRlck5vZGU6MzUyMTU=,,PL,,,,,,,,,1
RmlnaHROb2RlOjYyOTM0,62934,christian-torres-vs-art-driscoll-62934,RXZlbnROb2RlOjM3NzA=,RmlnaHRlck5vZGU6OTA1MQ==,RmlnaHRlck5vZGU6NDI4NDA=,RmlnaHRlck5vZGU6OTA1MQ==,PL,,,KO/TKO,,2.0,0:16,,,0
RmlnaHROb2RlOjM3ODUz,37853,art-parker-vs-lewis-rumsey-37853,RXZlbnROb2RlOjM3NzA=,RmlnaHRlck5vZGU6NjkwMg==,RmlnaHRlck5vZGU6MTg4Nw==,RmlnaHRlck5vZGU6NjkwMg==,PL,,,KO/TKO,,2.0,0:41,165.0,-205.0,0
RmlnaHROb2RlOjcyNzMy,72732,jake-young-vs-dustin-pague-72732,RXZlbnROb2RlOjM3NzA=,RmlnaHRlck5vZGU6NDIyMTE=,RmlnaHRlck5vZGU6MTI0OA==,RmlnaHRlck5vZGU6NDIyMTE=,CO,,,Disqualification,Repeated Ground Strikes,1.0,0:57,,,0
RmlnaHROb2RlOjM3NTI1,37525,joey-beltran-vs-arnold-adams-37525,RXZlbnROb2RlOjM3NzA=,RmlnaHRlck5vZGU6OTYz,RmlnaHRlck5vZGU6MTM4NDU=,RmlnaHRlck5vZGU6MTM4NDU=,ME,,,Decision,Unanimous,5.0,5:00,-116.0,-114.0,0
RmlnaHROb2RlOjYyOTMy,62932,travis-thompson-vs-jack-grady-62932,RXZlbnROb2RlOjM3NzA=,RmlnaHRlck5vZGU6MzUxOTQ=,RmlnaHRlck5vZGU6NDIyMTI=,RmlnaHRlck5vZGU6MzUxOTQ=,MC,,,KO/TKO,,3.0,1:18,,,0
RmlnaHROb2RlOjcyNzMz,72733,matt-phillips-vs-derek-greene-72733,RXZlbnROb2RlOjM3NzA=,RmlnaHRlck5vZGU6NDIyMTM=,RmlnaHRlck5vZGU6NDIyMTQ=,RmlnaHRlck5vZGU6NDIyMTM=,MC,,,KO/TKO,,1.0,0:35,,,0
RmlnaHROb2RlOjYyOTMz,62933,devin-gibson-vs-ray-lopez-62933,RXZlbnROb2RlOjM3NzA=,RmlnaHRlck5vZGU6NDI4Mzk=,RmlnaHRlck5vZGU6MTk4MTY=,RmlnaHRlck5vZGU6NDI4Mzk=,MC,,,Decision,Unanimous,5.0,5:00,,,0
RmlnaHROb2RlOjcyNzM0,72734,louie-lopez-vs-gabe-saccheti-72734,RXZlbnROb2RlOjM3NzA=,RmlnaHRlck5vZGU6Mzk0NDg=,RmlnaHRlck5vZGU6NDI4Mzg=,RmlnaHRlck5vZGU6Mzk0NDg=,MC,,,KO/TKO,,1.0,1:38,,,0
RmlnaHROb2RlOjcwMTMz,70133,peter-peraza-vs-manuel-moreira-70133,RXZlbnROb2RlOjM3MzU=,RmlnaHRlck5vZGU6NDI4MzI=,RmlnaHRlck5vZGU6NDI5OTU=,RmlnaHRlck5vZGU6NDI4MzI=,PL,,,Decision,Unanimous,5.0,5:00,,,0
RmlnaHROb2RlOjcwMTMy,70132,james-rodriguez-vs-brian-maxwell-70132,RXZlbnROb2RlOjM3MzU=,RmlnaHRlck5vZGU6MzQ2NDk=,RmlnaHRlck5vZGU6Mjc3NjY=,RmlnaHRlck5vZGU6MzQ2NDk=,PL,,,KO/TKO,,1.0,1:18,,,0
RmlnaHROb2RlOjcwMTMx,70131,montaser-aboughaly-vs-cage-noah-70131,RXZlbnROb2RlOjM3MzU=,RmlnaHRlck5vZGU6NDI4MzA=,RmlnaHRlck5vZGU6NDI4MzE=,RmlnaHRlck5vZGU6NDI4MzA=,MC,,,KO/TKO,,2.0,0:46,,,0
RmlnaHROb2RlOjcwMTMw,70130,arthur-walcott-ceesay-vs-joshuah-alvarez-70130,RXZlbnROb2RlOjM3MzU=,RmlnaHRlck5vZGU6NDI4Mjk=,RmlnaHRlck5vZGU6NDI4Mjg=,RmlnaHRlck5vZGU6NDI4Mjk=,MC,,,Decision,Unanimous,5.0,5:00,,,0
RmlnaHROb2RlOjcwMTI5,70129,howard-davis-vs-rusty-crowder-70129,RXZlbnROb2RlOjM3MzU=,RmlnaHRlck5vZGU6NDI4MDY=,RmlnaHRlck5vZGU6NzQwNQ==,RmlnaHRlck5vZGU6NDI4MDY=,MC,,,Decision,Unanimous,5.0,5:00,,,0
RmlnaHROb2RlOjcwMTI4,70128,lorenzo-hunt-vs-hector-lombard-70128,RXZlbnROb2RlOjM3MzU=,RmlnaHRlck5vZGU6MTc4OTU=,RmlnaHRlck5vZGU6MTE2Mg==,RmlnaHRlck5vZGU6MTc4OTU=,ME,Catchweight,200.0,Decision,Unanimous,5.0,5:00,,,0
RmlnaHROb2RlOjM3Nzcw,37770,luis-palomino-vs-dat-nguyen-37770,RXZlbnROb2RlOjM3MzU=,RmlnaHRlck5vZGU6MTg5OQ==,RmlnaHRlck5vZGU6MzUyMDk=,RmlnaHRlck5vZGU6MTg5OQ==,CO,,,Decision,Unanimous,5.0,5:00,-175.0,145.0,0
RmlnaHROb2RlOjM3ODIx,37821,pearl-gonzalez-vs-britain-hart-37821,RXZlbnROb2RlOjM3MzU=,RmlnaHRlck5vZGU6Mjc4Mw==,RmlnaHRlck5vZGU6MzUxODE=,RmlnaHRlck5vZGU6MzUxODE=,MC,,,Decision,Unanimous,5.0,5:00,157.0,-187.0,0
RmlnaHROb2RlOjM3ODUx,37851,gustavo-trujillo-vs-mike-kyle-37851,RXZlbnROb2RlOjM3MzU=,RmlnaHRlck5vZGU6MjU0ODQ=,RmlnaHRlck5vZGU6OTA=,RmlnaHRlck5vZGU6MjU0ODQ=,MC,,,KO/TKO,,1.0,0:34,-700.0,450.0,0
RmlnaHROb2RlOjM3ODM1,37835,marcus-brimage-vs-will-shutt-37835,RXZlbnROb2RlOjM3MzU=,RmlnaHRlck5vZGU6OTc4,RmlnaHRlck5vZGU6OTQ5OQ==,RmlnaHRlck5vZGU6OTc4,MC,,,Ends in a Draw,Split,5.0,5:00,-260.0,200.0,0
RmlnaHROb2RlOjcwMjM2,70236,tyler-randall-vs-darwin-bonilla-70236,RXZlbnROb2RlOjM3MzU=,RmlnaHRlck5vZGU6NDI4MDc=,RmlnaHRlck5vZGU6NDI5OTY=,RmlnaHRlck5vZGU6NDI4MDc=,PL,,,Decision,Unanimous,5.0,5:00,,,0
RmlnaHROb2RlOjYyODUy,62852,rynell-riley-vs-trukon-carson-62852,RXZlbnROb2RlOjM4MDc=,RmlnaHRlck5vZGU6NDMwMDU=,RmlnaHRlck5vZGU6NDMwMDY=,RmlnaHRlck5vZGU6NDMwMDU=,PL,Catchweight,165.0,KO/TKO,Doctor Stoppage,3.0,0:17,,,0
RmlnaHROb2RlOjM3OTQ3,37947,martin-brown-vs-bobby-taylor-37947,RXZlbnROb2RlOjM4MDc=,RmlnaHRlck5vZGU6MTkyNg==,RmlnaHRlck5vZGU6NjkzMQ==,RmlnaHRlck5vZGU6MTkyNg==,ME,Lightweight,155.0,Decision,Unanimous,5.0,5:00,-280.0,220.0,0
RmlnaHROb2RlOjc1NjIx,75621,joshua-sikes-vs-michael-stripling-75621,RXZlbnROb2RlOjM4MDc=,RmlnaHRlck5vZGU6NDEyNjQ=,RmlnaHRlck5vZGU6NDMwMDg=,RmlnaHRlck5vZGU6NDEyNjQ=,PL,Catchweight,165.0,Decision,Unanimous,5.0,5:00,,,0
RmlnaHROb2RlOjc1NjIw,75620,stevo-morris-vs-jorge-gonzalez-rolon-75620,RXZlbnROb2RlOjM4MDc=,RmlnaHRlck5vZGU6NDMwMDc=,RmlnaHRlck5vZGU6MzUxODc=,RmlnaHRlck5vZGU6NDMwMDc=,PL,Featherweight,145.0,KO/TKO,,2.0,1:43,,,0
RmlnaHROb2RlOjM3OTk4,37998,peter-petties-vs-robbie-peralta-37998,RXZlbnROb2RlOjM4MDc=,RmlnaHRlck5vZGU6Nzc3Mg==,RmlnaHRlck5vZGU6MTI2MA==,RmlnaHRlck5vZGU6MTI2MA==,MC,Lightweight,155.0,Decision,Unanimous,5.0,5:00,,,0
RmlnaHROb2RlOjYyODQ5,62849,taylor-starling-vs-hannah-guy-62849,RXZlbnROb2RlOjM4MDc=,RmlnaHRlck5vZGU6MzM2MTk=,RmlnaHRlck5vZGU6MzY1NDE=,RmlnaHRlck5vZGU6MzM2MTk=,CO,Flyweight,125.0,Decision,Unanimous,5.0,5:00,,,0
RmlnaHROb2RlOjYyODUw,62850,david-mundell-vs-stanislav-grosu-62850,RXZlbnROb2RlOjM4MDc=,RmlnaHRlck5vZGU6MTEwMzg=,RmlnaHRlck5vZGU6NDMwMDQ=,RmlnaHRlck5vZGU6MTEwMzg=,MC,Catchweight,180.0,Decision,Unanimous,5.0,5:00,,,0
RmlnaHROb2RlOjYyODUx,62851,noah-cutter-vs-jordan-nash-62851,RXZlbnROb2RlOjM4MDc=,RmlnaHRlck5vZGU6NDE0Mjk=,RmlnaHRlck5vZGU6NDEyNjc=,RmlnaHRlck5vZGU6NDE0Mjk=,MC,Catchweight,165.0,KO/TKO,Doctor Stoppage,5.0,0:46,,,0
RmlnaHROb2RlOjM4MDIz,38023,delaney-owen-vs-jenny-clausius-38023,RXZlbnROb2RlOjM4MDc=,RmlnaHRlck5vZGU6NjI1MQ==,RmlnaHRlck5vZGU6MzE1OTM=,RmlnaHRlck5vZGU6MzE1OTM=,MC,Strawweight,115.0,Decision,Split,5.0,5:00,,,0
RmlnaHROb2RlOjc1NjE5,75619,jr-ridge-vs-jerald-gregori-75619,RXZlbnROb2RlOjM4MDc=,RmlnaHRlck5vZGU6NDMxNzU=,RmlnaHRlck5vZGU6NDMxNzY=,RmlnaHRlck5vZGU6NDMxNzU=,MC,Catchweight,130.0,KO/TKO,,1.0,0:41,,,0
RmlnaHROb2RlOjcwOTk2,70996,alan-belcher-vs-bobo-obannon-70996,RXZlbnROb2RlOjM4MjM=,RmlnaHRlck5vZGU6NTgy,RmlnaHRlck5vZGU6MzUyMDI=,RmlnaHRlck5vZGU6NTgy,CO,Heavyweight,265.0,KO/TKO,Right Hook,1.0,1:48,,,0
RmlnaHROb2RlOjM4MzM3,38337,jeremiah-riggs-vs-eric-thompson-38337,RXZlbnROb2RlOjM4MjM=,RmlnaHRlck5vZGU6MTc1MQ==,RmlnaHRlck5vZGU6MTM1NzE=,RmlnaHRlck5vZGU6MTc1MQ==,MC,,,KO/TKO,Right Cross,1.0,1:39,-210.0,170.0,0
RmlnaHROb2RlOjM4MzAw,38300,quentin-henry-vs-chris-sarro-38300,RXZlbnROb2RlOjM4MjM=,RmlnaHRlck5vZGU6NzM3NA==,RmlnaHRlck5vZGU6MzUyMTQ=,RmlnaHRlck5vZGU6NzM3NA==,MC,Heavyweight,265.0,KO/TKO,Doctor Stoppage (Vision Issues),2.0,2:00,-200.0,160.0,0
RmlnaHROb2RlOjcwOTk3,70997,jared-warren-vs-scott-oshaughnessy-70997,RXZlbnROb2RlOjM4MjM=,RmlnaHRlck5vZGU6MzUyMTI=,RmlnaHRlck5vZGU6MjA5Ng==,RmlnaHRlck5vZGU6MzUyMTI=,MC,,,KO/TKO,Punches,1.0,1:39,,,0
RmlnaHROb2RlOjM4Mzgy,38382,wade-johnson-vs-nathan-mitchell-38382,RXZlbnROb2RlOjM4MjM=,RmlnaHRlck5vZGU6NzQ4OA==,RmlnaHRlck5vZGU6MzY5NDk=,RmlnaHRlck5vZGU6NzQ4OA==,MC,Lightweight,155.0,KO/TKO,Right Hooks to the Body,5.0,0:30,-150.0,120.0,0
RmlnaHROb2RlOjcwOTk1,70995,elvin-brito-vs-kaleb-harris-70995,RXZlbnROb2RlOjM4MjM=,RmlnaHRlck5vZGU6MzQ2Nw==,RmlnaHRlck5vZGU6MzUyMDA=,RmlnaHRlck5vZGU6MzQ2Nw==,ME,Lightweight,155.0,Decision,Split,5.0,5:00,,,0
RmlnaHROb2RlOjcwOTk5,70999,crystal-pittman-vs-audra-cummings-70999,RXZlbnROb2RlOjM4MjM=,RmlnaHRlck5vZGU6NDIyMzU=,RmlnaHRlck5vZGU6NDM1MzU=,RmlnaHRlck5vZGU6NDIyMzU=,MC,,,Decision,Unanimous,5.0,5:00,,,0
RmlnaHROb2RlOjM4Mzgx,38381,detrailous-webster-vs-rob-morrow-38381,RXZlbnROb2RlOjM4MjM=,RmlnaHRlck5vZGU6MzUyMjA=,RmlnaHRlck5vZGU6MjYxMDM=,,MC,Light Heavyweight,205.0,,,,,,,1
RmlnaHROb2RlOjcxMDAw,71000,martyna-krol-vs-jocelyn-jones-lybarger-71000,RXZlbnROb2RlOjM4MjM=,RmlnaHRlck5vZGU6NDM1Mjc=,RmlnaHRlck5vZGU6NjcwNw==,RmlnaHRlck5vZGU6NDM1Mjc=,PL,Flyweight,125.0,KO/TKO,Doctor Stoppage (Cut),3.0,2:00,,,0
RmlnaHROb2RlOjcxMDAx,71001,david-diaz-vs-albert-inclan-71001,RXZlbnROb2RlOjM4MjM=,RmlnaHRlck5vZGU6Mzg2MDA=,RmlnaHRlck5vZGU6NDM1MzM=,RmlnaHRlck5vZGU6Mzg2MDA=,PL,,,Decision,Unanimous,5.0,5:00,,,0
RmlnaHROb2RlOjcwOTk4,70998,brandon-johnson-vs-ryan-jones-70998,RXZlbnROb2RlOjM4MjM=,RmlnaHRlck5vZGU6NDgwNDA=,RmlnaHRlck5vZGU6Mzg1OTg=,RmlnaHRlck5vZGU6NDgwNDA=,MC,,,KO/TKO,,2.0,2:00,,,0
RmlnaHROb2RlOjM4MzQ3,38347,mike-perry-vs-julian-lane-38347,RXZlbnROb2RlOjM4MjU=,RmlnaHRlck5vZGU6MTA4OTM=,RmlnaHRlck5vZGU6MTgzNQ==,RmlnaHRlck5vZGU6MTA4OTM=,CO,Catchweight,175.0,Decision,Unanimous,5.0,5:00,-290.0,230.0,0
RmlnaHROb2RlOjM4NjQx,38641,luis-palomino-vs-martin-brown-38641,RXZlbnROb2RlOjM4MjU=,RmlnaHRlck5vZGU6MTg5OQ==,RmlnaHRlck5vZGU6MTkyNg==,RmlnaHRlck5vZGU6MTg5OQ==,ME,Lightweight,155.0,Decision,Unanimous,5.0,5:00,-130.0,100.0,0
RmlnaHROb2RlOjY3MTU0,67154,gustavo-trujillo-vs-stephen-townsel-67154,RXZlbnROb2RlOjM4MjU=,RmlnaHRlck5vZGU6MjU0ODQ=,RmlnaHRlck5vZGU6NDM5MjA=,RmlnaHRlck5vZGU6MjU0ODQ=,MC,Catchweight,220.0,KO/TKO,,1.0,1:41,,,0
RmlnaHROb2RlOjY3MTU1,67155,christine-vicens-vs-jade-masson-wong-67155,RXZlbnROb2RlOjM4MjU=,RmlnaHRlck5vZGU6NDM5MjE=,RmlnaHRlck5vZGU6NDE4Njg=,RmlnaHRlck5vZGU6NDM5MjE=,MC,Flyweight,126.0,KO/TKO,,3.0,0:49,,,0
RmlnaHROb2RlOjY3MTU2,67156,francesco-ricchi-vs-jake-bostwick-67156,RXZlbnROb2RlOjM4MjU=,RmlnaHRlck5vZGU6MzUyMTc=,RmlnaHRlck5vZGU6NjAxNw==,RmlnaHRlck5vZGU6MzUyMTc=,MC,Catchweight,175.0,Decision,Unanimous,5.0,5:00,,,0
RmlnaHROb2RlOjY3MTU3,67157,ulysses-diaz-vs-sawyer-depee-67157,RXZlbnROb2RlOjM4MjU=,RmlnaHRlck5vZGU6MzQwMzE=,RmlnaHRlck5vZGU6NDIyMzc=,RmlnaHRlck5vZGU6MzQwMzE=,MC,Middleweight,185.0,KO/TKO,,2.0,1:00,,,0
RmlnaHROb2RlOjY3MTU4,67158,edgard-plazaola-vs-chevvy-bridges-67158,RXZlbnROb2RlOjM4MjU=,RmlnaHRlck5vZGU6NDM5MjI=,RmlnaHRlck5vZGU6NDI2MTI=,RmlnaHRlck5vZGU6NDM5MjI=,MC,Featherweight,145.0,KO/TKO,,3.0,1:29,,,0
RmlnaHROb2RlOjcxOTgz,71983,yosdenis-cedeno-vs-mario-vargas-71983,RXZlbnROb2RlOjM4MjU=,RmlnaHRlck5vZGU6MzUzNw==,RmlnaHRlck5vZGU6NDM5MjQ=,RmlnaHRlck5vZGU6MzUzNw==,MC,Catchweight,165.0,Decision,Unanimous,5.0,5:00,,,0
RmlnaHROb2RlOjY3MTUz,67153,chad-mendes-vs-joshuah-alvarez-67153,RXZlbnROb2RlOjM4MjU=,RmlnaHRlck5vZGU6MTIwNQ==,RmlnaHRlck5vZGU6NDI4Mjg=,RmlnaHRlck5vZGU6MTIwNQ==,MC,Lightweight,155.0,KO/TKO,,4.0,1:34,,,0
RmlnaHROb2RlOjM4NjQy,38642,britain-hart-vs-christine-ferea-38642,RXZlbnROb2RlOjM4MjU=,RmlnaHRlck5vZGU6MzUxODE=,RmlnaHRlck5vZGU6MTQzMzI=,RmlnaHRlck5vZGU6MTQzMzI=,MC,Flyweight,125.0,Decision,Unanimous,5.0,5:00,200.0,-260.0,0
RmlnaHROb2RlOjY3MTU5,67159,john-michael-escoboza-vs-zion-tomlinson-sr-67159,RXZlbnROb2RlOjM4MjU=,RmlnaHRlck5vZGU6MzQxNDQ=,RmlnaHRlck5vZGU6Mzg2MDE=,RmlnaHRlck5vZGU6MzQxNDQ=,MC,Middleweight,185.0,KO/TKO,,4.0,1:16,,,0
RmlnaHROb2RlOjM5MDg0,39084,jarod-grant-vs-anthony-retic-39084,RXZlbnROb2RlOjM5MTA=,RmlnaHRlck5vZGU6MzU2MTU=,RmlnaHRlck5vZGU6MjkzMzU=,RmlnaHRlck5vZGU6MzU2MTU=,ME,Bantamweight,135.0,Decision,Unanimous,5.0,5:00,-105.0,-125.0,0
RmlnaHROb2RlOjY4MTUw,68150,jack-grady-vs-gabe-saccheti-68150,RXZlbnROb2RlOjM5MTA=,RmlnaHRlck5vZGU6NDIyMTI=,RmlnaHRlck5vZGU6NDI4Mzg=,RmlnaHRlck5vZGU6NDIyMTI=,MC,Bantamweight,135.0,KO/TKO,,2.0,1:14,,,0
RmlnaHROb2RlOjM4ODQz,38843,charisa-sigala-vs-angela-danzig-38843,RXZlbnROb2RlOjM5MTA=,RmlnaHRlck5vZGU6MzA1MTI=,RmlnaHRlck5vZGU6MTI5MjU=,RmlnaHRlck5vZGU6MzA1MTI=,MC,Strawweight,115.0,Ends in a Draw,Majority,5.0,5:00,-205.0,165.0,0
RmlnaHROb2RlOjM4ODMx,38831,eddie-hoch-vs-dustin-pague-38831,RXZlbnROb2RlOjM5MTA=,RmlnaHRlck5vZGU6MTI4MDk=,RmlnaHRlck5vZGU6MTI0OA==,RmlnaHRlck5vZGU6MTI0OA==,MC,Catchweight,165.0,KO/TKO,,1.0,0:45,120.0,-150.0,0
RmlnaHROb2RlOjY4MTQ5,68149,connor-tierney-vs-jeremiah-riggs-68149,RXZlbnROb2RlOjM5MTA=,RmlnaHRlck5vZGU6NDM5NjU=,RmlnaHRlck5vZGU6MTc1MQ==,RmlnaHRlck5vZGU6NDM5NjU=,CO,Welterweight,170.0,KO/TKO,,5.0,1:31,,,0
RmlnaHROb2RlOjcyMzgw,72380,lardy-navarro-vs-anthony-prater-72380,RXZlbnROb2RlOjM5MTA=,RmlnaHRlck5vZGU6NDM5NjY=,RmlnaHRlck5vZGU6NDI4MDg=,RmlnaHRlck5vZGU6NDM5NjY=,PL,Featherweight,145.0,KO/TKO,,1.0,1:22,,,0
RmlnaHROb2RlOjY4MTUz,68153,damon-bell-vs-art-driscoll-68153,RXZlbnROb2RlOjM5MTA=,RmlnaHRlck5vZGU6NDEyNjU=,RmlnaHRlck5vZGU6NDI4NDA=,RmlnaHRlck5vZGU6NDEyNjU=,PL,Catchweight,175.0,KO/TKO,Doctor Stoppage,2.0,0:37,,,0
RmlnaHROb2RlOjY4MTUy,68152,stanislav-grosu-vs-christian-torres-68152,RXZlbnROb2RlOjM5MTA=,RmlnaHRlck5vZGU6NDMwMDQ=,RmlnaHRlck5vZGU6OTA1MQ==,RmlnaHRlck5vZGU6NDMwMDQ=,PL,Catchweight,175.0,KO/TKO,,1.0,1:01,,,0
RmlnaHROb2RlOjcyMzc5,72379,devin-gibson-vs-kody-allen-murray-72379,RXZlbnROb2RlOjM5MTA=,RmlnaHRlck5vZGU6NDI4Mzk=,RmlnaHRlck5vZGU6NDA4ODY=,RmlnaHRlck5vZGU6NDI4Mzk=,MC,Flyweight,125.0,KO/TKO,,4.0,1:44,,,0
RmlnaHROb2RlOjM4ODMw,38830,jarod-grant-vs-johnny-bedford-38830,RXZlbnROb2RlOjM5MTA=,RmlnaHRlck5vZGU6MzU2MTU=,RmlnaHRlck5vZGU6OTYy,,ME,,,,,,,,,1
RmlnaHROb2RlOjcyMzc4,72378,matt-phillips-vs-manuel-moreira-72378,RXZlbnROb2RlOjM5MTA=,RmlnaHRlck5vZGU6NDIyMTM=,RmlnaHRlck5vZGU6NDI5OTU=,RmlnaHRlck5vZGU6NDIyMTM=,MC,Lightweight,155.0,Decision,Unanimous,5.0,5:00,,,0
RmlnaHROb2RlOjY4MTUx,68151,zachary-calmus-vs-kyle-mcelroy-68151,RXZlbnROb2RlOjM5MTA=,RmlnaHRlck5vZGU6Mzk0NDY=,RmlnaHRlck5vZGU6NDEyNjY=,RmlnaHRlck5vZGU6Mzk0NDY=,MC,Heavyweight,265.0,Decision,Unanimous,5.0,5:00,,,0
RmlnaHROb2RlOjcwMjM1,70235,trai-santos-vs-nick-villar-70235,RXZlbnROb2RlOjM5MzI=,RmlnaHRlck5vZGU6NTExMTQ=,RmlnaHRlck5vZGU6NDIyMTk=,RmlnaHRlck5vZGU6NTExMTQ=,PL,Featherweight,145.0,Ends in a Draw,Majority,5.0,5:00,,,0
RmlnaHROb2RlOjcwMjI5,70229,marciano-hernandez-vs-jerald-gregori-70229,RXZlbnROb2RlOjM5MzI=,RmlnaHRlck5vZGU6NDIyMTc=,RmlnaHRlck5vZGU6NDMxNzY=,RmlnaHRlck5vZGU6NDIyMTc=,MC,Flyweight,125.0,KO/TKO,,1.0,0:48,,,0
RmlnaHROb2RlOjcwMjMw,70230,jessica-link-davis-vs-crystal-pittman-70230,RXZlbnROb2RlOjM5MzI=,RmlnaHRlck5vZGU6NTUxNzc=,RmlnaHRlck5vZGU6NDIyMzU=,RmlnaHRlck5vZGU6NTUxNzc=,MC,Flyweight,125.0,Decision,Unanimous,5.0,5:00,,,0
RmlnaHROb2RlOjcwMjMx,70231,stevo-morris-vs-lj-hermreck-70231,RXZlbnROb2RlOjM5MzI=,RmlnaHRlck5vZGU6NDMwMDc=,RmlnaHRlck5vZGU6OTIwMA==,RmlnaHRlck5vZGU6NDMwMDc=,MC,Featherweight,145.0,KO/TKO,,4.0,1:14,,,0
RmlnaHROb2RlOjcwMjMy,70232,tyler-randall-vs-joshua-richey-70232,RXZlbnROb2RlOjM5MzI=,RmlnaHRlck5vZGU6NDI4MDc=,RmlnaHRlck5vZGU6NDIyMjY=,RmlnaHRlck5vZGU6NDI4MDc=,MC,Flyweight,125.0,KO/TKO,,3.0,1:57,,,0
RmlnaHROb2RlOjcwMjMz,70233,tony-soto-vs-shawn-moffett-70233,RXZlbnROb2RlOjM5MzI=,RmlnaHRlck5vZGU6NDEyNjM=,RmlnaHRlck5vZGU6MzMyNjk=,RmlnaHRlck5vZGU6NDEyNjM=,MC,Lightweight,155.0,KO/TKO,,2.0,1:20,,,0
RmlnaHROb2RlOjM5MTEx,39111,mike-richman-vs-david-rickels-39111,RXZlbnROb2RlOjM5MzI=,RmlnaHRlck5vZGU6MTk2NQ==,RmlnaHRlck5vZGU6MTYwOA==,RmlnaHRlck5vZGU6MTk2NQ==,ME,Catchweight,175.0,KO/TKO,,2.0,0:31,-300.0,240.0,0
RmlnaHROb2RlOjcwMjM0,70234,chancey-wilson-vs-justyn-martinez-70234,RXZlbnROb2RlOjM5MzI=,RmlnaHRlck5vZGU6MzMyNDI=,RmlnaHRlck5vZGU6NDQ1NTA=,RmlnaHRlck5vZGU6MzMyNDI=,PL,Flyweight,125.0,KO/TKO,,1.0,1:36,,,0
RmlnaHROb2RlOjM5MTEy,39112,kenny-licea-vs-noah-cutter-39112,RXZlbnROb2RlOjM5MzI=,RmlnaHRlck5vZGU6MTA1OTI=,RmlnaHRlck5vZGU6NDE0Mjk=,RmlnaHRlck5vZGU6MTA1OTI=,PL,Catchweight,165.0,KO/TKO,,2.0,0:30,-200.0,160.0,0
RmlnaHROb2RlOjcwMjI4,70228,jake-lindsey-vs-derrick-findley-70228,RXZlbnROb2RlOjM5MzI=,RmlnaHRlck5vZGU6MjkyNw==,RmlnaHRlck5vZGU6NDE1NTE=,RmlnaHRlck5vZGU6MjkyNw==,MC,Catchweight,165.0,KO/TKO,,4.0,2:00,,,0
RmlnaHROb2RlOjcwMjI3,70227,isaac-doolittle-vs-jared-warren-70227,RXZlbnROb2RlOjM5MzI=,RmlnaHRlck5vZGU6MzU4MTU=,RmlnaHRlck5vZGU6MzUyMTI=,RmlnaHRlck5vZGU6MzU4MTU=,CO,Middleweight,185.0,Decision,Majority,5.0,5:00,,,0
RmlnaHROb2RlOjY2MzEw,66310,jeremy-smith-vs-davian-green-66310,RXZlbnROb2RlOjM5NzA=,RmlnaHRlck5vZGU6Mzc1MDE=,RmlnaHRlck5vZGU6NTgwNjg=,RmlnaHRlck5vZGU6Mzc1MDE=,MC,Middleweight,185.0,KO/TKO,,3.0,0:40,,,0
RmlnaHROb2RlOjcxOTkz,71993,gorjan-slaveski-vs-ramal-amanov-71993,RXZlbnROb2RlOjM5NzA=,RmlnaHRlck5vZGU6NDQ4NTU=,RmlnaHRlck5vZGU6NzEzMzI=,RmlnaHRlck5vZGU6NDQ4NTU=,PL,Welterweight,170.0,KO/TKO,,1.0,1:20,,,0
RmlnaHROb2RlOjY2MzA2,66306,doug-coltrane-vs-eduardo-conception-66306,RXZlbnROb2RlOjM5NzA=,RmlnaHRlck5vZGU6NTAxNzk=,RmlnaHRlck5vZGU6NTkzMDk=,RmlnaHRlck5vZGU6NTAxNzk=,MC,Middleweight,185.0,Decision,Unanimous,5.0,5:00,,,0
RmlnaHROb2RlOjY2MzA3,66307,ravon-baxter-vs-leonel-carerra-66307,RXZlbnROb2RlOjM5NzA=,RmlnaHRlck5vZGU6NDE3ODY=,RmlnaHRlck5vZGU6NDQ4NTI=,RmlnaHRlck5vZGU6NDE3ODY=,MC,Middleweight,185.0,Decision,Split,5.0,5:00,,,0
RmlnaHROb2RlOjcxOTk0,71994,vinny-turiello-vs-rob-fuller-71994,RXZlbnROb2RlOjM5NzA=,RmlnaHRlck5vZGU6NDQ3NjA=,RmlnaHRlck5vZGU6MzM2NTM=,RmlnaHRlck5vZGU6NDQ3NjA=,PL,Catchweight,140.0,KO/TKO,,1.0,2:00,,,0
RmlnaHROb2RlOjM5Mjg4,39288,terry-janoski-vs-jay-jackson-39288,RXZlbnROb2RlOjM5NzA=,RmlnaHRlck5vZGU6MjMwMzA=,RmlnaHRlck5vZGU6MTQ3MDA=,,MC,Middleweight,185.0,,,,,-185.0,155.0,1
RmlnaHROb2RlOjY2MzA1,66305,howard-davis-vs-josh-wright-66305,RXZlbnROb2RlOjM5NzA=,RmlnaHRlck5vZGU6NDI4MDY=,RmlnaHRlck5vZGU6NDIyMzI=,RmlnaHRlck5vZGU6NDI4MDY=,MC,Featherweight,145.0,KO/TKO,,3.0,2:00,,,0
RmlnaHROb2RlOjM5Mjg3,39287,tom-shoaff-vs-bruce-lutchmedial-39287,RXZlbnROb2RlOjM5NzA=,RmlnaHRlck5vZGU6MTYyMjM=,RmlnaHRlck5vZGU6MjYwMQ==,RmlnaHRlck5vZGU6MTYyMjM=,MC,Lightweight,155.0,KO/TKO,,3.0,1:59,,,0
RmlnaHROb2RlOjY2MzA0,66304,james-lilley-vs-adam-pellerano-66304,RXZlbnROb2RlOjM5NzA=,RmlnaHRlck5vZGU6Mjc3ODY=,RmlnaHRlck5vZGU6MzUyMDY=,RmlnaHRlck5vZGU6Mjc3ODY=,CO,Lightweight,155.0,KO/TKO,,1.0,0:40,,,0
RmlnaHROb2RlOjM5Mjg2,39286,joey-beltran-vs-frank-tate-39286,RXZlbnROb2RlOjM5NzA=,RmlnaHRlck5vZGU6OTYz,RmlnaHRlck5vZGU6MTE4OTc=,RmlnaHRlck5vZGU6MTE4OTc=,ME,Heavyweight,265.0,KO/TKO,,1.0,0:23,-245.0,195.0,0
RmlnaHROb2RlOjY2MzA4,66308,bryan-duran-vs-glendel-futrell-66308,RXZlbnROb2RlOjM5NzA=,RmlnaHRlck5vZGU6NDQ3NjI=,RmlnaHRlck5vZGU6NDQ3NjM=,RmlnaHRlck5vZGU6NDQ3NjI=,MC,Featherweight,145.0,KO/TKO,,2.0,2:00,,,0
RmlnaHROb2RlOjY2MzA5,66309,juston-stills-vs-joshuah-alvarez-66309,RXZlbnROb2RlOjM5NzA=,RmlnaHRlck5vZGU6NDQ4NTM=,RmlnaHRlck5vZGU6NDI4Mjg=,RmlnaHRlck5vZGU6NDQ4NTM=,MC,Catchweight,165.0,Decision,Unanimous,5.0,5:00,,,0
RmlnaHROb2RlOjY5NzA1,69705,kai-stewart-vs-daniel-gary-69705,RXZlbnROb2RlOjM5Njk=,RmlnaHRlck5vZGU6NDIyMzA=,RmlnaHRlck5vZGU6NTU3NzY=,RmlnaHRlck5vZGU6NDIyMzA=,MC,Featherweight,145.0,KO/TKO,Right Uppercut,1.0,1:10,,,0
RmlnaHROb2RlOjM5NzQx,39741,leo-bercier-vs-leo-pla-39741,RXZlbnROb2RlOjM5Njk=,RmlnaHRlck5vZGU6MTYyOTQ=,RmlnaHRlck5vZGU6Mjk5NQ==,RmlnaHRlck5vZGU6Mjk5NQ==,MC,Catchweight,200.0,KO/TKO,,3.0,1:17,,,0
RmlnaHROb2RlOjY5NzEy,69712,dylan-schulte-vs-darrick-gates-69712,RXZlbnROb2RlOjM5Njk=,RmlnaHRlck5vZGU6MzUyNTQ=,RmlnaHRlck5vZGU6NDIyMzE=,RmlnaHRlck5vZGU6MzUyNTQ=,PL,Featherweight,145.0,KO/TKO,Overhand Left,1.0,0:20,,,0
RmlnaHROb2RlOjY5NzEx,69711,james-dennis-vs-brian-maxwell-69711,RXZlbnROb2RlOjM5Njk=,RmlnaHRlck5vZGU6NDIyMzY=,RmlnaHRlck5vZGU6Mjc3NjY=,RmlnaHRlck5vZGU6NDIyMzY=,PL,Middleweight,185.0,KO/TKO,Right Cross,2.0,0:26,,,0
RmlnaHROb2RlOjY5NzEw,69710,braeden-tovey-vs-jordan-christensen-69710,RXZlbnROb2RlOjM5Njk=,RmlnaHRlck5vZGU6NDUxNDg=,RmlnaHRlck5vZGU6MzU1OTA=,RmlnaHRlck5vZGU6NDUxNDg=,PL,Catchweight,175.0,KO/TKO,Vomiting,4.0,2:00,,,0
RmlnaHROb2RlOjY5NzA5,69709,dallas-davison-vs-erik-lopez-69709,RXZlbnROb2RlOjM5Njk=,RmlnaHRlck5vZGU6NDIyMzg=,RmlnaHRlck5vZGU6NDQ4NTA=,RmlnaHRlck5vZGU6NDIyMzg=,MC,Catchweight,175.0,KO/TKO,,2.0,1:08,,,0
RmlnaHROb2RlOjY5NzA4,69708,andrew-angelcor-vs-timmy-mason-69708,RXZlbnROb2RlOjM5Njk=,RmlnaHRlck5vZGU6NDUxNDc=,RmlnaHRlck5vZGU6NDQ4NDk=,RmlnaHRlck5vZGU6NDUxNDc=,MC,Lightweight,155.0,Decision,Unanimous,5.0,5:00,,,0
RmlnaHROb2RlOjY5NzA3,69707,billy-wagner-vs-jacob-kreitel-69707,RXZlbnROb2RlOjM5Njk=,RmlnaHRlck5vZGU6NDUxNDU=,RmlnaHRlck5vZGU6NDUxNDY=,RmlnaHRlck5vZGU6NDUxNDU=,MC,Welterweight,170.0,KO/TKO,Punches,1.0,0:43,,,0
RmlnaHROb2RlOjY5NzA2,69706,sawyer-depee-vs-william-dunkle-69706,RXZlbnROb2RlOjM5Njk=,RmlnaHRlck5vZGU6NDIyMzc=,RmlnaHRlck5vZGU6NDUwMTk=,RmlnaHRlck5vZGU6NDIyMzc=,MC,Middleweight,185.0,KO/TKO,Right Hooks,1.0,1:17,,,0
RmlnaHROb2RlOjM5MzYx,39361,andy-nguyen-vs-cassie-robb-39361,RXZlbnROb2RlOjM5Njk=,RmlnaHRlck5vZGU6ODE4Ng==,RmlnaHRlck5vZGU6MjU1Mg==,RmlnaHRlck5vZGU6ODE4Ng==,MC,Strawweight,115.0,Decision,Unanimous,5.0,5:00,-400.0,300.0,0
RmlnaHROb2RlOjY5NzA0,69704,rusty-crowder-vs-louie-lopez-69704,RXZlbnROb2RlOjM5Njk=,RmlnaHRlck5vZGU6NzQwNQ==,RmlnaHRlck5vZGU6Mzk0NDg=,RmlnaHRlck5vZGU6NzQwNQ==,CO,Featherweight,145.0,KO/TKO,Doctor Stoppage,1.0,2:00,,,0
RmlnaHROb2RlOjY5NzAz,69703,lorenzo-hunt-vs-joe-riggs-69703,RXZlbnROb2RlOjM5Njk=,RmlnaHRlck5vZGU6MTc4OTU=,RmlnaHRlck5vZGU6ODI2,RmlnaHRlck5vZGU6MTc4OTU=,ME,Middleweight,185.0,KO/TKO,Punches,2.0,1:12,,,0
RmlnaHROb2RlOjYyODkz,62893,henry-williams-vs-sterling-lenz-62893,RXZlbnROb2RlOjM5ODc=,RmlnaHRlck5vZGU6NDcyOTg=,RmlnaHRlck5vZGU6MTE5MzE=,RmlnaHRlck5vZGU6NDcyOTg=,MC,Lightweight,155.0,KO/TKO,Doctor Stoppage (Cut),1.0,1:10,,,0
RmlnaHROb2RlOjM5NzQz,39743,gabriel-mota-vs-travis-lerchen-39743,RXZlbnROb2RlOjM5ODc=,RmlnaHRlck5vZGU6NDA1MDU=,RmlnaHRlck5vZGU6MTIzNDE=,RmlnaHRlck5vZGU6NDA1MDU=,PL,Light Heavyweight,205.0,KO/TKO,Overhand Right,1.0,0:37,,,0
RmlnaHROb2RlOjYyODkx,62891,jack-claffey-vs-rick-caruso-62891,RXZlbnROb2RlOjM5ODc=,RmlnaHRlck5vZGU6NDUxMjY=,RmlnaHRlck5vZGU6Mjk3MDk=,RmlnaHRlck5vZGU6NDUxMjY=,MC,Featherweight,145.0,KO/TKO,Uppercut,3.0,1:15,,,0
RmlnaHROb2RlOjM5NzMz,39733,terry-janoski-vs-jay-jackson-39733,RXZlbnROb2RlOjM5ODc=,RmlnaHRlck5vZGU6MjMwMzA=,RmlnaHRlck5vZGU6MTQ3MDA=,RmlnaHRlck5vZGU6MTQ3MDA=,MC,Middleweight,185.0,KO/TKO,Punches,3.0,1:15,-160.0,130.0,0
RmlnaHROb2RlOjYyODky,62892,levi-da-costa-vs-josh-sanchez-62892,RXZlbnROb2RlOjM5ODc=,RmlnaHRlck5vZGU6MTE1OTg=,RmlnaHRlck5vZGU6NDMzMjE=,RmlnaHRlck5vZGU6MTE1OTg=,MC,Heavyweight,265.0,KO/TKO,Punches,1.0,1:35,,,0
RmlnaHROb2RlOjM5NzQy,39742,art-parker-vs-warren-thompson-39742,RXZlbnROb2RlOjM5ODc=,RmlnaHRlck5vZGU6NjkwMg==,RmlnaHRlck5vZGU6MTM5NTg=,RmlnaHRlck5vZGU6MTM5NTg=,MC,Heavyweight,265.0,Decision,Unanimous,5.0,5:00,115.0,-145.0,0
RmlnaHROb2RlOjc0NTg2,74586,travis-floyd-vs-roberto-armas-74586,RXZlbnROb2RlOjM5ODc=,RmlnaHRlck5vZGU6NTU3NzU=,RmlnaHRlck5vZGU6NTYyMDE=,RmlnaHRlck5vZGU6NTU3NzU=,PL,Featherweight,145.0,KO/TKO,Corner Stoppage,3.0,2:00,,,0
RmlnaHROb2RlOjM5NzM0,39734,idrees-wasi-vs-john-mcallister-39734,RXZlbnROb2RlOjM5ODc=,RmlnaHRlck5vZGU6MTc3MTY=,RmlnaHRlck5vZGU6MzUyMTU=,RmlnaHRlck5vZGU6MTc3MTY=,PL,Light Heavyweight,205.0,KO/TKO,Right Hook,1.0,1:59,,,0
RmlnaHROb2RlOjU5MzMz,59333,ryan-reber-vs-micah-mitchell-59333,RXZlbnROb2RlOjM5ODc=,RmlnaHRlck5vZGU6NDUxMjg=,RmlnaHRlck5vZGU6NDUxMjk=,RmlnaHRlck5vZGU6NDUxMjg=,PL,Bantamweight,135.0,KO/TKO,Corner Stoppage,2.0,2:00,,,0
RmlnaHROb2RlOjU5MzMy,59332,daniel-alvarez-vs-jr-ridge-59332,RXZlbnROb2RlOjM5ODc=,RmlnaHRlck5vZGU6NjIyOTI=,RmlnaHRlck5vZGU6NDMxNzU=,RmlnaHRlck5vZGU6NjIyOTI=,MC,Flyweight,125.0,KO/TKO,Doctor Stoppage (Cut),1.0,1:37,,,0
RmlnaHROb2RlOjU5MzM0,59334,travis-floyd-vs-robert-armas-59334,RXZlbnROb2RlOjM5ODc=,RmlnaHRlck5vZGU6NTU3NzU=,RmlnaHRlck5vZGU6NDUxMzI=,RmlnaHRlck5vZGU6NTU3NzU=,PL,Featherweight,145.0,KO/TKO,Corner Stoppage,3.0,2:00,,,0
RmlnaHROb2RlOjM5NzMx,39731,arnold-adams-vs-dillon-cleckler-39731,RXZlbnROb2RlOjM5ODc=,RmlnaHRlck5vZGU6MTM4NDU=,RmlnaHRlck5vZGU6OTQ5NA==,RmlnaHRlck5vZGU6MTM4NDU=,ME,Heavyweight,265.0,KO/TKO,,2.0,0:34,100.0,-130.0,0
RmlnaHROb2RlOjM5NzMy,39732,david-mundell-vs-julian-lane-39732,RXZlbnROb2RlOjM5ODc=,RmlnaHRlck5vZGU6MTEwMzg=,RmlnaHRlck5vZGU6MTgzNQ==,RmlnaHRlck5vZGU6MTEwMzg=,CO,Catchweight,180.0,Decision,Unanimous,5.0,5:00,135.0,-165.0,0
RmlnaHROb2RlOjM5NzI0,39724,bec-rawlings-vs-britain-hart-39724,RXZlbnROb2RlOjM5Njc=,RmlnaHRlck5vZGU6NjE0MQ==,RmlnaHRlck5vZGU6MzUxODE=,,ME,Flyweight,125.0,,,,,,,1
RmlnaHROb2RlOjM5NzI4,39728,cody-land-vs-will-shutt-39728,RXZlbnROb2RlOjM5Njc=,RmlnaHRlck5vZGU6MTcw,RmlnaHRlck5vZGU6OTQ5OQ==,RmlnaHRlck5vZGU6OTQ5OQ==,MC,Featherweight,145.0,KO/TKO,,1.0,0:40,-210.0,170.0,0
RmlnaHROb2RlOjM5OTU4,39958,ryan-braun-vs-jett-jones-39958,RXZlbnROb2RlOjM5Njc=,RmlnaHRlck5vZGU6MTA2NDc=,RmlnaHRlck5vZGU6MjI5,RmlnaHRlck5vZGU6MTA2NDc=,MC,Light Heavyweight,205.0,KO/TKO,,1.0,1:27,,,0
RmlnaHROb2RlOjM5NzI5,39729,jeff-souder-vs-david-simpson-39729,RXZlbnROb2RlOjM5Njc=,RmlnaHRlck5vZGU6MjI5ODA=,RmlnaHRlck5vZGU6MzY5OTQ=,RmlnaHRlck5vZGU6MzY5OTQ=,MC,Light Heavyweight,205.0,KO/TKO,,2.0,1:46,-205.0,165.0,0
RmlnaHROb2RlOjM5OTYy,39962,alonzo-martinez-vs-andre-kase-39962,RXZlbnROb2RlOjM5Njc=,RmlnaHRlck5vZGU6MTM4,RmlnaHRlck5vZGU6MjU3Njk=,RmlnaHRlck5vZGU6MTM4,MC,Middleweight,185.0,KO/TKO,,1.0,0:34,,,0
RmlnaHROb2RlOjcwNjE0,70614,esteban-rodriguez-vs-erick-murray-70614,RXZlbnROb2RlOjM5Njc=,RmlnaHRlck5vZGU6NDU0NjU=,RmlnaHRlck5vZGU6ODEwMg==,RmlnaHRlck5vZGU6NDU0NjU=,PL,Heavyweight,265.0,KO/TKO,Right Hand,2.0,0:10,,,0
RmlnaHROb2RlOjM5NzI1,39725,dakota-cochrane-vs-josh-dyer-39725,RXZlbnROb2RlOjM5Njc=,RmlnaHRlck5vZGU6MTcz,RmlnaHRlck5vZGU6MjE0NDM=,RmlnaHRlck5vZGU6MjE0NDM=,ME,Light Heavyweight,205.0,KO/TKO,,1.0,1:39,-240.0,190.0,0
RmlnaHROb2RlOjM5NzU1,39755,kevin-benson-vs-josh-krejci-39755,RXZlbnROb2RlOjM5Njc=,RmlnaHRlck5vZGU6MTczNDI=,RmlnaHRlck5vZGU6MzM2MjE=,RmlnaHRlck5vZGU6MzM2MjE=,PL,Featherweight,145.0,KO/TKO,Punches,4.0,1:42,,,0
RmlnaHROb2RlOjM5NzMw,39730,charlie-dubray-vs-emeka-ifekandu-39730,RXZlbnROb2RlOjM5Njc=,RmlnaHRlck5vZGU6Njk2MA==,RmlnaHRlck5vZGU6ODc1OQ==,RmlnaHRlck5vZGU6ODc1OQ==,PL,Lightweight,155.0,KO/TKO,Right Hand,3.0,1:49,-180.0,150.0,0
RmlnaHROb2RlOjM5NzU0,39754,alonzo-martinez-vs-adalberto-serrano-39754,RXZlbnROb2RlOjM5Njc=,RmlnaHRlck5vZGU6MTM4,RmlnaHRlck5vZGU6MjkxNjQ=,,MC,Middleweight,185.0,,,,,-600.0,400.0,1
RmlnaHROb2RlOjM5NzUz,39753,ryan-braun-vs-mike-seymour-39753,RXZlbnROb2RlOjM5Njc=,RmlnaHRlck5vZGU6MTA2NDc=,RmlnaHRlck5vZGU6Mzk4Njg=,,MC,Catchweight,200.0,,,,,,,1
RmlnaHROb2RlOjM5NzI3,39727,sean-wilson-vs-rocky-long-39727,RXZlbnROb2RlOjM5Njc=,RmlnaHRlck5vZGU6MzA2,RmlnaHRlck5vZGU6NTM3MQ==,RmlnaHRlck5vZGU6MzA2,MC,Lightweight,155.0,Decision,Unanimous,5.0,5:00,-425.0,325.0,0
RmlnaHROb2RlOjM5NzI2,39726,houston-alexander-vs-jason-fish-39726,RXZlbnROb2RlOjM5Njc=,RmlnaHRlck5vZGU6MjA5,RmlnaHRlck5vZGU6MTczNA==,RmlnaHRlck5vZGU6MjA5,CO,Catchweight,200.0,KO/TKO,,1.0,1:41,-150.0,120.0,0
RmlnaHROb2RlOjY4MTQ3,68147,bobby-taylor-vs-arthur-walcott-ceesay-68147,RXZlbnROb2RlOjQwNDQ=,RmlnaHRlck5vZGU6NjkzMQ==,RmlnaHRlck5vZGU6NDI4Mjk=,RmlnaHRlck5vZGU6NjkzMQ==,MC,Lightweight,155.0,KO/TKO,Punches,1.0,1:36,,,0
RmlnaHROb2RlOjM5OTMx,39931,alan-belcher-vs-frank-tate-39931,RXZlbnROb2RlOjQwNDQ=,RmlnaHRlck5vZGU6NTgy,RmlnaHRlck5vZGU6MTE4OTc=,RmlnaHRlck5vZGU6NTgy,ME,Heavyweight,265.0,KO/TKO,Overhand Right,1.0,1:21,-240.0,190.0,0
RmlnaHROb2RlOjQwMDI5,40029,zion-tomlinson-sr-vs-scott-oshaughnessy-40029,RXZlbnROb2RlOjQwNDQ=,RmlnaHRlck5vZGU6Mzg2MDE=,RmlnaHRlck5vZGU6MjA5Ng==,,MC,Light Heavyweight,205.0,,,,,,,1
RmlnaHROb2RlOjYyOTEw,62910,tim-hester-vs-christian-torres-62910,RXZlbnROb2RlOjQwNDQ=,RmlnaHRlck5vZGU6NDU1Mzk=,RmlnaHRlck5vZGU6OTA1MQ==,RmlnaHRlck5vZGU6NDU1Mzk=,PL,Welterweight,170.0,Decision,Unanimous,5.0,5:00,,,0
RmlnaHROb2RlOjY4MTQ4,68148,tyler-sammis-vs-phil-ramer-68148,RXZlbnROb2RlOjQwNDQ=,RmlnaHRlck5vZGU6NDY3Mjk=,RmlnaHRlck5vZGU6NDY3MzA=,RmlnaHRlck5vZGU6NDY3Mjk=,PL,Featherweight,145.0,KO/TKO,Punches,1.0,1:00,,,0
RmlnaHROb2RlOjQwMDM3,40037,kobe-bowen-vs-jordan-pedreia-40037,RXZlbnROb2RlOjQwNDQ=,RmlnaHRlck5vZGU6MzUwNTQ=,RmlnaHRlck5vZGU6MTU0MzY=,,MC,Lightweight,155.0,,,,,,,1
RmlnaHROb2RlOjYyOTA3,62907,billy-wagner-vs-jeremiah-riggs-62907,RXZlbnROb2RlOjQwNDQ=,RmlnaHRlck5vZGU6NDUxNDU=,RmlnaHRlck5vZGU6MTc1MQ==,RmlnaHRlck5vZGU6NDUxNDU=,MC,Middleweight,185.0,KO/TKO,Ankle Injury,1.0,1:36,,,0
RmlnaHROb2RlOjYyOTA5,62909,joseph-brett-williams-vs-frankie-shugart-62909,RXZlbnROb2RlOjQwNDQ=,RmlnaHRlck5vZGU6NDU1Mzg=,RmlnaHRlck5vZGU6NDE1MjU=,RmlnaHRlck5vZGU6NDU1Mzg=,MC,Catchweight,175.0,KO/TKO,Overhand Right,1.0,1:01,,,0
RmlnaHROb2RlOjYyOTA2,62906,quentin-henry-vs-sawyer-depee-62906,RXZlbnROb2RlOjQwNDQ=,RmlnaHRlck5vZGU6NzM3NA==,RmlnaHRlck5vZGU6NDIyMzc=,RmlnaHRlck5vZGU6NzM3NA==,MC,Catchweight,200.0,KO/TKO,Jab,2.0,0:18,,,0
RmlnaHROb2RlOjQwMDI4,40028,robbie-peralta-vs-martin-brown-40028,RXZlbnROb2RlOjQwNDQ=,RmlnaHRlck5vZGU6MTI2MA==,RmlnaHRlck5vZGU6MTkyNg==,RmlnaHRlck5vZGU6MTI2MA==,CO,Lightweight,155.0,Decision,Split,5.0,5:00,190.0,-240.0,0
RmlnaHROb2RlOjYyOTA4,62908,brad-kelly-vs-stanislav-grosu-62908,RXZlbnROb2RlOjQwNDQ=,RmlnaHRlck5vZGU6NDEyODU=,RmlnaHRlck5vZGU6NDMwMDQ=,RmlnaHRlck5vZGU6NDEyODU=,MC,Catchweight,165.0,KO/TKO,Punches,3.0,1:01,,,0
RmlnaHROb2RlOjQxNDA3,41407,bec-rawlings-vs-britain-hart-41407,RXZlbnROb2RlOjQyNzU=,RmlnaHRlck5vZGU6NjE0MQ==,RmlnaHRlck5vZGU6MzUxODE=,RmlnaHRlck5vZGU6MzUxODE=,MC,Flyweight,125.0,Decision,Unanimous,5.0,5:00,,,0
RmlnaHROb2RlOjQxMzY4,41368,luis-palomino-vs-elvin-brito-41368,RXZlbnROb2RlOjQyNzU=,RmlnaHRlck5vZGU6MTg5OQ==,RmlnaHRlck5vZGU6MzQ2Nw==,RmlnaHRlck5vZGU6MTg5OQ==,ME,Welterweight,170.0,Decision,Unanimous,5.0,5:00,-270.0,210.0,0
RmlnaHROb2RlOjYzMDc3,63077,francesco-ricchi-vs-ulysses-diaz-63077,RXZlbnROb2RlOjQyNzU=,RmlnaHRlck5vZGU6MzUyMTc=,RmlnaHRlck5vZGU6MzQwMzE=,RmlnaHRlck5vZGU6MzUyMTc=,CO,Catchweight,175.0,KO/TKO,Doctor Stoppage,1.0,1:16,,,0
RmlnaHROb2RlOjYzMDc5,63079,blake-davis-vs-cody-beierle-63079,RXZlbnROb2RlOjQyNzU=,RmlnaHRlck5vZGU6NDk2NzQ=,RmlnaHRlck5vZGU6NDgzOTQ=,RmlnaHRlck5vZGU6NDk2NzQ=,MC,Middleweight,185.0,KO/TKO,Doctor Stoppage,1.0,1:54,,,0
RmlnaHROb2RlOjYzMDc4,63078,jimmie-rivera-vs-howard-davis-63078,RXZlbnROb2RlOjQyNzU=,RmlnaHRlck5vZGU6NjI=,RmlnaHRlck5vZGU6NDI4MDY=,RmlnaHRlck5vZGU6NjI=,MC,Featherweight,145.0,Ends in a Draw,Majority,5.0,5:00,,,0
RmlnaHROb2RlOjYzMDgx,63081,stephen-townsel-vs-idrees-wasi-63081,RXZlbnROb2RlOjQyNzU=,RmlnaHRlck5vZGU6NDM5MjA=,RmlnaHRlck5vZGU6MTc3MTY=,RmlnaHRlck5vZGU6NDM5MjA=,PL,Catchweight,210.0,KO/TKO,,4.0,1:14,,,0
RmlnaHROb2RlOjYzMDgw,63080,cary-caprio-vs-tyler-randall-63080,RXZlbnROb2RlOjQyNzU=,RmlnaHRlck5vZGU6NDY2MTQ=,RmlnaHRlck5vZGU6NDI4MDc=,RmlnaHRlck5vZGU6NDY2MTQ=,MC,Flyweight,125.0,KO/TKO,,3.0,1:45,,,0
RmlnaHROb2RlOjYzMDgy,63082,freddy-masabo-vs-will-shutt-63082,RXZlbnROb2RlOjQyNzU=,RmlnaHRlck5vZGU6NDY3MjQ=,RmlnaHRlck5vZGU6OTQ5OQ==,RmlnaHRlck5vZGU6NDY3MjQ=,PL,Featherweight,145.0,KO/TKO,,2.0,1:21,,,0
RmlnaHROb2RlOjcxOTkx,71991,bryan-duran-vs-braeden-tovey-71991,RXZlbnROb2RlOjQyNzU=,RmlnaHRlck5vZGU6NDQ3NjI=,RmlnaHRlck5vZGU6NDUxNDg=,RmlnaHRlck5vZGU6NDQ3NjI=,MC,Catchweight,160.0,KO/TKO,,1.0,1:15,,,0
RmlnaHROb2RlOjcxOTky,71992,gorjan-slaveski-vs-juston-stills-71992,RXZlbnROb2RlOjQyNzU=,RmlnaHRlck5vZGU6NDQ4NTU=,RmlnaHRlck5vZGU6NDQ4NTM=,RmlnaHRlck5vZGU6NDQ4NTU=,MC,Catchweight,165.0,KO/TKO,,1.0,1:06,,,0
RmlnaHROb2RlOjQxNzAz,41703,jarod-grant-vs-reginald-barnett-jr-41703,RXZlbnROb2RlOjQzMTU=,RmlnaHRlck5vZGU6MzU2MTU=,RmlnaHRlck5vZGU6MjA2NjQ=,RmlnaHRlck5vZGU6MjA2NjQ=,ME,Bantamweight,135.0,Decision,Technical Majority (Accidental Eye Poke),5.0,5:00,,,0
RmlnaHROb2RlOjczNjY4,73668,heinrich-caceres-vs-rynell-riley-73668,RXZlbnROb2RlOjQzMTU=,RmlnaHRlck5vZGU6NDc1MjM=,RmlnaHRlck5vZGU6NDMwMDU=,RmlnaHRlck5vZGU6NDc1MjM=,MC,Catchweight,165.0,KO/TKO,,3.0,1:49,,,0
RmlnaHROb2RlOjcxMzU0,71354,brandon-allen-vs-stevo-morris-71354,RXZlbnROb2RlOjQzMTU=,RmlnaHRlck5vZGU6NDEyNjg=,RmlnaHRlck5vZGU6NDMwMDc=,RmlnaHRlck5vZGU6NDEyNjg=,MC,Featherweight,145.0,Decision,Unanimous,5.0,5:00,,,0
RmlnaHROb2RlOjcxMzU1,71355,henry-williams-vs-paul-walters-71355,RXZlbnROb2RlOjQzMTU=,RmlnaHRlck5vZGU6NDcyOTg=,RmlnaHRlck5vZGU6NzM3NjA=,RmlnaHRlck5vZGU6NDcyOTg=,MC,Lightweight,155.0,KO/TKO,,1.0,1:19,,,0
RmlnaHROb2RlOjcxMzU2,71356,jr-ridge-vs-justyn-martinez-71356,RXZlbnROb2RlOjQzMTU=,RmlnaHRlck5vZGU6NDMxNzU=,RmlnaHRlck5vZGU6NDQ1NTA=,RmlnaHRlck5vZGU6NDMxNzU=,PL,Flyweight,125.0,KO/TKO,,3.0,1:31,,,0
RmlnaHROb2RlOjczNjY5,73669,alex-tierney-vs-darrick-gates-73669,RXZlbnROb2RlOjQzMTU=,RmlnaHRlck5vZGU6NDcyOTk=,RmlnaHRlck5vZGU6NDIyMzE=,RmlnaHRlck5vZGU6NDcyOTk=,PL,Featherweight,145.0,Ends in a No Contest,Accidental Headbutt,1.0,5:00,,,0
RmlnaHROb2RlOjcxMzUz,71353,ryan-reber-vs-rick-caruso-71353,RXZlbnROb2RlOjQzMTU=,RmlnaHRlck5vZGU6NDUxMjg=,RmlnaHRlck5vZGU6Mjk3MDk=,RmlnaHRlck5vZGU6NDUxMjg=,MC,Bantamweight,135.0,KO/TKO,Doctor Stoppage,4.0,2:00,,,1
RmlnaHROb2RlOjcxMzUy,71352,jared-warren-vs-john-michael-escoboza-71352,RXZlbnROb2RlOjQzMTU=,RmlnaHRlck5vZGU6MzUyMTI=,RmlnaHRlck5vZGU6MzQxNDQ=,RmlnaHRlck5vZGU6MzUyMTI=,CO,Middleweight,185.0,Decision,Unanimous,5.0,5:00,,,0
RmlnaHROb2RlOjQxNzA0,41704,david-mundell-vs-david-simpson-41704,RXZlbnROb2RlOjQzMTU=,RmlnaHRlck5vZGU6MTEwMzg=,RmlnaHRlck5vZGU6MzY5OTQ=,RmlnaHRlck5vZGU6MTEwMzg=,MC,Middleweight,185.0,KO/TKO,,5.0,Roun,-260.0,200.0,0
RmlnaHROb2RlOjQxMzk5,41399,sam-shewmaker-vs-mick-terrill-41399,RXZlbnROb2RlOjQyNzg=,RmlnaHRlck5vZGU6MzUxODI=,RmlnaHRlck5vZGU6Mzk0NDU=,RmlnaHRlck5vZGU6Mzk0NDU=,MC,Heavyweight,265.0,KO/TKO,,1.0,1:59,185.0,-225.0,0
RmlnaHROb2RlOjQxODgy,41882,tyler-goodjohn-vs-james-lilley-41882,RXZlbnROb2RlOjQyNzg=,RmlnaHRlck5vZGU6Mzk3NTE=,RmlnaHRlck5vZGU6Mjc3ODY=,RmlnaHRlck5vZGU6Mjc3ODY=,MC,Lightweight,155.0,Decision,Unanimous,5.0,5:00,-170.0,140.0,0
RmlnaHROb2RlOjcwMTU1,70155,connor-tierney-vs-joe-elmore-70155,RXZlbnROb2RlOjQyNzg=,RmlnaHRlck5vZGU6NDM5NjU=,RmlnaHRlck5vZGU6MTc3Ng==,RmlnaHRlck5vZGU6NDM5NjU=,CO,Welterweight,170.0,Decision,Unanimous,5.0,5:00,,,0
RmlnaHROb2RlOjQxOTY5,41969,tony-giles-vs-david-round-41969,RXZlbnROb2RlOjQyNzg=,RmlnaHRlck5vZGU6MzA4MzI=,RmlnaHRlck5vZGU6NDY2MA==,,PL,Catchweight,180.0,,,,,-225.0,185.0,1
RmlnaHROb2RlOjQxNzAw,41700,conan-barbaru-vs-dan-edwards-41700,RXZlbnROb2RlOjQyNzg=,RmlnaHRlck5vZGU6MzExMzg=,RmlnaHRlck5vZGU6MzcxOA==,RmlnaHRlck5vZGU6MzcxOA==,PL,Middleweight,185.0,KO/TKO,,2.0,0:35,125.0,-155.0,0
RmlnaHROb2RlOjcwMTU4,70158,franco-tenaglia-vs-chas-symonds-70158,RXZlbnROb2RlOjQyNzg=,RmlnaHRlck5vZGU6MTQ0NDE=,RmlnaHRlck5vZGU6NDcxMjc=,RmlnaHRlck5vZGU6MTQ0NDE=,PL,Catchweight,165.0,KO/TKO,,2.0,1:58,,,0
RmlnaHROb2RlOjQxODgx,41881,paige-vanzant-vs-charisa-sigala-41881,RXZlbnROb2RlOjQyNzg=,RmlnaHRlck5vZGU6MjU2Mw==,RmlnaHRlck5vZGU6MzA1MTI=,,CO,Flyweight,125.0,,,,,-140.0,110.0,1
RmlnaHROb2RlOjQyMzk1,42395,tony-giles-vs-ashley-griffiths-42395,RXZlbnROb2RlOjQyNzg=,RmlnaHRlck5vZGU6MzA4MzI=,RmlnaHRlck5vZGU6ODA2Mw==,,MC,,,,,,,,,1
RmlnaHROb2RlOjQxMzk4,41398,michael-page-vs-mike-perry-41398,RXZlbnROb2RlOjQyNzg=,RmlnaHRlck5vZGU6MTk0OA==,RmlnaHRlck5vZGU6MTA4OTM=,RmlnaHRlck5vZGU6MTA4OTM=,ME,Welterweight,170.0,Decision,Majority,6.0,5:00,-400.0,300.0,0
RmlnaHROb2RlOjcwMTU2,70156,danny-christie-vs-terry-brazier-70156,RXZlbnROb2RlOjQyNzg=,RmlnaHRlck5vZGU6NDc1NzQ=,RmlnaHRlck5vZGU6ODg2Mw==,RmlnaHRlck5vZGU6NDc1NzQ=,MC,Catchweight,180.0,KO/TKO,,3.0,1:22,,,0
RmlnaHROb2RlOjQyNDA3,42407,david-round-vs-ashley-griffiths-42407,RXZlbnROb2RlOjQyNzg=,RmlnaHRlck5vZGU6NDY2MA==,RmlnaHRlck5vZGU6ODA2Mw==,RmlnaHRlck5vZGU6NDY2MA==,MC,Light Heavyweight,205.0,KO/TKO,,2.0,0:40,,,0
RmlnaHROb2RlOjQxOTY4,41968,chris-fishgold-vs-jake-bostwick-41968,RXZlbnROb2RlOjQyNzg=,RmlnaHRlck5vZGU6MzY4OA==,RmlnaHRlck5vZGU6NjAxNw==,RmlnaHRlck5vZGU6NjAxNw==,MC,Catchweight,175.0,KO/TKO,,2.0,1:58,130.0,-160.0,0
RmlnaHROb2RlOjcwMTU3,70157,john-hick-vs-ellis-shepherd-70157,RXZlbnROb2RlOjQyNzg=,RmlnaHRlck5vZGU6NDcxMjU=,RmlnaHRlck5vZGU6NDcxMjY=,RmlnaHRlck5vZGU6NDcxMjU=,MC,Featherweight,145.0,Decision,Unanimous,5.0,5:00,,,0
RmlnaHROb2RlOjY3MTc0,67174,eric-dodson-vs-nick-villar-67174,RXZlbnROb2RlOjQyNzc=,RmlnaHRlck5vZGU6NDczMTY=,RmlnaHRlck5vZGU6NDIyMTk=,RmlnaHRlck5vZGU6NDczMTY=,MC,Featherweight,145.0,KO/TKO,,1.0,0:23,,,0
RmlnaHROb2RlOjY3MTcy,67172,jeremy-smith-vs-donald-sanchez-67172,RXZlbnROb2RlOjQyNzc=,RmlnaHRlck5vZGU6Mzc1MDE=,RmlnaHRlck5vZGU6MTYzMA==,RmlnaHRlck5vZGU6Mzc1MDE=,MC,Middleweight,185.0,Decision,Unanimous,5.0,5:00,,,0
RmlnaHROb2RlOjY3MTcz,67173,will-santiago-vs-jake-young-67173,RXZlbnROb2RlOjQyNzc=,RmlnaHRlck5vZGU6ODAxNA==,RmlnaHRlck5vZGU6Njc0MjM=,RmlnaHRlck5vZGU6ODAxNA==,MC,Catchweight,180.0,KO/TKO,Retirement,1.0,3:00,,,0
RmlnaHROb2RlOjY3MTc2,67176,josh-watson-vs-kyle-mcelroy-67176,RXZlbnROb2RlOjQyNzc=,RmlnaHRlck5vZGU6NDIyMzQ=,RmlnaHRlck5vZGU6NDEyNjY=,RmlnaHRlck5vZGU6NDIyMzQ=,PL,Heavyweight,265.0,KO/TKO,Punches,1.0,1:24,,,0
RmlnaHROb2RlOjY3MTc3,67177,jayme-hinshaw-vs-cassie-robb-67177,RXZlbnROb2RlOjQyNzc=,RmlnaHRlck5vZGU6MjA4NTk=,RmlnaHRlck5vZGU6MjU1Mg==,RmlnaHRlck5vZGU6MjA4NTk=,PL,Atomweight,105.0,KO/TKO,Punches,1.0,1:18,,,0
RmlnaHROb2RlOjQxODk2,41896,joshua-moreno-vs-zion-tomlinson-sr-41896,RXZlbnROb2RlOjQyNzc=,RmlnaHRlck5vZGU6MjQ0Mzk=,RmlnaHRlck5vZGU6Mzg2MDE=,RmlnaHRlck5vZGU6MjQ0Mzk=,MC,Catchweight,175.0,KO/TKO,,2.0,1:00,-265.0,205.0,0
RmlnaHROb2RlOjQxOTY1,41965,brad-kelly-vs-isaac-vallie-flagg-41965,RXZlbnROb2RlOjQyNzc=,RmlnaHRlck5vZGU6NDEyODU=,RmlnaHRlck5vZGU6MTM3Nw==,RmlnaHRlck5vZGU6NDEyODU=,MC,Catchweight,165.0,Decision,Unanimous,5.0,5:00,-300.0,240.0,0
RmlnaHROb2RlOjY3MTc4,67178,jeremy-sauceda-vs-roderick-stewart-67178,RXZlbnROb2RlOjQyNzc=,RmlnaHRlck5vZGU6NDgzMTc=,RmlnaHRlck5vZGU6NDg4ODc=,RmlnaHRlck5vZGU6NDgzMTc=,PL,Catchweight,175.0,KO/TKO,,2.0,1:38,,,0
RmlnaHROb2RlOjY3MTcx,67171,christine-ferea-vs-taylor-starling-67171,RXZlbnROb2RlOjQyNzc=,RmlnaHRlck5vZGU6MTQzMzI=,RmlnaHRlck5vZGU6MzM2MTk=,RmlnaHRlck5vZGU6MTQzMzI=,ME,Flyweight,125.0,KO/TKO,Punches and Verbal Submission,1.0,0:40,,,0
RmlnaHROb2RlOjQxODIx,41821,john-dodson-vs-ryan-benoit-41821,RXZlbnROb2RlOjQyNzc=,RmlnaHRlck5vZGU6MTAzNQ==,RmlnaHRlck5vZGU6MzQwMw==,RmlnaHRlck5vZGU6MTAzNQ==,CO,Catchweight,130.0,KO/TKO,Punches,1.0,0:40,-265.0,205.0,0
RmlnaHROb2RlOjY3MTc1,67175,tony-soto-vs-joshua-morales-67175,RXZlbnROb2RlOjQyNzc=,RmlnaHRlck5vZGU6NDEyNjM=,RmlnaHRlck5vZGU6MTcwODk=,RmlnaHRlck5vZGU6NDEyNjM=,MC,Lightweight,155.0,KO/TKO,Left Jab and Right Hand,3.0,1:49,,,0
RmlnaHROb2RlOjQyNTQ4,42548,steven-banks-vs-ahmed-el-tayeb-42548,RXZlbnROb2RlOjQzNzU=,RmlnaHRlck5vZGU6MjEyNg==,RmlnaHRlck5vZGU6NDM4NDU=,RmlnaHRlck5vZGU6MjEyNg==,MC,Heavyweight,265.0,KO/TKO,,1.0,0:53,,,0
RmlnaHROb2RlOjcxOTg4,71988,jordan-christensen-vs-cody-beierle-71988,RXZlbnROb2RlOjQzNTY=,RmlnaHRlck5vZGU6MzU1OTA=,RmlnaHRlck5vZGU6NDgzOTQ=,RmlnaHRlck5vZGU6MzU1OTA=,MC,Catchweight,180.0,KO/TKO,,1.0,0:26,,,0
RmlnaHROb2RlOjcxOTg2,71986,billy-wagner-vs-henry-lindsay-71986,RXZlbnROb2RlOjQzNTY=,RmlnaHRlck5vZGU6NDUxNDU=,RmlnaHRlck5vZGU6ODY1Nw==,RmlnaHRlck5vZGU6NDUxNDU=,MC,Welterweight,170.0,KO/TKO,,2.0,1:24,,,0
RmlnaHROb2RlOjcxOTkw,71990,dakota-highpine-vs-koda-greenwood-71990,RXZlbnROb2RlOjQzNTY=,RmlnaHRlck5vZGU6NDg0ODI=,RmlnaHRlck5vZGU6NDgzOTk=,RmlnaHRlck5vZGU6NDg0ODI=,PL,Featherweight,145.0,Decision,Unanimous,5.0,5:00,,,0
RmlnaHROb2RlOjQyNTE1,42515,leo-bercier-vs-brian-maxwell-42515,RXZlbnROb2RlOjQzNTY=,RmlnaHRlck5vZGU6MTYyOTQ=,RmlnaHRlck5vZGU6Mjc3NjY=,RmlnaHRlck5vZGU6MTYyOTQ=,PL,Catchweight,200.0,KO/TKO,,2.0,0:43,-350.0,275.0,0
RmlnaHROb2RlOjcxOTg5,71989,erik-lopez-vs-manuel-moreira-71989,RXZlbnROb2RlOjQzNTY=,RmlnaHRlck5vZGU6NDQ4NTA=,RmlnaHRlck5vZGU6NDI5OTU=,RmlnaHRlck5vZGU6NDQ4NTA=,PL,Lightweight,155.0,Decision,Unanimous,5.0,5:00,,,0
RmlnaHROb2RlOjcxOTg0,71984,kai-stewart-vs-rusty-crowder-71984,RXZlbnROb2RlOjQzNTY=,RmlnaHRlck5vZGU6NDIyMzA=,RmlnaHRlck5vZGU6NzQwNQ==,RmlnaHRlck5vZGU6NDIyMzA=,MC,Featherweight,145.0,Decision,Split,5.0,5:00,,,0
RmlnaHROb2RlOjcxOTg1,71985,gorjan-slaveski-vs-dallas-davison-71985,RXZlbnROb2RlOjQzNTY=,RmlnaHRlck5vZGU6NDQ4NTU=,RmlnaHRlck5vZGU6NDIyMzg=,RmlnaHRlck5vZGU6NDQ4NTU=,MC,Catchweight,165.0,KO/TKO,,2.0,1:24,,,0
RmlnaHROb2RlOjcxOTg3,71987,louie-lopez-vs-dylan-schulte-71987,RXZlbnROb2RlOjQzNTY=,RmlnaHRlck5vZGU6Mzk0NDg=,RmlnaHRlck5vZGU6MzUyNTQ=,RmlnaHRlck5vZGU6Mzk0NDg=,MC,Featherweight,145.0,KO/TKO,,4.0,0:50,,,0
RmlnaHROb2RlOjQyNTE0,42514,joe-riggs-vs-josh-dyer-42514,RXZlbnROb2RlOjQzNTY=,RmlnaHRlck5vZGU6ODI2,RmlnaHRlck5vZGU6MjE0NDM=,RmlnaHRlck5vZGU6ODI2,CO,Middleweight,185.0,Ends in a No Contest,Accidental Headbutt,1.0,5:00,-115.0,-115.0,0
RmlnaHROb2RlOjQyNTk4,42598,britain-hart-vs-charisa-sigala-42598,RXZlbnROb2RlOjQzNTY=,RmlnaHRlck5vZGU6MzUxODE=,RmlnaHRlck5vZGU6MzA1MTI=,RmlnaHRlck5vZGU6MzUxODE=,ME,Strawweight,115.0,Decision,Unanimous,5.0,5:00,-300.0,240.0,0
RmlnaHROb2RlOjczNDQ4,73448,ben-rothwell-vs-bobo-obannon-73448,RXZlbnROb2RlOjQzOTk=,RmlnaHRlck5vZGU6MjA=,RmlnaHRlck5vZGU6MzUyMDI=,RmlnaHRlck5vZGU6MjA=,CO,,300.0,KO/TKO,Punches,1.0,0:19,,,0
RmlnaHROb2RlOjczNDUw,73450,duke-sensley-vs-dennis-labruzza-73450,RXZlbnROb2RlOjQzOTk=,RmlnaHRlck5vZGU6NDg1Nzk=,RmlnaHRlck5vZGU6NDg1Nzg=,RmlnaHRlck5vZGU6NDg1Nzk=,MC,Middleweight,185.0,KO/TKO,,4.0,0:38,,,0
RmlnaHROb2RlOjczNDQ5,73449,kaleb-harris-vs-harris-stephenson-73449,RXZlbnROb2RlOjQzOTk=,RmlnaHRlck5vZGU6MzUyMDA=,RmlnaHRlck5vZGU6MTk4MTk=,RmlnaHRlck5vZGU6MzUyMDA=,MC,Welterweight,170.0,KO/TKO,,2.0,1:46,,,0
RmlnaHROb2RlOjQyODg0,42884,brandon-shavers-vs-nathan-mitchell-42884,RXZlbnROb2RlOjQzOTk=,RmlnaHRlck5vZGU6ODUyOA==,RmlnaHRlck5vZGU6MzY5NDk=,RmlnaHRlck5vZGU6ODUyOA==,MC,Catchweight,165.0,KO/TKO,,1.0,0:59,,,0
RmlnaHROb2RlOjczNDUz,73453,david-bosnick-vs-loren-thibodeaux-73453,RXZlbnROb2RlOjQzOTk=,RmlnaHRlck5vZGU6ODE5NQ==,RmlnaHRlck5vZGU6NDQ0MjU=,RmlnaHRlck5vZGU6ODE5NQ==,PL,Lightweight,155.0,Decision,Unanimous,5.0,5:00,,,0
RmlnaHROb2RlOjczNDUx,73451,noah-cutter-vs-blake-lacaze-73451,RXZlbnROb2RlOjQzOTk=,RmlnaHRlck5vZGU6NDE0Mjk=,RmlnaHRlck5vZGU6NDg1ODA=,RmlnaHRlck5vZGU6NDE0Mjk=,MC,Catchweight,175.0,KO/TKO,,2.0,1:09,,,0
RmlnaHROb2RlOjQyNjY3,42667,tony-jenkins-vs-ravon-baxter-42667,RXZlbnROb2RlOjQzOTk=,RmlnaHRlck5vZGU6MTUyNDU=,RmlnaHRlck5vZGU6NDE3ODY=,RmlnaHRlck5vZGU6MTUyNDU=,MC,Middleweight,185.0,KO/TKO,,3.0,1:05,120.0,-150.0,0
RmlnaHROb2RlOjczNDUy,73452,juan-torres-vs-zachary-calmus-73452,RXZlbnROb2RlOjQzOTk=,RmlnaHRlck5vZGU6ODcxOQ==,RmlnaHRlck5vZGU6Mzk0NDY=,RmlnaHRlck5vZGU6ODcxOQ==,PL,Heavyweight,265.0,Decision,Split,5.0,5:00,,,0
RmlnaHROb2RlOjczNDQ3,73447,lorenzo-hunt-vs-quentin-henry-73447,RXZlbnROb2RlOjQzOTk=,RmlnaHRlck5vZGU6MTc4OTU=,RmlnaHRlck5vZGU6NzM3NA==,RmlnaHRlck5vZGU6MTc4OTU=,ME,Light Heavyweight,205.0,KO/TKO,,3.0,1:36,,,0
RmlnaHROb2RlOjcxMzE3,71317,gorjan-slaveski-vs-evgeny-kurdanov-71317,RXZlbnROb2RlOjQzOTQ=,RmlnaHRlck5vZGU6NDQ4NTU=,RmlnaHRlck5vZGU6NDg5NDY=,RmlnaHRlck5vZGU6NDQ4NTU=,MC,Catchweight,175.0,Decision,Unanimous,5.0,5:00,,,0
RmlnaHROb2RlOjcxMzE4,71318,khortni-kamyron-vs-crystal-pittman-71318,RXZlbnROb2RlOjQzOTQ=,RmlnaHRlck5vZGU6NDg5Mzk=,RmlnaHRlck5vZGU6NDIyMzU=,RmlnaHRlck5vZGU6NDg5Mzk=,PL,Bantamweight,135.0,Decision,Unanimous,5.0,5:00,,,0
RmlnaHROb2RlOjcxMzIx,71321,christian-torres-vs-cory-madden-71321,RXZlbnROb2RlOjQzOTQ=,RmlnaHRlck5vZGU6OTA1MQ==,RmlnaHRlck5vZGU6NDg2ODk=,RmlnaHRlck5vZGU6OTA1MQ==,MC,Catchweight,165.0,Decision,Unanimous,5.0,5:00,,,0
RmlnaHROb2RlOjcxMzE1,71315,mike-richman-vs-isaac-doolittle-71315,RXZlbnROb2RlOjQzOTQ=,RmlnaHRlck5vZGU6MTk2NQ==,RmlnaHRlck5vZGU6MzU4MTU=,RmlnaHRlck5vZGU6MTk2NQ==,ME,Light Heavyweight,205.0,KO/TKO,Punches,3.0,1:35,,,0
RmlnaHROb2RlOjQyMzU4,42358,paige-vanzant-vs-charisa-sigala-42358,RXZlbnROb2RlOjQzOTQ=,RmlnaHRlck5vZGU6MjU2Mw==,RmlnaHRlck5vZGU6MzA1MTI=,,ME,Flyweight,125.0,,,,,,,1
RmlnaHROb2RlOjcxMzIw,71320,keegan-vandermeer-vs-zeb-vincent-71320,RXZlbnROb2RlOjQzOTQ=,RmlnaHRlck5vZGU6NDg5MzY=,RmlnaHRlck5vZGU6NDg5Mzc=,RmlnaHRlck5vZGU6NDg5MzY=,PL,Light Heavyweight,205.0,KO/TKO,Punches,1.0,0:40,,,0
RmlnaHROb2RlOjcxMzE5,71319,andrew-angelcor-vs-van-vo-71319,RXZlbnROb2RlOjQzOTQ=,RmlnaHRlck5vZGU6NDUxNDc=,RmlnaHRlck5vZGU6MzY2MTQ=,RmlnaHRlck5vZGU6NDUxNDc=,MC,Lightweight,155.0,KO/TKO,Left Hook,3.0,1:59,,,0
RmlnaHROb2RlOjcxMzIy,71322,andrew-yates-vs-nolan-mclaughlin-71322,RXZlbnROb2RlOjQzOTQ=,RmlnaHRlck5vZGU6NTgwNQ==,RmlnaHRlck5vZGU6MTQ1Nzg=,RmlnaHRlck5vZGU6NTgwNQ==,MC,Catchweight,165.0,KO/TKO,Right Hand,1.0,0:19,,,0
RmlnaHROb2RlOjQyNzA1,42705,chris-camozzi-vs-bubba-mcdaniel-42705,RXZlbnROb2RlOjQzOTQ=,RmlnaHRlck5vZGU6OTg5,RmlnaHRlck5vZGU6MTE5MA==,RmlnaHRlck5vZGU6OTg5,MC,Catchweight,200.0,KO/TKO,Right Hand,1.0,0:37,-650.0,475.0,0
RmlnaHROb2RlOjQyOTEy,42912,brandon-girtz-vs-jake-lindsey-42912,RXZlbnROb2RlOjQzOTQ=,RmlnaHRlck5vZGU6MTQ5Mw==,RmlnaHRlck5vZGU6MjkyNw==,RmlnaHRlck5vZGU6MjkyNw==,CO,Welterweight,170.0,KO/TKO,Doctor Stoppage,2.0,3:00,165.0,-205.0,0
RmlnaHROb2RlOjcxMzE2,71316,josh-copeland-vs-levi-da-costa-71316,RXZlbnROb2RlOjQzOTQ=,RmlnaHRlck5vZGU6NjA5Ng==,RmlnaHRlck5vZGU6MTE1OTg=,RmlnaHRlck5vZGU6NjA5Ng==,MC,,,KO/TKO,Left Hand,3.0,2:00,,,0
RmlnaHROb2RlOjY4Njg2,68686,tony-murphy-vs-shane-stapp-68686,RXZlbnROb2RlOjQ0MzY=,RmlnaHRlck5vZGU6Mzg2MTM=,RmlnaHRlck5vZGU6NDkwMzQ=,RmlnaHRlck5vZGU6Mzg2MTM=,PL,Catchweight,175.0,KO/TKO,Right Hooks,1.0,0:55,,,0
RmlnaHROb2RlOjQyODk2,42896,reginald-barnett-jr-vs-geane-herrera-42896,RXZlbnROb2RlOjQ0MzY=,RmlnaHRlck5vZGU6MjA2NjQ=,RmlnaHRlck5vZGU6NjU3OQ==,RmlnaHRlck5vZGU6MjA2NjQ=,ME,Bantamweight,135.0,Decision,Unanimous,5.0,5:00,,,0
RmlnaHROb2RlOjY4Njgx,68681,travis-thompson-vs-david-diaz-68681,RXZlbnROb2RlOjQ0MzY=,RmlnaHRlck5vZGU6MzUxOTQ=,RmlnaHRlck5vZGU6Mzg2MDA=,RmlnaHRlck5vZGU6MzUxOTQ=,MC,Bantamweight,135.0,Decision,Unanimous,5.0,5:00,,,0
RmlnaHROb2RlOjY4Njgz,68683,ryan-reber-vs-jack-grady-68683,RXZlbnROb2RlOjQ0MzY=,RmlnaHRlck5vZGU6NDUxMjg=,RmlnaHRlck5vZGU6NDIyMTI=,RmlnaHRlck5vZGU6NDUxMjg=,MC,Bantamweight,135.0,Disqualification,Intentional Headbutt,2.0,1:56,,,0
RmlnaHROb2RlOjY4Njgy,68682,jr-ridge-vs-chancey-wilson-68682,RXZlbnROb2RlOjQ0MzY=,RmlnaHRlck5vZGU6NDMxNzU=,RmlnaHRlck5vZGU6MzMyNDI=,RmlnaHRlck5vZGU6NDMxNzU=,MC,Flyweight,125.0,Decision,Unanimous,5.0,5:00,,,0
RmlnaHROb2RlOjY4Njc5,68679,bobby-taylor-vs-gabriel-freyre-68679,RXZlbnROb2RlOjQ0MzY=,RmlnaHRlck5vZGU6NjkzMQ==,RmlnaHRlck5vZGU6NDg5MjY=,RmlnaHRlck5vZGU6NjkzMQ==,MC,Lightweight,155.0,KO/TKO,Punches,2.0,1:39,,,0
RmlnaHROb2RlOjY4Njg1,68685,jafar-fortt-vs-chris-cornelius-68685,RXZlbnROb2RlOjQ0MzY=,RmlnaHRlck5vZGU6NDkyNDk=,RmlnaHRlck5vZGU6NDkyNDg=,RmlnaHRlck5vZGU6NDkyNDk=,PL,Catchweight,165.0,KO/TKO,Straight Left Hand,1.0,0:20,,,0
RmlnaHROb2RlOjY4Njg0,68684,brandon-allen-vs-joshua-marer-68684,RXZlbnROb2RlOjQ0MzY=,RmlnaHRlck5vZGU6NDEyNjg=,RmlnaHRlck5vZGU6MzU4MjE=,RmlnaHRlck5vZGU6NDEyNjg=,PL,Featherweight,145.0,KO/TKO,Right Hand,3.0,1:46,,,0
RmlnaHROb2RlOjQyOTgz,42983,jonathan-miller-vs-stephon-reese-42983,RXZlbnROb2RlOjQ0MzY=,RmlnaHRlck5vZGU6MjY4MTE=,RmlnaHRlck5vZGU6MjA1NDI=,RmlnaHRlck5vZGU6MjY4MTE=,MC,Light Heavyweight,205.0,KO/TKO,Left Hook,1.0,1:44,-130.0,100.0,0
RmlnaHROb2RlOjY4Njgw,68680,jessica-borga-vs-sarah-click-68680,RXZlbnROb2RlOjQ0MzY=,RmlnaHRlck5vZGU6MzE2ODM=,RmlnaHRlck5vZGU6ODc3Nw==,RmlnaHRlck5vZGU6MzE2ODM=,MC,Catchweight,150.0,KO/TKO,Punches,1.0,1:15,,,0
RmlnaHROb2RlOjY4Njc4,68678,jared-warren-vs-jay-jackson-68678,RXZlbnROb2RlOjQ0MzY=,RmlnaHRlck5vZGU6MzUyMTI=,RmlnaHRlck5vZGU6MTQ3MDA=,RmlnaHRlck5vZGU6MzUyMTI=,CO,Middleweight,185.0,KO/TKO,Punches,2.0,2:00,,,0
RmlnaHROb2RlOjQzMDQy,43042,justin-grizzard-vs-andrew-potter-43042,RXZlbnROb2RlOjQ0Mzk=,RmlnaHRlck5vZGU6MjUz,RmlnaHRlck5vZGU6MjY5MjA=,,PL,Catchweight,200.0,,,,,-215.0,175.0,1
RmlnaHROb2RlOjQzMDA3,43007,kassius-holdorf-vs-henry-lindsay-43007,RXZlbnROb2RlOjQ0Mzk=,RmlnaHRlck5vZGU6Nzg0Mg==,RmlnaHRlck5vZGU6ODY1Nw==,,PL,Catchweight,165.0,,,,,,,1
RmlnaHROb2RlOjQzMDY3,43067,brandon-meyer-vs-shaine-moffitt-43067,RXZlbnROb2RlOjQ0Mzk=,RmlnaHRlck5vZGU6MjI5NzM=,RmlnaHRlck5vZGU6MTUwODM=,RmlnaHRlck5vZGU6MjI5NzM=,PL,Lightweight,155.0,KO/TKO,Right Hand,1.0,1:03,125.0,-155.0,0
RmlnaHROb2RlOjQzMDA2,43006,alonzo-martinez-vs-adalberto-serrano-43006,RXZlbnROb2RlOjQ0Mzk=,RmlnaHRlck5vZGU6MTM4,RmlnaHRlck5vZGU6MjkxNjQ=,,MC,Catchweight,160.0,,,,,,,1
RmlnaHROb2RlOjQzMDA4,43008,jeff-souder-vs-jaquis-williams-43008,RXZlbnROb2RlOjQ0Mzk=,RmlnaHRlck5vZGU6MjI5ODA=,RmlnaHRlck5vZGU6NjU4Mg==,,MC,Catchweight,200.0,,,,,-205.0,165.0,1
RmlnaHROb2RlOjQzMTMx,43131,dakota-cochrane-vs-robbie-peralta-43131,RXZlbnROb2RlOjQ0Mzk=,RmlnaHRlck5vZGU6MTcz,RmlnaHRlck5vZGU6MTI2MA==,,MC,Catchweight,165.0,,,,,,,0
RmlnaHROb2RlOjYyODg2,62886,tommy-strydom-vs-cody-land-62886,RXZlbnROb2RlOjQ0Mzk=,RmlnaHRlck5vZGU6NDkwMzM=,RmlnaHRlck5vZGU6MTcw,RmlnaHRlck5vZGU6NDkwMzM=,MC,Featherweight,145.0,KO/TKO,,2.0,1:51,,,0
RmlnaHROb2RlOjQzNDA3,43407,dakota-cochrane-vs-eduardo-peralta-43407,RXZlbnROb2RlOjQ0Mzk=,RmlnaHRlck5vZGU6MTcz,RmlnaHRlck5vZGU6MzU0NzY=,RmlnaHRlck5vZGU6MTcz,MC,Catchweight,175.0,KO/TKO,,5.0,0:35,,,0
RmlnaHROb2RlOjYyODg1,62885,carlos-trinidad-vs-rynell-riley-62885,RXZlbnROb2RlOjQ0Mzk=,RmlnaHRlck5vZGU6NDU0NjM=,RmlnaHRlck5vZGU6NDMwMDU=,RmlnaHRlck5vZGU6NDU0NjM=,MC,Catchweight,165.0,Decision,Unanimous,5.0,5:00,,,0
RmlnaHROb2RlOjQzNDA4,43408,alonzo-martinez-vs-jordan-christensen-43408,RXZlbnROb2RlOjQ0Mzk=,RmlnaHRlck5vZGU6MTM4,RmlnaHRlck5vZGU6MzU1OTA=,RmlnaHRlck5vZGU6MTM4,MC,Catchweight,175.0,Decision,Unanimous,5.0,5:00,,,0
RmlnaHROb2RlOjQzMDY2,43066,sean-wilson-vs-kevin-croom-43066,RXZlbnROb2RlOjQ0Mzk=,RmlnaHRlck5vZGU6MzA2,RmlnaHRlck5vZGU6MjY0,RmlnaHRlck5vZGU6MjY0,CO,Lightweight,155.0,KO/TKO,,2.0,1:36,100.0,-130.0,0
RmlnaHROb2RlOjQzMDA5,43009,drako-rodriguez-vs-will-shutt-43009,RXZlbnROb2RlOjQ0Mzk=,RmlnaHRlck5vZGU6MTc4Nzk=,RmlnaHRlck5vZGU6OTQ5OQ==,RmlnaHRlck5vZGU6MTc4Nzk=,MC,Featherweight,145.0,KO/TKO,,3.0,0:51,-400.0,300.0,0
RmlnaHROb2RlOjYyOTM3,62937,sarah-shell-vs-audra-cummings-62937,RXZlbnROb2RlOjQ0Mzk=,RmlnaHRlck5vZGU6MzEyNTI=,RmlnaHRlck5vZGU6NDM1MzU=,RmlnaHRlck5vZGU6MzEyNTI=,PL,Flyweight,125.0,KO/TKO,,2.0,1:08,,,0
RmlnaHROb2RlOjQyOTU2,42956,joey-beltran-vs-houston-alexander-42956,RXZlbnROb2RlOjQ0Mzk=,RmlnaHRlck5vZGU6OTYz,RmlnaHRlck5vZGU6MjA5,RmlnaHRlck5vZGU6MjA5,ME,Light Heavyweight,205.0,KO/TKO,Punches,2.0,0:38,-205.0,165.0,0
RmlnaHROb2RlOjcyMDQy,72042,john-ferguson-vs-tom-scott-72042,RXZlbnROb2RlOjQ0MTU=,RmlnaHRlck5vZGU6NDkwMzE=,RmlnaHRlck5vZGU6NDkwMzA=,RmlnaHRlck5vZGU6NDkwMzE=,MC,Middleweight,185.0,Decision,Unanimous,5.0,5:00,,,0
RmlnaHROb2RlOjcyMDQ0,72044,melanie-shah-vs-mathilda-wilson-72044,RXZlbnROb2RlOjQ0MTU=,RmlnaHRlck5vZGU6NDkzNTE=,RmlnaHRlck5vZGU6NDkzNTA=,RmlnaHRlck5vZGU6NDkzNTE=,PL,Flyweight,125.0,Decision,Split,5.0,5:00,,,0
RmlnaHROb2RlOjcyMDQz,72043,nathan-owens-vs-david-round-72043,RXZlbnROb2RlOjQ0MTU=,RmlnaHRlck5vZGU6NDkzNDc=,RmlnaHRlck5vZGU6NDY2MA==,RmlnaHRlck5vZGU6NDkzNDc=,MC,Middleweight,185.0,Decision,Unanimous,5.0,5:00,,,0
RmlnaHROb2RlOjcyMDQx,72041,danny-christie-vs-darren-godfrey-72041,RXZlbnROb2RlOjQ0MTU=,RmlnaHRlck5vZGU6NDc1NzQ=,RmlnaHRlck5vZGU6NDk2ODU=,RmlnaHRlck5vZGU6NDc1NzQ=,MC,Middleweight,185.0,KO/TKO,Uppercuts,1.0,1:07,,,0
RmlnaHROb2RlOjQyNjUz,42653,mick-terrill-vs-steven-banks-42653,RXZlbnROb2RlOjQ0MTU=,RmlnaHRlck5vZGU6Mzk0NDU=,RmlnaHRlck5vZGU6MjEyNg==,RmlnaHRlck5vZGU6Mzk0NDU=,ME,Heavyweight,265.0,KO/TKO,Doctor Stoppage (Cut),2.0,2:00,,,0
RmlnaHROb2RlOjcyMDQw,72040,anthony-holmes-vs-darren-hendry-72040,RXZlbnROb2RlOjQ0MTU=,RmlnaHRlck5vZGU6NDkwMjk=,RmlnaHRlck5vZGU6NDkwMjg=,RmlnaHRlck5vZGU6NDkwMjk=,CO,Catchweight,195.0,KO/TKO,Right Hand,4.0,0:29,,,0
RmlnaHROb2RlOjY2MzAw,66300,joshuah-alvarez-vs-glendel-futrell-66300,RXZlbnROb2RlOjQ0NDg=,RmlnaHRlck5vZGU6NDI4Mjg=,RmlnaHRlck5vZGU6NDQ3NjM=,RmlnaHRlck5vZGU6NDI4Mjg=,MC,Catchweight,160.0,Decision,Unanimous,5.0,5:00,,,0
RmlnaHROb2RlOjY2MzAz,66303,freddy-masabo-vs-shawn-moffett-66303,RXZlbnROb2RlOjQ0NDg=,RmlnaHRlck5vZGU6NDY3MjQ=,RmlnaHRlck5vZGU6MzMyNjk=,RmlnaHRlck5vZGU6NDY3MjQ=,PL,Featherweight,145.0,KO/TKO,Knee Injury,1.0,0:27,,,0
RmlnaHROb2RlOjY2Mjk3,66297,bryan-duran-vs-kobe-bowen-66297,RXZlbnROb2RlOjQ0NDg=,RmlnaHRlck5vZGU6NDQ3NjI=,RmlnaHRlck5vZGU6MzUwNTQ=,RmlnaHRlck5vZGU6NDQ3NjI=,MC,Lightweight,155.0,KO/TKO,Punches,1.0,0:15,,,0
RmlnaHROb2RlOjY2Mjk4,66298,rene-rodriguez-vs-jake-young-66298,RXZlbnROb2RlOjQ0NDg=,RmlnaHRlck5vZGU6NDk2NzU=,RmlnaHRlck5vZGU6Njc0MjM=,RmlnaHRlck5vZGU6NDk2NzU=,MC,Welterweight,170.0,KO/TKO,Left Hand,1.0,1:57,,,0
RmlnaHROb2RlOjY2Mjk5,66299,gee-perez-vs-rob-fuller-66299,RXZlbnROb2RlOjQ0NDg=,RmlnaHRlck5vZGU6NDk2NzY=,RmlnaHRlck5vZGU6MzM2NTM=,RmlnaHRlck5vZGU6NDk2NzY=,MC,Catchweight,130.0,KO/TKO,,1.0,1:54,,,0
RmlnaHROb2RlOjY2Mjk2,66296,christine-vicens-vs-jocelyn-jones-lybarger-66296,RXZlbnROb2RlOjQ0NDg=,RmlnaHRlck5vZGU6NDM5MjE=,RmlnaHRlck5vZGU6NjcwNw==,RmlnaHRlck5vZGU6NDM5MjE=,MC,Catchweight,130.0,Decision,Unanimous,5.0,5:00,,,0
RmlnaHROb2RlOjY2Mjkz,66293,david-mundell-vs-francesco-ricchi-66293,RXZlbnROb2RlOjQ0NDg=,RmlnaHRlck5vZGU6MTEwMzg=,RmlnaHRlck5vZGU6MzUyMTc=,RmlnaHRlck5vZGU6MTEwMzg=,CO,Catchweight,175.0,KO/TKO,Left Hand,3.0,1:48,,,0
RmlnaHROb2RlOjcxOTk1,71995,matt-russo-vs-jakobi-lowery-71995,RXZlbnROb2RlOjQ0NDg=,RmlnaHRlck5vZGU6NDk3MjU=,RmlnaHRlck5vZGU6NTAwNTY=,RmlnaHRlck5vZGU6NDk3MjU=,PL,Catchweight,130.0,KO/TKO,Doctor Stoppage (Vision Issue),1.0,2:00,,,0
RmlnaHROb2RlOjY2MzAy,66302,jeremy-smith-vs-leo-valdivia-66302,RXZlbnROb2RlOjQ0NDg=,RmlnaHRlck5vZGU6Mzc1MDE=,RmlnaHRlck5vZGU6MzUwMg==,RmlnaHRlck5vZGU6Mzc1MDE=,PL,Middleweight,185.0,KO/TKO,Left Hands,3.0,1:52,,,0
RmlnaHROb2RlOjY2MzAx,66301,alberto-blas-vs-jeremiah-potts-66301,RXZlbnROb2RlOjQ0NDg=,RmlnaHRlck5vZGU6MjMxNDA=,RmlnaHRlck5vZGU6NDk3Mjc=,RmlnaHRlck5vZGU6MjMxNDA=,PL,Bantamweight,135.0,KO/TKO,Punches,1.0,0:54,,,0
RmlnaHROb2RlOjQzMDc0,43074,luis-palomino-vs-tom-shoaff-43074,RXZlbnROb2RlOjQ0NDg=,RmlnaHRlck5vZGU6MTg5OQ==,RmlnaHRlck5vZGU6MTYyMjM=,RmlnaHRlck5vZGU6MTg5OQ==,ME,Lightweight,155.0,KO/TKO,Doctor Stoppage (Eye Injury),4.0,0:01,-475.0,375.0,0
RmlnaHROb2RlOjY2Mjk1,66295,blake-davis-vs-william-dunkle-66295,RXZlbnROb2RlOjQ0NDg=,RmlnaHRlck5vZGU6NDk2NzQ=,RmlnaHRlck5vZGU6NDUwMTk=,RmlnaHRlck5vZGU6NDk2NzQ=,MC,Catchweight,175.0,KO/TKO,Right Hand,1.0,1:43,,,0
RmlnaHROb2RlOjY2Mjk0,66294,louie-lopez-vs-howard-davis-66294,RXZlbnROb2RlOjQ0NDg=,RmlnaHRlck5vZGU6Mzk0NDg=,RmlnaHRlck5vZGU6NDI4MDY=,RmlnaHRlck5vZGU6Mzk0NDg=,MC,Featherweight,145.0,KO/TKO,Doctor Stoppage (Cut),1.0,2:00,,,0
RmlnaHROb2RlOjczNDY2,73466,doug-coltrane-vs-brian-jackson-73466,RXZlbnROb2RlOjQ1MTk=,RmlnaHRlck5vZGU6NTAxNzk=,RmlnaHRlck5vZGU6NTAxODA=,RmlnaHRlck5vZGU6NTAxNzk=,MC,Middleweight,185.0,KO/TKO,,2.0,0:53,,,0
RmlnaHROb2RlOjczNDYy,73462,albert-inclan-vs-devin-gibson-73462,RXZlbnROb2RlOjQ1MTk=,RmlnaHRlck5vZGU6NDM1MzM=,RmlnaHRlck5vZGU6NDI4Mzk=,RmlnaHRlck5vZGU6NDM1MzM=,MC,Catchweight,130.0,Decision,Unanimous,5.0,5:00,,,0
RmlnaHROb2RlOjczNDYz,73463,tomar-washington-vs-willie-sears-73463,RXZlbnROb2RlOjQ1MTk=,RmlnaHRlck5vZGU6MTA0MjA=,RmlnaHRlck5vZGU6NTAxNzg=,RmlnaHRlck5vZGU6MTA0MjA=,MC,Heavyweight,265.0,Result Overturned,,,,,,0
RmlnaHROb2RlOjczNDY0,73464,trevor-loken-vs-marcus-brimage-73464,RXZlbnROb2RlOjQ1MTk=,RmlnaHRlck5vZGU6NTAwNTU=,RmlnaHRlck5vZGU6OTc4,RmlnaHRlck5vZGU6NTAwNTU=,MC,Featherweight,145.0,KO/TKO,Punches,1.0,0:40,,,0
RmlnaHROb2RlOjczNDY1,73465,james-brown-vs-stevo-morris-73465,RXZlbnROb2RlOjQ1MTk=,RmlnaHRlck5vZGU6MjA2NzI=,RmlnaHRlck5vZGU6NDMwMDc=,RmlnaHRlck5vZGU6MjA2NzI=,MC,Featherweight,145.0,Decision,Unanimous,5.0,5:00,,,0
RmlnaHROb2RlOjQzNzE1,43715,brandon-bushaw-vs-paul-teague-43715,RXZlbnROb2RlOjQ1MTk=,RmlnaHRlck5vZGU6MjA2NTk=,RmlnaHRlck5vZGU6NDUwNDk=,RmlnaHRlck5vZGU6MjA2NTk=,MC,Lightweight,155.0,KO/TKO,,1.0,1:02,-550.0,400.0,0
RmlnaHROb2RlOjczNDU5,73459,andy-nguyen-vs-nekah-dmitriyeva-73459,RXZlbnROb2RlOjQ1MTk=,RmlnaHRlck5vZGU6ODE4Ng==,RmlnaHRlck5vZGU6NDgzOTc=,RmlnaHRlck5vZGU6ODE4Ng==,MC,Strawweight,115.0,Decision,Split,5.0,5:00,,,0
RmlnaHROb2RlOjQzOTYw,43960,keith-richardson-vs-justin-scoggins-43960,RXZlbnROb2RlOjQ1MTk=,RmlnaHRlck5vZGU6MjczNg==,RmlnaHRlck5vZGU6NTg0Nw==,RmlnaHRlck5vZGU6MjczNg==,CO,Bantamweight,135.0,Decision,Unanimous,5.0,5:00,140.0,-170.0,0
RmlnaHROb2RlOjc0NTg1,74585,roberto-armas-vs-jakobi-lowery-74585,RXZlbnROb2RlOjQ1MTk=,RmlnaHRlck5vZGU6NTYyMDE=,RmlnaHRlck5vZGU6NTAwNTY=,RmlnaHRlck5vZGU6NTYyMDE=,MC,Bantamweight,135.0,KO/TKO,,1.0,1:10,,,0
RmlnaHROb2RlOjczNDU4,73458,gorjan-slaveski-vs-yosdenis-cedeno-73458,RXZlbnROb2RlOjQ1MTk=,RmlnaHRlck5vZGU6NDQ4NTU=,RmlnaHRlck5vZGU6MzUzNw==,RmlnaHRlck5vZGU6NDQ4NTU=,ME,Catchweight,165.0,KO/TKO,Punches,4.0,1:53,,,0
RmlnaHROb2RlOjczNDYw,73460,robert-armas-vs-jakobi-lowery-73460,RXZlbnROb2RlOjQ1MTk=,RmlnaHRlck5vZGU6NDUxMzI=,RmlnaHRlck5vZGU6NTAwNTY=,RmlnaHRlck5vZGU6NDUxMzI=,MC,Bantamweight,135.0,KO/TKO,,1.0,1:10,,,0
RmlnaHROb2RlOjQzODQy,43842,jordan-weeks-vs-murat-kazgan-43842,RXZlbnROb2RlOjQ1MTk=,RmlnaHRlck5vZGU6NDczODM=,RmlnaHRlck5vZGU6NzY4OQ==,RmlnaHRlck5vZGU6NzY4OQ==,MC,Catchweight,165.0,KO/TKO,Doctor Stoppage,1.0,1:41,190.0,-240.0,0
RmlnaHROb2RlOjczNDYx,73461,tony-soto-vs-wayna-reid-73461,RXZlbnROb2RlOjQ1MTk=,RmlnaHRlck5vZGU6NDEyNjM=,RmlnaHRlck5vZGU6NTAzNTY=,RmlnaHRlck5vZGU6NDEyNjM=,MC,Catchweight,160.0,KO/TKO,Doctor Stoppage,4.0,0:31,,,0
RmlnaHROb2RlOjY3MTg5,67189,josh-watson-vs-greg-hardy-67189,RXZlbnROb2RlOjQ1MjY=,RmlnaHRlck5vZGU6NDIyMzQ=,RmlnaHRlck5vZGU6MjQzNTg=,RmlnaHRlck5vZGU6NDIyMzQ=,MC,,300.0,KO/TKO,,2.0,0:19,,,0
RmlnaHROb2RlOjY3MTkw,67190,jayme-hinshaw-vs-charisa-sigala-67190,RXZlbnROb2RlOjQ1MjY=,RmlnaHRlck5vZGU6MjA4NTk=,RmlnaHRlck5vZGU6MzA1MTI=,RmlnaHRlck5vZGU6MjA4NTk=,MC,Strawweight,115.0,KO/TKO,Ankle Injury,1.0,0:38,,,0
RmlnaHROb2RlOjQzOTEz,43913,will-santiago-vs-noah-cutter-43913,RXZlbnROb2RlOjQ1MjY=,RmlnaHRlck5vZGU6ODAxNA==,RmlnaHRlck5vZGU6NDE0Mjk=,RmlnaHRlck5vZGU6ODAxNA==,MC,Catchweight,175.0,KO/TKO,Doctor Stoppage,1.0,2:00,-550.0,400.0,0
RmlnaHROb2RlOjQzOTE0,43914,joshua-moreno-vs-christian-torres-43914,RXZlbnROb2RlOjQ1MjY=,RmlnaHRlck5vZGU6MjQ0Mzk=,RmlnaHRlck5vZGU6OTA1MQ==,RmlnaHRlck5vZGU6MjQ0Mzk=,MC,Catchweight,175.0,KO/TKO,,2.0,1:02,-245.0,195.0,0
RmlnaHROb2RlOjY3MTkx,67191,kevin-croom-vs-chevvy-bridges-67191,RXZlbnROb2RlOjQ1MjY=,RmlnaHRlck5vZGU6MjY0,RmlnaHRlck5vZGU6NDI2MTI=,RmlnaHRlck5vZGU6MjY0,MC,Lightweight,155.0,KO/TKO,,1.0,1:11,,,0
RmlnaHROb2RlOjY3MTky,67192,eric-dodson-vs-gene-perez-67192,RXZlbnROb2RlOjQ1MjY=,RmlnaHRlck5vZGU6NDczMTY=,RmlnaHRlck5vZGU6NzA3OA==,RmlnaHRlck5vZGU6NDczMTY=,PL,Featherweight,145.0,KO/TKO,,1.0,1:32,,,0
RmlnaHROb2RlOjY3MTkz,67193,nick-gonzalez-vs-lardy-navarro-67193,RXZlbnROb2RlOjQ1MjY=,RmlnaHRlck5vZGU6MTE2ODg=,RmlnaHRlck5vZGU6NDM5NjY=,RmlnaHRlck5vZGU6MTE2ODg=,PL,Featherweight,145.0,KO/TKO,,1.0,0:41,,,0
RmlnaHROb2RlOjY3MTk0,67194,derek-perez-vs-anthony-sanchez-67194,RXZlbnROb2RlOjQ1MjY=,RmlnaHRlck5vZGU6MzU1ODM=,RmlnaHRlck5vZGU6NDQ3NjE=,RmlnaHRlck5vZGU6MzU1ODM=,PL,Bantamweight,135.0,Decision,Unanimous,5.0,5:00,,,0
RmlnaHROb2RlOjY3MTg3,67187,lorenzo-hunt-vs-mike-richman-67187,RXZlbnROb2RlOjQ1MjY=,RmlnaHRlck5vZGU6MTc4OTU=,RmlnaHRlck5vZGU6MTk2NQ==,RmlnaHRlck5vZGU6MTc4OTU=,ME,Middleweight,185.0,KO/TKO,Punch,1.0,1:50,,,0
RmlnaHROb2RlOjY3MTg4,67188,austin-trout-vs-diego-sanchez-67188,RXZlbnROb2RlOjQ1MjY=,RmlnaHRlck5vZGU6NTAyMzM=,RmlnaHRlck5vZGU6ODQ4,RmlnaHRlck5vZGU6NTAyMzM=,CO,Catchweight,165.0,KO/TKO,Doctor Stoppage (Cut),4.0,1:44,,,0
RmlnaHROb2RlOjQzOTE1,43915,john-dodson-vs-jarod-grant-43915,RXZlbnROb2RlOjQ1MjY=,RmlnaHRlck5vZGU6MTAzNQ==,RmlnaHRlck5vZGU6MzU2MTU=,RmlnaHRlck5vZGU6MTAzNQ==,MC,Flyweight,125.0,KO/TKO,,1.0,1:41,-425.0,325.0,0
RmlnaHROb2RlOjQzNjk5,43699,arnold-adams-vs-alan-belcher-43699,RXZlbnROb2RlOjQ1MjU=,RmlnaHRlck5vZGU6MTM4NDU=,RmlnaHRlck5vZGU6NTgy,RmlnaHRlck5vZGU6NTgy,ME,Heavyweight,265.0,KO/TKO,,3.0,0:55,100.0,-130.0,0
RmlnaHROb2RlOjYyODk2,62896,dennis-labruzza-vs-stephon-reese-62896,RXZlbnROb2RlOjQ1MjU=,RmlnaHRlck5vZGU6NDg1Nzg=,RmlnaHRlck5vZGU6MjA1NDI=,RmlnaHRlck5vZGU6NDg1Nzg=,MC,Light Heavyweight,205.0,KO/TKO,,2.0,1:24,,,0
RmlnaHROb2RlOjQzOTQy,43942,bobby-taylor-vs-james-lilley-43942,RXZlbnROb2RlOjQ1MjU=,RmlnaHRlck5vZGU6NjkzMQ==,RmlnaHRlck5vZGU6Mjc3ODY=,RmlnaHRlck5vZGU6Mjc3ODY=,CO,Lightweight,155.0,KO/TKO,Doctor Stoppage,3.0,2:00,300.0,-400.0,0
RmlnaHROb2RlOjYyODk1,62895,kaleb-harris-vs-brad-kelly-62895,RXZlbnROb2RlOjQ1MjU=,RmlnaHRlck5vZGU6MzUyMDA=,RmlnaHRlck5vZGU6NDEyODU=,RmlnaHRlck5vZGU6MzUyMDA=,MC,Catchweight,165.0,KO/TKO,,1.0,0:39,,,0
RmlnaHROb2RlOjcyNzM1,72735,duke-sensley-vs-joseph-creer-72735,RXZlbnROb2RlOjQ1MjU=,RmlnaHRlck5vZGU6NDg1Nzk=,RmlnaHRlck5vZGU6MzMwMzM=,RmlnaHRlck5vZGU6NDg1Nzk=,MC,Middleweight,185.0,Decision,Unanimous,5.0,5:00,,,0
RmlnaHROb2RlOjcyNzM2,72736,tyler-sammis-vs-cody-schieve-72736,RXZlbnROb2RlOjQ1MjU=,RmlnaHRlck5vZGU6NDY3Mjk=,RmlnaHRlck5vZGU6MzE4NjI=,RmlnaHRlck5vZGU6NDY3Mjk=,MC,Featherweight,145.0,KO/TKO,,1.0,1:32,,,0
RmlnaHROb2RlOjYyODk5,62899,blake-lacaze-vs-joseph-brett-williams-62899,RXZlbnROb2RlOjQ1MjU=,RmlnaHRlck5vZGU6NDg1ODA=,RmlnaHRlck5vZGU6NDU1Mzg=,RmlnaHRlck5vZGU6NDg1ODA=,PL,Middleweight,185.0,KO/TKO,Corner Stoppage,3.0,2:00,,,0
RmlnaHROb2RlOjcyNzM3,72737,cody-mitchell-vs-brandon-meneses-72737,RXZlbnROb2RlOjQ1MjU=,RmlnaHRlck5vZGU6NTA5ODQ=,RmlnaHRlck5vZGU6NDU3MjM=,RmlnaHRlck5vZGU6NTA5ODQ=,PL,Featherweight,145.0,Ends in a Draw,Majority,5.0,5:00,,,0
RmlnaHROb2RlOjQzOTEw,43910,idrees-wasi-vs-quentin-henry-43910,RXZlbnROb2RlOjQ1MjU=,RmlnaHRlck5vZGU6MTc3MTY=,RmlnaHRlck5vZGU6NzM3NA==,,MC,Catchweight,200.0,,,,,,,1
RmlnaHROb2RlOjcyNzM4,72738,michael-manno-vs-frankie-shugart-72738,RXZlbnROb2RlOjQ1MjU=,RmlnaHRlck5vZGU6NDY3MjE=,RmlnaHRlck5vZGU6NDE1MjU=,RmlnaHRlck5vZGU6NDY3MjE=,PL,Catchweight,175.0,KO/TKO,,1.0,Roun,,,0
RmlnaHROb2RlOjQzOTEx,43911,dillion-winemiller-vs-tony-jenkins-43911,RXZlbnROb2RlOjQ1MjU=,RmlnaHRlck5vZGU6NDI5NDY=,RmlnaHRlck5vZGU6MTUyNDU=,RmlnaHRlck5vZGU6MTUyNDU=,MC,Middleweight,185.0,KO/TKO,,3.0,1:25,,,0
RmlnaHROb2RlOjYyODk3,62897,bryce-henry-vs-brandon-shavers-62897,RXZlbnROb2RlOjQ1MjU=,RmlnaHRlck5vZGU6NTAyNzU=,RmlnaHRlck5vZGU6ODUyOA==,RmlnaHRlck5vZGU6NTAyNzU=,MC,Catchweight,165.0,KO/TKO,,4.0,1:53,,,0
RmlnaHROb2RlOjYyODk4,62898,andrew-angelcor-vs-david-bosnick-62898,RXZlbnROb2RlOjQ1MjU=,RmlnaHRlck5vZGU6NDUxNDc=,RmlnaHRlck5vZGU6ODE5NQ==,RmlnaHRlck5vZGU6NDUxNDc=,MC,Featherweight,145.0,Ends in a Draw,,5.0,5:00,,,0
RmlnaHROb2RlOjY3MTY1,67165,ryan-carmichael-vs-will-cairns-67165,RXZlbnROb2RlOjQ1MjQ=,RmlnaHRlck5vZGU6NTAzNDY=,RmlnaHRlck5vZGU6MTA3NDk=,RmlnaHRlck5vZGU6NTAzNDY=,PL,Lightweight,155.0,KO/TKO,,3.0,1:16,,,0
RmlnaHROb2RlOjcwMTUy,70152,ben-bonner-vs-jamie-oldfield-70152,RXZlbnROb2RlOjQ1MjQ=,RmlnaHRlck5vZGU6NTAzNTA=,RmlnaHRlck5vZGU6NzE2Mzk=,RmlnaHRlck5vZGU6NTAzNTA=,MC,Catchweight,160.0,KO/TKO,,3.0,1:16,,,0
RmlnaHROb2RlOjcwMTUz,70153,jimmy-millar-vs-kyle-cassidy-70153,RXZlbnROb2RlOjQ1MjQ=,RmlnaHRlck5vZGU6OTc5Ng==,RmlnaHRlck5vZGU6NTAzNTE=,RmlnaHRlck5vZGU6OTc5Ng==,PL,Middleweight,185.0,KO/TKO,,2.0,2:00,,,0
RmlnaHROb2RlOjY3MTY0,67164,nathan-hind-vs-gary-fox-67164,RXZlbnROb2RlOjQ1MjQ=,RmlnaHRlck5vZGU6NTAzNDk=,RmlnaHRlck5vZGU6NTAzNDg=,RmlnaHRlck5vZGU6NTAzNDk=,MC,Catchweight,160.0,Decision,Unanimous,5.0,5:00,,,0
RmlnaHROb2RlOjY3MTYz,67163,robbie-kennedy-vs-jack-draper-67163,RXZlbnROb2RlOjQ1MjQ=,RmlnaHRlck5vZGU6NDM4NTM=,RmlnaHRlck5vZGU6NTAzNDc=,RmlnaHRlck5vZGU6NDM4NTM=,MC,,300.0,KO/TKO,,2.0,1:35,,,0
RmlnaHROb2RlOjcwMTUx,70151,chaz-wasserman-vs-cedric-severac-70151,RXZlbnROb2RlOjQ1MjQ=,RmlnaHRlck5vZGU6NDcwMzQ=,RmlnaHRlck5vZGU6NTA4MzM=,RmlnaHRlck5vZGU6NDcwMzQ=,MC,Middleweight,185.0,Decision,Unanimous,5.0,5:00,,,0
RmlnaHROb2RlOjcwMTUw,70150,darren-hendry-vs-corey-harrison-70150,RXZlbnROb2RlOjQ1MjQ=,RmlnaHRlck5vZGU6NDkwMjg=,RmlnaHRlck5vZGU6NTAzNDU=,RmlnaHRlck5vZGU6NDkwMjg=,MC,Light Heavyweight,205.0,KO/TKO,,2.0,0:58,,,0
RmlnaHROb2RlOjY3MTYy,67162,mason-shaw-vs-lee-browne-67162,RXZlbnROb2RlOjQ1MjQ=,RmlnaHRlck5vZGU6NTAyNDA=,RmlnaHRlck5vZGU6NDkzNDY=,RmlnaHRlck5vZGU6NTAyNDA=,MC,Light Heavyweight,205.0,Decision,Unanimous,5.0,5:00,,,0
RmlnaHROb2RlOjcwMTU0,70154,george-thorpe-vs-jamie-hendry-70154,RXZlbnROb2RlOjQ1MjQ=,RmlnaHRlck5vZGU6NTAyNDE=,RmlnaHRlck5vZGU6NTA4MzQ=,RmlnaHRlck5vZGU6NTAyNDE=,PL,Catchweight,180.0,KO/TKO,,3.0,0:54,,,0
RmlnaHROb2RlOjY3MTYw,67160,jake-lindsey-vs-connor-tierney-67160,RXZlbnROb2RlOjQ1MjQ=,RmlnaHRlck5vZGU6MjkyNw==,RmlnaHRlck5vZGU6NDM5NjU=,RmlnaHRlck5vZGU6MjkyNw==,ME,Catchweight,165.0,KO/TKO,,4.0,1:02,,,0
RmlnaHROb2RlOjQ0MDcw,44070,terry-brazier-vs-david-round-44070,RXZlbnROb2RlOjQ1MjQ=,RmlnaHRlck5vZGU6ODg2Mw==,RmlnaHRlck5vZGU6NDY2MA==,RmlnaHRlck5vZGU6NDY2MA==,MC,Middleweight,185.0,KO/TKO,,3.0,1:28,-450.0,350.0,0
RmlnaHROb2RlOjY3MTYx,67161,rico-franco-vs-darren-godfrey-67161,RXZlbnROb2RlOjQ1MjQ=,RmlnaHRlck5vZGU6MTgzODI=,RmlnaHRlck5vZGU6NDk2ODU=,RmlnaHRlck5vZGU6MTgzODI=,CO,Middleweight,185.0,KO/TKO,,2.0,0:49,,,0
RmlnaHROb2RlOjQ0MzMy,44332,dat-nguyen-vs-daniel-straus-44332,RXZlbnROb2RlOjQ1OTk=,RmlnaHRlck5vZGU6MzUyMDk=,RmlnaHRlck5vZGU6MTU5NA==,,ME,Featherweight,145.0,,,,,-450.0,350.0,1
RmlnaHROb2RlOjU5MzQ4,59348,reginald-barnett-jr-vs-daniel-alvarez-59348,RXZlbnROb2RlOjQ1NzY=,RmlnaHRlck5vZGU6MjA2NjQ=,RmlnaHRlck5vZGU6NjIyOTI=,RmlnaHRlck5vZGU6MjA2NjQ=,ME,Bantamweight,135.0,KO/TKO,Doctor Stoppage,3.0,2:00,,,0
RmlnaHROb2RlOjU5MzQ5,59349,will-worley-vs-dimitri-angelini-59349,RXZlbnROb2RlOjQ1NzY=,RmlnaHRlck5vZGU6NDg4ODU=,RmlnaHRlck5vZGU6Mzk0NDk=,RmlnaHRlck5vZGU6NDg4ODU=,MC,Catchweight,160.0,KO/TKO,,1.0,1:10,,,0
RmlnaHROb2RlOjcyNzMx,72731,brian-maxwell-vs-dan-bunyan-72731,RXZlbnROb2RlOjQ1NzY=,RmlnaHRlck5vZGU6Mjc3NjY=,RmlnaHRlck5vZGU6MzUzMDI=,RmlnaHRlck5vZGU6Mjc3NjY=,PL,Middleweight,185.0,KO/TKO,Doctor Stoppage,1.0,0:59,,,0
RmlnaHROb2RlOjQ0NzU3,44757,cody-vidal-vs-idrees-wasi-44757,RXZlbnROb2RlOjQ1NzY=,RmlnaHRlck5vZGU6Mjk5MjM=,RmlnaHRlck5vZGU6MTc3MTY=,,PL,Catchweight,200.0,,,,,-115.0,-115.0,1
RmlnaHROb2RlOjU5MzUz,59353,anthony-foye-vs-cody-jenkins-59353,RXZlbnROb2RlOjQ1NzY=,RmlnaHRlck5vZGU6NTE1ODc=,RmlnaHRlck5vZGU6NTE1ODY=,RmlnaHRlck5vZGU6NTE1ODc=,PL,Featherweight,145.0,Decision,Unanimous,5.0,5:00,,,0
RmlnaHROb2RlOjU5MzUy,59352,zachary-calmus-vs-mikey-furnier-59352,RXZlbnROb2RlOjQ1NzY=,RmlnaHRlck5vZGU6Mzk0NDY=,RmlnaHRlck5vZGU6NTEzNTM=,RmlnaHRlck5vZGU6Mzk0NDY=,PL,Heavyweight,265.0,KO/TKO,Punches,2.0,0:49,,,0
RmlnaHROb2RlOjQ0NDk5,44499,britain-hart-vs-jenny-clausius-44499,RXZlbnROb2RlOjQ1NzY=,RmlnaHRlck5vZGU6MzUxODE=,RmlnaHRlck5vZGU6MzE1OTM=,RmlnaHRlck5vZGU6MzUxODE=,CO,Strawweight,115.0,Decision,Unanimous,5.0,5:00,-425.0,325.0,0
RmlnaHROb2RlOjU5MzUw,59350,kasim-ruffin-vs-trai-santos-59350,RXZlbnROb2RlOjQ1NzY=,RmlnaHRlck5vZGU6NDIyMTY=,RmlnaHRlck5vZGU6NTExMTQ=,RmlnaHRlck5vZGU6NDIyMTY=,MC,Featherweight,145.0,KO/TKO,,4.0,1:47,,,0
RmlnaHROb2RlOjQ0NzU2,44756,david-simpson-vs-jay-jackson-44756,RXZlbnROb2RlOjQ1NzY=,RmlnaHRlck5vZGU6MzY5OTQ=,RmlnaHRlck5vZGU6MTQ3MDA=,RmlnaHRlck5vZGU6MTQ3MDA=,MC,Middleweight,185.0,KO/TKO,Doctor Stoppage,2.0,1:32,155.0,-185.0,0
RmlnaHROb2RlOjQ0Nzgx,44781,kyle-wright-vs-pat-casey-44781,RXZlbnROb2RlOjQ1NzY=,RmlnaHRlck5vZGU6Mjk4MDE=,RmlnaHRlck5vZGU6MjQ5MDA=,RmlnaHRlck5vZGU6Mjk4MDE=,MC,Middleweight,185.0,KO/TKO,,3.0,1:18,170.0,-210.0,0
RmlnaHROb2RlOjU5MzUx,59351,stanislav-grosu-vs-quartus-stitt-59351,RXZlbnROb2RlOjQ1NzY=,RmlnaHRlck5vZGU6NDMwMDQ=,RmlnaHRlck5vZGU6OTU3Nw==,RmlnaHRlck5vZGU6NDMwMDQ=,MC,Catchweight,175.0,KO/TKO,,2.0,1:59,,,0
RmlnaHROb2RlOjY3MTQ1,67145,erick-lozano-vs-francesco-ricchi-67145,RXZlbnROb2RlOjQ2NzA=,RmlnaHRlck5vZGU6MzAwNzM=,RmlnaHRlck5vZGU6MzUyMTc=,RmlnaHRlck5vZGU6MzAwNzM=,MC,Middleweight,185.0,KO/TKO,,1.0,0:54,,,0
RmlnaHROb2RlOjY3MTQ4,67148,gee-perez-vs-joshua-richey-67148,RXZlbnROb2RlOjQ2NzA=,RmlnaHRlck5vZGU6NDk2NzY=,RmlnaHRlck5vZGU6NDIyMjY=,RmlnaHRlck5vZGU6NDk2NzY=,MC,Catchweight,130.0,KO/TKO,,2.0,0:50,,,0
RmlnaHROb2RlOjY3MTQ3,67147,justin-sanchez-vs-gilberto-aguilar-67147,RXZlbnROb2RlOjQ2NzA=,RmlnaHRlck5vZGU6NTA3MTI=,RmlnaHRlck5vZGU6MTA3NTY=,RmlnaHRlck5vZGU6NTA3MTI=,MC,Bantamweight,135.0,Decision,Unanimous,5.0,5:00,,,0
RmlnaHROb2RlOjY3MTQ2,67146,rene-rodriguez-vs-mark-johnson-67146,RXZlbnROb2RlOjQ2NzA=,RmlnaHRlck5vZGU6NDk2NzU=,RmlnaHRlck5vZGU6NTEzNTU=,RmlnaHRlck5vZGU6NDk2NzU=,MC,Catchweight,165.0,KO/TKO,,3.0,0:45,,,0
RmlnaHROb2RlOjY3MTQ5,67149,stephen-townsel-vs-chris-sarro-67149,RXZlbnROb2RlOjQ2NzA=,RmlnaHRlck5vZGU6NDM5MjA=,RmlnaHRlck5vZGU6MzUyMTQ=,RmlnaHRlck5vZGU6NDM5MjA=,MC,Light Heavyweight,205.0,KO/TKO,,3.0,2:00,,,0
RmlnaHROb2RlOjY3MTUy,67152,chris-garcia-vs-philip-ryan-carroll-67152,RXZlbnROb2RlOjQ2NzA=,RmlnaHRlck5vZGU6NTQxOTg=,RmlnaHRlck5vZGU6NTA4MzA=,RmlnaHRlck5vZGU6NTQxOTg=,PL,Catchweight,130.0,KO/TKO,,3.0,0:27,,,0
RmlnaHROb2RlOjY3MTUx,67151,bovar-khanakov-vs-freddy-masabo-67151,RXZlbnROb2RlOjQ2NzA=,RmlnaHRlck5vZGU6NTA5ODc=,RmlnaHRlck5vZGU6NDY3MjQ=,RmlnaHRlck5vZGU6NTA5ODc=,PL,,,Decision,Unanimous,5.0,5:00,,,0
RmlnaHROb2RlOjY3MTUw,67150,howard-davis-vs-trevor-morris-67150,RXZlbnROb2RlOjQ2NzA=,RmlnaHRlck5vZGU6NDI4MDY=,RmlnaHRlck5vZGU6NTA5ODY=,RmlnaHRlck5vZGU6NDI4MDY=,PL,Catchweight,150.0,KO/TKO,,4.0,2:00,,,0
RmlnaHROb2RlOjY3MTQ0,67144,chancey-wilson-vs-tyler-randall-67144,RXZlbnROb2RlOjQ2NzA=,RmlnaHRlck5vZGU6MzMyNDI=,RmlnaHRlck5vZGU6NDI4MDc=,RmlnaHRlck5vZGU6MzMyNDI=,MC,Flyweight,125.0,Decision,Split,5.0,5:00,,,0
RmlnaHROb2RlOjQ1MDMz,45033,dat-nguyen-vs-daniel-straus-45033,RXZlbnROb2RlOjQ2NzA=,RmlnaHRlck5vZGU6MzUyMDk=,RmlnaHRlck5vZGU6MTU5NA==,RmlnaHRlck5vZGU6MzUyMDk=,ME,Featherweight,145.0,Decision,Unanimous,6.0,5:00,-900.0,550.0,0
RmlnaHROb2RlOjY3MTQz,67143,jake-bostwick-vs-isaac-doolittle-67143,RXZlbnROb2RlOjQ2NzA=,RmlnaHRlck5vZGU6NjAxNw==,RmlnaHRlck5vZGU6MzU4MTU=,RmlnaHRlck5vZGU6NjAxNw==,CO,Catchweight,175.0,Ends in a Draw,Majority,5.0,5:00,,,0
RmlnaHROb2RlOjY2NDM5,66439,franco-tenaglia-vs-luke-nevin-66439,RXZlbnROb2RlOjQ2NDg=,RmlnaHRlck5vZGU6MTQ0NDE=,RmlnaHRlck5vZGU6NTE3MDI=,RmlnaHRlck5vZGU6MTQ0NDE=,CO,Catchweight,165.0,KO/TKO,,4.0,Roun,,,0
RmlnaHROb2RlOjY2NTYz,66563,tom-scott-vs-damian-gorski-66563,RXZlbnROb2RlOjQ2NDg=,RmlnaHRlck5vZGU6NDkwMzA=,RmlnaHRlck5vZGU6NTE3MDM=,RmlnaHRlck5vZGU6NDkwMzA=,MC,Catchweight,175.0,KO/TKO,,4.0,1:44,,,0
RmlnaHROb2RlOjY2NTYy,66562,rico-franco-vs-axel-birbes-66562,RXZlbnROb2RlOjQ2NDg=,RmlnaHRlck5vZGU6MTgzODI=,RmlnaHRlck5vZGU6NTE3MDE=,RmlnaHRlck5vZGU6MTgzODI=,MC,Catchweight,165.0,KO/TKO,,2.0,1:07,,,0
RmlnaHROb2RlOjQ1Mjgx,45281,robbie-kennedy-vs-conor-cooke-45281,RXZlbnROb2RlOjQ2NDg=,RmlnaHRlck5vZGU6NDM4NTM=,RmlnaHRlck5vZGU6MzcwNA==,RmlnaHRlck5vZGU6MzcwNA==,MC,Light Heavyweight,205.0,KO/TKO,,4.0,1:56,-135.0,105.0,0
RmlnaHROb2RlOjY2NDM4,66438,danny-christie-vs-anthony-holmes-66438,RXZlbnROb2RlOjQ2NDg=,RmlnaHRlck5vZGU6NDc1NzQ=,RmlnaHRlck5vZGU6NDkwMjk=,RmlnaHRlck5vZGU6NDc1NzQ=,ME,Middleweight,185.0,KO/TKO,,4.0,Roun,,,0
RmlnaHROb2RlOjY2NDQw,66440,jonny-graham-vs-will-cairns-66440,RXZlbnROb2RlOjQ2NDg=,RmlnaHRlck5vZGU6NTE3MDc=,RmlnaHRlck5vZGU6MTA3NDk=,RmlnaHRlck5vZGU6NTE3MDc=,MC,Lightweight,155.0,KO/TKO,,1.0,1:33,,,0
RmlnaHROb2RlOjY2NTY2,66566,arron-blakey-vs-naff-higson-66566,RXZlbnROb2RlOjQ2NDg=,RmlnaHRlck5vZGU6NTE3MTI=,RmlnaHRlck5vZGU6NTE3MTM=,RmlnaHRlck5vZGU6NTE3MTI=,PL,Middleweight,185.0,KO/TKO,,1.0,0:50,,,0
RmlnaHROb2RlOjY2NDQx,66441,dawid-oskar-vs-lee-browne-66441,RXZlbnROb2RlOjQ2NDg=,RmlnaHRlck5vZGU6NTI5Mjk=,RmlnaHRlck5vZGU6NDkzNDY=,RmlnaHRlck5vZGU6NTI5Mjk=,MC,Heavyweight,265.0,Decision,Unanimous,5.0,5:00,,,0
RmlnaHROb2RlOjY2NTY0,66564,morgan-starkey-vs-marius-radoi-66564,RXZlbnROb2RlOjQ2NDg=,RmlnaHRlck5vZGU6NTE3MDg=,RmlnaHRlck5vZGU6NTE3MTE=,RmlnaHRlck5vZGU6NTE3MDg=,MC,Catchweight,160.0,KO/TKO,,1.0,0:23,,,0
RmlnaHROb2RlOjY2NTY1,66565,rob-cunningham-vs-wain-morgan-66565,RXZlbnROb2RlOjQ2NDg=,RmlnaHRlck5vZGU6NDcxMjQ=,RmlnaHRlck5vZGU6NDkzNTM=,RmlnaHRlck5vZGU6NDcxMjQ=,PL,,300.0,KO/TKO,,2.0,1:03,,,0
RmlnaHROb2RlOjY2NDQy,66442,bart-krol-vs-ashley-griffiths-66442,RXZlbnROb2RlOjQ2NDg=,RmlnaHRlck5vZGU6NTE3MDU=,RmlnaHRlck5vZGU6ODA2Mw==,RmlnaHRlck5vZGU6NTE3MDU=,PL,Middleweight,185.0,KO/TKO,,1.0,1:04,,,0
RmlnaHROb2RlOjQ0NjM5,44639,bec-rawlings-vs-christine-ferea-44639,RXZlbnROb2RlOjQ2MjA=,RmlnaHRlck5vZGU6NjE0MQ==,RmlnaHRlck5vZGU6MTQzMzI=,RmlnaHRlck5vZGU6MTQzMzI=,MC,Flyweight,125.0,KO/TKO,Doctor Stoppage,2.0,2:00,300.0,-400.0,0
RmlnaHROb2RlOjQ0NjM4,44638,eddie-alvarez-vs-chad-mendes-44638,RXZlbnROb2RlOjQ2MjA=,RmlnaHRlck5vZGU6MTY0Ng==,RmlnaHRlck5vZGU6MTIwNQ==,RmlnaHRlck5vZGU6MTY0Ng==,CO,Catchweight,165.0,Decision,Split,5.0,5:00,165.0,-205.0,0
RmlnaHROb2RlOjQ1MDU4,45058,jessie-stalder-vs-roderick-stewart-45058,RXZlbnROb2RlOjQ2MjA=,RmlnaHRlck5vZGU6NDU2Nzc=,RmlnaHRlck5vZGU6NDg4ODc=,,MC,Catchweight,195.0,,,,,-165.0,135.0,1
RmlnaHROb2RlOjU5MjIx,59221,james-brown-vs-mike-alvarado-59221,RXZlbnROb2RlOjQ2MjA=,RmlnaHRlck5vZGU6MjA2NzI=,RmlnaHRlck5vZGU6NTE4NDg=,RmlnaHRlck5vZGU6MjA2NzI=,MC,Lightweight,155.0,KO/TKO,Doctor Stoppage,2.0,2:00,,,0
RmlnaHROb2RlOjQ0NjM3,44637,mike-perry-vs-luke-rockhold-44637,RXZlbnROb2RlOjQ2MjA=,RmlnaHRlck5vZGU6MTA4OTM=,RmlnaHRlck5vZGU6MTI5MA==,RmlnaHRlck5vZGU6MTA4OTM=,ME,Middleweight,185.0,KO/TKO,Verbal (Teeth Injuries),2.0,1:15,-185.0,155.0,0
RmlnaHROb2RlOjQ1MDE4,45018,chris-camozzi-vs-dan-spohn-45018,RXZlbnROb2RlOjQ2MjA=,RmlnaHRlck5vZGU6OTg5,RmlnaHRlck5vZGU6MTU4OA==,RmlnaHRlck5vZGU6OTg5,MC,Light Heavyweight,205.0,KO/TKO,Punches,1.0,2:00,-300.0,240.0,0
RmlnaHROb2RlOjU5MTg1,59185,khortni-kamyron-vs-gabrielle-roman-59185,RXZlbnROb2RlOjQ2MjA=,RmlnaHRlck5vZGU6NDg5Mzk=,RmlnaHRlck5vZGU6NTIwNTk=,RmlnaHRlck5vZGU6NDg5Mzk=,MC,Catchweight,140.0,Ends in a Draw,Majority,5.0,5:00,,,0
RmlnaHROb2RlOjU5MjIy,59222,mitch-seybold-vs-jack-willoughby-59222,RXZlbnROb2RlOjQ2MjA=,RmlnaHRlck5vZGU6NTE2MjM=,RmlnaHRlck5vZGU6NTE2MjQ=,RmlnaHRlck5vZGU6NTE2MjM=,PL,Lightweight,155.0,KO/TKO,Corner Stoppage,1.0,1:23,,,0
RmlnaHROb2RlOjU5MTg2,59186,dillion-winemiller-vs-matthew-maestas-59186,RXZlbnROb2RlOjQ2MjA=,RmlnaHRlck5vZGU6NDI5NDY=,RmlnaHRlck5vZGU6NTE3MDA=,RmlnaHRlck5vZGU6NDI5NDY=,PL,Middleweight,185.0,KO/TKO,Punches,1.0,0:07,,,0
RmlnaHROb2RlOjQ1Mjc0,45274,ben-rothwell-vs-josh-copeland-45274,RXZlbnROb2RlOjQ2MjA=,RmlnaHRlck5vZGU6MjA=,RmlnaHRlck5vZGU6NjA5Ng==,RmlnaHRlck5vZGU6MjA=,MC,,300.0,KO/TKO,Retirement,3.0,2:00,-600.0,425.0,0
RmlnaHROb2RlOjQ1MDMx,45031,brandon-girtz-vs-christian-torres-45031,RXZlbnROb2RlOjQ2MjA=,RmlnaHRlck5vZGU6MTQ5Mw==,RmlnaHRlck5vZGU6OTA1MQ==,RmlnaHRlck5vZGU6MTQ5Mw==,MC,Catchweight,165.0,KO/TKO,Punches,1.0,1:10,-325.0,250.0,0
RmlnaHROb2RlOjQ1Mzg0,45384,marcus-edwards-vs-jay-jackson-45384,RXZlbnROb2RlOjQ2MjA=,RmlnaHRlck5vZGU6NzI3MQ==,RmlnaHRlck5vZGU6MTQ3MDA=,RmlnaHRlck5vZGU6NzI3MQ==,PL,Catchweight,175.0,KO/TKO,Punches,1.0,2:00,135.0,-165.0,0
RmlnaHROb2RlOjQ1MTgw,45180,jonathan-miller-vs-dustin-long-45180,RXZlbnROb2RlOjQ2NTg=,RmlnaHRlck5vZGU6MjY4MTE=,RmlnaHRlck5vZGU6MTc3MTI=,RmlnaHRlck5vZGU6MjY4MTE=,PL,Light Heavyweight,205.0,KO/TKO,,2.0,2:00,180.0,-220.0,0
RmlnaHROb2RlOjU5MTk1,59195,cole-ferrell-vs-cody-schieve-59195,RXZlbnROb2RlOjQ2NTg=,RmlnaHRlck5vZGU6NTE3MTc=,RmlnaHRlck5vZGU6MzE4NjI=,RmlnaHRlck5vZGU6NTE3MTc=,MC,Featherweight,145.0,KO/TKO,,2.0,0:44,,,0
RmlnaHROb2RlOjQ1MDE3,45017,brandon-bushaw-vs-rick-caruso-45017,RXZlbnROb2RlOjQ2NTg=,RmlnaHRlck5vZGU6MjA2NTk=,RmlnaHRlck5vZGU6Mjk3MDk=,RmlnaHRlck5vZGU6MjA2NTk=,MC,Featherweight,145.0,Ends in a No Contest,,2.0,5:00,-285.0,225.0,0
RmlnaHROb2RlOjU5MTkz,59193,brandon-allen-vs-trevor-loken-59193,RXZlbnROb2RlOjQ2NTg=,RmlnaHRlck5vZGU6NDEyNjg=,RmlnaHRlck5vZGU6NTAwNTU=,RmlnaHRlck5vZGU6NDEyNjg=,MC,Featherweight,145.0,KO/TKO,Punches,1.0,1:29,,,0
RmlnaHROb2RlOjU5MTky,59192,sydney-smith-vs-andy-nguyen-59192,RXZlbnROb2RlOjQ2NTg=,RmlnaHRlck5vZGU6NTE3MTk=,RmlnaHRlck5vZGU6ODE4Ng==,RmlnaHRlck5vZGU6NTE3MTk=,MC,Strawweight,115.0,Decision,Unanimous,5.0,5:00,,,0
RmlnaHROb2RlOjU5MTkx,59191,keith-richardson-vs-cody-jenkins-59191,RXZlbnROb2RlOjQ2NTg=,RmlnaHRlck5vZGU6MjczNg==,RmlnaHRlck5vZGU6NTE1ODY=,RmlnaHRlck5vZGU6MjczNg==,MC,Featherweight,145.0,KO/TKO,,1.0,1:41,,,0
RmlnaHROb2RlOjU5MTkw,59190,doug-coltrane-vs-blake-lacaze-59190,RXZlbnROb2RlOjQ2NTg=,RmlnaHRlck5vZGU6NTAxNzk=,RmlnaHRlck5vZGU6NDg1ODA=,RmlnaHRlck5vZGU6NTAxNzk=,CO,Catchweight,175.0,KO/TKO,Right Hand,2.0,0:34,,,0
RmlnaHROb2RlOjQ1MDE2,45016,keith-richardson-vs-mike-hernandez-45016,RXZlbnROb2RlOjQ2NTg=,RmlnaHRlck5vZGU6MjczNg==,RmlnaHRlck5vZGU6NjU0Ng==,,MC,Bantamweight,135.0,,,,,-700.0,500.0,1
RmlnaHROb2RlOjU5MTk0,59194,trukon-carson-vs-lj-hermreck-59194,RXZlbnROb2RlOjQ2NTg=,RmlnaHRlck5vZGU6NDMwMDY=,RmlnaHRlck5vZGU6OTIwMA==,RmlnaHRlck5vZGU6NDMwMDY=,MC,Catchweight,165.0,KO/TKO,,1.0,1:16,,,0
RmlnaHROb2RlOjQ1MjYz,45263,dustin-pague-vs-wade-johnson-45263,RXZlbnROb2RlOjQ2NTg=,RmlnaHRlck5vZGU6MTI0OA==,RmlnaHRlck5vZGU6NzQ4OA==,RmlnaHRlck5vZGU6MTI0OA==,MC,Catchweight,165.0,KO/TKO,,2.0,1:38,-210.0,170.0,0
RmlnaHROb2RlOjU5MTk2,59196,samuel-samples-vs-glendel-futrell-59196,RXZlbnROb2RlOjQ2NTg=,RmlnaHRlck5vZGU6MzYwNjU=,RmlnaHRlck5vZGU6NDQ3NjM=,RmlnaHRlck5vZGU6MzYwNjU=,PL,Featherweight,145.0,KO/TKO,Corner Stoppage,2.0,2:00,,,0
RmlnaHROb2RlOjU5MjIz,59223,john-barnard-vs-joshua-marer-59223,RXZlbnROb2RlOjQ2NTg=,RmlnaHRlck5vZGU6NTE3MTg=,RmlnaHRlck5vZGU6MzU4MjE=,RmlnaHRlck5vZGU6NTE3MTg=,PL,Lightweight,155.0,KO/TKO,,1.0,2:00,,,0
RmlnaHROb2RlOjU5MTg5,59189,tony-soto-vs-tyler-goodjohn-59189,RXZlbnROb2RlOjQ2NTg=,RmlnaHRlck5vZGU6NDEyNjM=,RmlnaHRlck5vZGU6Mzk3NTE=,RmlnaHRlck5vZGU6NDEyNjM=,ME,Lightweight,155.0,Decision,Unanimous,5.0,5:00,,,0
RmlnaHROb2RlOjY3MTY2,67166,houston-alexander-vs-jeremy-smith-67166,RXZlbnROb2RlOjQ2NjQ=,RmlnaHRlck5vZGU6MjA5,RmlnaHRlck5vZGU6Mzc1MDE=,RmlnaHRlck5vZGU6MjA5,ME,Catchweight,200.0,Decision,Unanimous,5.0,5:00,,,0
RmlnaHROb2RlOjQ1NDc4,45478,carlos-trinidad-vs-elvin-brito-45478,RXZlbnROb2RlOjQ2NjQ=,RmlnaHRlck5vZGU6NDU0NjM=,RmlnaHRlck5vZGU6MzQ2Nw==,RmlnaHRlck5vZGU6NDU0NjM=,MC,Catchweight,165.0,Decision,Unanimous,5.0,5:00,,,0
RmlnaHROb2RlOjQ0OTkz,44993,kevin-benson-vs-corey-roberts-44993,RXZlbnROb2RlOjQ2NjQ=,RmlnaHRlck5vZGU6MTczNDI=,RmlnaHRlck5vZGU6MjA5MTU=,RmlnaHRlck5vZGU6MjA5MTU=,PL,Featherweight,145.0,KO/TKO,,2.0,0:45,,,0
RmlnaHROb2RlOjY3MTcw,67170,esteban-rodriguez-vs-jaquis-williams-67170,RXZlbnROb2RlOjQ2NjQ=,RmlnaHRlck5vZGU6NDU0NjU=,RmlnaHRlck5vZGU6NjU4Mg==,RmlnaHRlck5vZGU6NDU0NjU=,PL,Light Heavyweight,205.0,KO/TKO,Punches,1.0,1:26,,,0
RmlnaHROb2RlOjQ0OTcw,44970,alonzo-martinez-vs-joey-munoz-44970,RXZlbnROb2RlOjQ2NjQ=,RmlnaHRlck5vZGU6MTM4,RmlnaHRlck5vZGU6MjgzMzI=,,MC,Catchweight,175.0,,,,,-370.0,295.0,1
RmlnaHROb2RlOjQ1NzQ1,45745,jeff-souder-vs-idrees-wasi-45745,RXZlbnROb2RlOjQ2NjQ=,RmlnaHRlck5vZGU6MjI5ODA=,RmlnaHRlck5vZGU6MTc3MTY=,RmlnaHRlck5vZGU6MjI5ODA=,MC,Catchweight,195.0,Decision,Unanimous,5.0,5:00,,,0
RmlnaHROb2RlOjY3MTY5,67169,tommy-strydom-vs-josh-krejci-67169,RXZlbnROb2RlOjQ2NjQ=,RmlnaHRlck5vZGU6NDkwMzM=,RmlnaHRlck5vZGU6MzM2MjE=,RmlnaHRlck5vZGU6NDkwMzM=,PL,Featherweight,145.0,KO/TKO,,2.0,1:31,,,0
RmlnaHROb2RlOjQ0OTY5,44969,ryan-braun-vs-andrew-potter-44969,RXZlbnROb2RlOjQ2NjQ=,RmlnaHRlck5vZGU6MTA2NDc=,RmlnaHRlck5vZGU6MjY5MjA=,RmlnaHRlck5vZGU6MTA2NDc=,MC,Light Heavyweight,205.0,KO/TKO,,1.0,0:17,-450.0,350.0,0
RmlnaHROb2RlOjQ1MTI4,45128,dakota-cochrane-vs-noah-cutter-45128,RXZlbnROb2RlOjQ2NjQ=,RmlnaHRlck5vZGU6MTcz,RmlnaHRlck5vZGU6NDE0Mjk=,RmlnaHRlck5vZGU6MTcz,CO,Catchweight,175.0,KO/TKO,Right Hand,1.0,0:56,-265.0,205.0,0
RmlnaHROb2RlOjY3MTY3,67167,alonzo-martinez-vs-jeremy-sauceda-67167,RXZlbnROb2RlOjQ2NjQ=,RmlnaHRlck5vZGU6MTM4,RmlnaHRlck5vZGU6NDgzMTc=,RmlnaHRlck5vZGU6MTM4,MC,Catchweight,180.0,KO/TKO,,4.0,2:00,,,0
RmlnaHROb2RlOjY3MTY4,67168,jade-masson-wong-vs-taylor-starling-67168,RXZlbnROb2RlOjQ2NjQ=,RmlnaHRlck5vZGU6NDE4Njg=,RmlnaHRlck5vZGU6MzM2MTk=,RmlnaHRlck5vZGU6NDE4Njg=,MC,Flyweight,125.0,Decision,Unanimous,5.0,5:00,,,0
RmlnaHROb2RlOjQ1NzE4,45718,jimmie-rivera-vs-bekhzod-usmonov-45718,RXZlbnROb2RlOjQ2NjQ=,RmlnaHRlck5vZGU6NjI=,RmlnaHRlck5vZGU6NDY2MTc=,RmlnaHRlck5vZGU6NjI=,MC,Featherweight,145.0,Decision,Unanimous,5.0,5:00,,,0
RmlnaHROb2RlOjQ0OTY4,44968,sean-wilson-vs-brandon-meyer-44968,RXZlbnROb2RlOjQ2NjQ=,RmlnaHRlck5vZGU6MzA2,RmlnaHRlck5vZGU6MjI5NzM=,RmlnaHRlck5vZGU6MzA2,MC,Lightweight,155.0,Decision,Unanimous,5.0,5:00,-185.0,155.0,0
RmlnaHROb2RlOjQ1Mjkx,45291,jordan-christensen-vs-kerry-lattimer-45291,RXZlbnROb2RlOjQ3MDE=,RmlnaHRlck5vZGU6MzU1OTA=,RmlnaHRlck5vZGU6MTE2MTA=,RmlnaHRlck5vZGU6MzU1OTA=,MC,Welterweight,170.0,KO/TKO,,1.0,0:46,-260.0,200.0,0
RmlnaHROb2RlOjQ2MDMx,46031,kai-stewart-vs-louie-lopez-46031,RXZlbnROb2RlOjQ3MDE=,RmlnaHRlck5vZGU6NDIyMzA=,RmlnaHRlck5vZGU6Mzk0NDg=,RmlnaHRlck5vZGU6NDIyMzA=,ME,Featherweight,145.0,Decision,Unanimous,5.0,5:00,100.0,-130.0,0
RmlnaHROb2RlOjQ2MDM2,46036,dorian-long-vs-mark-johnson-46036,RXZlbnROb2RlOjQ3MDE=,RmlnaHRlck5vZGU6NTI5MjE=,RmlnaHRlck5vZGU6NTEzNTU=,RmlnaHRlck5vZGU6NTI5MjE=,MC,Lightweight,155.0,KO/TKO,,2.0,1:59,-185.0,155.0,0
RmlnaHROb2RlOjQ2MDM0,46034,ryan-ibsen-vs-dakota-highpine-46034,RXZlbnROb2RlOjQ3MDE=,RmlnaHRlck5vZGU6NTE4MzM=,RmlnaHRlck5vZGU6NDg0ODI=,RmlnaHRlck5vZGU6NTE4MzM=,MC,Featherweight,145.0,KO/TKO,,2.0,2:00,140.0,-170.0,0
RmlnaHROb2RlOjQ2MDM3,46037,leo-bercier-vs-willie-sears-46037,RXZlbnROb2RlOjQ3MDE=,RmlnaHRlck5vZGU6MTYyOTQ=,RmlnaHRlck5vZGU6NTAxNzg=,RmlnaHRlck5vZGU6MTYyOTQ=,PL,Light Heavyweight,205.0,KO/TKO,,1.0,1:55,-600.0,425.0,0
RmlnaHROb2RlOjQ2MDM4,46038,koda-greenwood-vs-darrick-gates-46038,RXZlbnROb2RlOjQ3MDE=,RmlnaHRlck5vZGU6NDgzOTk=,RmlnaHRlck5vZGU6NDIyMzE=,RmlnaHRlck5vZGU6NDIyMzE=,PL,Featherweight,145.0,KO/TKO,,1.0,1:20,-180.0,150.0,0
RmlnaHROb2RlOjQ2MDMz,46033,billy-wagner-vs-bryce-henry-46033,RXZlbnROb2RlOjQ3MDE=,RmlnaHRlck5vZGU6NDUxNDU=,RmlnaHRlck5vZGU6NTAyNzU=,RmlnaHRlck5vZGU6NDUxNDU=,MC,Catchweight,165.0,KO/TKO,,3.0,2:00,395.0,-520.0,0
RmlnaHROb2RlOjQ2MDMy,46032,dallas-davison-vs-lloyd-woodard-46032,RXZlbnROb2RlOjQ3MDE=,RmlnaHRlck5vZGU6NDIyMzg=,RmlnaHRlck5vZGU6MTg5Mg==,RmlnaHRlck5vZGU6MTg5Mg==,CO,Catchweight,165.0,KO/TKO,,4.0,2:00,-205.0,165.0,0
RmlnaHROb2RlOjQ2MDM1,46035,sawyer-depee-vs-gabriel-mota-46035,RXZlbnROb2RlOjQ3MDE=,RmlnaHRlck5vZGU6NDIyMzc=,RmlnaHRlck5vZGU6NDA1MDU=,RmlnaHRlck5vZGU6NDIyMzc=,MC,Light Heavyweight,205.0,KO/TKO,,1.0,0:46,-142.0,112.0,0
RmlnaHROb2RlOjQ2MDI5,46029,brady-meister-vs-connor-mckenna-46029,RXZlbnROb2RlOjQ3MDE=,RmlnaHRlck5vZGU6NTI5MjI=,RmlnaHRlck5vZGU6NDc2MTg=,RmlnaHRlck5vZGU6NTI5MjI=,MC,,300.0,KO/TKO,,2.0,1:35,-145.0,115.0,0
RmlnaHROb2RlOjQ2MDMw,46030,dre-coles-vs-david-loureiro-46030,RXZlbnROb2RlOjQ3MDE=,RmlnaHRlck5vZGU6NTI5Mzk=,RmlnaHRlck5vZGU6NTI5MjQ=,RmlnaHRlck5vZGU6NTI5Mzk=,PL,Bantamweight,135.0,Decision,Unanimous,5.0,5:00,,,0
RmlnaHROb2RlOjQ3Mjk2,47296,stephen-townsel-vs-dillion-winemiller-47296,RXZlbnROb2RlOjQ3NTM=,RmlnaHRlck5vZGU6NDM5MjA=,RmlnaHRlck5vZGU6NDI5NDY=,RmlnaHRlck5vZGU6NDI5NDY=,MC,Light Heavyweight,205.0,KO/TKO,,2.0,1:07,-170.0,140.0,0
RmlnaHROb2RlOjQ3Mjk1,47295,rene-rodriguez-vs-james-dennis-47295,RXZlbnROb2RlOjQ3NTM=,RmlnaHRlck5vZGU6NDk2NzU=,RmlnaHRlck5vZGU6NDIyMzY=,RmlnaHRlck5vZGU6NDIyMzY=,MC,Catchweight,165.0,KO/TKO,,2.0,1:32,-500.0,375.0,0
RmlnaHROb2RlOjQ3NDk1,47495,gee-perez-vs-philip-ryan-carroll-47495,RXZlbnROb2RlOjQ3NTM=,RmlnaHRlck5vZGU6NDk2NzY=,RmlnaHRlck5vZGU6NTA4MzA=,RmlnaHRlck5vZGU6NDk2NzY=,MC,Bantamweight,135.0,KO/TKO,,1.0,1:52,-800.0,550.0,0
RmlnaHROb2RlOjQ1ODYw,45860,chris-garcia-vs-robert-madrid-45860,RXZlbnROb2RlOjQ3NTM=,RmlnaHRlck5vZGU6MjEwMTg=,RmlnaHRlck5vZGU6NTI1NzU=,,PL,Bantamweight,135.0,,,,,-500.0,375.0,0
RmlnaHROb2RlOjQ3NDQ4,47448,leonardo-perdomo-vs-joseph-white-47448,RXZlbnROb2RlOjQ3NTM=,RmlnaHRlck5vZGU6NTQxNDQ=,RmlnaHRlck5vZGU6NTQxNDU=,RmlnaHRlck5vZGU6NTQxNDQ=,PL,Heavyweight,265.0,KO/TKO,,1.0,1:18,-220.0,180.0,0
RmlnaHROb2RlOjQ1NzQw,45740,luis-palomino-vs-ryan-lilley-45740,RXZlbnROb2RlOjQ3NTM=,RmlnaHRlck5vZGU6MTg5OQ==,RmlnaHRlck5vZGU6MTgxNzI=,,ME,,,,,,,,,0
RmlnaHROb2RlOjQ3Mjk0,47294,howard-davis-vs-eduardo-peralta-47294,RXZlbnROb2RlOjQ3NTM=,RmlnaHRlck5vZGU6NDI4MDY=,RmlnaHRlck5vZGU6MzU0NzY=,RmlnaHRlck5vZGU6NDI4MDY=,MC,Catchweight,165.0,KO/TKO,,1.0,1:32,-650.0,425.0,0
RmlnaHROb2RlOjQ1ODMz,45833,jake-bostwick-vs-erick-lozano-45833,RXZlbnROb2RlOjQ3NTM=,RmlnaHRlck5vZGU6NjAxNw==,RmlnaHRlck5vZGU6MzAwNzM=,RmlnaHRlck5vZGU6NjAxNw==,CO,Middleweight,185.0,Decision,Unanimous,5.0,5:00,-245.0,195.0,0
RmlnaHROb2RlOjQ1NzUx,45751,luis-palomino-vs-james-lilley-45751,RXZlbnROb2RlOjQ3NTM=,RmlnaHRlck5vZGU6MTg5OQ==,RmlnaHRlck5vZGU6Mjc3ODY=,RmlnaHRlck5vZGU6MTg5OQ==,ME,Lightweight,155.0,Decision,Unanimous,5.0,5:00,-185.0,155.0,0
RmlnaHROb2RlOjQ3Mjk5,47299,blake-davis-vs-quartus-stitt-47299,RXZlbnROb2RlOjQ3NTM=,RmlnaHRlck5vZGU6NDk2NzQ=,RmlnaHRlck5vZGU6OTU3Nw==,,MC,,,,,,,,,1
RmlnaHROb2RlOjQ2ODc4,46878,mike-lee-vs-drew-nolan-46878,RXZlbnROb2RlOjQ3NTM=,RmlnaHRlck5vZGU6MTQ2Njc=,RmlnaHRlck5vZGU6NTI5Mzc=,,PL,Catchweight,200.0,,,,,-800.0,550.0,0
RmlnaHROb2RlOjc0NTg0,74584,alberto-blas-vs-roberto-armas-74584,RXZlbnROb2RlOjQ3NTM=,RmlnaHRlck5vZGU6MjMxNDA=,RmlnaHRlck5vZGU6NTYyMDE=,RmlnaHRlck5vZGU6MjMxNDA=,MC,Bantamweight,135.0,KO/TKO,,1.0,0:47,,,0
RmlnaHROb2RlOjQ3Mjk3,47297,bryan-duran-vs-gilberto-aguilar-47297,RXZlbnROb2RlOjQ3NTM=,RmlnaHRlck5vZGU6NDQ3NjI=,RmlnaHRlck5vZGU6MTA3NTY=,RmlnaHRlck5vZGU6NDQ3NjI=,MC,Lightweight,155.0,KO/TKO,,3.0,2:00,-1600.0,800.0,0
RmlnaHROb2RlOjQ3NDQ3,47447,alberto-blas-vs-robert-armas-47447,RXZlbnROb2RlOjQ3NTM=,RmlnaHRlck5vZGU6MjMxNDA=,RmlnaHRlck5vZGU6NDUxMzI=,RmlnaHRlck5vZGU6MjMxNDA=,MC,Bantamweight,135.0,KO/TKO,,1.0,0:47,-185.0,155.0,0
RmlnaHROb2RlOjYyODIz,62823,mike-lee-vs-drew-nolan-62823,RXZlbnROb2RlOjQ3NTM=,RmlnaHRlck5vZGU6NjAyMzA=,RmlnaHRlck5vZGU6NTI5Mzc=,RmlnaHRlck5vZGU6NjAyMzA=,PL,Catchweight,200.0,KO/TKO,,1.0,1:26,,,0
RmlnaHROb2RlOjQ3Mjk4,47298,gee-perez-vs-antwion-mccollough-47298,RXZlbnROb2RlOjQ3NTM=,RmlnaHRlck5vZGU6NDk2NzY=,RmlnaHRlck5vZGU6NTI1NzQ=,,MC,,,,,,,,,1
RmlnaHROb2RlOjQ3OTI5,47929,chris-garcia-vs-robert-madrid-47929,RXZlbnROb2RlOjQ3NTM=,RmlnaHRlck5vZGU6NTQxOTg=,RmlnaHRlck5vZGU6NTI1NzU=,RmlnaHRlck5vZGU6NTQxOTg=,PL,Bantamweight,135.0,KO/TKO,,3.0,2:00,,,0
RmlnaHROb2RlOjQ2ODcz,46873,matty-hill-vs-dawid-oskar-46873,RXZlbnROb2RlOjQ3NDY=,RmlnaHRlck5vZGU6NTI5Mjg=,RmlnaHRlck5vZGU6NTI5Mjk=,RmlnaHRlck5vZGU6NTI5Mjk=,MC,Light Heavyweight,205.0,KO/TKO,,1.0,1:44,-130.0,100.0,0
RmlnaHROb2RlOjQ4MDQx,48041,paul-cook-vs-aaron-foster-48041,RXZlbnROb2RlOjQ3NDY=,RmlnaHRlck5vZGU6NDU5NQ==,RmlnaHRlck5vZGU6NTQ2ODc=,RmlnaHRlck5vZGU6NDU5NQ==,MC,Catchweight,165.0,KO/TKO,,1.0,0:41,,,0
RmlnaHROb2RlOjQ3OTIz,47923,robbie-brown-vs-ben-hatchett-47923,RXZlbnROb2RlOjQ3NDY=,RmlnaHRlck5vZGU6NTQxOTA=,RmlnaHRlck5vZGU6NTQxOTE=,RmlnaHRlck5vZGU6NTQxOTA=,PL,Featherweight,145.0,KO/TKO,,1.0,1:36,-220.0,180.0,0
RmlnaHROb2RlOjQ3Mjg4,47288,arron-blakey-vs-krystian-nadolski-47288,RXZlbnROb2RlOjQ3NDY=,RmlnaHRlck5vZGU6NTE3MTI=,RmlnaHRlck5vZGU6NTI5MzY=,RmlnaHRlck5vZGU6NTE3MTI=,PL,Catchweight,175.0,KO/TKO,,1.0,1:20,-265.0,205.0,0
RmlnaHROb2RlOjQ3Mjg3,47287,morgan-starkey-vs-patryk-sagan-47287,RXZlbnROb2RlOjQ3NDY=,RmlnaHRlck5vZGU6NTE3MDg=,RmlnaHRlck5vZGU6NTI5MzU=,RmlnaHRlck5vZGU6NTI5MzU=,MC,Featherweight,145.0,KO/TKO,,1.0,0:49,-145.0,115.0,0
RmlnaHROb2RlOjQ3Mjg0,47284,robert-barry-vs-ben-bonner-47284,RXZlbnROb2RlOjQ3NDY=,RmlnaHRlck5vZGU6NTI5MzA=,RmlnaHRlck5vZGU6NTAzNTA=,RmlnaHRlck5vZGU6NTI5MzA=,CO,Catchweight,160.0,KO/TKO,,5.0,0:11,100.0,-130.0,0
RmlnaHROb2RlOjQ3NTIz,47523,rico-franco-vs-franco-tenaglia-47523,RXZlbnROb2RlOjQ3NDY=,RmlnaHRlck5vZGU6MTgzODI=,RmlnaHRlck5vZGU6MTQ0NDE=,,ME,Catchweight,165.0,,,,,-115.0,-115.0,0
RmlnaHROb2RlOjcyMDQ4,72048,rico-franco-vs-kaleb-harris-72048,RXZlbnROb2RlOjQ3NDY=,RmlnaHRlck5vZGU6MTgzODI=,RmlnaHRlck5vZGU6MzUyMDA=,RmlnaHRlck5vZGU6MTgzODI=,ME,Catchweight,165.0,KO/TKO,,5.0,0:58,,,0
RmlnaHROb2RlOjQ3Mjg2,47286,gary-fox-vs-hayden-sherriff-47286,RXZlbnROb2RlOjQ3NDY=,RmlnaHRlck5vZGU6NTAzNDg=,RmlnaHRlck5vZGU6NTI5MzQ=,RmlnaHRlck5vZGU6NTAzNDg=,MC,Featherweight,145.0,KO/TKO,,1.0,0:38,-1800.0,900.0,0
RmlnaHROb2RlOjQ2ODcy,46872,luke-kelly-vs-paul-cook-46872,RXZlbnROb2RlOjQ3NDY=,RmlnaHRlck5vZGU6NTI5Mjc=,RmlnaHRlck5vZGU6NDU5NQ==,,MC,,,,,,,,,1
RmlnaHROb2RlOjQ3Mjg1,47285,bart-krol-vs-goscha-krautwald-47285,RXZlbnROb2RlOjQ3NDY=,RmlnaHRlck5vZGU6NTE3MDU=,RmlnaHRlck5vZGU6NTI5MzE=,RmlnaHRlck5vZGU6NTE3MDU=,MC,Middleweight,185.0,Decision,Unanimous,5.0,5:00,-260.0,200.0,0
RmlnaHROb2RlOjQ3NDQ0,47444,lewis-keen-vs-zdenek-pernica-47444,RXZlbnROb2RlOjQ3NDY=,RmlnaHRlck5vZGU6NDk2ODI=,RmlnaHRlck5vZGU6NTQxNDE=,RmlnaHRlck5vZGU6NDk2ODI=,MC,Catchweight,160.0,KO/TKO,Body Shots,3.0,0:32,,,0
RmlnaHROb2RlOjQ3OTIy,47922,paul-cook-vs-adrian-galvez-47922,RXZlbnROb2RlOjQ3NDY=,RmlnaHRlck5vZGU6NDU5NQ==,RmlnaHRlck5vZGU6NTQxODk=,,CO,Catchweight,165.0,,,,,-185.0,155.0,1
RmlnaHROb2RlOjQ2ODc0,46874,karl-thompson-vs-dustin-rabiega-46874,RXZlbnROb2RlOjQ3NDY=,RmlnaHRlck5vZGU6NTI5MzI=,RmlnaHRlck5vZGU6NTI5MzM=,RmlnaHRlck5vZGU6NTI5MzI=,PL,Light Heavyweight,205.0,KO/TKO,,1.0,1:06,-115.0,-115.0,0
RmlnaHROb2RlOjQ4MDM1,48035,crystal-pittman-vs-toni-tallman-48035,RXZlbnROb2RlOjQ3NjQ=,RmlnaHRlck5vZGU6NDIyMzU=,RmlnaHRlck5vZGU6NzU1MQ==,RmlnaHRlck5vZGU6NDIyMzU=,MC,Catchweight,130.0,KO/TKO,,2.0,1:07,-510.0,385.0,0
RmlnaHROb2RlOjQ3NDQw,47440,jafar-fortt-vs-tim-hester-47440,RXZlbnROb2RlOjQ3NjQ=,RmlnaHRlck5vZGU6NDkyNDk=,RmlnaHRlck5vZGU6NDU1Mzk=,RmlnaHRlck5vZGU6NDkyNDk=,PL,Catchweight,165.0,KO/TKO,,3.0,1:58,-120.0,-110.0,0
RmlnaHROb2RlOjQ3NDQx,47441,gabriel-freyre-vs-josh-wright-47441,RXZlbnROb2RlOjQ3NjQ=,RmlnaHRlck5vZGU6NDg5MjY=,RmlnaHRlck5vZGU6NDIyMzI=,,MC,Catchweight,165.0,,,,,,,1
RmlnaHROb2RlOjQ4MDI2,48026,tony-murphy-vs-michael-jones-48026,RXZlbnROb2RlOjQ3NjQ=,RmlnaHRlck5vZGU6Mzg2MTM=,RmlnaHRlck5vZGU6MzE0NzA=,RmlnaHRlck5vZGU6Mzg2MTM=,MC,Catchweight,175.0,KO/TKO,,3.0,1:16,-900.0,600.0,0
RmlnaHROb2RlOjQ3NDQz,47443,glendel-futrell-vs-chevvy-bridges-47443,RXZlbnROb2RlOjQ3NjQ=,RmlnaHRlck5vZGU6NDQ3NjM=,RmlnaHRlck5vZGU6NDI2MTI=,,PL,Featherweight,145.0,,,,,,,1
RmlnaHROb2RlOjQ1Nzgx,45781,david-mundell-vs-mike-richman-45781,RXZlbnROb2RlOjQ3NjQ=,RmlnaHRlck5vZGU6MTEwMzg=,RmlnaHRlck5vZGU6MTk2NQ==,RmlnaHRlck5vZGU6MTEwMzg=,ME,Catchweight,175.0,KO/TKO,,2.0,1:54,123.0,-153.0,0
RmlnaHROb2RlOjQ3NDQy,47442,josh-dyer-vs-jared-warren-47442,RXZlbnROb2RlOjQ3NjQ=,RmlnaHRlck5vZGU6MjE0NDM=,RmlnaHRlck5vZGU6MzUyMTI=,RmlnaHRlck5vZGU6MjE0NDM=,CO,Middleweight,185.0,Ends in a No Contest,Strike to Back of Head,2.0,5:00,120.0,-150.0,0
RmlnaHROb2RlOjQ3OTE4,47918,martyna-krol-vs-gabrielle-roman-47918,RXZlbnROb2RlOjQ3NjQ=,RmlnaHRlck5vZGU6NDM1Mjc=,RmlnaHRlck5vZGU6NTIwNTk=,RmlnaHRlck5vZGU6NTIwNTk=,MC,Flyweight,125.0,KO/TKO,,1.0,2:00,-825.0,575.0,0
RmlnaHROb2RlOjQ3OTE3,47917,ryan-reber-vs-travis-thompson-47917,RXZlbnROb2RlOjQ3NjQ=,RmlnaHRlck5vZGU6NDUxMjg=,RmlnaHRlck5vZGU6MzUxOTQ=,RmlnaHRlck5vZGU6NDUxMjg=,MC,Bantamweight,135.0,Ends in a Draw,Majority,5.0,5:00,160.0,-200.0,0
RmlnaHROb2RlOjQ3NDM5,47439,brandon-allen-vs-seth-shaffer-47439,RXZlbnROb2RlOjQ3NjQ=,RmlnaHRlck5vZGU6NDEyNjg=,RmlnaHRlck5vZGU6NTQxNDA=,RmlnaHRlck5vZGU6NDEyNjg=,MC,Featherweight,145.0,KO/TKO,,2.0,0:50,-201.0,161.0,0
RmlnaHROb2RlOjYzNDk0,63494,michael-larrimore-vs-daniel-gary-63494,RXZlbnROb2RlOjQ3NjQ=,RmlnaHRlck5vZGU6NTQ4NDk=,RmlnaHRlck5vZGU6NTU3NzY=,RmlnaHRlck5vZGU6NTQ4NDk=,PL,Featherweight,145.0,KO/TKO,,1.0,0:22,,,0
RmlnaHROb2RlOjQ4MTE3,48117,austin-lewis-vs-justyn-martinez-48117,RXZlbnROb2RlOjUwMTY=,RmlnaHRlck5vZGU6NTQ3OTE=,RmlnaHRlck5vZGU6NDQ1NTA=,RmlnaHRlck5vZGU6NTQ3OTE=,PL,Flyweight,125.0,Ends in a No Contest,Strike After Bell,1.0,5:00,-165.0,135.0,0
RmlnaHROb2RlOjQ4MjI0,48224,anthony-sanchez-vs-gene-perez-48224,RXZlbnROb2RlOjUwMTY=,RmlnaHRlck5vZGU6NDQ3NjE=,RmlnaHRlck5vZGU6NzA3OA==,RmlnaHRlck5vZGU6NDQ3NjE=,PL,Bantamweight,135.0,Decision,Split,5.0,5:00,-550.0,400.0,0
RmlnaHROb2RlOjQ4MjMw,48230,joshua-moreno-vs-jeremy-sauceda-48230,RXZlbnROb2RlOjUwMTY=,RmlnaHRlck5vZGU6MjQ0Mzk=,RmlnaHRlck5vZGU6NDgzMTc=,RmlnaHRlck5vZGU6MjQ0Mzk=,MC,Catchweight,175.0,KO/TKO,Retirement,1.0,2:00,-500.0,375.0,0
RmlnaHROb2RlOjQ4MzM0,48334,eric-dodson-vs-robert-armas-48334,RXZlbnROb2RlOjUwMTY=,RmlnaHRlck5vZGU6NDczMTY=,RmlnaHRlck5vZGU6NDUxMzI=,RmlnaHRlck5vZGU6NDUxMzI=,MC,Light Heavyweight,205.0,Decision,Unanimous,5.0,5:00,-700.0,500.0,0
RmlnaHROb2RlOjQ4MTE1,48115,marc-entenberg-vs-darrick-gates-48115,RXZlbnROb2RlOjUwMTY=,RmlnaHRlck5vZGU6NTQ3OTA=,RmlnaHRlck5vZGU6NDIyMzE=,RmlnaHRlck5vZGU6NTQ3OTA=,MC,,,KO/TKO,,2.0,0:14,-435.0,335.0,0
RmlnaHROb2RlOjQ4MjIz,48223,sydney-smith-vs-melanie-shah-48223,RXZlbnROb2RlOjUwMTY=,RmlnaHRlck5vZGU6NTE3MTk=,RmlnaHRlck5vZGU6NDkzNTE=,RmlnaHRlck5vZGU6NDkzNTE=,MC,Strawweight,115.0,Decision,Unanimous,5.0,5:00,-265.0,205.0,0
RmlnaHROb2RlOjQ4MjMx,48231,donald-sanchez-vs-blake-lacaze-48231,RXZlbnROb2RlOjUwMTY=,RmlnaHRlck5vZGU6MTYzMA==,RmlnaHRlck5vZGU6NDg1ODA=,RmlnaHRlck5vZGU6MTYzMA==,MC,Catchweight,175.0,Decision,Unanimous,5.0,5:00,-150.0,120.0,0
RmlnaHROb2RlOjQ4MTE2,48116,richard-montano-vs-kyle-mcelroy-48116,RXZlbnROb2RlOjUwMTY=,RmlnaHRlck5vZGU6OTk3Nw==,RmlnaHRlck5vZGU6NDEyNjY=,RmlnaHRlck5vZGU6NDEyNjY=,PL,Light Heavyweight,205.0,KO/TKO,,2.0,0:55,240.0,-300.0,0
RmlnaHROb2RlOjQ4MTA2,48106,will-santiago-vs-jeremie-holloway-48106,RXZlbnROb2RlOjUwMTY=,RmlnaHRlck5vZGU6ODAxNA==,RmlnaHRlck5vZGU6ODE1Mg==,RmlnaHRlck5vZGU6ODAxNA==,MC,Catchweight,175.0,Ends in a Draw,Majority,5.0,5:00,-170.0,140.0,0
RmlnaHROb2RlOjQ4MDg4,48088,eric-dodson-vs-stevo-morris-48088,RXZlbnROb2RlOjUwMTY=,RmlnaHRlck5vZGU6NDczMTY=,RmlnaHRlck5vZGU6NDMwMDc=,,MC,,,,,,,,,1
RmlnaHROb2RlOjQ3NDMz,47433,john-dodson-vs-jr-ridge-47433,RXZlbnROb2RlOjUwMTY=,RmlnaHRlck5vZGU6MTAzNQ==,RmlnaHRlck5vZGU6NDMxNzU=,RmlnaHRlck5vZGU6MTAzNQ==,ME,Flyweight,125.0,KO/TKO,,1.0,1:49,-825.0,575.0,0
RmlnaHROb2RlOjQ4MTA1,48105,keith-richardson-vs-derek-perez-48105,RXZlbnROb2RlOjUwMTY=,RmlnaHRlck5vZGU6MjczNg==,RmlnaHRlck5vZGU6MzU1ODM=,RmlnaHRlck5vZGU6MjczNg==,MC,Bantamweight,135.0,KO/TKO,,1.0,0:37,-700.0,500.0,0
RmlnaHROb2RlOjQ3OTM0,47934,bryce-hall-vs-gee-perez-47934,RXZlbnROb2RlOjUwMTY=,RmlnaHRlck5vZGU6NTQ1MTE=,RmlnaHRlck5vZGU6NDk2NzY=,RmlnaHRlck5vZGU6NTQ1MTE=,MC,Welterweight,170.0,KO/TKO,Arm Injury,2.0,2:00,400.0,-550.0,0
RmlnaHROb2RlOjc0NTgz,74583,roberto-armas-vs-eric-dodson-74583,RXZlbnROb2RlOjUwMTY=,RmlnaHRlck5vZGU6NTYyMDE=,RmlnaHRlck5vZGU6NDczMTY=,RmlnaHRlck5vZGU6NTYyMDE=,MC,Light Heavyweight,205.0,Decision,Unanimous,5.0,5:00,,,0
RmlnaHROb2RlOjQ4MzMz,48333,leonardo-perdomo-vs-ryan-shough-48333,RXZlbnROb2RlOjUxMTQ=,RmlnaHRlck5vZGU6NTQxNDQ=,RmlnaHRlck5vZGU6NDIxNjI=,RmlnaHRlck5vZGU6NTQxNDQ=,MC,Heavyweight,265.0,KO/TKO,,1.0,0:59,-280.0,220.0,0
RmlnaHROb2RlOjQ4MzQ0,48344,sean-hotusing-vs-dimitri-angelini-48344,RXZlbnROb2RlOjUxMTQ=,RmlnaHRlck5vZGU6NDU2MjE=,RmlnaHRlck5vZGU6Mzk0NDk=,,MC,,,,,,,-410.0,310.0,1
RmlnaHROb2RlOjQ4MzQy,48342,wayna-reid-vs-chris-cornelius-48342,RXZlbnROb2RlOjUxMTQ=,RmlnaHRlck5vZGU6NTAzNTY=,RmlnaHRlck5vZGU6NDkyNDg=,,MC,,,,,,,-410.0,310.0,1
RmlnaHROb2RlOjQ4MzU3,48357,harry-cruz-vs-leandro-torres-48357,RXZlbnROb2RlOjUxMTQ=,RmlnaHRlck5vZGU6NTUwNjk=,RmlnaHRlck5vZGU6NTUwNzA=,RmlnaHRlck5vZGU6NTUwNzA=,MC,Catchweight,165.0,KO/TKO,Doctor Stoppage (Cut),3.0,1:29,-225.0,185.0,0
RmlnaHROb2RlOjYyOTI4,62928,rosalinda-rodriguez-vs-maia-kahaunaele-stevenson-62928,RXZlbnROb2RlOjUxMTQ=,RmlnaHRlck5vZGU6NTUwNTM=,RmlnaHRlck5vZGU6MTA4NjQ=,RmlnaHRlck5vZGU6NTUwNTM=,ME,Catchweight,120.0,Decision,Unanimous,5.0,5:00,,,0
RmlnaHROb2RlOjYyOTI5,62929,fred-pierce-vs-sean-hotusing-62929,RXZlbnROb2RlOjUxMTQ=,RmlnaHRlck5vZGU6MTM0OTY=,RmlnaHRlck5vZGU6NDU2MjE=,RmlnaHRlck5vZGU6MTM0OTY=,MC,Catchweight,190.0,Disqualification,Strike to Downed Opponent,2.0,1:31,,,0
RmlnaHROb2RlOjQ4MzQz,48343,markus-suarez-vs-drew-nolan-48343,RXZlbnROb2RlOjUxMTQ=,RmlnaHRlck5vZGU6NTUwNTQ=,RmlnaHRlck5vZGU6NTI5Mzc=,RmlnaHRlck5vZGU6NTI5Mzc=,MC,Middleweight,185.0,KO/TKO,Doctor Stoppage (Cut),2.0,1:22,-325.0,250.0,0
RmlnaHROb2RlOjQ4MzU4,48358,dameko-labon-vs-justin-watson-48358,RXZlbnROb2RlOjUxMTQ=,RmlnaHRlck5vZGU6NTUwNzE=,RmlnaHRlck5vZGU6NTUwNzI=,RmlnaHRlck5vZGU6NTUwNzE=,MC,Catchweight,140.0,KO/TKO,,1.0,0:21,-1400.0,800.0,0
RmlnaHROb2RlOjQ5MzQ4,49348,freddy-masabo-vs-bovar-khanakov-49348,RXZlbnROb2RlOjUwODI=,RmlnaHRlck5vZGU6NDY3MjQ=,RmlnaHRlck5vZGU6NTA5ODc=,RmlnaHRlck5vZGU6NDY3MjQ=,PL,Catchweight,147.0,Decision,Unanimous,5.0,5:00,,,0
RmlnaHROb2RlOjYyOTE0,62914,matt-russo-vs-jaymes-hyder-62914,RXZlbnROb2RlOjUwODI=,RmlnaHRlck5vZGU6NDk3MjU=,RmlnaHRlck5vZGU6NTU5MTk=,RmlnaHRlck5vZGU6NDk3MjU=,MC,Bantamweight,135.0,KO/TKO,,1.0,1:16,,,0
RmlnaHROb2RlOjQ4NjQ4,48648,john-michael-escoboza-vs-esteban-rodriguez-48648,RXZlbnROb2RlOjUwODI=,RmlnaHRlck5vZGU6MzQxNDQ=,RmlnaHRlck5vZGU6NDU0NjU=,RmlnaHRlck5vZGU6MzQxNDQ=,PL,Light Heavyweight,205.0,Decision,Majority,5.0,5:00,-125.0,-105.0,0
RmlnaHROb2RlOjQ4NDE3,48417,bryce-henry-vs-tom-shoaff-48417,RXZlbnROb2RlOjUwODI=,RmlnaHRlck5vZGU6NTAyNzU=,RmlnaHRlck5vZGU6MTYyMjM=,RmlnaHRlck5vZGU6NTAyNzU=,CO,Lightweight,155.0,KO/TKO,,1.0,1:29,-1200.0,800.0,0
RmlnaHROb2RlOjYyOTEx,62911,justin-sanchez-vs-anthony-foye-62911,RXZlbnROb2RlOjUwODI=,RmlnaHRlck5vZGU6NTA3MTI=,RmlnaHRlck5vZGU6NTE1ODc=,RmlnaHRlck5vZGU6NTA3MTI=,MC,Bantamweight,135.0,Decision,Unanimous,5.0,5:00,,,0
RmlnaHROb2RlOjYyOTEy,62912,alberto-blas-vs-joao-guerra-62912,RXZlbnROb2RlOjUwODI=,RmlnaHRlck5vZGU6MjMxNDA=,RmlnaHRlck5vZGU6NTU5MTc=,RmlnaHRlck5vZGU6MjMxNDA=,MC,Bantamweight,135.0,KO/TKO,,1.0,1:12,,,0
RmlnaHROb2RlOjQ4NjM3,48637,bryan-duran-vs-dakota-highpine-48637,RXZlbnROb2RlOjUwODI=,RmlnaHRlck5vZGU6NDQ3NjI=,RmlnaHRlck5vZGU6NDg0ODI=,RmlnaHRlck5vZGU6NDQ3NjI=,MC,Featherweight,145.0,KO/TKO,,1.0,0:48,-1100.0,800.0,0
RmlnaHROb2RlOjQ4MjQ0,48244,frank-alvarez-vs-jarod-grant-48244,RXZlbnROb2RlOjUwODI=,RmlnaHRlck5vZGU6NDUxMzA=,RmlnaHRlck5vZGU6MzU2MTU=,,MC,,,,,,,,,0
RmlnaHROb2RlOjQ4MjQz,48243,gorjan-slaveski-vs-jake-lindsey-48243,RXZlbnROb2RlOjUwODI=,RmlnaHRlck5vZGU6NDQ4NTU=,RmlnaHRlck5vZGU6MjkyNw==,RmlnaHRlck5vZGU6NDQ4NTU=,ME,Catchweight,165.0,Decision,Unanimous,5.0,5:00,-340.0,265.0,0
RmlnaHROb2RlOjYyOTEz,62913,valeria-mejia-vs-sarah-click-62913,RXZlbnROb2RlOjUwODI=,RmlnaHRlck5vZGU6MTY2Mzk=,RmlnaHRlck5vZGU6ODc3Nw==,RmlnaHRlck5vZGU6MTY2Mzk=,MC,Catchweight,120.0,Decision,Split,5.0,5:00,,,0
RmlnaHROb2RlOjQ5MzQ3,49347,joshuah-alvarez-vs-aaron-sutterfield-49347,RXZlbnROb2RlOjUwODI=,RmlnaHRlck5vZGU6NDI4Mjg=,RmlnaHRlck5vZGU6NDg1Nzc=,RmlnaHRlck5vZGU6NDI4Mjg=,MC,Catchweight,165.0,KO/TKO,,1.0,1:29,,,0
RmlnaHROb2RlOjQ4NjQ5,48649,howard-davis-vs-jeff-chiffens-48649,RXZlbnROb2RlOjUwODI=,RmlnaHRlck5vZGU6NDI4MDY=,RmlnaHRlck5vZGU6MzUyMTY=,RmlnaHRlck5vZGU6NDI4MDY=,MC,Featherweight,145.0,KO/TKO,,1.0,1:12,-1600.0,800.0,0
RmlnaHROb2RlOjQ5Mzc5,49379,jessie-stalder-vs-zeb-vincent-49379,RXZlbnROb2RlOjUxNDU=,RmlnaHRlck5vZGU6NDU2Nzc=,RmlnaHRlck5vZGU6NDg5Mzc=,RmlnaHRlck5vZGU6NDg5Mzc=,PL,Catchweight,175.0,KO/TKO,,1.0,0:59,-114.0,-116.0,0
RmlnaHROb2RlOjQ5MzMx,49331,lamont-stafford-vs-gabriel-mota-49331,RXZlbnROb2RlOjUxNDU=,RmlnaHRlck5vZGU6MTg3Ng==,RmlnaHRlck5vZGU6NDA1MDU=,RmlnaHRlck5vZGU6MTg3Ng==,PL,Heavyweight,265.0,KO/TKO,,3.0,0:40,-265.0,205.0,0
RmlnaHROb2RlOjQ5NjMz,49633,angelo-trujillo-vs-dominick-carey-49633,RXZlbnROb2RlOjUxNDU=,RmlnaHRlck5vZGU6MTE1MDM=,RmlnaHRlck5vZGU6NTYxNDI=,RmlnaHRlck5vZGU6NTYxNDI=,PL,Flyweight,125.0,Disqualification,Illegal Strikes,1.0,0:38,-180.0,150.0,0
RmlnaHROb2RlOjQ5Mzc3,49377,andrew-strode-vs-cary-caprio-49377,RXZlbnROb2RlOjUxNDU=,RmlnaHRlck5vZGU6NTU4Nzc=,RmlnaHRlck5vZGU6NDY2MTQ=,RmlnaHRlck5vZGU6NTU4Nzc=,MC,Flyweight,125.0,KO/TKO,,2.0,0:40,-280.0,220.0,0
RmlnaHROb2RlOjQ4NzMz,48733,keegan-vandermeer-vs-dillion-winemiller-48733,RXZlbnROb2RlOjUxNDU=,RmlnaHRlck5vZGU6NDg5MzY=,RmlnaHRlck5vZGU6NDI5NDY=,RmlnaHRlck5vZGU6NDg5MzY=,MC,Light Heavyweight,205.0,KO/TKO,,1.0,1:09,-138.0,108.0,0
RmlnaHROb2RlOjQ5MzMw,49330,marcus-edwards-vs-michael-manno-49330,RXZlbnROb2RlOjUxNDU=,RmlnaHRlck5vZGU6NzI3MQ==,RmlnaHRlck5vZGU6NDY3MjE=,RmlnaHRlck5vZGU6NzI3MQ==,MC,Catchweight,175.0,Decision,Unanimous,5.0,5:00,-340.0,265.0,0
RmlnaHROb2RlOjQ5NTQ4,49548,josh-copeland-vs-steve-herelius-49548,RXZlbnROb2RlOjUxNDU=,RmlnaHRlck5vZGU6NjA5Ng==,RmlnaHRlck5vZGU6NTE1NTI=,RmlnaHRlck5vZGU6NjA5Ng==,CO,Heavyweight,265.0,KO/TKO,,3.0,1:43,-157.0,127.0,0
RmlnaHROb2RlOjQ5OTY0,49964,lorenzo-hunt-vs-chris-camozzi-49964,RXZlbnROb2RlOjUxNDU=,RmlnaHRlck5vZGU6MTc4OTU=,RmlnaHRlck5vZGU6OTg5,RmlnaHRlck5vZGU6MTc4OTU=,ME,Light Heavyweight,205.0,Decision,Split,5.0,5:00,-136.0,106.0,0
RmlnaHROb2RlOjQ5Mzc4,49378,khortni-kamyron-vs-monica-franco-49378,RXZlbnROb2RlOjUxNDU=,RmlnaHRlck5vZGU6NDg5Mzk=,RmlnaHRlck5vZGU6MzQxNTU=,RmlnaHRlck5vZGU6MzQxNTU=,MC,Bantamweight,135.0,Decision,Split,5.0,5:00,-400.0,300.0,0
RmlnaHROb2RlOjQ4Njk2,48696,andrew-yates-vs-christian-torres-48696,RXZlbnROb2RlOjUxNDU=,RmlnaHRlck5vZGU6NTgwNQ==,RmlnaHRlck5vZGU6OTA1MQ==,RmlnaHRlck5vZGU6NTgwNQ==,MC,Catchweight,165.0,Decision,Unanimous,5.0,5:00,-305.0,245.0,0
RmlnaHROb2RlOjQ5NjM0,49634,brian-maronek-vs-tony-jenkins-49634,RXZlbnROb2RlOjUxNDU=,RmlnaHRlck5vZGU6MTM4MDU=,RmlnaHRlck5vZGU6MTUyNDU=,RmlnaHRlck5vZGU6MTUyNDU=,MC,Middleweight,185.0,KO/TKO,,1.0,1:18,500.0,-800.0,0
RmlnaHROb2RlOjQ5Mzc2,49376,brett-hudson-vs-andrew-angelcor-49376,RXZlbnROb2RlOjUxNDU=,RmlnaHRlck5vZGU6NTU4NzY=,RmlnaHRlck5vZGU6NDUxNDc=,RmlnaHRlck5vZGU6NDUxNDc=,MC,Lightweight,155.0,KO/TKO,,1.0,1:09,700.0,-1000.0,0
RmlnaHROb2RlOjQ5Nzky,49792,kasim-ruffin-vs-daniel-fenske-49792,RXZlbnROb2RlOjUxNTE=,RmlnaHRlck5vZGU6NDIyMTY=,RmlnaHRlck5vZGU6NTYyOTc=,,PL,,,,,,,-725.0,525.0,1
RmlnaHROb2RlOjQ5Nzkx,49791,rick-caruso-vs-landon-williams-49791,RXZlbnROb2RlOjUxNTE=,RmlnaHRlck5vZGU6Mjk3MDk=,RmlnaHRlck5vZGU6NTYyOTY=,RmlnaHRlck5vZGU6Mjk3MDk=,PL,Bantamweight,135.0,KO/TKO,Punch,1.0,1:43,-206.0,166.0,0
RmlnaHROb2RlOjUwMTAy,50102,kasim-ruffin-vs-daniel-gary-50102,RXZlbnROb2RlOjUxNTE=,RmlnaHRlck5vZGU6NDIyMTY=,RmlnaHRlck5vZGU6NTU3NzY=,RmlnaHRlck5vZGU6NDIyMTY=,PL,Lightweight,155.0,KO/TKO,Punches,3.0,1:26,,,0
RmlnaHROb2RlOjQ5NzU5,49759,brian-maxwell-vs-harris-stephenson-49759,RXZlbnROb2RlOjUxNTE=,RmlnaHRlck5vZGU6Mjc3NjY=,RmlnaHRlck5vZGU6MTk4MTk=,RmlnaHRlck5vZGU6MTk4MTk=,MC,Middleweight,185.0,Disqualification,Illegal Strike to Grounded Opponent,5.0,0:29,425.0,-600.0,0
RmlnaHROb2RlOjQ5NTM3,49537,dustin-pague-vs-joe-elmore-49537,RXZlbnROb2RlOjUxNTE=,RmlnaHRlck5vZGU6MTI0OA==,RmlnaHRlck5vZGU6MTc3Ng==,RmlnaHRlck5vZGU6MTI0OA==,CO,Catchweight,165.0,Decision,Unanimous,5.0,5:00,-355.0,280.0,0
RmlnaHROb2RlOjQ5Nzg5,49789,ronnie-glass-vs-joseph-creer-49789,RXZlbnROb2RlOjUxNTE=,RmlnaHRlck5vZGU6NTYyOTQ=,RmlnaHRlck5vZGU6MzMwMzM=,RmlnaHRlck5vZGU6MzMwMzM=,MC,Light Heavyweight,205.0,KO/TKO,Body Shot,3.0,1:18,-148.0,118.0,0
RmlnaHROb2RlOjQ5MzY4,49368,kaine-tomlinson-jr-vs-brett-fields-49368,RXZlbnROb2RlOjUxNTE=,RmlnaHRlck5vZGU6NTU4NzU=,RmlnaHRlck5vZGU6NDIyMjg=,,PL,,,,,,,,,0
RmlnaHROb2RlOjQ5NTQ3,49547,stanislav-grosu-vs-blake-lacaze-49547,RXZlbnROb2RlOjUxNTE=,RmlnaHRlck5vZGU6NDMwMDQ=,RmlnaHRlck5vZGU6NDg1ODA=,RmlnaHRlck5vZGU6NDMwMDQ=,MC,Catchweight,175.0,KO/TKO,Punches,2.0,1:51,-290.0,230.0,0
RmlnaHROb2RlOjQ5NDA2,49406,kaine-tomlinson-sr-vs-brett-fields-49406,RXZlbnROb2RlOjUxNTE=,RmlnaHRlck5vZGU6NDEzODQ=,RmlnaHRlck5vZGU6NDIyMjg=,RmlnaHRlck5vZGU6NDEzODQ=,MC,Catchweight,175.0,KO/TKO,Punch,1.0,1:39,110.0,-140.0,0
RmlnaHROb2RlOjQ5Nzkw,49790,cody-jenkins-vs-zachary-pannell-49790,RXZlbnROb2RlOjUxNTE=,RmlnaHRlck5vZGU6NTE1ODY=,RmlnaHRlck5vZGU6NTYyOTU=,,MC,,,,,,,131.0,-161.0,1
RmlnaHROb2RlOjQ5Nzg4,49788,bruce-abramski-vs-mark-culp-49788,RXZlbnROb2RlOjUxNTE=,RmlnaHRlck5vZGU6MzUxODM=,RmlnaHRlck5vZGU6NTYyOTM=,RmlnaHRlck5vZGU6MzUxODM=,MC,Light Heavyweight,205.0,KO/TKO,Punches,1.0,0:43,-350.0,275.0,0
RmlnaHROb2RlOjQ5MzI1,49325,britain-hart-vs-melanie-shah-49325,RXZlbnROb2RlOjUxNTE=,RmlnaHRlck5vZGU6MzUxODE=,RmlnaHRlck5vZGU6NDkzNTE=,RmlnaHRlck5vZGU6MzUxODE=,ME,Strawweight,115.0,Decision,Unanimous,5.0,5:00,-700.0,500.0,0
RmlnaHROb2RlOjUwMzM4,50338,jonno-chipchase-vs-anton-larsson-50338,RXZlbnROb2RlOjUyOTA=,RmlnaHRlck5vZGU6NTY2NTg=,RmlnaHRlck5vZGU6Mjc4MjA=,RmlnaHRlck5vZGU6NTY2NTg=,ME,,,KO/TKO,,1.0,1:24,-450.0,350.0,0
RmlnaHROb2RlOjUwMTk2,50196,morgan-starkey-vs-terry-needham-50196,RXZlbnROb2RlOjUyOTA=,RmlnaHRlck5vZGU6NTE3MDg=,RmlnaHRlck5vZGU6NTY2NjA=,RmlnaHRlck5vZGU6NTY2NjA=,CO,,,KO/TKO,,2.0,1:25,-165.0,135.0,0
RmlnaHROb2RlOjUwMzM5,50339,harry-cain-vs-brad-taylor-50339,RXZlbnROb2RlOjUyOTA=,RmlnaHRlck5vZGU6NTY3Nzk=,RmlnaHRlck5vZGU6NTY3ODA=,RmlnaHRlck5vZGU6NTY3ODA=,MC,,,KO/TKO,,2.0,1:20,-115.0,-115.0,0
RmlnaHROb2RlOjUwMzQw,50340,ryan-harris-vs-marcus-pond-50340,RXZlbnROb2RlOjUyOTA=,RmlnaHRlck5vZGU6NTY3ODE=,RmlnaHRlck5vZGU6NTY3ODI=,RmlnaHRlck5vZGU6NTY3ODI=,MC,,,KO/TKO,,2.0,1:20,145.0,-175.0,0
RmlnaHROb2RlOjUwMzQy,50342,andy-thornton-vs-lee-browne-50342,RXZlbnROb2RlOjUyOTA=,RmlnaHRlck5vZGU6NTY3ODU=,RmlnaHRlck5vZGU6NDkzNDY=,RmlnaHRlck5vZGU6NTY3ODU=,MC,,,KO/TKO,,2.0,1:24,200.0,-260.0,0
RmlnaHROb2RlOjUwMzQ0,50344,micky-pedersen-vs-marti-barnes-50344,RXZlbnROb2RlOjUyOTA=,RmlnaHRlck5vZGU6NTY3ODg=,RmlnaHRlck5vZGU6NTY3ODk=,RmlnaHRlck5vZGU6NTY3ODk=,MC,,,KO/TKO,,2.0,1:47,180.0,-220.0,0
RmlnaHROb2RlOjUwMzQx,50341,ray-putterill-vs-george-buckell-50341,RXZlbnROb2RlOjUyOTA=,RmlnaHRlck5vZGU6NTY3ODM=,RmlnaHRlck5vZGU6NTY3ODQ=,RmlnaHRlck5vZGU6NTY3ODM=,MC,,,KO/TKO,,3.0,1:21,155.0,-185.0,0
RmlnaHROb2RlOjUwMTk3,50197,shaun-kissane-vs-bartek-kanabey-50197,RXZlbnROb2RlOjUyOTA=,RmlnaHRlck5vZGU6NTY2NjE=,RmlnaHRlck5vZGU6NTY2NjI=,RmlnaHRlck5vZGU6NTY2NjI=,MC,,,Decision,Split,5.0,5:00,145.0,-175.0,0
RmlnaHROb2RlOjUwMTk1,50195,jonno-chipchase-vs-taryn-turner-50195,RXZlbnROb2RlOjUyOTA=,RmlnaHRlck5vZGU6NTY2NTg=,RmlnaHRlck5vZGU6NTY2NTk=,,ME,,,,,,,,,1
RmlnaHROb2RlOjUwMzQ2,50346,andy-walsh-vs-ben-bradley-50346,RXZlbnROb2RlOjUyOTA=,RmlnaHRlck5vZGU6NTY3OTM=,RmlnaHRlck5vZGU6NTY3OTQ=,,PL,,,,,,,,,0
RmlnaHROb2RlOjUwMzQ1,50345,jonny-ramsay-vs-florian-reitz-50345,RXZlbnROb2RlOjUyOTA=,RmlnaHRlck5vZGU6NTY3OTA=,RmlnaHRlck5vZGU6MzM5OTI=,,PL,,,,,,,,,0
RmlnaHROb2RlOjUwMzQz,50343,peter-hayes-vs-dean-hunt-50343,RXZlbnROb2RlOjUyOTA=,RmlnaHRlck5vZGU6NTY3ODY=,RmlnaHRlck5vZGU6NTY3ODc=,RmlnaHRlck5vZGU6NTY3ODY=,MC,,,KO/TKO,,1.0,0:49,-130.0,100.0,0
RmlnaHROb2RlOjUwMDM1,50035,reginald-barnett-jr-vs-keith-richardson-50035,RXZlbnROb2RlOjUxNTA=,RmlnaHRlck5vZGU6MjA2NjQ=,RmlnaHRlck5vZGU6MjczNg==,RmlnaHRlck5vZGU6MjczNg==,ME,Bantamweight,135.0,KO/TKO,,2.0,0:58,-130.0,100.0,0
RmlnaHROb2RlOjUwMDM3,50037,samuel-samples-vs-derek-perez-50037,RXZlbnROb2RlOjUxNTA=,RmlnaHRlck5vZGU6MzYwNjU=,RmlnaHRlck5vZGU6MzU1ODM=,RmlnaHRlck5vZGU6MzU1ODM=,MC,Bantamweight,135.0,KO/TKO,,2.0,0:44,-425.0,325.0,0
RmlnaHROb2RlOjQ5ODIw,49820,jeremiah-scott-vs-chevvy-bridges-49820,RXZlbnROb2RlOjUxNTA=,RmlnaHRlck5vZGU6MjA2NTc=,RmlnaHRlck5vZGU6NDI2MTI=,RmlnaHRlck5vZGU6MjA2NTc=,MC,Lightweight,155.0,KO/TKO,,3.0,1:56,-285.0,225.0,0
RmlnaHROb2RlOjQ5ODE5,49819,andy-nguyen-vs-crystal-lawson-49819,RXZlbnROb2RlOjUxNTA=,RmlnaHRlck5vZGU6ODE4Ng==,RmlnaHRlck5vZGU6NTYyMjE=,,MC,,,,,,,,,1
RmlnaHROb2RlOjUwNDkx,50491,bekhzod-usmonov-vs-trevor-loken-50491,RXZlbnROb2RlOjUxNTA=,RmlnaHRlck5vZGU6NDY2MTc=,RmlnaHRlck5vZGU6NTAwNTU=,RmlnaHRlck5vZGU6NDY2MTc=,PL,Catchweight,150.0,KO/TKO,,3.0,0:24,,,0
RmlnaHROb2RlOjQ5ODQ0,49844,tony-soto-vs-kevin-croom-49844,RXZlbnROb2RlOjUxNTA=,RmlnaHRlck5vZGU6NDEyNjM=,RmlnaHRlck5vZGU6MjY0,RmlnaHRlck5vZGU6NDEyNjM=,CO,Lightweight,155.0,Decision,Unanimous,5.0,5:00,-425.0,325.0,0
RmlnaHROb2RlOjUwMzk5,50399,miach-lail-vs-daniel-cooper-50399,RXZlbnROb2RlOjUxNTA=,RmlnaHRlck5vZGU6NTY4OTg=,RmlnaHRlck5vZGU6NDEzNDk=,RmlnaHRlck5vZGU6NDEzNDk=,PL,Middleweight,185.0,KO/TKO,Doctor Stoppage,4.0,2:00,154.0,-184.0,0
RmlnaHROb2RlOjUwMDM2,50036,brandon-bushaw-vs-joshua-marer-50036,RXZlbnROb2RlOjUxNTA=,RmlnaHRlck5vZGU6MjA2NTk=,RmlnaHRlck5vZGU6MzU4MjE=,RmlnaHRlck5vZGU6MjA2NTk=,MC,Lightweight,155.0,KO/TKO,,2.0,0:50,-465.0,365.0,0
RmlnaHROb2RlOjUwMDU1,50055,trukon-carson-vs-daishaun-middleton-50055,RXZlbnROb2RlOjUxNTA=,RmlnaHRlck5vZGU6NDMwMDY=,RmlnaHRlck5vZGU6NTAzMzc=,RmlnaHRlck5vZGU6NDMwMDY=,MC,Catchweight,165.0,KO/TKO,,1.0,1:01,-900.0,550.0,0
RmlnaHROb2RlOjUwMTI4,50128,trevor-loken-vs-joao-guerra-50128,RXZlbnROb2RlOjUxNTA=,RmlnaHRlck5vZGU6NTAwNTU=,RmlnaHRlck5vZGU6NTU5MTc=,,PL,,,,,,,-1500.0,850.0,1
RmlnaHROb2RlOjQ5ODE4,49818,jeremie-holloway-vs-cameron-vancamp-49818,RXZlbnROb2RlOjUxNTA=,RmlnaHRlck5vZGU6ODE1Mg==,RmlnaHRlck5vZGU6MTYzNTI=,RmlnaHRlck5vZGU6ODE1Mg==,MC,Catchweight,165.0,Decision,Unanimous,5.0,5:00,-260.0,200.0,0
RmlnaHROb2RlOjUwMDkw,50090,solon-staley-vs-darrick-gates-50090,RXZlbnROb2RlOjUxNTA=,RmlnaHRlck5vZGU6MTcwNzA=,RmlnaHRlck5vZGU6NDIyMzE=,RmlnaHRlck5vZGU6MTcwNzA=,MC,Featherweight,145.0,KO/TKO,Doctor Stoppage,1.0,2:00,-260.0,200.0,0
RmlnaHROb2RlOjUwNjk5,50699,michael-larrimore-vs-justin-watson-50699,RXZlbnROb2RlOjUyOTE=,RmlnaHRlck5vZGU6NTQ4NDk=,RmlnaHRlck5vZGU6NTUwNzI=,RmlnaHRlck5vZGU6NTQ4NDk=,PL,Featherweight,145.0,KO/TKO,,1.0,1:01,-1800.0,900.0,0
RmlnaHROb2RlOjUwNDE2,50416,dagoberto-aguero-vs-chancey-wilson-50416,RXZlbnROb2RlOjUyOTE=,RmlnaHRlck5vZGU6NTY4OTk=,RmlnaHRlck5vZGU6MzMyNDI=,RmlnaHRlck5vZGU6NTY4OTk=,MC,Flyweight,125.0,KO/TKO,,3.0,1:24,-900.0,600.0,0
RmlnaHROb2RlOjUwMzAy,50302,jonathan-miller-vs-sawyer-depee-50302,RXZlbnROb2RlOjUyOTE=,RmlnaHRlck5vZGU6MjY4MTE=,RmlnaHRlck5vZGU6NDIyMzc=,RmlnaHRlck5vZGU6NDIyMzc=,MC,Heavyweight,265.0,KO/TKO,,1.0,2:00,-224.0,184.0,0
RmlnaHROb2RlOjUwMzI5,50329,diego-romo-vs-ravon-baxter-50329,RXZlbnROb2RlOjUyOTE=,RmlnaHRlck5vZGU6NTY3NzA=,RmlnaHRlck5vZGU6NDE3ODY=,RmlnaHRlck5vZGU6NTY3NzA=,MC,Middleweight,185.0,Ends in a Draw,Majority,5.0,5:00,-120.0,-110.0,0
RmlnaHROb2RlOjUwNDE3,50417,crystal-pittman-vs-jordan-raulston-50417,RXZlbnROb2RlOjUyOTE=,RmlnaHRlck5vZGU6NDIyMzU=,RmlnaHRlck5vZGU6NTY5MDA=,,MC,,,,,,,-570.0,420.0,1
RmlnaHROb2RlOjUwMzk4,50398,dany-gonzalez-vs-justin-watson-50398,RXZlbnROb2RlOjUyOTE=,RmlnaHRlck5vZGU6MzQ2MzM=,RmlnaHRlck5vZGU6NTUwNzI=,,PL,Bantamweight,135.0,,,,,-550.0,400.0,1
RmlnaHROb2RlOjUwMzMw,50330,nathan-rivera-vs-jaymes-hyder-50330,RXZlbnROb2RlOjUyOTE=,RmlnaHRlck5vZGU6NTY3NzE=,RmlnaHRlck5vZGU6NTU5MTk=,RmlnaHRlck5vZGU6NTY3NzE=,MC,Featherweight,145.0,KO/TKO,,1.0,1:21,-1000.0,700.0,0
RmlnaHROb2RlOjUwMzMx,50331,mike-heckert-vs-scott-lampert-50331,RXZlbnROb2RlOjUyOTE=,RmlnaHRlck5vZGU6NTY3NzI=,RmlnaHRlck5vZGU6NTY3NzM=,RmlnaHRlck5vZGU6NTY3NzI=,MC,Catchweight,180.0,KO/TKO,Corner Stoppage,2.0,0:53,-260.0,200.0,0
RmlnaHROb2RlOjUwNzAw,50700,jafar-fortt-vs-aaron-sutterfield-50700,RXZlbnROb2RlOjUyOTE=,RmlnaHRlck5vZGU6NDkyNDk=,RmlnaHRlck5vZGU6NDg1Nzc=,RmlnaHRlck5vZGU6NDkyNDk=,PL,Catchweight,165.0,KO/TKO,,1.0,0:28,-1200.0,750.0,0
RmlnaHROb2RlOjUwNDE4,50418,jeff-janvier-vs-devonte-jeffery-50418,RXZlbnROb2RlOjUyOTE=,RmlnaHRlck5vZGU6NTY5MDE=,RmlnaHRlck5vZGU6NTY5MDI=,RmlnaHRlck5vZGU6NTY5MDE=,PL,Catchweight,195.0,KO/TKO,,2.0,1:09,-260.0,200.0,0
RmlnaHROb2RlOjUwMDg5,50089,murat-kazgan-vs-julian-lane-50089,RXZlbnROb2RlOjUyOTE=,RmlnaHRlck5vZGU6NzY4OQ==,RmlnaHRlck5vZGU6MTgzNQ==,RmlnaHRlck5vZGU6MTgzNQ==,CO,Welterweight,170.0,KO/TKO,Doctor Stoppage (Cut),3.0,1:53,-170.0,140.0,0
RmlnaHROb2RlOjQ5OTc0,49974,david-mundell-vs-doug-coltrane-49974,RXZlbnROb2RlOjUyOTE=,RmlnaHRlck5vZGU6MTEwMzg=,RmlnaHRlck5vZGU6NTAxNzk=,RmlnaHRlck5vZGU6MTEwMzg=,ME,Catchweight,175.0,KO/TKO,,2.0,1:23,-350.0,275.0,0
RmlnaHROb2RlOjQ5MDA1,49005,mikhail-vertrila-vs-allen-wycoco-49005,RXZlbnROb2RlOjUxNzk=,RmlnaHRlck5vZGU6NDQ3NDQ=,RmlnaHRlck5vZGU6NTU1OTA=,RmlnaHRlck5vZGU6NDQ3NDQ=,PL,,,Decision,Unanimous,5.0,5:00,,,0
RmlnaHROb2RlOjQ5MDA0,49004,pongpisan-chunyong-vs-tha-pyay-nyo-49004,RXZlbnROb2RlOjUxNzk=,RmlnaHRlck5vZGU6NDMzNDE=,RmlnaHRlck5vZGU6NzcwMg==,RmlnaHRlck5vZGU6NDMzNDE=,PL,,,Decision,Unanimous,5.0,5:00,,,0
RmlnaHROb2RlOjQ5MDA2,49006,maseng-kantiphong-vs-tumba-49006,RXZlbnROb2RlOjUxNzk=,RmlnaHRlck5vZGU6NDQ3NTA=,RmlnaHRlck5vZGU6NTU1OTE=,RmlnaHRlck5vZGU6NTU1OTE=,PL,,,Decision,Split,5.0,5:00,,,0
RmlnaHROb2RlOjQ5OTMw,49930,andrew-miller-vs-wongaon-teerawat-49930,RXZlbnROb2RlOjUxNzk=,RmlnaHRlck5vZGU6MzA5MDQ=,RmlnaHRlck5vZGU6NTY0MTg=,RmlnaHRlck5vZGU6MzA5MDQ=,MC,,,KO/TKO,,1.0,1:13,,,0
RmlnaHROb2RlOjQ4OTk4,48998,thomas-newton-vs-kristof-kirsch-48998,RXZlbnROb2RlOjUxNzk=,RmlnaHRlck5vZGU6NDMzMzY=,RmlnaHRlck5vZGU6MzgwNDI=,RmlnaHRlck5vZGU6MzgwNDI=,MC,,,KO/TKO,,2.0,0:45,,,0
RmlnaHROb2RlOjUwNzE5,50719,fani-peloumpi-vs-chisakan-ariphipat-50719,RXZlbnROb2RlOjUxNzk=,RmlnaHRlck5vZGU6NDQ3NDU=,RmlnaHRlck5vZGU6NDk2ODg=,RmlnaHRlck5vZGU6NDk2ODg=,CO,,,Decision,Unanimous,5.0,5:00,,,0
RmlnaHROb2RlOjQ4OTk3,48997,chisakan-ariphipat-vs-britain-hart-48997,RXZlbnROb2RlOjUxNzk=,RmlnaHRlck5vZGU6NDk2ODg=,RmlnaHRlck5vZGU6MzUxODE=,,CO,,,,,,,,,0
RmlnaHROb2RlOjQ4OTk2,48996,buakaw-banchamek-vs-saenchai-saenpong-48996,RXZlbnROb2RlOjUxNzk=,RmlnaHRlck5vZGU6NDc2OTY=,RmlnaHRlck5vZGU6NDkyNjk=,RmlnaHRlck5vZGU6NDc2OTY=,ME,,,Decision,Unanimous,5.0,5:00,,,0
RmlnaHROb2RlOjQ5MDAy,49002,chaloemporn-sawatsuk-vs-kievan-solemani-49002,RXZlbnROb2RlOjUxNzk=,RmlnaHRlck5vZGU6NDg0MzM=,RmlnaHRlck5vZGU6NTU1ODc=,,MC,,,,,,,,,0
RmlnaHROb2RlOjQ5MDAx,49001,gustaf-cedermalm-vs-joemil-miado-49001,RXZlbnROb2RlOjUxNzk=,RmlnaHRlck5vZGU6NDk2OTI=,RmlnaHRlck5vZGU6NDk2OTY=,RmlnaHRlck5vZGU6NDk2OTY=,MC,,,KO/TKO,,2.0,0:43,,,0
RmlnaHROb2RlOjUwNzIw,50720,jonny-tello-vs-chaloemporn-sawatsuk-50720,RXZlbnROb2RlOjUxNzk=,RmlnaHRlck5vZGU6NDMzMzk=,RmlnaHRlck5vZGU6NDg0MzM=,RmlnaHRlck5vZGU6NDMzMzk=,MC,Middleweight,185.0,KO/TKO,,5.0,0:50,,,0
RmlnaHROb2RlOjQ5MDAz,49003,pouriya-rokhneh-vs-yohann-marin-49003,RXZlbnROb2RlOjUxNzk=,RmlnaHRlck5vZGU6NTU1ODg=,RmlnaHRlck5vZGU6NTU1ODk=,RmlnaHRlck5vZGU6NTU1ODg=,MC,,,Decision,Split,5.0,5:00,,,0
RmlnaHROb2RlOjQ4OTk5,48999,krisana-sirsang-vs-sarun-srioumboo-48999,RXZlbnROb2RlOjUxNzk=,RmlnaHRlck5vZGU6NDk2OTQ=,RmlnaHRlck5vZGU6NDMzNDc=,RmlnaHRlck5vZGU6NDk2OTQ=,MC,,,KO/TKO,,3.0,0:18,,,0
RmlnaHROb2RlOjQ5MDAw,49000,tofan-pirani-vs-daniel-dorrer-49000,RXZlbnROb2RlOjUxNzk=,RmlnaHRlck5vZGU6NDUxMjU=,RmlnaHRlck5vZGU6NTU1ODY=,RmlnaHRlck5vZGU6NTU1ODY=,MC,,,KO/TKO,,1.0,2:00,,,0
RmlnaHROb2RlOjQ4ODUz,48853,kristian-kirilov-vs-nermin-hajdarpasic-48853,RXZlbnROb2RlOjUxNjc=,RmlnaHRlck5vZGU6NTU0MTU=,RmlnaHRlck5vZGU6NDg3Njg=,,MC,,,,,,,,,1
RmlnaHROb2RlOjUwOTM4,50938,steve-pasche-vs-mehmet-ozer-50938,RXZlbnROb2RlOjUxNjc=,RmlnaHRlck5vZGU6NTc2MDE=,RmlnaHRlck5vZGU6NTY0MTc=,RmlnaHRlck5vZGU6NTc2MDE=,MC,Heavyweight,265.0,KO/TKO,Doctor Stoppage,1.0,1:30,,,0
RmlnaHROb2RlOjQ4ODQ5,48849,marian-dimitrov-vs-jedrzej-durski-48849,RXZlbnROb2RlOjUxNjc=,RmlnaHRlck5vZGU6NDM1NDU=,RmlnaHRlck5vZGU6NTU0MTA=,RmlnaHRlck5vZGU6NDM1NDU=,MC,Catchweight,175.0,Decision,Unanimous,5.0,5:00,,,0
RmlnaHROb2RlOjcyMzcx,72371,vladislav-kanchev-vs-ilyas-sadykov-72371,RXZlbnROb2RlOjUxNjc=,RmlnaHRlck5vZGU6MTc1NjY=,RmlnaHRlck5vZGU6NTAzMTA=,RmlnaHRlck5vZGU6MTc1NjY=,MC,Catchweight,175.0,KO/TKO,,1.0,0:54,,,0
RmlnaHROb2RlOjUwOTM2,50936,vladislav-kanchev-vs-ilyas-sadykov-50936,RXZlbnROb2RlOjUxNjc=,RmlnaHRlck5vZGU6MTc1NjY=,RmlnaHRlck5vZGU6NTc1OTk=,RmlnaHRlck5vZGU6MTc1NjY=,MC,Catchweight,175.0,KO/TKO,,1.0,0:54,,,0
RmlnaHROb2RlOjQ4ODQ2,48846,georgi-valentinov-vs-bojan-kosendar-48846,RXZlbnROb2RlOjUxNjc=,RmlnaHRlck5vZGU6MTE4NDg=,RmlnaHRlck5vZGU6NTU0MDg=,RmlnaHRlck5vZGU6MTE4NDg=,CO,Catchweight,175.0,Decision,Unanimous,5.0,5:00,,,0
RmlnaHROb2RlOjQ4ODUy,48852,mladen-iliev-vs-yunus-emre-batan-48852,RXZlbnROb2RlOjUxNjc=,RmlnaHRlck5vZGU6NTU0MTM=,RmlnaHRlck5vZGU6NTU0MTQ=,RmlnaHRlck5vZGU6NTU0MTM=,MC,Catchweight,175.0,KO/TKO,,3.0,0:40,,,0
RmlnaHROb2RlOjQ4ODQ3,48847,vladislav-kanchev-vs-wilhelm-ott-48847,RXZlbnROb2RlOjUxNjc=,RmlnaHRlck5vZGU6MTc1NjY=,RmlnaHRlck5vZGU6MjI0Nzk=,,MC,,,,,,,,,1
RmlnaHROb2RlOjQ4ODUw,48850,delqn-iliev-vs-florin-lupu-48850,RXZlbnROb2RlOjUxNjc=,RmlnaHRlck5vZGU6NTU0MTE=,RmlnaHRlck5vZGU6MjI1NDc=,,MC,,,,,,,,,1
RmlnaHROb2RlOjQ5OTI4,49928,kristian-kirilov-vs-mehmet-ozer-49928,RXZlbnROb2RlOjUxNjc=,RmlnaHRlck5vZGU6NTU0MTU=,RmlnaHRlck5vZGU6NTY0MTc=,,MC,,,,,,,,,1
RmlnaHROb2RlOjQ4ODU2,48856,zdravko-dimitrov-vs-tomas-vojtela-48856,RXZlbnROb2RlOjUxNjc=,RmlnaHRlck5vZGU6NTU0MTg=,RmlnaHRlck5vZGU6NTU0MTk=,RmlnaHRlck5vZGU6NTU0MTk=,PL,Featherweight,145.0,KO/TKO,Doctor Stoppage,3.0,0:30,,,0
RmlnaHROb2RlOjcyMzcy,72372,angel-petkov-emilov-vs-nikola-arsov-72372,RXZlbnROb2RlOjUxNjc=,RmlnaHRlck5vZGU6NzAwNTM=,RmlnaHRlck5vZGU6NDQ5NzA=,RmlnaHRlck5vZGU6NzAwNTM=,PL,Lightweight,155.0,Decision,Split,5.0,5:00,,,0
RmlnaHROb2RlOjQ4ODU0,48854,angel-petkov-vs-nikola-arsov-48854,RXZlbnROb2RlOjUxNjc=,RmlnaHRlck5vZGU6NTU0MTY=,RmlnaHRlck5vZGU6NDQ5NzA=,RmlnaHRlck5vZGU6NTU0MTY=,PL,Lightweight,155.0,Decision,Split,5.0,5:00,,,0
RmlnaHROb2RlOjQ4ODU1,48855,martin-stoichkov-vs-felipe-maia-48855,RXZlbnROb2RlOjUxNjc=,RmlnaHRlck5vZGU6NTU0MTc=,RmlnaHRlck5vZGU6MzkyNTM=,RmlnaHRlck5vZGU6MzkyNTM=,PL,Lightweight,155.0,KO/TKO,,2.0,1:55,,,0
RmlnaHROb2RlOjQ4ODQ4,48848,kaloyan-kolev-vs-amer-abdulnabi-48848,RXZlbnROb2RlOjUxNjc=,RmlnaHRlck5vZGU6NDAyNjk=,RmlnaHRlck5vZGU6NTU0MDk=,RmlnaHRlck5vZGU6NDAyNjk=,MC,Heavyweight,265.0,KO/TKO,Shoe Malfunction,1.0,0:57,,,0
RmlnaHROb2RlOjQ4ODUx,48851,veselin-ivanov-vs-marco-giustarini-48851,RXZlbnROb2RlOjUxNjc=,RmlnaHRlck5vZGU6MTQ1MzY=,RmlnaHRlck5vZGU6NTU0MTI=,RmlnaHRlck5vZGU6MTQ1MzY=,MC,Featherweight,145.0,KO/TKO,,3.0,1:08,,,0
RmlnaHROb2RlOjUwOTM3,50937,mahmoud-ahmed-vs-florin-lupu-50937,RXZlbnROb2RlOjUxNjc=,RmlnaHRlck5vZGU6NTc2MDA=,RmlnaHRlck5vZGU6MjI1NDc=,RmlnaHRlck5vZGU6NTc2MDA=,MC,Bantamweight,135.0,Decision,Unanimous,5.0,5:00,,,0
RmlnaHROb2RlOjQ4ODQ1,48845,rosen-dimitrov-vs-todor-zhelyazkov-48845,RXZlbnROb2RlOjUxNjc=,RmlnaHRlck5vZGU6MTQ4OTY=,RmlnaHRlck5vZGU6NTU0MDc=,RmlnaHRlck5vZGU6MTQ4OTY=,ME,Catchweight,175.0,KO/TKO,,2.0,1:40,,,0
RmlnaHROb2RlOjUwNzE2,50716,anthony-faulkner-vs-rob-cunningham-50716,RXZlbnROb2RlOjUyOTQ=,RmlnaHRlck5vZGU6NDkzNDg=,RmlnaHRlck5vZGU6NDcxMjQ=,RmlnaHRlck5vZGU6NDkzNDg=,PL,,300.0,KO/TKO,Punches,1.0,0:57,-115.0,-115.0,0
RmlnaHROb2RlOjUwNzA4,50708,anthony-holmes-vs-bart-krol-50708,RXZlbnROb2RlOjUyOTQ=,RmlnaHRlck5vZGU6NDkwMjk=,RmlnaHRlck5vZGU6NTE3MDU=,RmlnaHRlck5vZGU6NTE3MDU=,CO,Catchweight,175.0,KO/TKO,Corner Stoppage,4.0,2:00,-130.0,100.0,0
RmlnaHROb2RlOjUwMDQ5,50049,danny-christie-vs-jared-warren-50049,RXZlbnROb2RlOjUyOTQ=,RmlnaHRlck5vZGU6NDc1NzQ=,RmlnaHRlck5vZGU6MzUyMTI=,RmlnaHRlck5vZGU6MzUyMTI=,ME,Middleweight,185.0,KO/TKO,,1.0,1:56,-155.0,125.0,0
RmlnaHROb2RlOjUwNzA5,50709,mason-shaw-vs-matt-hodgson-50709,RXZlbnROb2RlOjUyOTQ=,RmlnaHRlck5vZGU6NTAyNDA=,RmlnaHRlck5vZGU6NTcyMzY=,RmlnaHRlck5vZGU6NTcyMzY=,MC,Catchweight,195.0,KO/TKO,,2.0,0:29,-180.0,150.0,0
RmlnaHROb2RlOjUwNzEx,50711,luke-atkin-vs-darren-hendry-50711,RXZlbnROb2RlOjUyOTQ=,RmlnaHRlck5vZGU6NTcyMzc=,RmlnaHRlck5vZGU6NDkwMjg=,RmlnaHRlck5vZGU6NDkwMjg=,MC,Light Heavyweight,205.0,KO/TKO,Punches,2.0,0:25,240.0,-300.0,0
RmlnaHROb2RlOjUwNzE1,50715,jonny-graham-vs-abel-radomski-50715,RXZlbnROb2RlOjUyOTQ=,RmlnaHRlck5vZGU6NTE3MDc=,RmlnaHRlck5vZGU6NTcyMzk=,RmlnaHRlck5vZGU6NTE3MDc=,PL,Catchweight,165.0,KO/TKO,,2.0,1:40,-260.0,200.0,0
RmlnaHROb2RlOjUwNjk1,50695,gary-fox-vs-robbie-brown-50695,RXZlbnROb2RlOjUyOTQ=,RmlnaHRlck5vZGU6NTAzNDg=,RmlnaHRlck5vZGU6NTQxOTA=,RmlnaHRlck5vZGU6NTAzNDg=,MC,Featherweight,145.0,Decision,Unanimous,5.0,5:00,130.0,-160.0,0
RmlnaHROb2RlOjUwNzEy,50712,nathan-owens-vs-conor-cooke-50712,RXZlbnROb2RlOjUyOTQ=,RmlnaHRlck5vZGU6NDkzNDc=,RmlnaHRlck5vZGU6MzcwNA==,RmlnaHRlck5vZGU6NDkzNDc=,MC,Middleweight,185.0,KO/TKO,,2.0,1:12,-200.0,160.0,0
RmlnaHROb2RlOjUwNjk2,50696,karl-thompson-vs-dawid-oskar-50696,RXZlbnROb2RlOjUyOTQ=,RmlnaHRlck5vZGU6NTI5MzI=,RmlnaHRlck5vZGU6NTI5Mjk=,RmlnaHRlck5vZGU6NTI5MzI=,MC,Light Heavyweight,205.0,Decision,,5.0,5:00,240.0,-300.0,0
RmlnaHROb2RlOjUwNzEz,50713,antonio-moscatiello-vs-patryk-sagan-50713,RXZlbnROb2RlOjUyOTQ=,RmlnaHRlck5vZGU6NTcyMzg=,RmlnaHRlck5vZGU6NTI5MzU=,,MC,,,,,,,,,0
RmlnaHROb2RlOjUwOTM0,50934,antonio-moscatiello-vs-hynek-hospodarsky-50934,RXZlbnROb2RlOjUyOTQ=,RmlnaHRlck5vZGU6NTcyMzg=,RmlnaHRlck5vZGU6NTc1OTg=,RmlnaHRlck5vZGU6NTcyMzg=,MC,Lightweight,155.0,KO/TKO,Right Hand,1.0,1:58,-135.0,105.0,0
RmlnaHROb2RlOjUwNzE0,50714,luke-nevin-vs-paul-cook-50714,RXZlbnROb2RlOjUyOTQ=,RmlnaHRlck5vZGU6NTE3MDI=,RmlnaHRlck5vZGU6NDU5NQ==,RmlnaHRlck5vZGU6NDU5NQ==,PL,Catchweight,165.0,Decision,Unanimous,5.0,5:00,160.0,-200.0,0
RmlnaHROb2RlOjUwNzEw,50710,danny-mitchell-vs-john-ferguson-50710,RXZlbnROb2RlOjUyOTQ=,RmlnaHRlck5vZGU6MzcyNw==,RmlnaHRlck5vZGU6NDkwMzE=,RmlnaHRlck5vZGU6MzcyNw==,MC,Middleweight,185.0,Decision,Unanimous,5.0,5:00,115.0,-145.0,0
RmlnaHROb2RlOjUwNzY1,50765,trever-bradshaw-vs-troy-dennison-50765,RXZlbnROb2RlOjUzMDc=,RmlnaHRlck5vZGU6MTY5MTk=,RmlnaHRlck5vZGU6MzMwMjM=,RmlnaHRlck5vZGU6MTY5MTk=,PL,Catchweight,160.0,KO/TKO,,1.0,1:55,-145.0,115.0,0
RmlnaHROb2RlOjUwNDUx,50451,bec-rawlings-vs-christine-ferea-50451,RXZlbnROb2RlOjUzMDc=,RmlnaHRlck5vZGU6NjE0MQ==,RmlnaHRlck5vZGU6MTQzMzI=,RmlnaHRlck5vZGU6MTQzMzI=,CO,Flyweight,125.0,Decision,Unanimous,5.0,5:00,325.0,-425.0,0
RmlnaHROb2RlOjUwNDQ4,50448,eddie-alvarez-vs-mike-perry-50448,RXZlbnROb2RlOjUzMDc=,RmlnaHRlck5vZGU6MTY0Ng==,RmlnaHRlck5vZGU6MTA4OTM=,RmlnaHRlck5vZGU6MTA4OTM=,ME,Catchweight,175.0,KO/TKO,Corner Stoppage,2.0,2:00,300.0,-400.0,0
RmlnaHROb2RlOjUwNDUw,50450,jimmie-rivera-vs-jeremy-stephens-50450,RXZlbnROb2RlOjUzMDc=,RmlnaHRlck5vZGU6NjI=,RmlnaHRlck5vZGU6ODgy,RmlnaHRlck5vZGU6ODgy,MC,Lightweight,155.0,KO/TKO,Doctor Stoppage (Cut),3.0,2:00,-150.0,120.0,0
RmlnaHROb2RlOjUwNzg4,50788,ben-moa-vs-bridger-bercier-50788,RXZlbnROb2RlOjUzMDc=,RmlnaHRlck5vZGU6MjgzMzA=,RmlnaHRlck5vZGU6NTczNjQ=,RmlnaHRlck5vZGU6MjgzMzA=,MC,Heavyweight,265.0,KO/TKO,Doctor Stoppage (Cut),3.0,0:51,-600.0,425.0,0
RmlnaHROb2RlOjUwNDcw,50470,arnold-adams-vs-mick-terrill-50470,RXZlbnROb2RlOjUzMDc=,RmlnaHRlck5vZGU6MTM4NDU=,RmlnaHRlck5vZGU6Mzk0NDU=,RmlnaHRlck5vZGU6Mzk0NDU=,MC,Heavyweight,265.0,KO/TKO,,4.0,0:47,-225.0,185.0,0
RmlnaHROb2RlOjUwNDUy,50452,kai-stewart-vs-howard-davis-50452,RXZlbnROb2RlOjUzMDc=,RmlnaHRlck5vZGU6NDIyMzA=,RmlnaHRlck5vZGU6NDI4MDY=,RmlnaHRlck5vZGU6NDIyMzA=,MC,Featherweight,145.0,Decision,Unanimous,5.0,5:00,225.0,-285.0,0
RmlnaHROb2RlOjUwNDQ5,50449,ben-rothwell-vs-todd-duffee-50449,RXZlbnROb2RlOjUzMDc=,RmlnaHRlck5vZGU6MjA=,RmlnaHRlck5vZGU6MTA0MA==,,CO,Heavyweight,265.0,,,,,-500.0,375.0,1
RmlnaHROb2RlOjUwNzYz,50763,michael-jones-vs-erick-lozano-50763,RXZlbnROb2RlOjUzMDc=,RmlnaHRlck5vZGU6MzE0NzA=,RmlnaHRlck5vZGU6MzAwNzM=,,MC,,,,,,,,,0
RmlnaHROb2RlOjUwNzY0,50764,keegan-vandermeer-vs-esteban-rodriguez-50764,RXZlbnROb2RlOjUzMDc=,RmlnaHRlck5vZGU6NDg5MzY=,RmlnaHRlck5vZGU6NDU0NjU=,RmlnaHRlck5vZGU6NDU0NjU=,PL,Light Heavyweight,205.0,KO/TKO,,2.0,1:06,-175.0,145.0,0
RmlnaHROb2RlOjUwODE2,50816,mike-jones-vs-erick-lozano-50816,RXZlbnROb2RlOjUzMDc=,RmlnaHRlck5vZGU6MTY2Mjg=,RmlnaHRlck5vZGU6MzAwNzM=,RmlnaHRlck5vZGU6MzAwNzM=,MC,Middleweight,185.0,KO/TKO,,3.0,0:51,-460.0,360.0,0
RmlnaHROb2RlOjUwNzg5,50789,nick-rossborough-vs-kevin-brooks-50789,RXZlbnROb2RlOjUzMDc=,RmlnaHRlck5vZGU6NTMzNg==,RmlnaHRlck5vZGU6MTA5Mjk=,,MC,,,,,,,,,1
RmlnaHROb2RlOjUwNzkw,50790,lj-schultz-vs-danny-hilton-50790,RXZlbnROb2RlOjUzMDc=,RmlnaHRlck5vZGU6ODczNg==,RmlnaHRlck5vZGU6MTcyOTE=,RmlnaHRlck5vZGU6MTcyOTE=,PL,Lightweight,155.0,KO/TKO,Doctor Stoppage,1.0,2:00,215.0,-275.0,0
RmlnaHROb2RlOjUxNDAx,51401,kasey-yates-vs-zachary-pannell-51401,RXZlbnROb2RlOjUzODg=,RmlnaHRlck5vZGU6MjQ3NDY=,RmlnaHRlck5vZGU6NTYyOTU=,RmlnaHRlck5vZGU6NTYyOTU=,MC,Lightweight,155.0,KO/TKO,,1.0,1:44,210.0,-270.0,0
RmlnaHROb2RlOjUxNDAw,51400,apostle-spencer-vs-kaine-tomlinson-jr-51400,RXZlbnROb2RlOjUzODg=,RmlnaHRlck5vZGU6NTgyOTg=,RmlnaHRlck5vZGU6NTU4NzU=,RmlnaHRlck5vZGU6NTU4NzU=,MC,Catchweight,165.0,KO/TKO,,1.0,0:33,375.0,-500.0,0
RmlnaHROb2RlOjc3NzA3,77707,taylor-starling-vs-jenny-clausius-77707,RXZlbnROb2RlOjUzODg=,RmlnaHRlck5vZGU6MzM2MTk=,RmlnaHRlck5vZGU6MzE1OTM=,RmlnaHRlck5vZGU6MzM2MTk=,CO,Strawweight,115.0,Decision,Unanimous,5.0,5:00,,,0
RmlnaHROb2RlOjUxNjgw,51680,eric-dodson-vs-dakota-highpine-51680,RXZlbnROb2RlOjUzODg=,RmlnaHRlck5vZGU6NDczMTY=,RmlnaHRlck5vZGU6NDg0ODI=,RmlnaHRlck5vZGU6NDczMTY=,MC,Featherweight,145.0,KO/TKO,,1.0,0:40,-650.0,475.0,0
RmlnaHROb2RlOjUxNDIw,51420,freddy-sandoval-vs-will-albrecht-51420,RXZlbnROb2RlOjUzODg=,RmlnaHRlck5vZGU6MjkyNzY=,RmlnaHRlck5vZGU6NTgzMDI=,RmlnaHRlck5vZGU6NTgzMDI=,MC,Middleweight,185.0,KO/TKO,,1.0,1:59,-135.0,105.0,0
RmlnaHROb2RlOjUxMzk3,51397,ismail-israilov-vs-danasabe-mohammed-51397,RXZlbnROb2RlOjUzODg=,RmlnaHRlck5vZGU6NDYzNTk=,RmlnaHRlck5vZGU6ODkzMw==,RmlnaHRlck5vZGU6NDYzNTk=,MC,Catchweight,175.0,KO/TKO,,1.0,1:12,-225.0,185.0,0
RmlnaHROb2RlOjUxMzk4,51398,juan-adams-vs-matt-adams-51398,RXZlbnROb2RlOjUzODg=,RmlnaHRlck5vZGU6MTk0MTU=,RmlnaHRlck5vZGU6NTM4NzY=,RmlnaHRlck5vZGU6MTk0MTU=,MC,Heavyweight,265.0,KO/TKO,,3.0,1:30,-155.0,,0
RmlnaHROb2RlOjUxMzk5,51399,brittany-horton-vs-karla-alvarez-51399,RXZlbnROb2RlOjUzODg=,RmlnaHRlck5vZGU6MTAzMTI=,RmlnaHRlck5vZGU6NTgyOTc=,RmlnaHRlck5vZGU6NTgyOTc=,MC,Catchweight,110.0,KO/TKO,,1.0,1:59,275.0,-350.0,0
RmlnaHROb2RlOjUxNDEz,51413,felipe-chavez-vs-michael-manno-51413,RXZlbnROb2RlOjUzODg=,RmlnaHRlck5vZGU6MTY3MA==,RmlnaHRlck5vZGU6NDY3MjE=,RmlnaHRlck5vZGU6MTY3MA==,MC,Catchweight,175.0,KO/TKO,Doctor Stoppage,3.0,1:27,275.0,-350.0,0
RmlnaHROb2RlOjUxMzk2,51396,donald-sanchez-vs-noah-cutter-51396,RXZlbnROb2RlOjUzODg=,RmlnaHRlck5vZGU6MTYzMA==,RmlnaHRlck5vZGU6NDE0Mjk=,RmlnaHRlck5vZGU6MTYzMA==,ME,Catchweight,175.0,KO/TKO,,1.0,0:35,-210.0,170.0,0
RmlnaHROb2RlOjUxMzgz,51383,ryan-reber-vs-derek-perez-51383,RXZlbnROb2RlOjUzODQ=,RmlnaHRlck5vZGU6NDUxMjg=,RmlnaHRlck5vZGU6MzU1ODM=,RmlnaHRlck5vZGU6NDUxMjg=,PL,Bantamweight,135.0,KO/TKO,Punches,4.0,1:14,-550.0,400.0,0
RmlnaHROb2RlOjUxMTYw,51160,luis-palomino-vs-austin-trout-51160,RXZlbnROb2RlOjUzODQ=,RmlnaHRlck5vZGU6MTg5OQ==,RmlnaHRlck5vZGU6NTAyMzM=,RmlnaHRlck5vZGU6NTAyMzM=,ME,Catchweight,165.0,Decision,Unanimous,5.0,5:00,-133.0,103.0,0
RmlnaHROb2RlOjUxMzgx,51381,bryan-duran-vs-louie-lopez-51381,RXZlbnROb2RlOjUzODQ=,RmlnaHRlck5vZGU6NDQ3NjI=,RmlnaHRlck5vZGU6Mzk0NDg=,RmlnaHRlck5vZGU6NDQ3NjI=,MC,Featherweight,145.0,KO/TKO,Overhand Right,4.0,0:48,-425.0,325.0,0
RmlnaHROb2RlOjUxMzM3,51337,bryce-henry-vs-robbie-peralta-51337,RXZlbnROb2RlOjUzODQ=,RmlnaHRlck5vZGU6NTAyNzU=,RmlnaHRlck5vZGU6MTI2MA==,RmlnaHRlck5vZGU6NTAyNzU=,CO,Lightweight,155.0,KO/TKO,Doctor Stoppage (Eye Injury),2.0,2:00,-700.0,500.0,0
RmlnaHROb2RlOjUxNDEy,51412,alberto-blas-vs-frank-alvarez-51412,RXZlbnROb2RlOjUzODQ=,RmlnaHRlck5vZGU6MjMxNDA=,RmlnaHRlck5vZGU6NDUxMzA=,RmlnaHRlck5vZGU6MjMxNDA=,MC,Bantamweight,135.0,KO/TKO,Straight Left,1.0,1:00,-500.0,375.0,0
RmlnaHROb2RlOjYyODY2,62866,alberto-blas-vs-daniel-alvarez-62866,RXZlbnROb2RlOjUzODQ=,RmlnaHRlck5vZGU6MjMxNDA=,RmlnaHRlck5vZGU6NjIyOTI=,RmlnaHRlck5vZGU6MjMxNDA=,MC,Bantamweight,135.0,KO/TKO,Straight Left,1.0,1:00,,,0
RmlnaHROb2RlOjUxOTUw,51950,leonardo-perdomo-vs-bob-brents-51950,RXZlbnROb2RlOjUzODQ=,RmlnaHRlck5vZGU6NTQxNDQ=,RmlnaHRlck5vZGU6MzY1MA==,RmlnaHRlck5vZGU6NTQxNDQ=,MC,Heavyweight,265.0,KO/TKO,Right Hand,1.0,0:33,-650.0,475.0,0
RmlnaHROb2RlOjUxMzUw,51350,john-michael-escoboza-vs-isaac-doolittle-51350,RXZlbnROb2RlOjUzODQ=,RmlnaHRlck5vZGU6MzQxNDQ=,RmlnaHRlck5vZGU6MzU4MTU=,,MC,Middleweight,185.0,KO/TKO,Punches,3.0,1:58,-189.0,159.0,0
RmlnaHROb2RlOjUxMzgy,51382,matt-russo-vs-justin-street-51382,RXZlbnROb2RlOjUzODQ=,RmlnaHRlck5vZGU6NDk3MjU=,RmlnaHRlck5vZGU6MzYxMTU=,,MC,,,,,,,-550.0,400.0,1
RmlnaHROb2RlOjUxMzk0,51394,justin-sanchez-vs-landon-williams-51394,RXZlbnROb2RlOjUzODQ=,RmlnaHRlck5vZGU6NTA3MTI=,RmlnaHRlck5vZGU6NTYyOTY=,RmlnaHRlck5vZGU6NTA3MTI=,MC,Catchweight,140.0,KO/TKO,Overhand Right,1.0,0:15,-1200.0,750.0,0
RmlnaHROb2RlOjUxMzQy,51342,chris-garcia-vs-albert-inclan-51342,RXZlbnROb2RlOjUzODQ=,RmlnaHRlck5vZGU6NTQxOTg=,RmlnaHRlck5vZGU6NDM1MzM=,RmlnaHRlck5vZGU6NTQxOTg=,PL,Catchweight,130.0,Decision,Majority,5.0,5:00,-400.0,300.0,0
RmlnaHROb2RlOjUxNDE5,51419,edgard-plazaola-vs-darrick-gates-51419,RXZlbnROb2RlOjUzODQ=,RmlnaHRlck5vZGU6NDM5MjI=,RmlnaHRlck5vZGU6NDIyMzE=,RmlnaHRlck5vZGU6NDM5MjI=,MC,Featherweight,145.0,KO/TKO,Right Hook,1.0,1:59,-600.0,425.0,0
RmlnaHROb2RlOjUxNDE4,51418,christine-vicens-vs-sydney-smith-51418,RXZlbnROb2RlOjUzODQ=,RmlnaHRlck5vZGU6NDM5MjE=,RmlnaHRlck5vZGU6NTE3MTk=,,MC,,,,,,,-330.0,255.0,1
RmlnaHROb2RlOjUxMzQz,51343,stephen-townsel-vs-leo-bercier-51343,RXZlbnROb2RlOjUzODQ=,RmlnaHRlck5vZGU6NDM5MjA=,RmlnaHRlck5vZGU6MTYyOTQ=,RmlnaHRlck5vZGU6MTYyOTQ=,PL,Light Heavyweight,205.0,KO/TKO,Injury,4.0,2:10,100.0,-130.0,0
RmlnaHROb2RlOjUxNTk2,51596,stanislav-grosu-vs-brandon-shavers-51596,RXZlbnROb2RlOjU0NDk=,RmlnaHRlck5vZGU6NDMwMDQ=,RmlnaHRlck5vZGU6ODUyOA==,RmlnaHRlck5vZGU6ODUyOA==,ME,Catchweight,175.0,KO/TKO,,4.0,1:32,125.0,-155.0,0
RmlnaHROb2RlOjUyNDMw,52430,cary-caprio-vs-micah-livingston-52430,RXZlbnROb2RlOjU0NDk=,RmlnaHRlck5vZGU6NDY2MTQ=,RmlnaHRlck5vZGU6NTkxMjA=,RmlnaHRlck5vZGU6NDY2MTQ=,MC,Catchweight,130.0,KO/TKO,,2.0,2:00,,,0
RmlnaHROb2RlOjUxOTg1,51985,dustin-garrett-vs-nathan-rivera-51985,RXZlbnROb2RlOjU0NDk=,RmlnaHRlck5vZGU6NTg4MDU=,RmlnaHRlck5vZGU6NTY3NzE=,RmlnaHRlck5vZGU6NTY3NzE=,MC,Featherweight,145.0,KO/TKO,,1.0,1:22,700.0,-1000.0,0
RmlnaHROb2RlOjUxOTQ3,51947,crystal-van-wyk-vs-crystal-lawson-51947,RXZlbnROb2RlOjU0NDk=,RmlnaHRlck5vZGU6NTI5Njc=,RmlnaHRlck5vZGU6NTYyMjE=,RmlnaHRlck5vZGU6NTI5Njc=,MC,Strawweight,115.0,Decision,Unanimous,5.0,5:00,-350.0,275.0,0
RmlnaHROb2RlOjUxOTgz,51983,shawn-brooks-vs-jordan-christensen-51983,RXZlbnROb2RlOjU0NDk=,RmlnaHRlck5vZGU6NTg4MDM=,RmlnaHRlck5vZGU6MzU1OTA=,RmlnaHRlck5vZGU6NTg4MDM=,MC,Catchweight,175.0,KO/TKO,,3.0,0:52,-150.0,120.0,0
RmlnaHROb2RlOjUyMzU2,52356,joe-ray-vs-ryan-shough-52356,RXZlbnROb2RlOjU0NDk=,RmlnaHRlck5vZGU6NTg4MDI=,RmlnaHRlck5vZGU6NDIxNjI=,RmlnaHRlck5vZGU6NTg4MDI=,MC,Heavyweight,265.0,KO/TKO,,2.0,1:50,105.0,-135.0,0
RmlnaHROb2RlOjUxOTQ2,51946,micah-terrill-vs-cameron-vancamp-51946,RXZlbnROb2RlOjU0NDk=,RmlnaHRlck5vZGU6MTIyMjU=,RmlnaHRlck5vZGU6MTYzNTI=,RmlnaHRlck5vZGU6MTYzNTI=,CO,Catchweight,175.0,KO/TKO,,2.0,0:25,147.0,-177.0,0
RmlnaHROb2RlOjUyMDYx,52061,zachary-calmus-vs-joshua-freeman-52061,RXZlbnROb2RlOjU0NDk=,RmlnaHRlck5vZGU6Mzk0NDY=,RmlnaHRlck5vZGU6NTg4NjI=,RmlnaHRlck5vZGU6Mzk0NDY=,MC,Heavyweight,265.0,KO/TKO,,3.0,2:00,,,0
RmlnaHROb2RlOjUyMzg3,52387,murat-kilimetov-vs-tre-cook-52387,RXZlbnROb2RlOjU0NDk=,RmlnaHRlck5vZGU6MjA1NTk=,RmlnaHRlck5vZGU6NTkwODM=,RmlnaHRlck5vZGU6MjA1NTk=,MC,Light Heavyweight,205.0,KO/TKO,,2.0,0:09,-800.0,550.0,0
RmlnaHROb2RlOjUyMTE5,52119,bovar-khanakov-vs-james-brown-52119,RXZlbnROb2RlOjU0NDk=,RmlnaHRlck5vZGU6NTA5ODc=,RmlnaHRlck5vZGU6MjA2NzI=,RmlnaHRlck5vZGU6MjA2NzI=,MC,Featherweight,145.0,KO/TKO,,3.0,2:00,160.0,-200.0,0
RmlnaHROb2RlOjUyMDYy,52062,alan-stephenson-vs-mashkhal-ibrahim-52062,RXZlbnROb2RlOjU0NDk=,RmlnaHRlck5vZGU6Mjg0NDU=,RmlnaHRlck5vZGU6NTg4NjM=,,MC,Middleweight,185.0,,,,,,,1
RmlnaHROb2RlOjUxOTg0,51984,josh-armstrong-vs-cary-caprio-51984,RXZlbnROb2RlOjU0NDk=,RmlnaHRlck5vZGU6NTg4MDQ=,RmlnaHRlck5vZGU6NDY2MTQ=,,MC,,,,,,,300.0,-400.0,1
RmlnaHROb2RlOjUxOTgy,51982,joe-ray-vs-kevin-brooks-51982,RXZlbnROb2RlOjU0NDk=,RmlnaHRlck5vZGU6NTg4MDI=,RmlnaHRlck5vZGU6MTA5Mjk=,,MC,Heavyweight,265.0,,,,,,,1
RmlnaHROb2RlOjUyNTY3,52567,drew-stuve-vs-jason-kelly-52567,RXZlbnROb2RlOjUzNTQ=,RmlnaHRlck5vZGU6NTkzMjA=,RmlnaHRlck5vZGU6NTkzMjE=,RmlnaHRlck5vZGU6NTkzMjA=,MC,Catchweight,165.0,KO/TKO,Doctor Stoppage,1.0,1:11,-800.0,550.0,0
RmlnaHROb2RlOjUxNjc0,51674,jade-masson-wong-vs-gabrielle-roman-51674,RXZlbnROb2RlOjUzNTQ=,RmlnaHRlck5vZGU6NDE4Njg=,RmlnaHRlck5vZGU6NTIwNTk=,RmlnaHRlck5vZGU6NDE4Njg=,ME,Flyweight,125.0,KO/TKO,,1.0,1:00,-225.0,185.0,0
RmlnaHROb2RlOjUyNTUw,52550,sonny-smith-vs-jeremiah-riggs-52550,RXZlbnROb2RlOjUzNTQ=,RmlnaHRlck5vZGU6NTg1NTc=,RmlnaHRlck5vZGU6MTc1MQ==,RmlnaHRlck5vZGU6MTc1MQ==,CO,Catchweight,165.0,KO/TKO,Strikes,1.0,0:49,-350.0,275.0,0
RmlnaHROb2RlOjUyMzc3,52377,stan-surmacz-vs-reuben-roundstone-52377,RXZlbnROb2RlOjUzNTQ=,RmlnaHRlck5vZGU6NTg4MDA=,RmlnaHRlck5vZGU6NTkwNzc=,RmlnaHRlck5vZGU6NTg4MDA=,MC,Heavyweight,265.0,KO/TKO,,3.0,1:12,-1400.0,800.0,0
RmlnaHROb2RlOjUxOTk1,51995,stan-surmacz-vs-don-wonch-51995,RXZlbnROb2RlOjUzNTQ=,RmlnaHRlck5vZGU6NTg4MDA=,RmlnaHRlck5vZGU6NTg4MDE=,,MC,,,,,,,,,1
RmlnaHROb2RlOjUxNDk0,51494,tyler-randall-vs-devin-gibson-51494,RXZlbnROb2RlOjUzNTQ=,RmlnaHRlck5vZGU6NDI4MDc=,RmlnaHRlck5vZGU6NDI4Mzk=,,ME,,,,,,,,,1
RmlnaHROb2RlOjUyNjk1,52695,estevan-fuenzalida-vs-pita-tuiloma-52695,RXZlbnROb2RlOjUzNTQ=,RmlnaHRlck5vZGU6NTk1Njk=,RmlnaHRlck5vZGU6NTk1NzA=,RmlnaHRlck5vZGU6NTk1NzA=,MC,Catchweight,190.0,KO/TKO,Strikes,2.0,0:30,,,0
RmlnaHROb2RlOjUyNTUy,52552,adam-de-freitas-vs-matt-socholotiuk-52552,RXZlbnROb2RlOjUzNTQ=,RmlnaHRlck5vZGU6MzgwODE=,RmlnaHRlck5vZGU6Mjg0Mzg=,RmlnaHRlck5vZGU6Mjg0Mzg=,MC,Welterweight,170.0,KO/TKO,Strikes,3.0,1:13,-150.0,120.0,0
RmlnaHROb2RlOjUxNDg2,51486,robert-desharnais-vs-desmond-johnson-51486,RXZlbnROb2RlOjUzNTQ=,RmlnaHRlck5vZGU6NTUzODQ=,RmlnaHRlck5vZGU6NTM1ODI=,RmlnaHRlck5vZGU6NTUzODQ=,MC,Featherweight,145.0,KO/TKO,,1.0,0:34,-800.0,550.0,0
RmlnaHROb2RlOjUxNDk1,51495,tyler-tremblett-vs-donnie-tice-jr-51495,RXZlbnROb2RlOjUzNTQ=,RmlnaHRlck5vZGU6NTgzMjY=,RmlnaHRlck5vZGU6NTgzMjc=,RmlnaHRlck5vZGU6NTgzMjY=,MC,Heavyweight,265.0,KO/TKO,Strikes,2.0,1:24,125.0,-155.0,0
RmlnaHROb2RlOjUxNjgz,51683,chad-lucanas-vs-trai-santos-51683,RXZlbnROb2RlOjUzNTQ=,RmlnaHRlck5vZGU6NTg1NTY=,RmlnaHRlck5vZGU6NTExMTQ=,RmlnaHRlck5vZGU6NTg1NTY=,MC,Lightweight,155.0,KO/TKO,,1.0,1:50,-725.0,525.0,0
RmlnaHROb2RlOjUxNjgy,51682,hasan-alghanim-vs-dalton-shtybel-51682,RXZlbnROb2RlOjUzNTQ=,RmlnaHRlck5vZGU6NTg1NTQ=,RmlnaHRlck5vZGU6NTg1NTU=,RmlnaHRlck5vZGU6NTg1NTQ=,MC,Lightweight,155.0,KO/TKO,,2.0,1:05,-240.0,190.0,0
RmlnaHROb2RlOjUyNTUx,52551,jake-craig-vs-samuel-polk-52551,RXZlbnROb2RlOjUzNTQ=,RmlnaHRlck5vZGU6NTQyMDc=,RmlnaHRlck5vZGU6NTkxNDY=,RmlnaHRlck5vZGU6NTkxNDY=,MC,Light Heavyweight,205.0,KO/TKO,,1.0,1:12,-740.0,540.0,0
RmlnaHROb2RlOjUxNjg0,51684,sonny-smith-vs-dustin-thompson-51684,RXZlbnROb2RlOjUzNTQ=,RmlnaHRlck5vZGU6NTg1NTc=,RmlnaHRlck5vZGU6NTg1NTg=,,MC,,,,,,,,,1
RmlnaHROb2RlOjUyMTUy,52152,jake-craig-vs-marcello-solinas-52152,RXZlbnROb2RlOjUzNTQ=,RmlnaHRlck5vZGU6NTQyMDc=,RmlnaHRlck5vZGU6NTg5MTU=,,MC,,,,,,,,,1
RmlnaHROb2RlOjUyNTQw,52540,rosalinda-rodriguez-vs-monica-franco-52540,RXZlbnROb2RlOjU1MjA=,RmlnaHRlck5vZGU6NTUwNTM=,RmlnaHRlck5vZGU6MzQxNTU=,RmlnaHRlck5vZGU6NTUwNTM=,CO,Flyweight,125.0,KO/TKO,,3.0,2:00,-725.0,525.0,0
RmlnaHROb2RlOjUyNTYx,52561,rohan-prado-vs-raymond-pell-52561,RXZlbnROb2RlOjU1MjA=,RmlnaHRlck5vZGU6NTkzMTA=,RmlnaHRlck5vZGU6NTkzMTE=,RmlnaHRlck5vZGU6NTkzMTA=,MC,Lightweight,155.0,KO/TKO,,1.0,0:31,-600.0,425.0,0
RmlnaHROb2RlOjUyMzQy,52342,howard-davis-vs-sean-wilson-52342,RXZlbnROb2RlOjU1MjA=,RmlnaHRlck5vZGU6NDI4MDY=,RmlnaHRlck5vZGU6MzA2,RmlnaHRlck5vZGU6NDI4MDY=,ME,Lightweight,155.0,KO/TKO,,2.0,1:34,-1000.0,700.0,0
RmlnaHROb2RlOjUyNTQx,52541,joshuah-alvarez-vs-brandon-meyer-52541,RXZlbnROb2RlOjU1MjA=,RmlnaHRlck5vZGU6NDI4Mjg=,RmlnaHRlck5vZGU6MjI5NzM=,RmlnaHRlck5vZGU6MjI5NzM=,MC,Catchweight,165.0,Decision,Unanimous,5.0,5:00,-700.0,500.0,0
RmlnaHROb2RlOjUyOTQx,52941,markus-suarez-vs-marcus-williamson-52941,RXZlbnROb2RlOjU1MjA=,RmlnaHRlck5vZGU6NTUwNTQ=,RmlnaHRlck5vZGU6NTk4MjU=,RmlnaHRlck5vZGU6NTUwNTQ=,MC,Middleweight,185.0,KO/TKO,,1.0,0:28,,,0
RmlnaHROb2RlOjUyNTY0,52564,julio-perez-vs-kory-moegenburg-52564,RXZlbnROb2RlOjU1MjA=,RmlnaHRlck5vZGU6NTkzMTQ=,RmlnaHRlck5vZGU6MTk4MTM=,RmlnaHRlck5vZGU6NTkzMTQ=,MC,Light Heavyweight,205.0,KO/TKO,,1.0,0:30,-550.0,400.0,0
RmlnaHROb2RlOjUyNTQy,52542,markus-suarez-vs-drew-nolan-52542,RXZlbnROb2RlOjU1MjA=,RmlnaHRlck5vZGU6NTUwNTQ=,RmlnaHRlck5vZGU6NTI5Mzc=,,MC,,,,,,,-215.0,175.0,1
RmlnaHROb2RlOjUyNTYz,52563,dameko-labon-vs-jorge-bargallo-52563,RXZlbnROb2RlOjU1MjA=,RmlnaHRlck5vZGU6NTUwNzE=,RmlnaHRlck5vZGU6NTkzMTM=,RmlnaHRlck5vZGU6NTUwNzE=,MC,Bantamweight,135.0,KO/TKO,,1.0,1:44,-325.0,250.0,0
RmlnaHROb2RlOjUyODc5,52879,rudy-levocz-vs-luke-rodney-52879,RXZlbnROb2RlOjU1MjA=,RmlnaHRlck5vZGU6NTk3Mjk=,RmlnaHRlck5vZGU6NTk3MzA=,,MC,,,,,,,,,1
RmlnaHROb2RlOjUyNTYy,52562,wayna-reid-vs-jim-pulgar-52562,RXZlbnROb2RlOjU1MjA=,RmlnaHRlck5vZGU6NTAzNTY=,RmlnaHRlck5vZGU6NTkzMTI=,RmlnaHRlck5vZGU6NTAzNTY=,MC,Lightweight,155.0,Decision,Unanimous,5.0,5:00,-400.0,300.0,0
RmlnaHROb2RlOjUyOTI3,52927,eduardo-conception-vs-alvin-davis-52927,RXZlbnROb2RlOjU1MjA=,RmlnaHRlck5vZGU6NTkzMDk=,RmlnaHRlck5vZGU6MzU1ODk=,RmlnaHRlck5vZGU6NTkzMDk=,MC,Middleweight,185.0,KO/TKO,,1.0,1:34,,,0
RmlnaHROb2RlOjUyNTYw,52560,eduardo-conception-vs-brian-jackson-52560,RXZlbnROb2RlOjU1MjA=,RmlnaHRlck5vZGU6NTkzMDk=,RmlnaHRlck5vZGU6NTAxODA=,,MC,,,,,,,,,1
RmlnaHROb2RlOjUyMzkx,52391,yunus-emre-batan-vs-jivko-stoimenov-52391,RXZlbnROb2RlOjU0NDg=,RmlnaHRlck5vZGU6NTU0MTQ=,RmlnaHRlck5vZGU6Mjc0NzA=,RmlnaHRlck5vZGU6NTU0MTQ=,MC,Catchweight,175.0,KO/TKO,,4.0,0:21,240.0,-300.0,0
RmlnaHROb2RlOjUyNDA5,52409,athanasios-zampelos-vs-emil-enchev-52409,RXZlbnROb2RlOjU0NDg=,RmlnaHRlck5vZGU6NTkxMTY=,RmlnaHRlck5vZGU6NTkxMTc=,RmlnaHRlck5vZGU6NTkxMTc=,PL,Middleweight,185.0,KO/TKO,,1.0,0:38,475.0,-650.0,0
RmlnaHROb2RlOjUyMzkw,52390,ramadan-noaman-vs-vaso-bakocevic-52390,RXZlbnROb2RlOjU0NDg=,RmlnaHRlck5vZGU6NTM2OTg=,RmlnaHRlck5vZGU6ODI4Mg==,RmlnaHRlck5vZGU6ODI4Mg==,CO,Catchweight,165.0,Decision,Majority,5.0,5:00,160.0,-200.0,0
RmlnaHROb2RlOjUyNDAy,52402,zohrab-azimov-vs-veselin-ivanov-52402,RXZlbnROb2RlOjU0NDg=,RmlnaHRlck5vZGU6NTkxMDc=,RmlnaHRlck5vZGU6MTQ1MzY=,RmlnaHRlck5vZGU6NTkxMDc=,MC,Featherweight,145.0,Ends in a Draw,Split,5.0,5:00,190.0,-240.0,0
RmlnaHROb2RlOjUxNTgz,51583,toni-markulev-vs-kaloyan-kolev-51583,RXZlbnROb2RlOjU0NDg=,RmlnaHRlck5vZGU6MjM3NDE=,RmlnaHRlck5vZGU6NDAyNjk=,RmlnaHRlck5vZGU6MjM3NDE=,ME,Light Heavyweight,205.0,Decision,Unanimous,5.0,5:00,190.0,-240.0,0
RmlnaHROb2RlOjUyNDAz,52403,dominik-estorer-vs-steve-pasche-52403,RXZlbnROb2RlOjU0NDg=,RmlnaHRlck5vZGU6NTkxMDg=,RmlnaHRlck5vZGU6NTc2MDE=,RmlnaHRlck5vZGU6NTkxMDg=,MC,Light Heavyweight,205.0,KO/TKO,,1.0,1:59,130.0,-160.0,0
RmlnaHROb2RlOjUyNDA4,52408,ruslan-tokhtarov-vs-ludwig-wolper-52408,RXZlbnROb2RlOjU0NDg=,RmlnaHRlck5vZGU6NTkxMTQ=,RmlnaHRlck5vZGU6NTkxMTU=,,PL,,,,,,,-148.0,118.0,1
RmlnaHROb2RlOjUyNDA1,52405,petr-beranek-vs-stanoi-tabakov-52405,RXZlbnROb2RlOjU0NDg=,RmlnaHRlck5vZGU6NTkxMDk=,RmlnaHRlck5vZGU6NTkxMTA=,RmlnaHRlck5vZGU6NTkxMTA=,MC,Light Heavyweight,205.0,KO/TKO,,1.0,1:24,,,0
RmlnaHROb2RlOjcwODgx,70881,angel-petkov-emilov-vs-felipe-maia-70881,RXZlbnROb2RlOjU0NDg=,RmlnaHRlck5vZGU6NzAwNTM=,RmlnaHRlck5vZGU6MzkyNTM=,RmlnaHRlck5vZGU6NzAwNTM=,MC,Lightweight,155.0,Decision,Majority,5.0,5:00,,,0
RmlnaHROb2RlOjUyMzky,52392,felipe-maia-vs-angel-petkov-52392,RXZlbnROb2RlOjU0NDg=,RmlnaHRlck5vZGU6MzkyNTM=,RmlnaHRlck5vZGU6NTU0MTY=,,MC,,,,,,,-290.0,230.0,0
RmlnaHROb2RlOjUyNDA2,52406,tomas-vojtela-vs-ilian-adrianov-52406,RXZlbnROb2RlOjU0NDg=,RmlnaHRlck5vZGU6NTU0MTk=,RmlnaHRlck5vZGU6NTkxMTE=,RmlnaHRlck5vZGU6NTkxMTE=,MC,Lightweight,155.0,KO/TKO,,1.0,1:38,-115.0,-115.0,0
RmlnaHROb2RlOjUyNDA3,52407,daniela-graf-vs-nicole-schaefer-52407,RXZlbnROb2RlOjU0NDg=,RmlnaHRlck5vZGU6NTkxMTI=,RmlnaHRlck5vZGU6NTkxMTM=,RmlnaHRlck5vZGU6NTkxMTM=,PL,Flyweight,125.0,KO/TKO,,2.0,2:00,425.0,-600.0,0
RmlnaHROb2RlOjYyOTM1,62935,ruslan-tokhtarov-vs-zdravko-dimitrov-62935,RXZlbnROb2RlOjU0NDg=,RmlnaHRlck5vZGU6NTkxMTQ=,RmlnaHRlck5vZGU6NTU0MTg=,RmlnaHRlck5vZGU6NTkxMTQ=,PL,Catchweight,165.0,Decision,Unanimous,5.0,5:00,,,0
RmlnaHROb2RlOjUyNDA0,52404,mehdi-barghi-vs-nikolai-alexiev-52404,RXZlbnROb2RlOjU0NDg=,RmlnaHRlck5vZGU6Mjc3MTQ=,RmlnaHRlck5vZGU6MTkzMDI=,RmlnaHRlck5vZGU6Mjc3MTQ=,MC,Heavyweight,265.0,KO/TKO,,1.0,1:47,-300.0,240.0,0
RmlnaHROb2RlOjUyMDI4,52028,john-dodson-vs-dagoberto-aguero-52028,RXZlbnROb2RlOjU0OTE=,RmlnaHRlck5vZGU6MTAzNQ==,RmlnaHRlck5vZGU6NTY4OTk=,RmlnaHRlck5vZGU6MTAzNQ==,ME,Flyweight,125.0,Ends in a Draw,Unanimous,5.0,5:00,-120.0,-110.0,0
RmlnaHROb2RlOjUyMzMw,52330,donald-sanchez-vs-dallas-davison-52330,RXZlbnROb2RlOjU0OTE=,RmlnaHRlck5vZGU6MTYzMA==,RmlnaHRlck5vZGU6NDIyMzg=,RmlnaHRlck5vZGU6MTYzMA==,CO,Catchweight,175.0,KO/TKO,,3.0,1:19,-500.0,375.0,0
RmlnaHROb2RlOjUyODU1,52855,felipe-chavez-vs-leandro-torres-52855,RXZlbnROb2RlOjU0OTE=,RmlnaHRlck5vZGU6MTY3MA==,RmlnaHRlck5vZGU6NTUwNzA=,RmlnaHRlck5vZGU6MTY3MA==,PL,Catchweight,165.0,KO/TKO,,1.0,0:58,155.0,-185.0,0
RmlnaHROb2RlOjUyOTY4,52968,anthony-sanchez-vs-justin-street-52968,RXZlbnROb2RlOjU0OTE=,RmlnaHRlck5vZGU6NDQ3NjE=,RmlnaHRlck5vZGU6MzYxMTU=,RmlnaHRlck5vZGU6MzYxMTU=,MC,Bantamweight,135.0,Decision,Unanimous,5.0,5:00,-205.0,165.0,0
RmlnaHROb2RlOjUyNTM5,52539,marc-entenberg-vs-van-vo-52539,RXZlbnROb2RlOjU0OTE=,RmlnaHRlck5vZGU6NTQ3OTA=,RmlnaHRlck5vZGU6MzY2MTQ=,RmlnaHRlck5vZGU6NTQ3OTA=,MC,Featherweight,145.0,Decision,Majority,5.0,5:00,-450.0,350.0,0
RmlnaHROb2RlOjU5MzE0,59314,keith-richardson-vs-frank-lester-59314,RXZlbnROb2RlOjU0OTE=,RmlnaHRlck5vZGU6NjAxNTY=,RmlnaHRlck5vZGU6MTE1OA==,RmlnaHRlck5vZGU6NjAxNTY=,MC,Light Heavyweight,205.0,KO/TKO,,1.0,1:57,,,0
RmlnaHROb2RlOjUyODc2,52876,lorenzo-coca-vs-ruben-warr-52876,RXZlbnROb2RlOjU0OTE=,RmlnaHRlck5vZGU6NTk3Mjg=,RmlnaHRlck5vZGU6Mjc5NTI=,RmlnaHRlck5vZGU6Mjc5NTI=,MC,Lightweight,155.0,KO/TKO,,1.0,1:46,375.0,-500.0,0
RmlnaHROb2RlOjUyNDQw,52440,kyle-mcelroy-vs-nick-kohring-52440,RXZlbnROb2RlOjU0OTE=,RmlnaHRlck5vZGU6NDEyNjY=,RmlnaHRlck5vZGU6NTA0NjY=,RmlnaHRlck5vZGU6NTA0NjY=,MC,Middleweight,185.0,KO/TKO,,1.0,0:30,425.0,-600.0,0
RmlnaHROb2RlOjUyNTU5,52559,austin-lewis-vs-joshua-richey-52559,RXZlbnROb2RlOjU0OTE=,RmlnaHRlck5vZGU6NTQ3OTE=,RmlnaHRlck5vZGU6NDIyMjY=,RmlnaHRlck5vZGU6NTQ3OTE=,PL,Flyweight,125.0,Decision,Unanimous,5.0,5:00,-650.0,475.0,0
RmlnaHROb2RlOjUyNDAx,52401,manuel-otero-vs-mikey-furnier-52401,RXZlbnROb2RlOjU0OTE=,RmlnaHRlck5vZGU6NTkxMDY=,RmlnaHRlck5vZGU6NTEzNTM=,RmlnaHRlck5vZGU6NTkxMDY=,PL,Heavyweight,265.0,KO/TKO,,2.0,0:42,-295.0,235.0,0
RmlnaHROb2RlOjUyMzI3,52327,chaz-wasserman-vs-matt-hodgson-52327,RXZlbnROb2RlOjU1MDc=,RmlnaHRlck5vZGU6NDcwMzQ=,RmlnaHRlck5vZGU6NTcyMzY=,RmlnaHRlck5vZGU6NTcyMzY=,MC,Middleweight,185.0,KO/TKO,Uppercuts,3.0,1:38,-200.0,160.0,0
RmlnaHROb2RlOjUyMTUw,52150,danny-christie-vs-david-round-52150,RXZlbnROb2RlOjU1MDc=,RmlnaHRlck5vZGU6NDc1NzQ=,RmlnaHRlck5vZGU6NDY2MA==,RmlnaHRlck5vZGU6NDc1NzQ=,CO,Catchweight,175.0,KO/TKO,Punches,1.0,1:38,-300.0,240.0,0
RmlnaHROb2RlOjUyMzI4,52328,dawid-oskar-vs-louis-king-52328,RXZlbnROb2RlOjU1MDc=,RmlnaHRlck5vZGU6NTI5Mjk=,RmlnaHRlck5vZGU6MTk5MDM=,,MC,,,,,,,,,1
RmlnaHROb2RlOjUyMzY0,52364,luke-nevin-vs-nathan-hind-52364,RXZlbnROb2RlOjU1MDc=,RmlnaHRlck5vZGU6NTE3MDI=,RmlnaHRlck5vZGU6NTAzNDk=,,MC,,,,,,,,,1
RmlnaHROb2RlOjUzMTY1,53165,gary-fox-vs-ellis-shepherd-53165,RXZlbnROb2RlOjU1MDc=,RmlnaHRlck5vZGU6NTAzNDg=,RmlnaHRlck5vZGU6NDcxMjY=,RmlnaHRlck5vZGU6NDcxMjY=,MC,Featherweight,145.0,Decision,Unanimous,5.0,5:00,110.0,-140.0,0
RmlnaHROb2RlOjY2NTY4,66568,jonno-chipchase-vs-robbie-brown-66568,RXZlbnROb2RlOjU1MDc=,RmlnaHRlck5vZGU6NTY2NTg=,RmlnaHRlck5vZGU6NTQxOTA=,RmlnaHRlck5vZGU6NTY2NTg=,MC,Bantamweight,135.0,KO/TKO,Doctor Stoppage (Eye Injury),1.0,2:00,,,0
RmlnaHROb2RlOjUyOTY2,52966,dawid-oskar-vs-conor-cooke-52966,RXZlbnROb2RlOjU1MDc=,RmlnaHRlck5vZGU6NTI5Mjk=,RmlnaHRlck5vZGU6MzcwNA==,RmlnaHRlck5vZGU6NTI5Mjk=,MC,Light Heavyweight,205.0,,,,,325.0,-425.0,0
RmlnaHROb2RlOjUyMTU1,52155,gary-fox-vs-john-hick-52155,RXZlbnROb2RlOjU1MDc=,RmlnaHRlck5vZGU6NTAzNDg=,RmlnaHRlck5vZGU6NDcxMjU=,,CO,,,,,,,,,1
RmlnaHROb2RlOjUzMjA4,53208,jack-draper-vs-piotr-cwik-53208,RXZlbnROb2RlOjU1MDc=,RmlnaHRlck5vZGU6NTAzNDc=,RmlnaHRlck5vZGU6NTk5Njg=,RmlnaHRlck5vZGU6NTAzNDc=,PL,,350.0,KO/TKO,Punches,1.0,1:14,,,0
RmlnaHROb2RlOjUyMzYz,52363,toby-bindon-vs-marcus-pond-52363,RXZlbnROb2RlOjU1MDc=,RmlnaHRlck5vZGU6NTAzNDQ=,RmlnaHRlck5vZGU6NTY3ODI=,RmlnaHRlck5vZGU6NTAzNDQ=,PL,Welterweight,170.0,KO/TKO,,2.0,1:41,105.0,-135.0,0
RmlnaHROb2RlOjUyMzY1,52365,jack-draper-vs-john-walker-52365,RXZlbnROb2RlOjU1MDc=,RmlnaHRlck5vZGU6NTAzNDc=,RmlnaHRlck5vZGU6NTkwNzQ=,,PL,,,,,,,,,1
RmlnaHROb2RlOjUyMzY2,52366,antonio-moscatiello-vs-bakhtyor-kudratov-52366,RXZlbnROb2RlOjU1MDc=,RmlnaHRlck5vZGU6NTcyMzg=,RmlnaHRlck5vZGU6NTkwNzU=,,PL,,,,,,,,,1
RmlnaHROb2RlOjUyMzI5,52329,ben-bonner-vs-ray-putterill-52329,RXZlbnROb2RlOjU1MDc=,RmlnaHRlck5vZGU6NTAzNTA=,RmlnaHRlck5vZGU6NTY3ODM=,RmlnaHRlck5vZGU6NTAzNTA=,MC,Catchweight,150.0,KO/TKO,Left Hand,1.0,1:08,-165.0,135.0,0
RmlnaHROb2RlOjUyMTQ5,52149,james-lilley-vs-franco-tenaglia-52149,RXZlbnROb2RlOjU1MDc=,RmlnaHRlck5vZGU6Mjc3ODY=,RmlnaHRlck5vZGU6MTQ0NDE=,RmlnaHRlck5vZGU6MTQ0NDE=,ME,Lightweight,155.0,Decision,Majority,5.0,5:00,-450.0,350.0,0
RmlnaHROb2RlOjUzMTY2,53166,bartek-kanabey-vs-bakhtyor-kudratov-53166,RXZlbnROb2RlOjU1MDc=,RmlnaHRlck5vZGU6NTY2NjI=,RmlnaHRlck5vZGU6NTkwNzU=,RmlnaHRlck5vZGU6NTY2NjI=,PL,Lightweight,155.0,KO/TKO,Right Hand,1.0,Roun,-170.0,140.0,0
RmlnaHROb2RlOjUyMzYy,52362,danny-mcintosh-vs-rob-boardman-52362,RXZlbnROb2RlOjU1MDc=,RmlnaHRlck5vZGU6NTkwNzI=,RmlnaHRlck5vZGU6NTkwNzM=,RmlnaHRlck5vZGU6NTkwNzM=,MC,Light Heavyweight,205.0,KO/TKO,Left Hook to Body,1.0,1:08,325.0,-425.0,0
RmlnaHROb2RlOjUyOTU2,52956,jafar-fortt-vs-elvin-brito-52956,RXZlbnROb2RlOjU1MzY=,RmlnaHRlck5vZGU6NDkyNDk=,RmlnaHRlck5vZGU6MzQ2Nw==,RmlnaHRlck5vZGU6MzQ2Nw==,CO,Catchweight,165.0,KO/TKO,,1.0,0:40,135.0,-165.0,0
RmlnaHROb2RlOjUyNzk1,52795,mike-richman-vs-erick-lozano-52795,RXZlbnROb2RlOjU1MzY=,RmlnaHRlck5vZGU6MTk2NQ==,RmlnaHRlck5vZGU6MzAwNzM=,RmlnaHRlck5vZGU6MTk2NQ==,ME,Middleweight,185.0,KO/TKO,,5.0,0:53,-625.0,450.0,0
RmlnaHROb2RlOjUzMjAy,53202,mike-heckert-vs-leonel-carrera-53202,RXZlbnROb2RlOjU1MzY=,RmlnaHRlck5vZGU6NTY3NzI=,RmlnaHRlck5vZGU6NTk5NjI=,RmlnaHRlck5vZGU6NTk5NjI=,MC,Catchweight,175.0,KO/TKO,Doctor Stoppage (eye Injury),2.0,2:00,-210.0,170.0,0
RmlnaHROb2RlOjUyOTU5,52959,jessica-borga-vs-katharina-lehner-52959,RXZlbnROb2RlOjU1MzY=,RmlnaHRlck5vZGU6MzE2ODM=,RmlnaHRlck5vZGU6MTQ1OTI=,RmlnaHRlck5vZGU6MzE2ODM=,MC,Featherweight,145.0,KO/TKO,,1.0,0:41,-180.0,150.0,0
RmlnaHROb2RlOjUzMTU0,53154,quentin-gaskins-vs-zachary-pannell-53154,RXZlbnROb2RlOjU1MzY=,RmlnaHRlck5vZGU6MTE4MDk=,RmlnaHRlck5vZGU6NTYyOTU=,RmlnaHRlck5vZGU6MTE4MDk=,MC,Featherweight,145.0,KO/TKO,Doctor Stoppage,1.0,Roun,-145.0,115.0,0
RmlnaHROb2RlOjUyOTYw,52960,jay-jackson-vs-idrees-wasi-52960,RXZlbnROb2RlOjU1MzY=,RmlnaHRlck5vZGU6MTQ3MDA=,RmlnaHRlck5vZGU6MTc3MTY=,RmlnaHRlck5vZGU6MTQ3MDA=,MC,Middleweight,185.0,KO/TKO,Doctor Stoppage,3.0,2:00,-255.0,205.0,0
RmlnaHROb2RlOjUyOTU3,52957,jr-ridge-vs-tyler-randall-52957,RXZlbnROb2RlOjU1MzY=,RmlnaHRlck5vZGU6NDMxNzU=,RmlnaHRlck5vZGU6NDI4MDc=,RmlnaHRlck5vZGU6NDI4MDc=,MC,Flyweight,125.0,Decision,Split,5.0,5:00,-300.0,240.0,0
RmlnaHROb2RlOjUyOTU4,52958,abdiel-velazquez-vs-travis-thompson-52958,RXZlbnROb2RlOjU1MzY=,RmlnaHRlck5vZGU6OTExNQ==,RmlnaHRlck5vZGU6MzUxOTQ=,RmlnaHRlck5vZGU6OTExNQ==,MC,Bantamweight,135.0,KO/TKO,,1.0,1:03,-105.0,-125.0,0
RmlnaHROb2RlOjUzNDcx,53471,joe-ray-vs-cody-beck-53471,RXZlbnROb2RlOjU2MjM=,RmlnaHRlck5vZGU6NTg4MDI=,RmlnaHRlck5vZGU6NDk1Mzc=,,MC,,,,,,,,,1
RmlnaHROb2RlOjUzNDc0,53474,rick-caruso-vs-jaymes-hyder-53474,RXZlbnROb2RlOjU2MjM=,RmlnaHRlck5vZGU6Mjk3MDk=,RmlnaHRlck5vZGU6NTU5MTk=,,PL,,,,,,,,,1
RmlnaHROb2RlOjUyODY5,52869,zachary-pannell-vs-micah-mitchell-52869,RXZlbnROb2RlOjU2MjM=,RmlnaHRlck5vZGU6NTYyOTU=,RmlnaHRlck5vZGU6NDUxMjk=,,PL,,,,,,,,,1
RmlnaHROb2RlOjUyODY3,52867,dallas-manspile-vs-cody-schieve-52867,RXZlbnROb2RlOjU2MjM=,RmlnaHRlck5vZGU6NTk3MjQ=,RmlnaHRlck5vZGU6MzE4NjI=,,MC,,,,,,,,,1
RmlnaHROb2RlOjUzNDY5,53469,kaine-tomlinson-jr-vs-michael-jones-53469,RXZlbnROb2RlOjU2MjM=,RmlnaHRlck5vZGU6NTU4NzU=,RmlnaHRlck5vZGU6MzE0NzA=,,MC,,,,,,,,,1
RmlnaHROb2RlOjUyODY4,52868,jr-rumsley-vs-shawn-brooks-52868,RXZlbnROb2RlOjU2MjM=,RmlnaHRlck5vZGU6NTk3MjU=,RmlnaHRlck5vZGU6NTg4MDM=,,MC,,,,,,,,,1
RmlnaHROb2RlOjUyODQ4,52848,bruce-abramski-vs-jonathan-miller-52848,RXZlbnROb2RlOjU2MjM=,RmlnaHRlck5vZGU6MzUxODM=,RmlnaHRlck5vZGU6MjY4MTE=,,ME,,,,,,,,,1
RmlnaHROb2RlOjUzNDY2,53466,tommy-aaron-vs-richard-brooks-53466,RXZlbnROb2RlOjU2MjI=,RmlnaHRlck5vZGU6ODUwMQ==,RmlnaHRlck5vZGU6MzY5MDc=,,PL,,,,,,,-175.0,145.0,0
RmlnaHROb2RlOjY4NzA3,68707,mick-terrill-vs-lorenzo-hunt-68707,RXZlbnROb2RlOjU2MjI=,RmlnaHRlck5vZGU6Mzk0NDU=,RmlnaHRlck5vZGU6MTc4OTU=,RmlnaHRlck5vZGU6Mzk0NDU=,CO,Heavyweight,265.0,KO/TKO,Arm Dislocation,1.0,1:48,,,0
RmlnaHROb2RlOjUyNjA0,52604,mike-perry-vs-thiago-alves-52604,RXZlbnROb2RlOjU2MjI=,RmlnaHRlck5vZGU6MTA4OTM=,RmlnaHRlck5vZGU6NTcz,RmlnaHRlck5vZGU6MTA4OTM=,ME,Middleweight,185.0,KO/TKO,Punches,1.0,1:00,-625.0,450.0,0
RmlnaHROb2RlOjUzNDYz,53463,frank-alvarez-vs-victor-rosas-53463,RXZlbnROb2RlOjU2MjI=,RmlnaHRlck5vZGU6NDUxMzA=,RmlnaHRlck5vZGU6MTcyNzY=,RmlnaHRlck5vZGU6NDUxMzA=,MC,Bantamweight,135.0,KO/TKO,Doctor Stoppage,4.0,2:00,-215.0,175.0,0
RmlnaHROb2RlOjUzMTM2,53136,david-diaz-vs-shane-jordan-53136,RXZlbnROb2RlOjU2MjI=,RmlnaHRlck5vZGU6Mzg2MDA=,RmlnaHRlck5vZGU6NTk4Mjk=,RmlnaHRlck5vZGU6Mzg2MDA=,PL,Bantamweight,135.0,Ends in a Draw,Unanimous,5.0,5:00,110.0,-140.0,0
RmlnaHROb2RlOjUzNDYx,53461,andrew-angelcor-vs-ruben-warr-53461,RXZlbnROb2RlOjU2MjI=,RmlnaHRlck5vZGU6NDUxNDc=,RmlnaHRlck5vZGU6Mjc5NTI=,RmlnaHRlck5vZGU6NDUxNDc=,MC,Lightweight,155.0,Decision,Split,5.0,5:00,-410.0,310.0,0
RmlnaHROb2RlOjUzOTIz,53923,crystal-pittman-vs-sydney-smith-53923,RXZlbnROb2RlOjU2MjI=,RmlnaHRlck5vZGU6NDIyMzU=,RmlnaHRlck5vZGU6NTE3MTk=,RmlnaHRlck5vZGU6NDIyMzU=,MC,Bantamweight,135.0,KO/TKO,Punches,1.0,0:48,110.0,-140.0,0
RmlnaHROb2RlOjUzNDYy,53462,crystal-pittman-vs-claudia-zamora-53462,RXZlbnROb2RlOjU2MjI=,RmlnaHRlck5vZGU6NDIyMzU=,RmlnaHRlck5vZGU6MzM1MjU=,,MC,,,,,,,,,1
RmlnaHROb2RlOjU0MDc0,54074,tommy-aaron-vs-richard-brooks-54074,RXZlbnROb2RlOjU2MjI=,RmlnaHRlck5vZGU6ODUwMQ==,RmlnaHRlck5vZGU6NjE2Nzk=,RmlnaHRlck5vZGU6ODUwMQ==,PL,Lightweight,155.0,KO/TKO,,2.0,1:14,,,0
RmlnaHROb2RlOjUzNTEy,53512,fernando-gonzalez-vs-vincent-familari-53512,RXZlbnROb2RlOjU2MjI=,RmlnaHRlck5vZGU6NDkwMA==,RmlnaHRlck5vZGU6NjAxNTU=,RmlnaHRlck5vZGU6NjAxNTU=,PL,Catchweight,180.0,Decision,Unanimous,5.0,5:00,,,0
RmlnaHROb2RlOjUzNTEz,53513,keith-richardson-vs-cody-vidal-53513,RXZlbnROb2RlOjU2MjI=,RmlnaHRlck5vZGU6NjAxNTY=,RmlnaHRlck5vZGU6Mjk5MjM=,RmlnaHRlck5vZGU6NjAxNTY=,PL,Light Heavyweight,205.0,KO/TKO,Doctor Stoppage,2.0,2:00,-130.0,100.0,0
RmlnaHROb2RlOjUzNDU5,53459,todd-duffee-vs-ben-rothwell-53459,RXZlbnROb2RlOjU2MjI=,RmlnaHRlck5vZGU6MTA0MA==,RmlnaHRlck5vZGU6MjA=,RmlnaHRlck5vZGU6MjA=,MC,,300.0,KO/TKO,Injury,1.0,0:43,400.0,-550.0,0
RmlnaHROb2RlOjUzMzY3,53367,alfredo-angulo-vs-jeremiah-riggs-53367,RXZlbnROb2RlOjU2MjI=,RmlnaHRlck5vZGU6NjAwNzI=,RmlnaHRlck5vZGU6MTc1MQ==,RmlnaHRlck5vZGU6NjAwNzI=,MC,Welterweight,170.0,KO/TKO,Punches,1.0,1:07,-225.0,185.0,0
RmlnaHROb2RlOjUzMjE2,53216,evgeny-kurdanov-vs-julian-lane-53216,RXZlbnROb2RlOjU2MjI=,RmlnaHRlck5vZGU6NDg5NDY=,RmlnaHRlck5vZGU6MTgzNQ==,RmlnaHRlck5vZGU6MTgzNQ==,MC,Welterweight,170.0,KO/TKO,Doctor Stoppage,1.0,2:00,-250.0,200.0,0
RmlnaHROb2RlOjY4NzA4,68708,daniel-alvarez-vs-victor-rosas-68708,RXZlbnROb2RlOjU2MjI=,RmlnaHRlck5vZGU6NjIyOTI=,RmlnaHRlck5vZGU6MTcyNzY=,RmlnaHRlck5vZGU6NjIyOTI=,MC,Bantamweight,135.0,Overturned to No Contest,,,5:00,,,0
RmlnaHROb2RlOjUzNTA3,53507,michael-trizano-vs-derek-campos-53507,RXZlbnROb2RlOjU2MjE=,RmlnaHRlck5vZGU6MjMxNTM=,RmlnaHRlck5vZGU6MTYxOQ==,,MC,,,,,,,,,1
RmlnaHROb2RlOjY4Njg3,68687,michael-trizano-vs-louie-lopez-68687,RXZlbnROb2RlOjU2MjE=,RmlnaHRlck5vZGU6MjMxNTM=,RmlnaHRlck5vZGU6Mzk0NDg=,RmlnaHRlck5vZGU6MjMxNTM=,CO,Lightweight,155.0,KO/TKO,Punches,1.0,1:02,,,0
RmlnaHROb2RlOjUzNDM1,53435,jimmie-rivera-vs-daniel-straus-53435,RXZlbnROb2RlOjU2MjE=,RmlnaHRlck5vZGU6NjI=,RmlnaHRlck5vZGU6MTU5NA==,RmlnaHRlck5vZGU6NjI=,ME,Catchweight,150.0,Decision,Unanimous,5.0,5:00,-350.0,275.0,0
RmlnaHROb2RlOjU0MjU5,54259,patrick-brady-vs-lewis-rumsey-54259,RXZlbnROb2RlOjU2MjE=,RmlnaHRlck5vZGU6NTEwMjY=,RmlnaHRlck5vZGU6MTg4Nw==,RmlnaHRlck5vZGU6NTEwMjY=,MC,Heavyweight,265.0,KO/TKO,Punches,2.0,1:41,-900.0,600.0,0
RmlnaHROb2RlOjUyOTE4,52918,heather-hardy-vs-christine-ferea-52918,RXZlbnROb2RlOjU2MjE=,RmlnaHRlck5vZGU6MTQyNTI=,RmlnaHRlck5vZGU6MTQzMzI=,,ME,,,,,,,,,1
RmlnaHROb2RlOjU0MDM4,54038,chris-sarro-vs-scott-roberts-54038,RXZlbnROb2RlOjU2MjE=,RmlnaHRlck5vZGU6MzUyMTQ=,RmlnaHRlck5vZGU6Mjg2OTc=,RmlnaHRlck5vZGU6Mjg2OTc=,PL,Light Heavyweight,205.0,KO/TKO,Doctor Stoppage (Hand Injury),1.0,0:27,-500.0,375.0,0
RmlnaHROb2RlOjUzNDQy,53442,pat-casey-vs-sam-watford-53442,RXZlbnROb2RlOjU2MjE=,RmlnaHRlck5vZGU6MjQ5MDA=,RmlnaHRlck5vZGU6ODE2OQ==,RmlnaHRlck5vZGU6MjQ5MDA=,PL,Catchweight,175.0,Decision,Unanimous,5.0,5:00,-150.0,120.0,0
RmlnaHROb2RlOjUzMjc4,53278,ryan-reber-vs-anthony-foye-53278,RXZlbnROb2RlOjU2MjE=,RmlnaHRlck5vZGU6NDUxMjg=,RmlnaHRlck5vZGU6NTE1ODc=,RmlnaHRlck5vZGU6NDUxMjg=,MC,Bantamweight,135.0,Decision,Unanimous,5.0,5:00,-700.0,500.0,0
RmlnaHROb2RlOjUzNTA1,53505,louis-gaudinot-vs-sean-santella-53505,RXZlbnROb2RlOjU2MjE=,RmlnaHRlck5vZGU6MTA3Ng==,RmlnaHRlck5vZGU6MTA4NDU=,,MC,,,,,,,,,1
RmlnaHROb2RlOjUzNDM3,53437,robinson-perez-vs-matt-adams-53437,RXZlbnROb2RlOjU2MjE=,RmlnaHRlck5vZGU6NTk5OTg=,RmlnaHRlck5vZGU6NTM4NzY=,,MC,,,,,,,-200.0,160.0,1
RmlnaHROb2RlOjUzMTgw,53180,patrick-brady-vs-christopher-gamby-53180,RXZlbnROb2RlOjU2MjE=,RmlnaHRlck5vZGU6NTEwMjY=,RmlnaHRlck5vZGU6NTk5NTI=,,MC,,,,,,,,,1
RmlnaHROb2RlOjUzNTA2,53506,rick-hawn-vs-scott-lampert-53506,RXZlbnROb2RlOjU2MjE=,RmlnaHRlck5vZGU6MjA0MQ==,RmlnaHRlck5vZGU6NTY3NzM=,,MC,,,,,,,-1000.0,700.0,1
RmlnaHROb2RlOjUzNDM5,53439,sarah-click-vs-natalie-gage-53439,RXZlbnROb2RlOjU2MjE=,RmlnaHRlck5vZGU6ODc3Nw==,RmlnaHRlck5vZGU6NjAwMzQ=,RmlnaHRlck5vZGU6NjAwMzQ=,MC,Strawweight,115.0,KO/TKO,Doctor Stoppage (Cut),2.0,2:00,-105.0,-125.0,0
RmlnaHROb2RlOjU0MzI1,54325,rick-hawn-vs-stephen-stengel-54325,RXZlbnROb2RlOjU2MjE=,RmlnaHRlck5vZGU6MjA0MQ==,RmlnaHRlck5vZGU6ODAyOQ==,RmlnaHRlck5vZGU6MjA0MQ==,MC,Middleweight,185.0,KO/TKO,Check Left Hook,1.0,0:35,,,0
RmlnaHROb2RlOjUzMjEz,53213,zachary-calmus-vs-connor-mckenna-53213,RXZlbnROb2RlOjU2MjE=,RmlnaHRlck5vZGU6Mzk0NDY=,RmlnaHRlck5vZGU6NDc2MTg=,RmlnaHRlck5vZGU6Mzk0NDY=,MC,Heavyweight,265.0,KO/TKO,Overhand Left,3.0,1:49,-800.0,550.0,0
RmlnaHROb2RlOjUzNDQx,53441,dylan-felion-vs-danny-pettit-53441,RXZlbnROb2RlOjU2MjE=,RmlnaHRlck5vZGU6NTk5OTk=,RmlnaHRlck5vZGU6NjAwMDA=,RmlnaHRlck5vZGU6NjAwMDA=,PL,Featherweight,145.0,KO/TKO,Right Hand,3.0,0:36,-900.0,600.0,0
RmlnaHROb2RlOjUzNTI1,53525,ryan-roberts-vs-bobby-taylor-53525,RXZlbnROb2RlOjU2MjA=,RmlnaHRlck5vZGU6ODMw,RmlnaHRlck5vZGU6NjkzMQ==,RmlnaHRlck5vZGU6NjkzMQ==,MC,Lightweight,155.0,Decision,Unanimous,5.0,5:00,130.0,-160.0,0
RmlnaHROb2RlOjU0NDcx,54471,sarah-shell-vs-crystal-van-wyk-54471,RXZlbnROb2RlOjU2MjA=,RmlnaHRlck5vZGU6MzEyNTI=,RmlnaHRlck5vZGU6NTI5Njc=,RmlnaHRlck5vZGU6MzEyNTI=,MC,Strawweight,115.0,Decision,Unanimous,5.0,5:00,,,0
RmlnaHROb2RlOjU0MTUz,54153,sarah-shell-vs-diamond-long-54153,RXZlbnROb2RlOjU2MjA=,RmlnaHRlck5vZGU6MzEyNTI=,RmlnaHRlck5vZGU6NDg3Njk=,,MC,Flyweight,125.0,,,,,,,0
RmlnaHROb2RlOjUzNDMz,53433,kassius-holdorf-vs-dionisio-ramirez-53433,RXZlbnROb2RlOjU2MjA=,RmlnaHRlck5vZGU6Nzg0Mg==,RmlnaHRlck5vZGU6MTE2MDg=,RmlnaHRlck5vZGU6MTE2MDg=,PL,Catchweight,165.0,KO/TKO,,1.0,1:59,-300.0,240.0,0
RmlnaHROb2RlOjUzNDMw,53430,sean-wilson-vs-emeka-ifekandu-53430,RXZlbnROb2RlOjU2MjA=,RmlnaHRlck5vZGU6MzA2,RmlnaHRlck5vZGU6ODc1OQ==,RmlnaHRlck5vZGU6ODc1OQ==,MC,Lightweight,155.0,Decision,Majority,5.0,5:00,200.0,-260.0,0
RmlnaHROb2RlOjUzNDI4,53428,carlos-trinidad-vs-dustin-pague-53428,RXZlbnROb2RlOjU2MjA=,RmlnaHRlck5vZGU6NDU0NjM=,RmlnaHRlck5vZGU6MTI0OA==,RmlnaHRlck5vZGU6NDU0NjM=,ME,Catchweight,165.0,KO/TKO,,1.0,2:00,-180.0,150.0,0
RmlnaHROb2RlOjUzNDI5,53429,dakota-cochrane-vs-jeremie-holloway-53429,RXZlbnROb2RlOjU2MjA=,RmlnaHRlck5vZGU6MTcz,RmlnaHRlck5vZGU6ODE1Mg==,RmlnaHRlck5vZGU6MTcz,CO,Catchweight,175.0,KO/TKO,,2.0,0:42,130.0,-160.0,0
RmlnaHROb2RlOjUzNTI0,53524,alonzo-martinez-vs-stanislav-grosu-53524,RXZlbnROb2RlOjU2MjA=,RmlnaHRlck5vZGU6MTM4,RmlnaHRlck5vZGU6NDMwMDQ=,RmlnaHRlck5vZGU6NDMwMDQ=,MC,Catchweight,175.0,KO/TKO,,2.0,1:24,160.0,-200.0,0
RmlnaHROb2RlOjUzNDMx,53431,josh-krejci-vs-nate-morrow-53431,RXZlbnROb2RlOjU2MjA=,RmlnaHRlck5vZGU6MzM2MjE=,RmlnaHRlck5vZGU6OTIwMg==,RmlnaHRlck5vZGU6OTIwMg==,PL,Featherweight,145.0,KO/TKO,,3.0,1:59,425.0,-600.0,0
RmlnaHROb2RlOjUzNDc4,53478,tommy-strydom-vs-corey-roberts-53478,RXZlbnROb2RlOjU2MjA=,RmlnaHRlck5vZGU6NDkwMzM=,RmlnaHRlck5vZGU6MjA5MTU=,RmlnaHRlck5vZGU6NDkwMzM=,MC,Featherweight,145.0,Decision,Unanimous,5.0,5:00,-280.0,220.0,0
RmlnaHROb2RlOjUzNTQw,53540,ryan-braun-vs-corey-mcintosh-53540,RXZlbnROb2RlOjU2MjA=,RmlnaHRlck5vZGU6MTA2NDc=,RmlnaHRlck5vZGU6NjAxOTA=,RmlnaHRlck5vZGU6MTA2NDc=,MC,Light Heavyweight,205.0,Decision,Unanimous,5.0,5:00,-260.0,200.0,0
RmlnaHROb2RlOjUzNDMy,53432,brandon-meyer-vs-eduardo-peralta-53432,RXZlbnROb2RlOjU2MjA=,RmlnaHRlck5vZGU6MjI5NzM=,RmlnaHRlck5vZGU6MzU0NzY=,RmlnaHRlck5vZGU6MzU0NzY=,PL,Lightweight,155.0,KO/TKO,,4.0,1:10,-110.0,-120.0,0
RmlnaHROb2RlOjU0MzQ0,54344,marcelo-antonio-perez-vs-nicolas-diaz-54344,RXZlbnROb2RlOjU2MTk=,RmlnaHRlck5vZGU6NjE5NzE=,RmlnaHRlck5vZGU6NjE5NzI=,RmlnaHRlck5vZGU6NjE5NzI=,MC,Flyweight,125.0,Decision,Unanimous,5.0,5:00,400.0,-550.0,0
RmlnaHROb2RlOjU0MzQz,54343,jose-juan-lopez-vs-juan-campos-54343,RXZlbnROb2RlOjU2MTk=,RmlnaHRlck5vZGU6NjE5Njk=,RmlnaHRlck5vZGU6NjE5NzA=,RmlnaHRlck5vZGU6NjE5NzA=,MC,Bantamweight,135.0,Decision,Split,5.0,5:00,,,0
RmlnaHROb2RlOjUzNTM3,53537,luis-rey-gallegos-vs-rodolfo-rubio-perez-53537,RXZlbnROb2RlOjU2MTk=,RmlnaHRlck5vZGU6NjAxODk=,RmlnaHRlck5vZGU6NjIwMg==,RmlnaHRlck5vZGU6NjIwMg==,ME,Bantamweight,135.0,KO/TKO,,1.0,1:35,185.0,-225.0,0
RmlnaHROb2RlOjU0MTQ3,54147,emanuel-rivero-vs-dony-matos-54147,RXZlbnROb2RlOjU2MTk=,RmlnaHRlck5vZGU6MzM3MTI=,RmlnaHRlck5vZGU6MzM1MjQ=,,MC,,,,,,,,,1
RmlnaHROb2RlOjU0MzQx,54341,sergio-perez-jimenez-vs-mario-martinez-vela-54341,RXZlbnROb2RlOjU2MTk=,RmlnaHRlck5vZGU6NjE5NjU=,RmlnaHRlck5vZGU6NjE5NjY=,RmlnaHRlck5vZGU6NjE5NjU=,MC,Catchweight,175.0,Ends in a Draw,Majority,5.0,5:00,-130.0,100.0,0
RmlnaHROb2RlOjU0MzM4,54338,luis-castaneda-vs-heriberto-tovar-54338,RXZlbnROb2RlOjU2MTk=,RmlnaHRlck5vZGU6NjE5NjE=,RmlnaHRlck5vZGU6MzMyMDk=,RmlnaHRlck5vZGU6NjE5NjE=,MC,Catchweight,175.0,Decision,Unanimous,5.0,5:00,,,0
RmlnaHROb2RlOjU0MzQy,54342,alberto-sanchez-vs-roberto-uvando-54342,RXZlbnROb2RlOjU2MTk=,RmlnaHRlck5vZGU6NjE5Njc=,RmlnaHRlck5vZGU6NjE5Njg=,RmlnaHRlck5vZGU6NjE5Njg=,MC,Lightweight,155.0,Decision,Split,5.0,5:00,,,0
RmlnaHROb2RlOjU0MzM5,54339,juan-alvarez-vs-carlos-giner-54339,RXZlbnROb2RlOjU2MTk=,RmlnaHRlck5vZGU6NjE5NjI=,RmlnaHRlck5vZGU6NjE5NjM=,RmlnaHRlck5vZGU6NjE5NjM=,MC,Lightweight,155.0,KO/TKO,,1.0,0:32,,-140.0,0
RmlnaHROb2RlOjU0MzIz,54323,roman-cordoba-vs-dony-matos-54323,RXZlbnROb2RlOjU2MTk=,RmlnaHRlck5vZGU6NTY0NTM=,RmlnaHRlck5vZGU6MzM1MjQ=,RmlnaHRlck5vZGU6MzM1MjQ=,MC,Featherweight,145.0,Decision,Unanimous,5.0,5:00,153.0,-183.0,0
RmlnaHROb2RlOjU0MTYw,54160,julian-fernandez-vs-lino-sanchez-54160,RXZlbnROb2RlOjU2MTk=,RmlnaHRlck5vZGU6MjY3Nzg=,RmlnaHRlck5vZGU6NjE3MjI=,RmlnaHRlck5vZGU6MjY3Nzg=,CO,Light Heavyweight,205.0,KO/TKO,Doctor Stoppage (Eye Injury),1.0,2:00,-315.0,255.0,0
RmlnaHROb2RlOjU0MzQw,54340,eduardo-meneses-vs-cesar-vazquez-54340,RXZlbnROb2RlOjU2MTk=,RmlnaHRlck5vZGU6NjE5NjQ=,RmlnaHRlck5vZGU6NTkyMzU=,RmlnaHRlck5vZGU6NTkyMzU=,MC,Bantamweight,135.0,KO/TKO,,2.0,1:50,220.0,-280.0,0
RmlnaHROb2RlOjUzNTIz,53523,andrew-strode-vs-dominick-carey-53523,RXZlbnROb2RlOjU2MTg=,RmlnaHRlck5vZGU6NTU4Nzc=,RmlnaHRlck5vZGU6NTYxNDI=,,CO,Flyweight,125.0,,,,,-800.0,550.0,1
RmlnaHROb2RlOjYzODc5,63879,joseph-creer-vs-danny-mitchell-63879,RXZlbnROb2RlOjU2MTg=,RmlnaHRlck5vZGU6MzMwMzM=,RmlnaHRlck5vZGU6NjY0MjE=,RmlnaHRlck5vZGU6MzMwMzM=,MC,Light Heavyweight,205.0,KO/TKO,,2.0,1:08,,,0
RmlnaHROb2RlOjU0NjI5,54629,daniel-mitchell-vs-joseph-creer-54629,RXZlbnROb2RlOjU2MTg=,RmlnaHRlck5vZGU6NjE2OTg=,RmlnaHRlck5vZGU6MzMwMzM=,,MC,,,,,,,,,0
RmlnaHROb2RlOjUzNDE3,53417,dylan-schulte-vs-ruben-arroyo-53417,RXZlbnROb2RlOjU2MTg=,RmlnaHRlck5vZGU6MzUyNTQ=,RmlnaHRlck5vZGU6NjAxNDA=,,MC,Featherweight,145.0,,,,,-600.0,425.0,1
RmlnaHROb2RlOjUzNTM2,53536,casey-moses-vs-zeb-vincent-53536,RXZlbnROb2RlOjU2MTg=,RmlnaHRlck5vZGU6NjAxODg=,RmlnaHRlck5vZGU6NDg5Mzc=,RmlnaHRlck5vZGU6NDg5Mzc=,MC,Welterweight,170.0,KO/TKO,Injury,3.0,2:00,-180.0,150.0,0
RmlnaHROb2RlOjU0Mjg4,54288,matthew-maestas-vs-jessie-stalder-54288,RXZlbnROb2RlOjU2MTg=,RmlnaHRlck5vZGU6NTE3MDA=,RmlnaHRlck5vZGU6NDU2Nzc=,RmlnaHRlck5vZGU6NTE3MDA=,MC,Catchweight,175.0,KO/TKO,,1.0,1:04,-168.0,138.0,0
RmlnaHROb2RlOjUzNDAx,53401,keegan-vandermeer-vs-sawyer-depee-53401,RXZlbnROb2RlOjU2MTg=,RmlnaHRlck5vZGU6NDg5MzY=,RmlnaHRlck5vZGU6NDIyMzc=,RmlnaHRlck5vZGU6NDIyMzc=,ME,Catchweight,200.0,KO/TKO,,1.0,1:33,-127.0,-103.0,0
RmlnaHROb2RlOjUzNDAy,53402,andrew-yates-vs-josh-huber-53402,RXZlbnROb2RlOjU2MTg=,RmlnaHRlck5vZGU6NTgwNQ==,RmlnaHRlck5vZGU6Mjk3Mw==,RmlnaHRlck5vZGU6Mjk3Mw==,CO,Catchweight,165.0,KO/TKO,,4.0,1:47,-515.0,390.0,0
RmlnaHROb2RlOjU5MzU1,59355,dylan-schulte-vs-roberto-armas-59355,RXZlbnROb2RlOjU2MTg=,RmlnaHRlck5vZGU6MzUyNTQ=,RmlnaHRlck5vZGU6NTYyMDE=,RmlnaHRlck5vZGU6MzUyNTQ=,MC,Featherweight,145.0,KO/TKO,,1.0,0:32,,,0
RmlnaHROb2RlOjUzOTUz,53953,sergio-lopez-vs-derrick-findley-53953,RXZlbnROb2RlOjU2MTg=,RmlnaHRlck5vZGU6NjE1NTM=,RmlnaHRlck5vZGU6NDE1NTE=,RmlnaHRlck5vZGU6NDE1NTE=,MC,Catchweight,165.0,KO/TKO,,3.0,0:57,550.0,-800.0,0
RmlnaHROb2RlOjUzNDE2,53416,ramiro-figueroa-vs-brett-hudson-53416,RXZlbnROb2RlOjU2MTg=,RmlnaHRlck5vZGU6NjAxMzk=,RmlnaHRlck5vZGU6NTU4NzY=,RmlnaHRlck5vZGU6NjAxMzk=,MC,Lightweight,155.0,KO/TKO,,2.0,2:00,-1200.0,750.0,0
RmlnaHROb2RlOjUzNDE4,53418,lumumba-sayers-vs-jeremy-morrison-53418,RXZlbnROb2RlOjU2MTg=,RmlnaHRlck5vZGU6NTMwNw==,RmlnaHRlck5vZGU6MTYzNTA=,RmlnaHRlck5vZGU6NTMwNw==,MC,Heavyweight,265.0,KO/TKO,,1.0,0:12,-240.0,190.0,0
RmlnaHROb2RlOjUzNDAz,53403,cassie-robb-vs-cristina-crist-53403,RXZlbnROb2RlOjU2MTg=,RmlnaHRlck5vZGU6MjU1Mg==,RmlnaHRlck5vZGU6Mjc5MTQ=,RmlnaHRlck5vZGU6Mjc5MTQ=,MC,Strawweight,115.0,KO/TKO,,2.0,0:52,-142.0,112.0,0
RmlnaHROb2RlOjU0Mjgy,54282,ryan-sanson-vs-jeremy-waltron-54282,RXZlbnROb2RlOjU2MzE=,RmlnaHRlck5vZGU6NjE4Mjk=,RmlnaHRlck5vZGU6NjE4MzA=,RmlnaHRlck5vZGU6NjE4Mjk=,MC,Catchweight,160.0,Decision,Unanimous,5.0,5:00,-240.0,190.0,0
RmlnaHROb2RlOjU0MjUz,54253,adam-wilson-vs-bryan-creighton-54253,RXZlbnROb2RlOjU2MzE=,RmlnaHRlck5vZGU6MTY1OTE=,RmlnaHRlck5vZGU6MzY2OQ==,,MC,,,,,,,,,1
RmlnaHROb2RlOjU0Mjc4,54278,stevie-taylor-vs-michael-holmes-54278,RXZlbnROb2RlOjU2MzE=,RmlnaHRlck5vZGU6NjE4MjM=,RmlnaHRlck5vZGU6NDA1MQ==,,MC,,,,,,,,,1
RmlnaHROb2RlOjU0Mjgw,54280,marcus-grubic-vs-shane-omer-54280,RXZlbnROb2RlOjU2MzE=,RmlnaHRlck5vZGU6NjE4MjU=,RmlnaHRlck5vZGU6NjE4MjY=,,MC,,,,,,,,,1
RmlnaHROb2RlOjUzOTQy,53942,paul-venis-vs-stanoi-tabakov-53942,RXZlbnROb2RlOjU2MzE=,RmlnaHRlck5vZGU6NjE1NTI=,RmlnaHRlck5vZGU6NTkxMTA=,RmlnaHRlck5vZGU6NjE1NTI=,ME,Heavyweight,265.0,KO/TKO,,3.0,0:47,-189.0,159.0,0
RmlnaHROb2RlOjU0Mjcz,54273,bart-krol-vs-pic-jardine-54273,RXZlbnROb2RlOjU2MzE=,RmlnaHRlck5vZGU6NTE3MDU=,RmlnaHRlck5vZGU6NjE4MTg=,RmlnaHRlck5vZGU6NjE4MTg=,CO,Catchweight,175.0,KO/TKO,,3.0,0:35,-500.0,375.0,0
RmlnaHROb2RlOjU0Mjc0,54274,john-ferguson-vs-danny-moir-54274,RXZlbnROb2RlOjU2MzE=,RmlnaHRlck5vZGU6NDkwMzE=,RmlnaHRlck5vZGU6NjE4MTk=,RmlnaHRlck5vZGU6NjE4MTk=,MC,Middleweight,185.0,Decision,Split,5.0,5:00,-160.0,130.0,0
RmlnaHROb2RlOjY4MTU0,68154,stevie-taylor-vs-jakub-kosicki-68154,RXZlbnROb2RlOjU2MzE=,RmlnaHRlck5vZGU6NjE4MjM=,RmlnaHRlck5vZGU6NjYyNjg=,RmlnaHRlck5vZGU6NjE4MjM=,MC,Catchweight,195.0,KO/TKO,,4.0,1:51,,,0
RmlnaHROb2RlOjU0MjUy,54252,danny-christie-vs-jimmy-millar-54252,RXZlbnROb2RlOjU2MzE=,RmlnaHRlck5vZGU6NDc1NzQ=,RmlnaHRlck5vZGU6OTc5Ng==,RmlnaHRlck5vZGU6NDc1NzQ=,MC,Catchweight,175.0,Decision,Unanimous,5.0,5:00,-475.0,375.0,0
RmlnaHROb2RlOjU0Mjc5,54279,brad-taylor-vs-dan-mohammed-54279,RXZlbnROb2RlOjU2MzE=,RmlnaHRlck5vZGU6NTY3ODA=,RmlnaHRlck5vZGU6NjE4MjQ=,RmlnaHRlck5vZGU6NTY3ODA=,MC,Bantamweight,135.0,KO/TKO,,1.0,0:43,-260.0,200.0,0
RmlnaHROb2RlOjU0Mjc1,54275,gary-slator-vs-rob-cunningham-54275,RXZlbnROb2RlOjU2MzE=,RmlnaHRlck5vZGU6NjE4MjA=,RmlnaHRlck5vZGU6NDcxMjQ=,RmlnaHRlck5vZGU6NjE4MjA=,MC,,300.0,KO/TKO,,1.0,0:56,-130.0,100.0,0
RmlnaHROb2RlOjU0Mjc3,54277,cameron-hardy-vs-rafal-pawlowski-54277,RXZlbnROb2RlOjU2MzE=,RmlnaHRlck5vZGU6Mjk3OTc=,RmlnaHRlck5vZGU6NjE4MjI=,,MC,,,,,,,,,1
RmlnaHROb2RlOjU0MzIw,54320,cameron-hardy-vs-bryan-creighton-54320,RXZlbnROb2RlOjU2MzE=,RmlnaHRlck5vZGU6Mjk3OTc=,RmlnaHRlck5vZGU6MzY2OQ==,RmlnaHRlck5vZGU6Mjk3OTc=,MC,Featherweight,145.0,KO/TKO,,5.0,0:43,-260.0,200.0,0
RmlnaHROb2RlOjU0Mjc2,54276,jack-culshaw-vs-bartek-kanabey-54276,RXZlbnROb2RlOjU2MzE=,RmlnaHRlck5vZGU6NjE4MjE=,RmlnaHRlck5vZGU6NTY2NjI=,RmlnaHRlck5vZGU6NjE4MjE=,MC,Featherweight,145.0,KO/TKO,,3.0,1:35,145.0,-175.0,0
RmlnaHROb2RlOjU0Mjgx,54281,will-rochester-vs-luke-beamish-54281,RXZlbnROb2RlOjU2MzE=,RmlnaHRlck5vZGU6NjE4Mjc=,RmlnaHRlck5vZGU6NjE4Mjg=,RmlnaHRlck5vZGU6NjE4Mjg=,MC,Catchweight,165.0,Decision,Unanimous,5.0,5:00,135.0,-165.0,0
RmlnaHROb2RlOjU0MTI1,54125,dameko-labon-vs-aj-iriarte-54125,RXZlbnROb2RlOjU3ODc=,RmlnaHRlck5vZGU6NTUwNzE=,RmlnaHRlck5vZGU6NjE2OTk=,,PL,,,,,,,,,1
RmlnaHROb2RlOjU0MTI2,54126,peter-peraza-vs-wayna-reid-54126,RXZlbnROb2RlOjU3ODc=,RmlnaHRlck5vZGU6NDI4MzI=,RmlnaHRlck5vZGU6NTAzNTY=,RmlnaHRlck5vZGU6NTAzNTY=,PL,Catchweight,165.0,Decision,Split,5.0,5:00,160.0,-200.0,0
RmlnaHROb2RlOjU0OTg0,54984,yosdenis-cedeno-vs-josh-zuckerman-54984,RXZlbnROb2RlOjU3ODc=,RmlnaHRlck5vZGU6MzUzNw==,RmlnaHRlck5vZGU6NjM3OA==,RmlnaHRlck5vZGU6NjM3OA==,PL,Catchweight,165.0,KO/TKO,,4.0,0:31,-550.0,400.0,0
RmlnaHROb2RlOjU0MDky,54092,markus-suarez-vs-david-simpson-54092,RXZlbnROb2RlOjU3ODc=,RmlnaHRlck5vZGU6NTUwNTQ=,RmlnaHRlck5vZGU6MzY5OTQ=,RmlnaHRlck5vZGU6MzY5OTQ=,PL,Middleweight,185.0,KO/TKO,,3.0,1:03,-182.0,152.0,0
RmlnaHROb2RlOjU0MDkw,54090,leonardo-perdomo-vs-steven-banks-54090,RXZlbnROb2RlOjU3ODc=,RmlnaHRlck5vZGU6NTQxNDQ=,RmlnaHRlck5vZGU6MjEyNg==,,MC,,,,,,,-700.0,500.0,1
RmlnaHROb2RlOjU0MDgz,54083,kai-stewart-vs-bryan-duran-54083,RXZlbnROb2RlOjU3ODc=,RmlnaHRlck5vZGU6NDIyMzA=,RmlnaHRlck5vZGU6NDQ3NjI=,RmlnaHRlck5vZGU6NDIyMzA=,ME,Featherweight,145.0,Decision,Unanimous,5.0,5:00,-115.0,-115.0,0
RmlnaHROb2RlOjU0MDkx,54091,edgard-plazaola-vs-eric-dodson-54091,RXZlbnROb2RlOjU3ODc=,RmlnaHRlck5vZGU6NDM5MjI=,RmlnaHRlck5vZGU6NDczMTY=,RmlnaHRlck5vZGU6NDM5MjI=,MC,Featherweight,145.0,KO/TKO,,4.0,0:38,-245.0,195.0,0
RmlnaHROb2RlOjU0MDg5,54089,chris-garcia-vs-micah-livingston-54089,RXZlbnROb2RlOjU3ODc=,RmlnaHRlck5vZGU6NTQxOTg=,RmlnaHRlck5vZGU6NTkxMjA=,RmlnaHRlck5vZGU6NTQxOTg=,MC,Bantamweight,135.0,KO/TKO,,2.0,1:29,,,0
RmlnaHROb2RlOjU0MDg0,54084,keith-richardson-vs-alberto-blas-54084,RXZlbnROb2RlOjU3ODc=,RmlnaHRlck5vZGU6MjczNg==,RmlnaHRlck5vZGU6MjMxNDA=,RmlnaHRlck5vZGU6MjMxNDA=,CO,Bantamweight,135.0,KO/TKO,Punches,1.0,1:10,130.0,-160.0,0
RmlnaHROb2RlOjU0MDg2,54086,gee-perez-vs-albert-inclan-54086,RXZlbnROb2RlOjU3ODc=,RmlnaHRlck5vZGU6NDk2NzY=,RmlnaHRlck5vZGU6NDM1MzM=,RmlnaHRlck5vZGU6NDk2NzY=,MC,Catchweight,130.0,KO/TKO,,5.0,0:54,-240.0,190.0,0
RmlnaHROb2RlOjU0MDg1,54085,jared-warren-vs-john-michael-escoboza-54085,RXZlbnROb2RlOjU3ODc=,RmlnaHRlck5vZGU6MzUyMTI=,RmlnaHRlck5vZGU6MzQxNDQ=,RmlnaHRlck5vZGU6MzUyMTI=,MC,Middleweight,185.0,Decision,Unanimous,5.0,5:00,-145.0,115.0,0
RmlnaHROb2RlOjU0MDg4,54088,justin-sanchez-vs-rick-caruso-54088,RXZlbnROb2RlOjU3ODc=,RmlnaHRlck5vZGU6NTA3MTI=,RmlnaHRlck5vZGU6Mjk3MDk=,RmlnaHRlck5vZGU6NTA3MTI=,MC,Bantamweight,135.0,KO/TKO,,2.0,1:28,-515.0,390.0,0
RmlnaHROb2RlOjU0MDg3,54087,christine-vicens-vs-melanie-shah-54087,RXZlbnROb2RlOjU3ODc=,RmlnaHRlck5vZGU6NDM5MjE=,RmlnaHRlck5vZGU6NDkzNTE=,RmlnaHRlck5vZGU6NDM5MjE=,MC,Flyweight,125.0,KO/TKO,Corner Stoppage,1.0,2:00,-400.0,300.0,0
RmlnaHROb2RlOjU0OTgz,54983,leonardo-perdomo-vs-leo-bercier-54983,RXZlbnROb2RlOjU3ODc=,RmlnaHRlck5vZGU6NTQxNDQ=,RmlnaHRlck5vZGU6MTYyOTQ=,RmlnaHRlck5vZGU6NTQxNDQ=,MC,Heavyweight,265.0,KO/TKO,,1.0,1:40,-800.0,550.0,0
RmlnaHROb2RlOjU1MjI1,55225,fernando-gonzalez-vs-rodney-thomas-55225,RXZlbnROb2RlOjU4MTA=,RmlnaHRlck5vZGU6NDkwMA==,RmlnaHRlck5vZGU6NjI5Nzk=,RmlnaHRlck5vZGU6NDkwMA==,CO,Middleweight,185.0,Decision,Unanimous,5.0,5:00,-225.0,185.0,0
RmlnaHROb2RlOjU1MzMz,55333,victor-rosas-vs-luis-iniguez-55333,RXZlbnROb2RlOjU4MTA=,RmlnaHRlck5vZGU6MTcyNzY=,RmlnaHRlck5vZGU6NjMwMjA=,RmlnaHRlck5vZGU6MTcyNzY=,MC,Bantamweight,135.0,Decision,Split,5.0,5:00,-370.0,295.0,0
RmlnaHROb2RlOjU0NDUy,54452,robbie-peralta-vs-ruben-warr-54452,RXZlbnROb2RlOjU4MTA=,RmlnaHRlck5vZGU6MTI2MA==,RmlnaHRlck5vZGU6Mjc5NTI=,RmlnaHRlck5vZGU6Mjc5NTI=,ME,Lightweight,155.0,KO/TKO,Punches,1.0,0:06,-240.0,190.0,0
RmlnaHROb2RlOjU0Njk5,54699,luis-villasenor-vs-brett-fields-54699,RXZlbnROb2RlOjU4MTA=,RmlnaHRlck5vZGU6NDIyMjk=,RmlnaHRlck5vZGU6NDIyMjg=,RmlnaHRlck5vZGU6NDIyMjk=,MC,Welterweight,170.0,KO/TKO,,1.0,1:11,200.0,-260.0,0
RmlnaHROb2RlOjU0NTkz,54593,danny-pettit-vs-van-vo-54593,RXZlbnROb2RlOjU4MTA=,RmlnaHRlck5vZGU6NjAwMDA=,RmlnaHRlck5vZGU6MzY2MTQ=,RmlnaHRlck5vZGU6MzY2MTQ=,MC,Featherweight,145.0,KO/TKO,,1.0,0:57,-280.0,220.0,0
RmlnaHROb2RlOjU1MzIx,55321,riley-pellegrino-vs-jordan-christensen-55321,RXZlbnROb2RlOjU4MTA=,RmlnaHRlck5vZGU6NjI4MDQ=,RmlnaHRlck5vZGU6MzU1OTA=,RmlnaHRlck5vZGU6MzU1OTA=,MC,Catchweight,175.0,KO/TKO,,2.0,2:00,275.0,-350.0,0
RmlnaHROb2RlOjU0ODAz,54803,squire-redfern-vs-richard-brooks-54803,RXZlbnROb2RlOjU4MTA=,RmlnaHRlck5vZGU6NjI2NDA=,RmlnaHRlck5vZGU6NjE2Nzk=,RmlnaHRlck5vZGU6NjI2NDA=,MC,Lightweight,155.0,KO/TKO,,5.0,0:53,200.0,-260.0,0
RmlnaHROb2RlOjU1MjI0,55224,alexander-gutierrez-vs-isaiah-garcia-55224,RXZlbnROb2RlOjU4MTA=,RmlnaHRlck5vZGU6NjI5Nzc=,RmlnaHRlck5vZGU6NjI5Nzg=,RmlnaHRlck5vZGU6NjI5Nzc=,MC,Flyweight,125.0,Decision,Unanimous,5.0,5:00,-150.0,120.0,0
RmlnaHROb2RlOjU0ODAy,54802,caleb-avila-vs-joshua-ofiu-54802,RXZlbnROb2RlOjU4MTA=,RmlnaHRlck5vZGU6NjI2Mzk=,RmlnaHRlck5vZGU6MTA4MDk=,,MC,Light Heavyweight,205.0,,,,,,,1
RmlnaHROb2RlOjU1MDA3,55007,luther-paipa-vs-sean-hotusing-55007,RXZlbnROb2RlOjU4MTA=,RmlnaHRlck5vZGU6NjI4MDM=,RmlnaHRlck5vZGU6NDU2MjE=,,MC,,,,,,,120.0,-150.0,1
RmlnaHROb2RlOjU0NTMw,54530,daniel-alvarez-vs-derek-perez-54530,RXZlbnROb2RlOjU4MTA=,RmlnaHRlck5vZGU6NjIyOTI=,RmlnaHRlck5vZGU6MzU1ODM=,,MC,Bantamweight,135.0,,,,,,,1
RmlnaHROb2RlOjU0NTky,54592,fernando-gonzalez-vs-kyle-mcelroy-54592,RXZlbnROb2RlOjU4MTA=,RmlnaHRlck5vZGU6NDkwMA==,RmlnaHRlck5vZGU6NDEyNjY=,,MC,,,,,,,,,1
RmlnaHROb2RlOjU1MDA4,55008,riley-pellegrino-vs-samuel-romero-55008,RXZlbnROb2RlOjU4MTA=,RmlnaHRlck5vZGU6NjI4MDQ=,RmlnaHRlck5vZGU6MjgyMDM=,,MC,,,,,,,,,1
RmlnaHROb2RlOjU1MzY1,55365,joseph-white-vs-caleb-avila-55365,RXZlbnROb2RlOjU4MTA=,RmlnaHRlck5vZGU6NTQxNDU=,RmlnaHRlck5vZGU6NjI2Mzk=,RmlnaHRlck5vZGU6NTQxNDU=,MC,,,KO/TKO,,3.0,1:04,,,0
RmlnaHROb2RlOjU0NzIy,54722,tatsuki-shinotsuka-vs-cary-caprio-54722,RXZlbnROb2RlOjU4MTA=,RmlnaHRlck5vZGU6NTgxMzA=,RmlnaHRlck5vZGU6NDY2MTQ=,,CO,,,,,,,,,1
RmlnaHROb2RlOjU0Nzky,54792,mike-hansen-vs-anthony-yost-54792,RXZlbnROb2RlOjU4MTA=,RmlnaHRlck5vZGU6MjA1Mzg=,RmlnaHRlck5vZGU6MjE1NTI=,RmlnaHRlck5vZGU6MjA1Mzg=,MC,Bantamweight,135.0,KO/TKO,,1.0,1:46,-170.0,140.0,0
RmlnaHROb2RlOjc3NzA2,77706,britain-hart-vs-taylor-starling-77706,RXZlbnROb2RlOjU4NDc=,RmlnaHRlck5vZGU6MzUxODE=,RmlnaHRlck5vZGU6MzM2MTk=,RmlnaHRlck5vZGU6MzUxODE=,ME,Strawweight,115.0,Decision,Unanimous,5.0,5:00,,,0
RmlnaHROb2RlOjU0OTYy,54962,josh-burns-vs-sam-shewmaker-54962,RXZlbnROb2RlOjU4NDc=,RmlnaHRlck5vZGU6MTgxOA==,RmlnaHRlck5vZGU6MzUxODI=,RmlnaHRlck5vZGU6MzUxODI=,CO,,,Decision,Unanimous,5.0,5:00,-360.0,285.0,0
RmlnaHROb2RlOjU0OTg3,54987,josh-watson-vs-reuben-roundstone-54987,RXZlbnROb2RlOjU4NDc=,RmlnaHRlck5vZGU6NDIyMzQ=,RmlnaHRlck5vZGU6NTkwNzc=,RmlnaHRlck5vZGU6NDIyMzQ=,MC,,,KO/TKO,,1.0,1:42,,,0
RmlnaHROb2RlOjU1Nzk0,55794,roberto-armas-vs-jack-grady-55794,RXZlbnROb2RlOjU4NDc=,RmlnaHRlck5vZGU6NTYyMDE=,RmlnaHRlck5vZGU6NDIyMTI=,RmlnaHRlck5vZGU6NTYyMDE=,MC,Bantamweight,135.0,KO/TKO,,3.0,1:03,,,0
RmlnaHROb2RlOjU0OTY0,54964,zachary-calmus-vs-ryan-shough-54964,RXZlbnROb2RlOjU4NDc=,RmlnaHRlck5vZGU6Mzk0NDY=,RmlnaHRlck5vZGU6NDIxNjI=,RmlnaHRlck5vZGU6Mzk0NDY=,PL,,,KO/TKO,,1.0,0:58,-465.0,365.0,0
RmlnaHROb2RlOjU1MjQ1,55245,gabriel-freyre-vs-timmy-mason-55245,RXZlbnROb2RlOjU4NDc=,RmlnaHRlck5vZGU6NDg5MjY=,RmlnaHRlck5vZGU6NDQ4NDk=,RmlnaHRlck5vZGU6NDQ4NDk=,PL,Featherweight,145.0,KO/TKO,,1.0,0:17,300.0,-400.0,0
RmlnaHROb2RlOjU1NDcx,55471,josh-griggs-vs-joseph-creer-55471,RXZlbnROb2RlOjU4NDc=,RmlnaHRlck5vZGU6MTIyOTA=,RmlnaHRlck5vZGU6MzMwMzM=,,CO,,,,,,,,,1
RmlnaHROb2RlOjU0OTg4,54988,donnie-tice-jr-vs-brandon-conley-54988,RXZlbnROb2RlOjU4NDc=,RmlnaHRlck5vZGU6NTgzMjc=,RmlnaHRlck5vZGU6NjI3OTc=,RmlnaHRlck5vZGU6NjI3OTc=,PL,Light Heavyweight,205.0,KO/TKO,,3.0,1:31,110.0,-140.0,0
RmlnaHROb2RlOjU0OTg2,54986,bryant-acheson-vs-erick-lozano-54986,RXZlbnROb2RlOjU4NDc=,RmlnaHRlck5vZGU6NDIyMzM=,RmlnaHRlck5vZGU6MzAwNzM=,,MC,,,,,,,,,1
RmlnaHROb2RlOjU0OTYz,54963,michael-larrimore-vs-derek-perez-54963,RXZlbnROb2RlOjU4NDc=,RmlnaHRlck5vZGU6NTQ4NDk=,RmlnaHRlck5vZGU6MzU1ODM=,,MC,,,,,,,-400.0,300.0,1
RmlnaHROb2RlOjU0OTYx,54961,josh-dyer-vs-will-albrecht-54961,RXZlbnROb2RlOjU4NDc=,RmlnaHRlck5vZGU6MjE0NDM=,RmlnaHRlck5vZGU6NTgzMDI=,RmlnaHRlck5vZGU6MjE0NDM=,MC,Middleweight,185.0,KO/TKO,,1.0,0:46,-700.0,500.0,0
RmlnaHROb2RlOjU1Nzkz,55793,bryant-acheson-vs-joseph-creer-55793,RXZlbnROb2RlOjU4NDc=,RmlnaHRlck5vZGU6NDIyMzM=,RmlnaHRlck5vZGU6MzMwMzM=,RmlnaHRlck5vZGU6NDIyMzM=,MC,Light Heavyweight,205.0,Decision,Unanimous,5.0,5:00,-180.0,150.0,0
RmlnaHROb2RlOjU1ODQ0,55844,conor-cooke-vs-mason-shaw-55844,RXZlbnROb2RlOjU4Mzg=,RmlnaHRlck5vZGU6MzcwNA==,RmlnaHRlck5vZGU6NTAyNDA=,RmlnaHRlck5vZGU6MzcwNA==,MC,Light Heavyweight,205.0,KO/TKO,,1.0,1:34,-220.0,180.0,0
RmlnaHROb2RlOjU1OTY2,55966,rob-boardman-vs-lee-browne-55966,RXZlbnROb2RlOjU4Mzg=,RmlnaHRlck5vZGU6NTkwNzM=,RmlnaHRlck5vZGU6NDkzNDY=,RmlnaHRlck5vZGU6NTkwNzM=,MC,Light Heavyweight,205.0,KO/TKO,,4.0,0:47,,,0
RmlnaHROb2RlOjU1OTY3,55967,luke-nevin-vs-shane-omer-55967,RXZlbnROb2RlOjU4Mzg=,RmlnaHRlck5vZGU6NTE3MDI=,RmlnaHRlck5vZGU6NjE4MjY=,RmlnaHRlck5vZGU6NTE3MDI=,MC,Catchweight,165.0,Decision,Unanimous,5.0,5:00,,,0
RmlnaHROb2RlOjU1MjIw,55220,jonno-chipchase-vs-toby-bindon-55220,RXZlbnROb2RlOjU4Mzg=,RmlnaHRlck5vZGU6NTY2NTg=,RmlnaHRlck5vZGU6NTAzNDQ=,RmlnaHRlck5vZGU6NTY2NTg=,CO,Catchweight,150.0,KO/TKO,,1.0,1:58,-260.0,200.0,0
RmlnaHROb2RlOjU1MjM4,55238,connor-goodchild-vs-sahin-omer-55238,RXZlbnROb2RlOjU4Mzg=,RmlnaHRlck5vZGU6NjI5ODE=,RmlnaHRlck5vZGU6NjI5ODI=,,MC,,,,,,,-500.0,375.0,0
RmlnaHROb2RlOjU1MjQw,55240,george-thorpe-vs-conan-barbaru-55240,RXZlbnROb2RlOjU4Mzg=,RmlnaHRlck5vZGU6NTAyNDE=,RmlnaHRlck5vZGU6MzExMzg=,RmlnaHRlck5vZGU6NTAyNDE=,MC,Catchweight,175.0,Decision,Unanimous,5.0,5:00,-270.0,210.0,0
RmlnaHROb2RlOjY2NTY3,66567,robbie-brown-vs-jordan-ward-66567,RXZlbnROb2RlOjU4Mzg=,RmlnaHRlck5vZGU6NTQxOTA=,RmlnaHRlck5vZGU6NjI5ODM=,RmlnaHRlck5vZGU6NTQxOTA=,MC,Bantamweight,135.0,Decision,Unanimous,5.0,5:00,,,0
RmlnaHROb2RlOjU1OTIw,55920,ryan-mccarthy-vs-alec-connelly-55920,RXZlbnROb2RlOjU4Mzg=,RmlnaHRlck5vZGU6NjM0NzU=,RmlnaHRlck5vZGU6MTU4Nzk=,RmlnaHRlck5vZGU6NjM0NzU=,MC,Catchweight,150.0,Decision,Unanimous,5.0,5:00,,,0
RmlnaHROb2RlOjU1OTIx,55921,james-dixon-vs-tom-mowbray-55921,RXZlbnROb2RlOjU4Mzg=,RmlnaHRlck5vZGU6MzU3MTg=,RmlnaHRlck5vZGU6NjM0NzY=,RmlnaHRlck5vZGU6MzU3MTg=,PL,Middleweight,185.0,KO/TKO,,2.0,0:43,-265.0,205.0,0
RmlnaHROb2RlOjU1MjQz,55243,sara-bitto-vs-yamila-sanchez-55243,RXZlbnROb2RlOjU4Mzg=,RmlnaHRlck5vZGU6NjI5ODc=,RmlnaHRlck5vZGU6MjI3ODc=,RmlnaHRlck5vZGU6NjI5ODc=,PL,Catchweight,130.0,Decision,Unanimous,5.0,5:00,145.0,-175.0,0
RmlnaHROb2RlOjU1MjQ0,55244,connor-warden-vs-simeon-otley-55244,RXZlbnROb2RlOjU4Mzg=,RmlnaHRlck5vZGU6NjI5ODg=,RmlnaHRlck5vZGU6Mjk4MDI=,RmlnaHRlck5vZGU6Mjk4MDI=,PL,Welterweight,170.0,KO/TKO,,4.0,1:45,148.0,-178.0,0
RmlnaHROb2RlOjU1ODk2,55896,luke-nevin-vs-sahin-omer-55896,RXZlbnROb2RlOjU4Mzg=,RmlnaHRlck5vZGU6NTE3MDI=,RmlnaHRlck5vZGU6NjI5ODI=,,MC,,,,,,,-400.0,300.0,0
RmlnaHROb2RlOjU1MjE4,55218,dawid-oskar-vs-rob-boardman-55218,RXZlbnROb2RlOjU4Mzg=,RmlnaHRlck5vZGU6NTI5Mjk=,RmlnaHRlck5vZGU6NTkwNzM=,,MC,,,,,,,140.0,-170.0,1
RmlnaHROb2RlOjU1MjE5,55219,dan-edwards-vs-mason-shaw-55219,RXZlbnROb2RlOjU4Mzg=,RmlnaHRlck5vZGU6MzcxOA==,RmlnaHRlck5vZGU6NTAyNDA=,,MC,,,,,,,,,1
RmlnaHROb2RlOjU1MjQy,55242,jan-sulecki-vs-thomas-denham-55242,RXZlbnROb2RlOjU4Mzg=,RmlnaHRlck5vZGU6NjI5ODY=,RmlnaHRlck5vZGU6NDU5OQ==,,MC,,,,,,,,,1
RmlnaHROb2RlOjU1MjIx,55221,dimitri-angelini-vs-luke-nevin-55221,RXZlbnROb2RlOjU4Mzg=,RmlnaHRlck5vZGU6Mzk0NDk=,RmlnaHRlck5vZGU6NTE3MDI=,,MC,,,,,,,300.0,-400.0,1
RmlnaHROb2RlOjU1MjQx,55241,ryan-carmichael-vs-alec-connelly-55241,RXZlbnROb2RlOjU4Mzg=,RmlnaHRlck5vZGU6NTAzNDY=,RmlnaHRlck5vZGU6MTU4Nzk=,,MC,,,,,,,365.0,-465.0,1
RmlnaHROb2RlOjU1NjQz,55643,james-dixon-vs-tommy-galbraith-55643,RXZlbnROb2RlOjU4Mzg=,RmlnaHRlck5vZGU6MzU3MTg=,RmlnaHRlck5vZGU6NjMzMDQ=,,MC,Middleweight,185.0,,,,,-260.0,200.0,1
RmlnaHROb2RlOjU1MjM5,55239,paul-osullivan-vs-macaulay-bygraves-55239,RXZlbnROb2RlOjU4Mzg=,RmlnaHRlck5vZGU6NjI5ODQ=,RmlnaHRlck5vZGU6NjI5ODU=,RmlnaHRlck5vZGU6NjI5ODU=,MC,Catchweight,175.0,Decision,Split,5.0,5:00,130.0,-160.0,0
RmlnaHROb2RlOjU0Nzk2,54796,connor-tierney-vs-jonny-graham-54796,RXZlbnROb2RlOjU4Mzg=,RmlnaHRlck5vZGU6NDM5NjU=,RmlnaHRlck5vZGU6NTE3MDc=,RmlnaHRlck5vZGU6NDM5NjU=,ME,Catchweight,165.0,Decision,Unanimous,5.0,5:00,-265.0,205.0,0
RmlnaHROb2RlOjU1OTg0,55984,zeb-vincent-vs-doug-coltrane-55984,RXZlbnROb2RlOjU4NjU=,RmlnaHRlck5vZGU6NDg5Mzc=,RmlnaHRlck5vZGU6NTAxNzk=,RmlnaHRlck5vZGU6NDg5Mzc=,CO,Catchweight,175.0,KO/TKO,,4.0,1:17,200.0,-260.0,0
RmlnaHROb2RlOjU1MTE5,55119,jw-kiser-vs-mikey-furnier-55119,RXZlbnROb2RlOjU4NjU=,RmlnaHRlck5vZGU6MzEyNDg=,RmlnaHRlck5vZGU6NTEzNTM=,RmlnaHRlck5vZGU6MzEyNDg=,MC,,,KO/TKO,,2.0,1:56,-185.0,155.0,0
RmlnaHROb2RlOjU1NDY1,55465,justyn-martinez-vs-blaine-warbritton-55465,RXZlbnROb2RlOjU4NjU=,RmlnaHRlck5vZGU6NDQ1NTA=,RmlnaHRlck5vZGU6NjMxMDY=,RmlnaHRlck5vZGU6NjMxMDY=,MC,Featherweight,145.0,KO/TKO,,4.0,2:00,110.0,-140.0,0
RmlnaHROb2RlOjU5Mjgw,59280,eduardo-peralta-vs-deron-carlis-59280,RXZlbnROb2RlOjU4NjU=,RmlnaHRlck5vZGU6MzU0NzY=,RmlnaHRlck5vZGU6MjkwMA==,RmlnaHRlck5vZGU6MzU0NzY=,MC,Catchweight,165.0,KO/TKO,,2.0,1:59,,,0
RmlnaHROb2RlOjU1NjE4,55618,john-orr-vs-anthony-garrett-55618,RXZlbnROb2RlOjU4NjU=,RmlnaHRlck5vZGU6MTc5Ng==,RmlnaHRlck5vZGU6MzM0NTI=,RmlnaHRlck5vZGU6MzM0NTI=,MC,,,KO/TKO,,1.0,0:16,-135.0,105.0,0
RmlnaHROb2RlOjU1OTg1,55985,jacob-akin-vs-matt-guymon-55985,RXZlbnROb2RlOjU4NjU=,RmlnaHRlck5vZGU6MTM0MjE=,RmlnaHRlck5vZGU6NjE3ODc=,RmlnaHRlck5vZGU6NjE3ODc=,MC,Bantamweight,135.0,KO/TKO,,3.0,2:00,-205.0,165.0,0
RmlnaHROb2RlOjU1MTIx,55121,jesse-pringle-vs-devon-schwan-55121,RXZlbnROb2RlOjU4NjU=,RmlnaHRlck5vZGU6NjI4OTg=,RmlnaHRlck5vZGU6MTk1MTI=,RmlnaHRlck5vZGU6MTk1MTI=,MC,Light Heavyweight,205.0,KO/TKO,,1.0,1:04,-155.0,125.0,0
RmlnaHROb2RlOjU1ODQz,55843,karla-alvarez-vs-charlene-gellner-55843,RXZlbnROb2RlOjU4NjU=,RmlnaHRlck5vZGU6NTgyOTc=,RmlnaHRlck5vZGU6NTEyNA==,RmlnaHRlck5vZGU6NTEyNA==,MC,Flyweight,125.0,KO/TKO,,3.0,2:00,-185.0,155.0,0
RmlnaHROb2RlOjU1OTgz,55983,jason-high-vs-james-dennis-55983,RXZlbnROb2RlOjU4NjU=,RmlnaHRlck5vZGU6NTc=,RmlnaHRlck5vZGU6NDIyMzY=,,CO,,,,,,,-400.0,300.0,1
RmlnaHROb2RlOjU1MTAz,55103,kevin-croom-vs-emeka-ifekandu-55103,RXZlbnROb2RlOjU4NjU=,RmlnaHRlck5vZGU6MjY0,RmlnaHRlck5vZGU6ODc1OQ==,,CO,Lightweight,154.0,,,,,,,1
RmlnaHROb2RlOjU1MjE2,55216,deron-carlis-vs-theo-brown-55216,RXZlbnROb2RlOjU4NjU=,RmlnaHRlck5vZGU6MjkwMA==,RmlnaHRlck5vZGU6MzA1Mw==,,MC,,,,,,,,,1
RmlnaHROb2RlOjU1MTIw,55120,john-orr-vs-jack-hughes-55120,RXZlbnROb2RlOjU4NjU=,RmlnaHRlck5vZGU6MTc5Ng==,RmlnaHRlck5vZGU6NjI4OTc=,,MC,,,,,,,,,1
RmlnaHROb2RlOjU1MTE4,55118,ira-johnson-vs-tyler-jones-55118,RXZlbnROb2RlOjU4NjU=,RmlnaHRlck5vZGU6NjI4OTY=,RmlnaHRlck5vZGU6MTA1OTg=,RmlnaHRlck5vZGU6MTA1OTg=,MC,Lightweight,155.0,KO/TKO,,3.0,1:06,-155.0,125.0,0
RmlnaHROb2RlOjU1MDMy,55032,jake-lindsey-vs-elvin-brito-55032,RXZlbnROb2RlOjU4NjU=,RmlnaHRlck5vZGU6MjkyNw==,RmlnaHRlck5vZGU6MzQ2Nw==,RmlnaHRlck5vZGU6MjkyNw==,ME,Catchweight,165.0,Decision,Unanimous,5.0,5:00,-245.0,195.0,0
RmlnaHROb2RlOjU1NDE3,55417,chad-lucanas-vs-zachary-pannell-55417,RXZlbnROb2RlOjU4ODQ=,RmlnaHRlck5vZGU6NTg1NTY=,RmlnaHRlck5vZGU6NTYyOTU=,RmlnaHRlck5vZGU6NTg1NTY=,MC,Lightweight,155.0,KO/TKO,,1.0,1:15,-470.0,370.0,0
RmlnaHROb2RlOjU1NDE1,55415,drew-stuve-vs-sonny-smith-55415,RXZlbnROb2RlOjU4ODQ=,RmlnaHRlck5vZGU6NTkzMjA=,RmlnaHRlck5vZGU6NTg1NTc=,RmlnaHRlck5vZGU6NTkzMjA=,ME,Catchweight,165.0,KO/TKO,,2.0,1:11,-245.0,195.0,0
RmlnaHROb2RlOjU1NDQ5,55449,bohdan-kotok-vs-jonathan-miller-55449,RXZlbnROb2RlOjU4ODQ=,RmlnaHRlck5vZGU6NjMwOTk=,RmlnaHRlck5vZGU6MjY4MTE=,RmlnaHRlck5vZGU6NjMwOTk=,MC,Heavyweight,265.0,KO/TKO,,1.0,1:02,-130.0,100.0,0
RmlnaHROb2RlOjU2MTMy,56132,taylor-bull-vs-christopher-hamlett-56132,RXZlbnROb2RlOjU4ODQ=,RmlnaHRlck5vZGU6NDIzNDA=,RmlnaHRlck5vZGU6NjM2NzQ=,RmlnaHRlck5vZGU6NDIzNDA=,MC,Middleweight,185.0,KO/TKO,,1.0,1:05,105.0,-135.0,0
RmlnaHROb2RlOjU1NDUx,55451,alexandra-lucia-delgado-lopez-vs-jennifer-ruiz-55451,RXZlbnROb2RlOjU4ODQ=,RmlnaHRlck5vZGU6NjMxMDI=,RmlnaHRlck5vZGU6NjMxMDM=,RmlnaHRlck5vZGU6NjMxMDI=,MC,Strawweight,115.0,KO/TKO,,2.0,1:32,-500.0,375.0,0
RmlnaHROb2RlOjU2Mjkz,56293,caeden-scott-vs-dan-godoy-56293,RXZlbnROb2RlOjU4ODQ=,RmlnaHRlck5vZGU6NjM4Nzk=,RmlnaHRlck5vZGU6NjM4ODA=,RmlnaHRlck5vZGU6NjM4Nzk=,MC,Catchweight,165.0,Decision,Unanimous,5.0,5:00,-600.0,425.0,0
RmlnaHROb2RlOjU2MTA0,56104,kimani-crawford-vs-danasabe-mohammed-56104,RXZlbnROb2RlOjU4ODQ=,RmlnaHRlck5vZGU6NjMxMDQ=,RmlnaHRlck5vZGU6ODkzMw==,RmlnaHRlck5vZGU6NjMxMDQ=,MC,Catchweight,175.0,Decision,Unanimous,5.0,5:00,-470.0,370.0,0
RmlnaHROb2RlOjU2Mjk0,56294,matt-socholotiuk-vs-nash-diederichs-56294,RXZlbnROb2RlOjU4ODQ=,RmlnaHRlck5vZGU6Mjg0Mzg=,RmlnaHRlck5vZGU6NjM4ODE=,RmlnaHRlck5vZGU6Mjg0Mzg=,MC,Catchweight,165.0,KO/TKO,,1.0,0:50,-400.0,300.0,0
RmlnaHROb2RlOjU1NDE4,55418,robert-desharnais-vs-glendel-futrell-55418,RXZlbnROb2RlOjU4ODQ=,RmlnaHRlck5vZGU6NTUzODQ=,RmlnaHRlck5vZGU6NDQ3NjM=,RmlnaHRlck5vZGU6NTUzODQ=,MC,Featherweight,145.0,KO/TKO,,1.0,0:23,-125.0,-105.0,0
RmlnaHROb2RlOjU1NjQw,55640,kayden-giroux-vs-trevor-bozniak-55640,RXZlbnROb2RlOjU4ODQ=,RmlnaHRlck5vZGU6NjMyOTk=,RmlnaHRlck5vZGU6NjMzMDA=,RmlnaHRlck5vZGU6NjMyOTk=,MC,Catchweight,195.0,KO/TKO,Ankle Injury,1.0,0:10,-625.0,450.0,0
RmlnaHROb2RlOjU1NDUy,55452,kimani-crawford-vs-adam-de-freitas-55452,RXZlbnROb2RlOjU4ODQ=,RmlnaHRlck5vZGU6NjMxMDQ=,RmlnaHRlck5vZGU6MzgwODE=,,MC,,,,,,,,,1
RmlnaHROb2RlOjU1ODU4,55858,matt-socholotiuk-vs-paulo-games-55858,RXZlbnROb2RlOjU4ODQ=,RmlnaHRlck5vZGU6Mjg0Mzg=,RmlnaHRlck5vZGU6NjM0Mzg=,,MC,,,,,,,,,1
RmlnaHROb2RlOjU1NDUw,55450,dan-gadoy-vs-alex-tribe-55450,RXZlbnROb2RlOjU4ODQ=,RmlnaHRlck5vZGU6NjMxMDA=,RmlnaHRlck5vZGU6NjMxMDE=,,MC,,,,,,,,,0
RmlnaHROb2RlOjU1NDE2,55416,hasan-alghanim-vs-ryan-ibsen-55416,RXZlbnROb2RlOjU4ODQ=,RmlnaHRlck5vZGU6NTg1NTQ=,RmlnaHRlck5vZGU6NTE4MzM=,RmlnaHRlck5vZGU6NTg1NTQ=,CO,Lightweight,155.0,KO/TKO,,1.0,1:13,-229.0,189.0,0
RmlnaHROb2RlOjU1ODM2,55836,trever-bradshaw-vs-drako-rodriguez-55836,RXZlbnROb2RlOjU4ODM=,RmlnaHRlck5vZGU6MTY5MTk=,RmlnaHRlck5vZGU6MTc4Nzk=,RmlnaHRlck5vZGU6MTc4Nzk=,MC,Lightweight,155.0,KO/TKO,,2.0,0:55,400.0,-525.0,0
RmlnaHROb2RlOjU2MzQy,56342,diego-romo-vs-mike-jones-56342,RXZlbnROb2RlOjU4ODM=,RmlnaHRlck5vZGU6NTY3NzA=,RmlnaHRlck5vZGU6MTY2Mjg=,RmlnaHRlck5vZGU6MTY2Mjg=,MC,Middleweight,185.0,Decision,Unanimous,5.0,5:00,-130.0,100.0,0
RmlnaHROb2RlOjU1ODU3,55857,hayden-brown-vs-alex-davison-55857,RXZlbnROb2RlOjU4ODM=,RmlnaHRlck5vZGU6NjM0MzU=,RmlnaHRlck5vZGU6MzAxODU=,RmlnaHRlck5vZGU6MzAxODU=,MC,,,KO/TKO,,1.0,0:20,-350.0,275.0,0
RmlnaHROb2RlOjU2MTAw,56100,jeremy-stephens-vs-bobby-taylor-56100,RXZlbnROb2RlOjU4ODM=,RmlnaHRlck5vZGU6ODgy,RmlnaHRlck5vZGU6NjkzMQ==,RmlnaHRlck5vZGU6ODgy,CO,Lightweight,155.0,Decision,Unanimous,5.0,5:00,-500.0,375.0,0
RmlnaHROb2RlOjU1ODM1,55835,jeremy-morrison-vs-lewis-rumsey-55835,RXZlbnROb2RlOjU4ODM=,RmlnaHRlck5vZGU6MTYzNTA=,RmlnaHRlck5vZGU6MTg4Nw==,RmlnaHRlck5vZGU6MTg4Nw==,MC,,,KO/TKO,,2.0,0:36,-210.0,170.0,0
RmlnaHROb2RlOjU1ODM3,55837,lehi-dominguez-vs-kyle-mcelroy-55837,RXZlbnROb2RlOjU4ODM=,RmlnaHRlck5vZGU6ODY3Mw==,RmlnaHRlck5vZGU6NDEyNjY=,RmlnaHRlck5vZGU6NDEyNjY=,MC,Middleweight,185.0,KO/TKO,,1.0,0:29,-225.0,185.0,0
RmlnaHROb2RlOjU1NjE2,55616,dominico-salas-vs-kaine-tomlinson-jr-55616,RXZlbnROb2RlOjU4ODM=,RmlnaHRlck5vZGU6MzMwNTY=,RmlnaHRlck5vZGU6NTU4NzU=,RmlnaHRlck5vZGU6MzMwNTY=,MC,Catchweight,165.0,KO/TKO,,1.0,2:00,300.0,-400.0,0
RmlnaHROb2RlOjU2MTAy,56102,randy-yellowhair-vs-lj-schultz-56102,RXZlbnROb2RlOjU4ODM=,RmlnaHRlck5vZGU6NTI3MTI=,RmlnaHRlck5vZGU6ODczNg==,,MC,Lightweight,155.0,,,,,,,0
RmlnaHROb2RlOjU2MTMx,56131,ben-robinson-vs-david-sanchez-56131,RXZlbnROb2RlOjU4ODM=,RmlnaHRlck5vZGU6MjIwMTg=,RmlnaHRlck5vZGU6NjM2NzM=,RmlnaHRlck5vZGU6NjM2NzM=,PL,Light Heavyweight,205.0,KO/TKO,,1.0,0:12,-625.0,450.0,0
RmlnaHROb2RlOjU2MjY4,56268,zac-cavender-vs-conor-bracken-56268,RXZlbnROb2RlOjU4ODM=,RmlnaHRlck5vZGU6MzExOTM=,RmlnaHRlck5vZGU6NjMyNDc=,RmlnaHRlck5vZGU6MzExOTM=,PL,Light Heavyweight,205.0,KO/TKO,,1.0,0:53,199.0,-249.0,0
RmlnaHROb2RlOjU2MTAz,56103,brandon-honsvick-vs-troy-dennison-56103,RXZlbnROb2RlOjU4ODM=,RmlnaHRlck5vZGU6NDE5Mjg=,RmlnaHRlck5vZGU6MzMwMjM=,RmlnaHRlck5vZGU6NDE5Mjg=,PL,Catchweight,160.0,KO/TKO,,1.0,0:51,255.0,-330.0,0
RmlnaHROb2RlOjU1NjM5,55639,justin-mcdonald-vs-bryan-mcdowell-55639,RXZlbnROb2RlOjU4ODM=,RmlnaHRlck5vZGU6NjMyOTg=,RmlnaHRlck5vZGU6NDk0NDE=,RmlnaHRlck5vZGU6NDk0NDE=,PL,Catchweight,175.0,KO/TKO,,1.0,2:00,-177.0,147.0,0
RmlnaHROb2RlOjU2MTAx,56101,michael-jones-vs-diego-romo-56101,RXZlbnROb2RlOjU4ODM=,RmlnaHRlck5vZGU6MzE0NzA=,RmlnaHRlck5vZGU6NTY3NzA=,,MC,Middleweight,185.0,,,,,,,0
RmlnaHROb2RlOjU1Mjk1,55295,christine-ferea-vs-jade-masson-wong-55295,RXZlbnROb2RlOjU4ODM=,RmlnaHRlck5vZGU6MTQzMzI=,RmlnaHRlck5vZGU6NDE4Njg=,RmlnaHRlck5vZGU6MTQzMzI=,ME,Flyweight,125.0,Decision,Split,5.0,5:00,-350.0,275.0,0
RmlnaHROb2RlOjYyODY0,62864,justin-sanchez-vs-justin-street-62864,RXZlbnROb2RlOjU4ODI=,RmlnaHRlck5vZGU6NTA3MTI=,RmlnaHRlck5vZGU6MzYxMTU=,RmlnaHRlck5vZGU6NTA3MTI=,MC,Catchweight,140.0,Decision,Unanimous,5.0,5:00,,,0
RmlnaHROb2RlOjU1MzUz,55353,alberto-blas-vs-ryan-reber-55353,RXZlbnROb2RlOjU4ODI=,RmlnaHRlck5vZGU6MjMxNDA=,RmlnaHRlck5vZGU6NDUxMjg=,RmlnaHRlck5vZGU6MjMxNDA=,ME,Bantamweight,135.0,KO/TKO,,1.0,0:56,-550.0,400.0,0
RmlnaHROb2RlOjU1ODMz,55833,aj-iriarte-vs-dameko-labon-55833,RXZlbnROb2RlOjU4ODI=,RmlnaHRlck5vZGU6NjE2OTk=,RmlnaHRlck5vZGU6NTUwNzE=,RmlnaHRlck5vZGU6NjE2OTk=,MC,Bantamweight,135.0,KO/TKO,,1.0,2:00,,,0
RmlnaHROb2RlOjU1NjM2,55636,jeremy-smith-vs-stephen-townsel-55636,RXZlbnROb2RlOjU4ODI=,RmlnaHRlck5vZGU6Mzc1MDE=,RmlnaHRlck5vZGU6NDM5MjA=,RmlnaHRlck5vZGU6NDM5MjA=,MC,Light Heavyweight,205.0,KO/TKO,,4.0,0:47,-240.0,190.0,0
RmlnaHROb2RlOjU1NjM3,55637,leonel-carerra-vs-sean-hotusing-55637,RXZlbnROb2RlOjU4ODI=,RmlnaHRlck5vZGU6NDQ4NTI=,RmlnaHRlck5vZGU6NDU2MjE=,RmlnaHRlck5vZGU6NDQ4NTI=,MC,Middleweight,185.0,Decision,Split,5.0,5:00,,,0
RmlnaHROb2RlOjU1NjEw,55610,howard-davis-vs-james-brown-55610,RXZlbnROb2RlOjU4ODI=,RmlnaHRlck5vZGU6NDI4MDY=,RmlnaHRlck5vZGU6MjA2NzI=,RmlnaHRlck5vZGU6NDI4MDY=,CO,Lightweight,155.0,KO/TKO,,1.0,1:41,-143.0,113.0,0
RmlnaHROb2RlOjU1NjA5,55609,peter-peraza-vs-raymond-pell-55609,RXZlbnROb2RlOjU4ODI=,RmlnaHRlck5vZGU6NDI4MzI=,RmlnaHRlck5vZGU6NTkzMTE=,RmlnaHRlck5vZGU6NDI4MzI=,MC,Catchweight,165.0,KO/TKO,,3.0,1:26,-200.0,160.0,0
RmlnaHROb2RlOjYyODY1,62865,jim-pulgar-vs-joshuah-alvarez-62865,RXZlbnROb2RlOjU4ODI=,RmlnaHRlck5vZGU6NTkzMTI=,RmlnaHRlck5vZGU6NDI4Mjg=,RmlnaHRlck5vZGU6NTkzMTI=,PL,Lightweight,155.0,Decision,Unanimous,5.0,5:00,,,0
RmlnaHROb2RlOjU2Mjg4,56288,almat-jumanov-vs-rayne-wells-56288,RXZlbnROb2RlOjU4ODI=,RmlnaHRlck5vZGU6NjM4NzY=,RmlnaHRlck5vZGU6NTk5NjE=,RmlnaHRlck5vZGU6NjM4NzY=,PL,Welterweight,168.0,KO/TKO,,1.0,1:41,-800.0,550.0,0
RmlnaHROb2RlOjU1NjEz,55613,julio-perez-vs-devonte-jeffery-55613,RXZlbnROb2RlOjU4ODI=,RmlnaHRlck5vZGU6NTkzMTQ=,RmlnaHRlck5vZGU6NTY5MDI=,RmlnaHRlck5vZGU6NTkzMTQ=,PL,Light Heavyweight,205.0,KO/TKO,,1.0,0:13,-600.0,425.0,0
RmlnaHROb2RlOjU1MzU0,55354,david-mundell-vs-muhammed-lawal-55354,RXZlbnROb2RlOjU4ODI=,RmlnaHRlck5vZGU6MTEwMzg=,RmlnaHRlck5vZGU6MTk3Ng==,,CO,,,,,,,,,1
RmlnaHROb2RlOjU1NjEy,55612,kendrick-miree-vs-joseph-white-55612,RXZlbnROb2RlOjU4ODI=,RmlnaHRlck5vZGU6NzU=,RmlnaHRlck5vZGU6NTQxNDU=,RmlnaHRlck5vZGU6NTQxNDU=,MC,Heavyweight,265.0,KO/TKO,,4.0,0:44,-135.0,105.0,0
RmlnaHROb2RlOjU1NjEx,55611,leonardo-perdomo-vs-steven-banks-55611,RXZlbnROb2RlOjU4ODI=,RmlnaHRlck5vZGU6NTQxNDQ=,RmlnaHRlck5vZGU6MjEyNg==,RmlnaHRlck5vZGU6NTQxNDQ=,MC,,,KO/TKO,,1.0,0:44,-2500.0,1100.0,0
RmlnaHROb2RlOjU2NDEz,56413,david-mundell-vs-danny-christie-56413,RXZlbnROb2RlOjU5MDg=,RmlnaHRlck5vZGU6MTEwMzg=,RmlnaHRlck5vZGU6NDc1NzQ=,RmlnaHRlck5vZGU6MTEwMzg=,MC,Catchweight,175.0,KO/TKO,,2.0,0:55,-450.0,350.0,0
RmlnaHROb2RlOjU2NjYz,56663,dan-chapman-vs-mike-jurik-56663,RXZlbnROb2RlOjU5MDg=,RmlnaHRlck5vZGU6NjQzNDI=,RmlnaHRlck5vZGU6NjQzNDM=,RmlnaHRlck5vZGU6NjQzNDI=,MC,Featherweight,145.0,KO/TKO,,1.0,1:26,-3300.0,1400.0,0
RmlnaHROb2RlOjU2NjQx,56641,felipe-maia-vs-james-lilley-56641,RXZlbnROb2RlOjU5MDg=,RmlnaHRlck5vZGU6MzkyNTM=,RmlnaHRlck5vZGU6Mjc3ODY=,RmlnaHRlck5vZGU6MzkyNTM=,MC,Catchweight,160.0,KO/TKO,,1.0,1:08,280.0,-355.0,0
RmlnaHROb2RlOjU2NjY2,56666,hannah-rankin-vs-sahel-bayat-56666,RXZlbnROb2RlOjU5MDg=,RmlnaHRlck5vZGU6NjQzNDY=,RmlnaHRlck5vZGU6NjQzNDc=,,MC,,,,,,,,,0
RmlnaHROb2RlOjY2NDM3,66437,hannah-rankin-vs-deborah-melhorn-66437,RXZlbnROb2RlOjU5MDg=,RmlnaHRlck5vZGU6NjQzNDY=,RmlnaHRlck5vZGU6NzA1OTc=,RmlnaHRlck5vZGU6NjQzNDY=,MC,Featherweight,145.0,Decision,Split,5.0,5:00,,,0
RmlnaHROb2RlOjU2NjY0,56664,yunus-emre-batan-vs-maxime-bellamy-56664,RXZlbnROb2RlOjU5MDg=,RmlnaHRlck5vZGU6NTU0MTQ=,RmlnaHRlck5vZGU6NjQzNDQ=,RmlnaHRlck5vZGU6NTU0MTQ=,MC,Catchweight,175.0,Decision,Unanimous,5.0,5:00,-160.0,130.0,0
RmlnaHROb2RlOjcwMTQ5,70149,nicolas-gaffie-vs-radek-stadler-70149,RXZlbnROb2RlOjU5MDg=,RmlnaHRlck5vZGU6NjgxNDY=,RmlnaHRlck5vZGU6NzEzNTc=,RmlnaHRlck5vZGU6NjgxNDY=,PL,Featherweight,145.0,KO/TKO,,2.0,1:04,,,0
RmlnaHROb2RlOjU2NjY1,56665,arbi-chakaev-vs-daniel-toledo-56665,RXZlbnROb2RlOjU5MDg=,RmlnaHRlck5vZGU6NjQzNDU=,RmlnaHRlck5vZGU6MjE1Nzg=,RmlnaHRlck5vZGU6NjQzNDU=,PL,Catchweight,210.0,KO/TKO,,1.0,0:59,-425.0,325.0,0
RmlnaHROb2RlOjU1NTQ2,55546,franco-tenaglia-vs-tony-soto-55546,RXZlbnROb2RlOjU5MDg=,RmlnaHRlck5vZGU6MTQ0NDE=,RmlnaHRlck5vZGU6NDEyNjM=,RmlnaHRlck5vZGU6MTQ0NDE=,ME,Lightweight,155.0,Decision,Majority,5.0,5:00,-105.0,-125.0,0
RmlnaHROb2RlOjU2NjY3,56667,fran-suarez-vs-david-mora-56667,RXZlbnROb2RlOjU5MDg=,RmlnaHRlck5vZGU6NjQzNDg=,RmlnaHRlck5vZGU6MzY4MjQ=,RmlnaHRlck5vZGU6MzY4MjQ=,PL,Lightweight,155.0,KO/TKO,Doctor Stoppage,4.0,2:00,165.0,-205.0,0
RmlnaHROb2RlOjU1NTQ3,55547,austin-trout-vs-rico-franco-55547,RXZlbnROb2RlOjU5MDg=,RmlnaHRlck5vZGU6NTAyMzM=,RmlnaHRlck5vZGU6MTgzODI=,RmlnaHRlck5vZGU6NTAyMzM=,CO,Catchweight,165.0,Decision,Unanimous,5.0,5:00,-505.0,380.0,0
RmlnaHROb2RlOjU3Mjc2,57276,ishiah-carson-vs-romero-figueroa-57276,RXZlbnROb2RlOjU5NzU=,RmlnaHRlck5vZGU6NjQ4NzI=,RmlnaHRlck5vZGU6NjQ4NzM=,RmlnaHRlck5vZGU6NjQ4NzM=,MC,Lightweight,155.0,KO/TKO,,1.0,2:00,,,0
RmlnaHROb2RlOjU2NzI5,56729,brandon-girtz-vs-cameron-vancamp-56729,RXZlbnROb2RlOjU5NzU=,RmlnaHRlck5vZGU6MTQ5Mw==,RmlnaHRlck5vZGU6MTYzNTI=,RmlnaHRlck5vZGU6MTYzNTI=,CO,Catchweight,165.0,Decision,Split,5.0,5:00,120.0,-150.0,0
RmlnaHROb2RlOjU2NzMy,56732,kathryn-paprocki-vs-sydney-smith-56732,RXZlbnROb2RlOjU5NzU=,RmlnaHRlck5vZGU6MjkzNzk=,RmlnaHRlck5vZGU6NTE3MTk=,RmlnaHRlck5vZGU6MjkzNzk=,MC,Strawweight,115.0,KO/TKO,,4.0,1:57,-360.0,285.0,0
RmlnaHROb2RlOjU2NjM0,56634,andrew-strode-vs-chancey-wilson-56634,RXZlbnROb2RlOjU5NzU=,RmlnaHRlck5vZGU6NTU4Nzc=,RmlnaHRlck5vZGU6MzMyNDI=,RmlnaHRlck5vZGU6NTU4Nzc=,MC,Flyweight,125.0,KO/TKO,,3.0,1:13,-240.0,190.0,0
RmlnaHROb2RlOjU2NjMz,56633,andrew-yates-vs-jordan-christensen-56633,RXZlbnROb2RlOjU5NzU=,RmlnaHRlck5vZGU6NTgwNQ==,RmlnaHRlck5vZGU6MzU1OTA=,RmlnaHRlck5vZGU6NTgwNQ==,PL,Catchweight,165.0,Decision,Unanimous,5.0,5:00,-249.0,199.0,0
RmlnaHROb2RlOjU2NzMw,56730,marcus-edwards-vs-pat-casey-56730,RXZlbnROb2RlOjU5NzU=,RmlnaHRlck5vZGU6NzI3MQ==,RmlnaHRlck5vZGU6MjQ5MDA=,RmlnaHRlck5vZGU6NzI3MQ==,MC,Catchweight,175.0,Decision,Unanimous,5.0,5:00,-355.0,280.0,0
RmlnaHROb2RlOjU2OTIw,56920,dusty-sparks-vs-hasan-alghanim-56920,RXZlbnROb2RlOjU5NzU=,RmlnaHRlck5vZGU6NjQ1NzQ=,RmlnaHRlck5vZGU6NTg1NTQ=,RmlnaHRlck5vZGU6NTg1NTQ=,PL,Lightweight,155.0,Decision,Unanimous,5.0,5:00,425.0,-600.0,0
RmlnaHROb2RlOjU2NzMx,56731,ruben-arroyo-vs-nash-diederichs-56731,RXZlbnROb2RlOjU5NzU=,RmlnaHRlck5vZGU6NjAxNDA=,RmlnaHRlck5vZGU6NjM4ODE=,RmlnaHRlck5vZGU6NjM4ODE=,PL,Lightweight,155.0,KO/TKO,,1.0,1:28,105.0,-135.0,0
RmlnaHROb2RlOjU2NjMy,56632,ramiro-figueroa-vs-carl-deaton-iii-56632,RXZlbnROb2RlOjU5NzU=,RmlnaHRlck5vZGU6NjAxMzk=,RmlnaHRlck5vZGU6NjYzNQ==,,MC,,,,,,,,,1
RmlnaHROb2RlOjU2NjYy,56662,darrian-leu-pierre-vs-grady-wall-56662,RXZlbnROb2RlOjU5NzU=,RmlnaHRlck5vZGU6NjQzMzk=,RmlnaHRlck5vZGU6NjQzNDA=,,MC,,,,,,,-650.0,475.0,1
RmlnaHROb2RlOjU2NjMx,56631,chris-camozzi-vs-sawyer-depee-56631,RXZlbnROb2RlOjU5NzU=,RmlnaHRlck5vZGU6OTg5,RmlnaHRlck5vZGU6NDIyMzc=,RmlnaHRlck5vZGU6OTg5,ME,Catchweight,200.0,KO/TKO,,1.0,1:06,-800.0,550.0,0
RmlnaHROb2RlOjU2NjM1,56635,dylan-schulte-vs-derek-perez-56635,RXZlbnROb2RlOjU5NzU=,RmlnaHRlck5vZGU6MzUyNTQ=,RmlnaHRlck5vZGU6MzU1ODM=,RmlnaHRlck5vZGU6MzUyNTQ=,MC,Bantamweight,135.0,KO/TKO,,2.0,1:54,-600.0,425.0,0
RmlnaHROb2RlOjU3Mjcw,57270,justin-howell-vs-lewis-glover-57270,RXZlbnROb2RlOjU5ODY=,RmlnaHRlck5vZGU6NjQ4NDI=,RmlnaHRlck5vZGU6NjQ4NDM=,RmlnaHRlck5vZGU6NjQ4NDM=,MC,Light Heavyweight,205.0,KO/TKO,,2.0,1:32,,,0
RmlnaHROb2RlOjU2OTA2,56906,brandon-bushaw-vs-rick-caruso-56906,RXZlbnROb2RlOjU5ODY=,RmlnaHRlck5vZGU6MjA2NTk=,RmlnaHRlck5vZGU6Mjk3MDk=,RmlnaHRlck5vZGU6Mjk3MDk=,ME,Featherweight,145.0,KO/TKO,,2.0,0:48,,,0
RmlnaHROb2RlOjU2OTA3,56907,jeremiah-scott-vs-dakota-highpine-56907,RXZlbnROb2RlOjU5ODY=,RmlnaHRlck5vZGU6MjA2NTc=,RmlnaHRlck5vZGU6NDg0ODI=,RmlnaHRlck5vZGU6MjA2NTc=,CO,Lightweight,155.0,KO/TKO,,1.0,1:52,,,0
RmlnaHROb2RlOjU3Mjcx,57271,jairo-santos-vs-cj-dean-57271,RXZlbnROb2RlOjU5ODY=,RmlnaHRlck5vZGU6NjQ4NDQ=,RmlnaHRlck5vZGU6NjQ4NDU=,RmlnaHRlck5vZGU6NjQ4NDQ=,MC,Featherweight,145.0,KO/TKO,,2.0,1:28,,,0
RmlnaHROb2RlOjU3Mjc1,57275,jackson-whitley-vs-chango-romero-57275,RXZlbnROb2RlOjU5ODY=,RmlnaHRlck5vZGU6NjQ4NTI=,RmlnaHRlck5vZGU6NjQ4NTM=,RmlnaHRlck5vZGU6NjQ4NTM=,MC,Catchweight,150.0,Decision,Split,5.0,5:00,,,0
RmlnaHROb2RlOjU3Mjcz,57273,jonathan-davis-vs-jason-danunzio-57273,RXZlbnROb2RlOjU5ODY=,RmlnaHRlck5vZGU6NjQ4NDg=,RmlnaHRlck5vZGU6NjQ4NDk=,,MC,,,,,,,,,1
RmlnaHROb2RlOjc1NjE4,75618,rodney-hinton-vs-jonathan-davis-75618,RXZlbnROb2RlOjU5ODY=,RmlnaHRlck5vZGU6NjY0MTU=,RmlnaHRlck5vZGU6NjQ4NDg=,RmlnaHRlck5vZGU6NjY0MTU=,MC,Catchweight,165.0,KO/TKO,,1.0,1:08,,,0
RmlnaHROb2RlOjU3Mjc0,57274,alexander-govea-vs-sarry-pierre-57274,RXZlbnROb2RlOjU5ODY=,RmlnaHRlck5vZGU6NjQ4NTA=,RmlnaHRlck5vZGU6NjQ4NTE=,RmlnaHRlck5vZGU6NjQ4NTE=,MC,Light Heavyweight,205.0,Decision,Split,5.0,5:00,,,0
RmlnaHROb2RlOjU3Mjcy,57272,adrian-delacruz-vs-rickie-mcconnico-57272,RXZlbnROb2RlOjU5ODY=,RmlnaHRlck5vZGU6NjQ4NDY=,RmlnaHRlck5vZGU6NjQ4NDc=,RmlnaHRlck5vZGU6NjQ4NDc=,MC,Catchweight,175.0,Decision,Split,5.0,5:00,,,0
RmlnaHROb2RlOjc1NjE3,75617,jairo-santos-vs-chris-dean-75617,RXZlbnROb2RlOjU5ODY=,RmlnaHRlck5vZGU6NjQ4NDQ=,RmlnaHRlck5vZGU6NjY1NzU=,RmlnaHRlck5vZGU6NjQ4NDQ=,MC,Featherweight,145.0,KO/TKO,,2.0,1:28,,,0
RmlnaHROb2RlOjU3Mjk1,57295,anthony-faulkner-vs-dawid-oskar-57295,RXZlbnROb2RlOjYwNDE=,RmlnaHRlck5vZGU6NDkzNDg=,RmlnaHRlck5vZGU6NTI5Mjk=,RmlnaHRlck5vZGU6NDkzNDg=,ME,Heavyweight,265.0,KO/TKO,,2.0,0:05,130.0,-160.0,0
RmlnaHROb2RlOjU3Mjk2,57296,matt-hodgson-vs-conor-cooke-57296,RXZlbnROb2RlOjYwNDE=,RmlnaHRlck5vZGU6NTcyMzY=,RmlnaHRlck5vZGU6MzcwNA==,RmlnaHRlck5vZGU6MzcwNA==,CO,,,Decision,Unanimous,5.0,5:00,-105.0,-125.0,0
RmlnaHROb2RlOjcyMDQ2,72046,brad-taylor-vs-robbie-brown-72046,RXZlbnROb2RlOjYwNDE=,RmlnaHRlck5vZGU6NTY3ODA=,RmlnaHRlck5vZGU6NTQxOTA=,RmlnaHRlck5vZGU6NTY3ODA=,MC,Bantamweight,135.0,Decision,Unanimous,5.0,5:00,,,0
RmlnaHROb2RlOjU3Mjk5,57299,gary-fox-vs-john-spencer-57299,RXZlbnROb2RlOjYwNDE=,RmlnaHRlck5vZGU6NTAzNDg=,RmlnaHRlck5vZGU6MTc0NjM=,RmlnaHRlck5vZGU6NTAzNDg=,MC,Featherweight,145.0,KO/TKO,,2.0,0:54,-5000.0,1800.0,0
RmlnaHROb2RlOjU3Mjk4,57298,anthony-holmes-vs-chaz-wasserman-57298,RXZlbnROb2RlOjYwNDE=,RmlnaHRlck5vZGU6NDkwMjk=,RmlnaHRlck5vZGU6NDcwMzQ=,RmlnaHRlck5vZGU6NDkwMjk=,MC,Middleweight,185.0,KO/TKO,,2.0,1:33,-220.0,180.0,0
RmlnaHROb2RlOjU3MzM5,57339,mat-wiwczaryk-vs-bart-krol-57339,RXZlbnROb2RlOjYwNDE=,RmlnaHRlck5vZGU6NjQ5MTA=,RmlnaHRlck5vZGU6NTE3MDU=,RmlnaHRlck5vZGU6NTE3MDU=,MC,Catchweight,175.0,Decision,Unanimous,5.0,5:00,200.0,-260.0,0
RmlnaHROb2RlOjU3MzM4,57338,karl-thompson-vs-dawid-chylinski-57338,RXZlbnROb2RlOjYwNDE=,RmlnaHRlck5vZGU6NTI5MzI=,RmlnaHRlck5vZGU6NjQ5MDk=,RmlnaHRlck5vZGU6NTI5MzI=,MC,Heavyweight,265.0,KO/TKO,,3.0,1:25,-260.0,200.0,0
RmlnaHROb2RlOjU3Mjk3,57297,lewis-keen-vs-ben-bonner-57297,RXZlbnROb2RlOjYwNDE=,RmlnaHRlck5vZGU6NDk2ODI=,RmlnaHRlck5vZGU6NTAzNTA=,RmlnaHRlck5vZGU6NTAzNTA=,MC,Lightweight,155.0,KO/TKO,,1.0,1:44,-280.0,220.0,0
RmlnaHROb2RlOjU3MzAx,57301,matty-hill-vs-lee-browne-57301,RXZlbnROb2RlOjYwNDE=,RmlnaHRlck5vZGU6NTI5Mjg=,RmlnaHRlck5vZGU6NDkzNDY=,RmlnaHRlck5vZGU6NTI5Mjg=,MC,Heavyweight,265.0,KO/TKO,,2.0,1:48,-350.0,275.0,0
RmlnaHROb2RlOjU3MzAw,57300,paul-cook-vs-luke-beamish-57300,RXZlbnROb2RlOjYwNDE=,RmlnaHRlck5vZGU6NDU5NQ==,RmlnaHRlck5vZGU6NjE4Mjg=,RmlnaHRlck5vZGU6NjE4Mjg=,MC,Catchweight,165.0,Decision,Unanimous,5.0,5:00,-160.0,130.0,0
RmlnaHROb2RlOjU3MzAy,57302,danny-moir-vs-kyle-redfern-57302,RXZlbnROb2RlOjYwNDE=,RmlnaHRlck5vZGU6NjE4MTk=,RmlnaHRlck5vZGU6NDY1NQ==,RmlnaHRlck5vZGU6NjE4MTk=,MC,Middleweight,185.0,KO/TKO,Doctor Stoppage (Face Injury),2.0,1:51,-265.0,205.0,0
RmlnaHROb2RlOjU3Mzkw,57390,will-cairns-vs-oscar-smykiel-57390,RXZlbnROb2RlOjYwNDE=,RmlnaHRlck5vZGU6MTA3NDk=,RmlnaHRlck5vZGU6NjQ5MTE=,,MC,,,,,,,425.0,-600.0,1
RmlnaHROb2RlOjU3MzQw,57340,luke-haigh-vs-oscar-smykiel-57340,RXZlbnROb2RlOjYwNDE=,RmlnaHRlck5vZGU6NTAyNDI=,RmlnaHRlck5vZGU6NjQ5MTE=,,MC,,,,,,,130.0,-160.0,1
RmlnaHROb2RlOjU3NDc2,57476,dallas-davison-vs-christian-torres-57476,RXZlbnROb2RlOjYwNDA=,RmlnaHRlck5vZGU6NDIyMzg=,RmlnaHRlck5vZGU6OTA1MQ==,RmlnaHRlck5vZGU6NDIyMzg=,MC,Welterweight,170.0,KO/TKO,,1.0,2:00,-275.0,215.0,0
RmlnaHROb2RlOjU3NDk3,57497,aj-craig-vs-elijah-jamerson-57497,RXZlbnROb2RlOjYwNDA=,RmlnaHRlck5vZGU6NjUxMTU=,RmlnaHRlck5vZGU6NjM4NjE=,RmlnaHRlck5vZGU6NjM4NjE=,PL,Bantamweight,135.0,KO/TKO,,1.0,1:39,-160.0,130.0,0
RmlnaHROb2RlOjY4Njk5,68699,louie-lopez-vs-robert-armas-68699,RXZlbnROb2RlOjYwNDA=,RmlnaHRlck5vZGU6Mzk0NDg=,RmlnaHRlck5vZGU6NDUxMzI=,RmlnaHRlck5vZGU6Mzk0NDg=,MC,Featherweight,145.0,Decision,Unanimous,5.0,5:00,,,0
RmlnaHROb2RlOjU3MzIy,57322,alfredo-angulo-vs-julian-lane-57322,RXZlbnROb2RlOjYwNDA=,RmlnaHRlck5vZGU6NjAwNzI=,RmlnaHRlck5vZGU6MTgzNQ==,RmlnaHRlck5vZGU6MTgzNQ==,CO,Welterweight,170.0,Decision,Unanimous,5.0,5:00,-165.0,135.0,0
RmlnaHROb2RlOjU3MzI0,57324,bryant-acheson-vs-scott-roberts-57324,RXZlbnROb2RlOjYwNDA=,RmlnaHRlck5vZGU6NDIyMzM=,RmlnaHRlck5vZGU6Mjg2OTc=,RmlnaHRlck5vZGU6NDIyMzM=,MC,Light Heavyweight,205.0,KO/TKO,,1.0,0:48,-450.0,350.0,0
RmlnaHROb2RlOjU3MzIz,57323,brandon-allen-vs-timmy-mason-57323,RXZlbnROb2RlOjYwNDA=,RmlnaHRlck5vZGU6NDEyNjg=,RmlnaHRlck5vZGU6NDQ4NDk=,RmlnaHRlck5vZGU6NDEyNjg=,MC,Featherweight,145.0,KO/TKO,,3.0,0:38,-440.0,340.0,0
RmlnaHROb2RlOjU3MzI1,57325,carlos-trinidad-vs-zach-juusola-57325,RXZlbnROb2RlOjYwNDA=,RmlnaHRlck5vZGU6NDU0NjM=,RmlnaHRlck5vZGU6MzUzOQ==,RmlnaHRlck5vZGU6NDU0NjM=,MC,Welterweight,170.0,KO/TKO,,3.0,0:56,-265.0,205.0,0
RmlnaHROb2RlOjU3MzIx,57321,kai-stewart-vs-jimmie-rivera-57321,RXZlbnROb2RlOjYwNDA=,RmlnaHRlck5vZGU6NDIyMzA=,RmlnaHRlck5vZGU6NjI=,RmlnaHRlck5vZGU6NDIyMzA=,ME,Featherweight,145.0,Decision,Unanimous,5.0,5:00,-350.0,275.0,0
RmlnaHROb2RlOjU3MzI2,57326,leo-bercier-vs-drew-nolan-57326,RXZlbnROb2RlOjYwNDA=,RmlnaHRlck5vZGU6MTYyOTQ=,RmlnaHRlck5vZGU6NTI5Mzc=,RmlnaHRlck5vZGU6MTYyOTQ=,PL,Light Heavyweight,205.0,KO/TKO,,1.0,1:42,-650.0,475.0,0
RmlnaHROb2RlOjU3MzI3,57327,natalie-gage-vs-gabrielle-roman-57327,RXZlbnROb2RlOjYwNDA=,RmlnaHRlck5vZGU6NjAwMzQ=,RmlnaHRlck5vZGU6NTIwNTk=,RmlnaHRlck5vZGU6NjAwMzQ=,PL,Strawweight,115.0,Decision,Unanimous,5.0,5:00,-155.0,125.0,0
RmlnaHROb2RlOjU3MzU4,57358,corey-willis-vs-brady-meister-57358,RXZlbnROb2RlOjYwNDA=,RmlnaHRlck5vZGU6NTEwMjQ=,RmlnaHRlck5vZGU6NTI5MjI=,RmlnaHRlck5vZGU6NTEwMjQ=,MC,Heavyweight,265.0,KO/TKO,,1.0,1:01,325.0,-425.0,0
RmlnaHROb2RlOjU3MzI4,57328,dorian-long-vs-brandon-meyer-57328,RXZlbnROb2RlOjYwNDA=,RmlnaHRlck5vZGU6NTI5MjE=,RmlnaHRlck5vZGU6MjI5NzM=,,PL,,,,,,,,,1
RmlnaHROb2RlOjU3MzU3,57357,dallas-davidson-vs-christian-torres-57357,RXZlbnROb2RlOjYwNDA=,RmlnaHRlck5vZGU6NjQ5MzA=,RmlnaHRlck5vZGU6OTA1MQ==,,MC,,,,,,,,,0
RmlnaHROb2RlOjc0NTgy,74582,louie-lopez-vs-roberto-armas-74582,RXZlbnROb2RlOjYwNDA=,RmlnaHRlck5vZGU6Mzk0NDg=,RmlnaHRlck5vZGU6NTYyMDE=,RmlnaHRlck5vZGU6Mzk0NDg=,MC,Featherweight,145.0,Decision,Unanimous,5.0,5:00,,,0
RmlnaHROb2RlOjU3MzEz,57313,vincent-familari-vs-michael-manno-57313,RXZlbnROb2RlOjYwMzk=,RmlnaHRlck5vZGU6NjAxNTU=,RmlnaHRlck5vZGU6NDY3MjE=,RmlnaHRlck5vZGU6NDY3MjE=,MC,Catchweight,175.0,KO/TKO,,4.0,2:00,,,0
RmlnaHROb2RlOjU3MzEy,57312,dan-godoy-vs-ryan-peterson-57312,RXZlbnROb2RlOjYwMzk=,RmlnaHRlck5vZGU6NjM4ODA=,RmlnaHRlck5vZGU6NTM0NDA=,RmlnaHRlck5vZGU6NTM0NDA=,MC,Catchweight,165.0,KO/TKO,,2.0,2:00,150.0,-180.0,0
RmlnaHROb2RlOjU3MzEx,57311,rodney-thomas-vs-danasabe-mohammed-57311,RXZlbnROb2RlOjYwMzk=,RmlnaHRlck5vZGU6NjI5Nzk=,RmlnaHRlck5vZGU6ODkzMw==,RmlnaHRlck5vZGU6ODkzMw==,MC,Catchweight,175.0,KO/TKO,,2.0,0:09,-105.0,-125.0,0
RmlnaHROb2RlOjU3MzE0,57314,mike-hansen-vs-dominick-carey-57314,RXZlbnROb2RlOjYwMzk=,RmlnaHRlck5vZGU6MjA1Mzg=,RmlnaHRlck5vZGU6NTYxNDI=,RmlnaHRlck5vZGU6MjA1Mzg=,MC,Flyweight,125.0,KO/TKO,,1.0,1:47,-150.0,120.0,0
RmlnaHROb2RlOjU3MzA5,57309,lavar-johnson-vs-rashad-coulter-57309,RXZlbnROb2RlOjYwMzk=,RmlnaHRlck5vZGU6MTEzMQ==,RmlnaHRlck5vZGU6NjQ0Nw==,,CO,,,,,,,,,1
RmlnaHROb2RlOjU3NDg3,57487,chase-gormley-vs-tylor-sijohn-57487,RXZlbnROb2RlOjYwMzk=,RmlnaHRlck5vZGU6MTA3OQ==,RmlnaHRlck5vZGU6NjUxMTI=,RmlnaHRlck5vZGU6MTA3OQ==,MC,Heavyweight,265.0,KO/TKO,,2.0,0:54,-240.0,190.0,0
RmlnaHROb2RlOjU3MzA4,57308,ruben-warr-vs-bovar-khanakov-57308,RXZlbnROb2RlOjYwMzk=,RmlnaHRlck5vZGU6Mjc5NTI=,RmlnaHRlck5vZGU6NTA5ODc=,RmlnaHRlck5vZGU6NTA5ODc=,CO,Lightweight,155.0,Decision,Unanimous,5.0,5:00,-108.0,-122.0,0
RmlnaHROb2RlOjU3MzEw,57310,keith-richardson-vs-brandon-conley-57310,RXZlbnROb2RlOjYwMzk=,RmlnaHRlck5vZGU6NjAxNTY=,RmlnaHRlck5vZGU6NjI3OTc=,RmlnaHRlck5vZGU6NjI3OTc=,MC,Light Heavyweight,205.0,KO/TKO,,2.0,2:00,105.0,-135.0,0
RmlnaHROb2RlOjU3NDg2,57486,steven-sainsbury-vs-paulo-machado-57486,RXZlbnROb2RlOjYwMzk=,RmlnaHRlck5vZGU6NjUxMTE=,RmlnaHRlck5vZGU6MzU5ODU=,RmlnaHRlck5vZGU6NjUxMTE=,MC,Welterweight,170.0,KO/TKO,,3.0,1:26,,,0
RmlnaHROb2RlOjU3MzUx,57351,cody-vidal-vs-kevin-buckley-57351,RXZlbnROb2RlOjYwMzk=,RmlnaHRlck5vZGU6Mjk5MjM=,RmlnaHRlck5vZGU6NjQ5MTU=,RmlnaHRlck5vZGU6Mjk5MjM=,MC,Catchweight,200.0,KO/TKO,,2.0,1:48,-110.0,-120.0,0
RmlnaHROb2RlOjU3NDcy,57472,joshua-ofiu-vs-caleb-avila-57472,RXZlbnROb2RlOjYwMzk=,RmlnaHRlck5vZGU6MTA4MDk=,RmlnaHRlck5vZGU6NjI2Mzk=,,MC,,,,,,,,,1
RmlnaHROb2RlOjU3NzIy,57722,anthony-garrett-vs-lavar-johnson-57722,RXZlbnROb2RlOjYwMzk=,RmlnaHRlck5vZGU6MzM0NTI=,RmlnaHRlck5vZGU6MTEzMQ==,RmlnaHRlck5vZGU6MzM0NTI=,ME,Heavyweight,265.0,KO/TKO,,1.0,0:12,,,0
RmlnaHROb2RlOjU3NDYy,57462,keith-richardson-vs-michael-larrimore-57462,RXZlbnROb2RlOjYwMzg=,RmlnaHRlck5vZGU6MjczNg==,RmlnaHRlck5vZGU6NTQ4NDk=,RmlnaHRlck5vZGU6MjczNg==,ME,Bantamweight,135.0,KO/TKO,,1.0,0:21,-285.0,225.0,0
RmlnaHROb2RlOjU3NDYz,57463,joe-elmore-vs-derrick-findley-57463,RXZlbnROb2RlOjYwMzg=,RmlnaHRlck5vZGU6MTc3Ng==,RmlnaHRlck5vZGU6NDE1NTE=,RmlnaHRlck5vZGU6NDE1NTE=,CO,Welterweight,170.0,Decision,Split,5.0,5:00,-125.0,-105.0,0
RmlnaHROb2RlOjU3NDY0,57464,nathan-maness-vs-nick-burgos-57464,RXZlbnROb2RlOjYwMzg=,RmlnaHRlck5vZGU6Mjc5ODQ=,RmlnaHRlck5vZGU6NzU5MQ==,RmlnaHRlck5vZGU6Mjc5ODQ=,MC,Bantamweight,135.0,KO/TKO,,3.0,2:59,-1000.0,700.0,0
RmlnaHROb2RlOjU3NDgy,57482,dexter-carthon-vs-joe-ray-57482,RXZlbnROb2RlOjYwMzg=,RmlnaHRlck5vZGU6MTc4NjU=,RmlnaHRlck5vZGU6NTg4MDI=,RmlnaHRlck5vZGU6NTg4MDI=,MC,Heavyweight,265.0,KO/TKO,,3.0,1:08,160.0,-200.0,0
RmlnaHROb2RlOjU3NDY4,57468,samuel-samples-vs-micah-livingston-57468,RXZlbnROb2RlOjYwMzg=,RmlnaHRlck5vZGU6MzYwNjU=,RmlnaHRlck5vZGU6NTkxMjA=,RmlnaHRlck5vZGU6MzYwNjU=,PL,Bantamweight,135.0,KO/TKO,,1.0,1:08,,,0
RmlnaHROb2RlOjU3NTEx,57511,braxton-smith-vs-alex-davis-57511,RXZlbnROb2RlOjYwMzg=,RmlnaHRlck5vZGU6MTAwNzQ=,RmlnaHRlck5vZGU6NjUxNTU=,RmlnaHRlck5vZGU6MTAwNzQ=,PL,Heavyweight,265.0,KO/TKO,,3.0,0:57,,,0
RmlnaHROb2RlOjU3NDg0,57484,cole-ferrell-vs-justin-watson-57484,RXZlbnROb2RlOjYwMzg=,RmlnaHRlck5vZGU6NTE3MTc=,RmlnaHRlck5vZGU6NTUwNzI=,RmlnaHRlck5vZGU6NTUwNzI=,MC,Featherweight,145.0,KO/TKO,Right Hand,1.0,0:02,-1000.0,700.0,0
RmlnaHROb2RlOjU3NDgz,57483,emma-murray-vs-crystal-van-wyk-57483,RXZlbnROb2RlOjYwMzg=,RmlnaHRlck5vZGU6NjUxMDA=,RmlnaHRlck5vZGU6NTI5Njc=,RmlnaHRlck5vZGU6NTI5Njc=,MC,Strawweight,115.0,Decision,Unanimous,5.0,5:00,-110.0,-120.0,0
RmlnaHROb2RlOjU3OTc5,57979,harrison-aiken-vs-idrees-wasi-57979,RXZlbnROb2RlOjYwMzg=,RmlnaHRlck5vZGU6NjU0ODg=,RmlnaHRlck5vZGU6MTc3MTY=,,PL,Heavyweight,265.0,,,,,,,1
RmlnaHROb2RlOjU3NDg1,57485,tamir-johnson-vs-eduardo-paz-57485,RXZlbnROb2RlOjYwMzg=,RmlnaHRlck5vZGU6NjUxMDE=,RmlnaHRlck5vZGU6NjUxMDI=,,PL,,,,,,,,,1
RmlnaHROb2RlOjU3NDY1,57465,joseph-creer-vs-david-simpson-57465,RXZlbnROb2RlOjYwMzg=,RmlnaHRlck5vZGU6MzMwMzM=,RmlnaHRlck5vZGU6MzY5OTQ=,RmlnaHRlck5vZGU6MzMwMzM=,MC,,,Decision,Unanimous,5.0,5:00,-205.0,165.0,0
RmlnaHROb2RlOjU3NDY2,57466,nathan-rivera-vs-justin-street-57466,RXZlbnROb2RlOjYwMzg=,RmlnaHRlck5vZGU6NTY3NzE=,RmlnaHRlck5vZGU6MzYxMTU=,RmlnaHRlck5vZGU6NTY3NzE=,MC,Featherweight,145.0,Decision,Unanimous,5.0,5:00,-650.0,475.0,0
RmlnaHROb2RlOjU3OTQ5,57949,joshua-marer-vs-kenny-hill-57949,RXZlbnROb2RlOjYwMzg=,RmlnaHRlck5vZGU6MzU4MjE=,RmlnaHRlck5vZGU6MjA2NTg=,RmlnaHRlck5vZGU6MzU4MjE=,PL,Lightweight,155.0,KO/TKO,,1.0,Roun,,,1
RmlnaHROb2RlOjU3NDY5,57469,louis-brewington-vs-daniel-cooper-57469,RXZlbnROb2RlOjYwMzg=,RmlnaHRlck5vZGU6NDQzNzE=,RmlnaHRlck5vZGU6NDEzNDk=,RmlnaHRlck5vZGU6NDEzNDk=,PL,Middleweight,185.0,KO/TKO,,1.0,Roun,,,0
RmlnaHROb2RlOjU3NjQy,57642,gee-perez-vs-cary-caprio-57642,RXZlbnROb2RlOjYwMzc=,RmlnaHRlck5vZGU6NDk2NzY=,RmlnaHRlck5vZGU6NDY2MTQ=,RmlnaHRlck5vZGU6NDk2NzY=,MC,Flyweight,125.0,KO/TKO,Injury (Dislocated Shoulder),1.0,0:44,-300.0,240.0,0
RmlnaHROb2RlOjU3NjY2,57666,francesco-ricchi-vs-blake-lacaze-57666,RXZlbnROb2RlOjYwMzc=,RmlnaHRlck5vZGU6MzUyMTc=,RmlnaHRlck5vZGU6NDg1ODA=,RmlnaHRlck5vZGU6MzUyMTc=,PL,Catchweight,175.0,Decision,Unanimous,5.0,5:00,-1000.0,700.0,0
RmlnaHROb2RlOjU3MzA0,57304,jared-warren-vs-mike-richman-57304,RXZlbnROb2RlOjYwMzc=,RmlnaHRlck5vZGU6MzUyMTI=,RmlnaHRlck5vZGU6MTk2NQ==,RmlnaHRlck5vZGU6MTk2NQ==,ME,Middleweight,185.0,KO/TKO,Right Hand,1.0,0:44,-219.0,179.0,0
RmlnaHROb2RlOjU3MzA1,57305,christine-ferea-vs-christine-vicens-57305,RXZlbnROb2RlOjYwMzc=,RmlnaHRlck5vZGU6MTQzMzI=,RmlnaHRlck5vZGU6NDM5MjE=,RmlnaHRlck5vZGU6MTQzMzI=,CO,Flyweight,125.0,KO/TKO,Doctor Stoppage (Cut),4.0,1:22,-275.0,215.0,0
RmlnaHROb2RlOjU3NTQw,57540,leonardo-perdomo-vs-levi-da-costa-57540,RXZlbnROb2RlOjYwMzc=,RmlnaHRlck5vZGU6NTQxNDQ=,RmlnaHRlck5vZGU6MTE1OTg=,RmlnaHRlck5vZGU6NTQxNDQ=,MC,Heavyweight,265.0,KO/TKO,Punch,1.0,0:47,-1800.0,900.0,0
RmlnaHROb2RlOjU4MDkx,58091,bryan-duran-vs-kasim-ruffin-58091,RXZlbnROb2RlOjYwMzc=,RmlnaHRlck5vZGU6NDQ3NjI=,RmlnaHRlck5vZGU6NDIyMTY=,RmlnaHRlck5vZGU6NDQ3NjI=,MC,Catchweight,150.0,KO/TKO,Punches,1.0,1:59,-240.0,190.0,0
RmlnaHROb2RlOjU3NjY3,57667,rafael-carvalho-vs-gilbert-fuentes-57667,RXZlbnROb2RlOjYwMzc=,RmlnaHRlck5vZGU6NjQ0Ng==,RmlnaHRlck5vZGU6NjUzNDI=,,PL,Light Heavyweight,205.0,,,,,,,0
RmlnaHROb2RlOjU3OTYw,57960,brock-walker-vs-nicholas-blume-57960,RXZlbnROb2RlOjYwMzc=,RmlnaHRlck5vZGU6NjU0NTc=,RmlnaHRlck5vZGU6NjU0NTg=,RmlnaHRlck5vZGU6NjU0NTc=,PL,Heavyweight,265.0,KO/TKO,Left Hand,4.0,1:04,425.0,-600.0,0
RmlnaHROb2RlOjU3NjQz,57643,justin-sanchez-vs-derek-perez-57643,RXZlbnROb2RlOjYwMzc=,RmlnaHRlck5vZGU6NTA3MTI=,RmlnaHRlck5vZGU6MzU1ODM=,RmlnaHRlck5vZGU6NTA3MTI=,MC,Bantamweight,135.0,KO/TKO,Right Hands,2.0,1:04,-3000.0,1500.0,0
RmlnaHROb2RlOjU4MDE3,58017,sabah-homasi-vs-eduardo-peralta-58017,RXZlbnROb2RlOjYwMzc=,RmlnaHRlck5vZGU6MjA4Mg==,RmlnaHRlck5vZGU6MzU0NzY=,RmlnaHRlck5vZGU6MjA4Mg==,MC,Catchweight,175.0,KO/TKO,Right Hand,2.0,1:02,-500.0,375.0,0
RmlnaHROb2RlOjU3NjQ0,57644,tyler-randall-vs-austin-lewis-57644,RXZlbnROb2RlOjYwMzc=,RmlnaHRlck5vZGU6NDI4MDc=,RmlnaHRlck5vZGU6NTQ3OTE=,RmlnaHRlck5vZGU6NDI4MDc=,PL,Flyweight,125.0,KO/TKO,Punches,1.0,1:46,-700.0,500.0,0
RmlnaHROb2RlOjU3OTA5,57909,edgard-plazaola-vs-alex-castro-57909,RXZlbnROb2RlOjYwMzc=,RmlnaHRlck5vZGU6NDM5MjI=,RmlnaHRlck5vZGU6MTA1MjY=,RmlnaHRlck5vZGU6NDM5MjI=,MC,Featherweight,145.0,KO/TKO,Punches,4.0,1:25,-2000.0,1000.0,0
RmlnaHROb2RlOjU4MDYw,58060,luis-villasenor-vs-jeremy-sauceda-58060,RXZlbnROb2RlOjYwODc=,RmlnaHRlck5vZGU6NDIyMjk=,RmlnaHRlck5vZGU6NDgzMTc=,RmlnaHRlck5vZGU6NDgzMTc=,MC,Catchweight,175.0,KO/TKO,,1.0,0:38,-200.0,160.0,0
RmlnaHROb2RlOjU4NDkx,58491,alexander-gutierrez-vs-justyn-martinez-58491,RXZlbnROb2RlOjYwODc=,RmlnaHRlck5vZGU6NjI5Nzc=,RmlnaHRlck5vZGU6NDQ1NTA=,RmlnaHRlck5vZGU6NDQ1NTA=,MC,Flyweight,125.0,KO/TKO,,1.0,1:05,-475.0,375.0,0
RmlnaHROb2RlOjU4MDEw,58010,evgeny-kurdanov-vs-elvin-brito-58010,RXZlbnROb2RlOjYwODc=,RmlnaHRlck5vZGU6NDg5NDY=,RmlnaHRlck5vZGU6MzQ2Nw==,RmlnaHRlck5vZGU6NDg5NDY=,ME,Catchweight,165.0,Decision,Unanimous,5.0,5:00,-178.0,148.0,0
RmlnaHROb2RlOjU4MDEx,58011,robbie-peralta-vs-jordan-christensen-58011,RXZlbnROb2RlOjYwODc=,RmlnaHRlck5vZGU6MTI2MA==,RmlnaHRlck5vZGU6MzU1OTA=,RmlnaHRlck5vZGU6MTI2MA==,CO,Lightweight,155.0,Decision,Unanimous,5.0,5:00,-740.0,540.0,0
RmlnaHROb2RlOjU4NDkw,58490,ryan-peterson-vs-matt-socholotiuk-58490,RXZlbnROb2RlOjYwODc=,RmlnaHRlck5vZGU6NTM0NDA=,RmlnaHRlck5vZGU6Mjg0Mzg=,RmlnaHRlck5vZGU6NTM0NDA=,MC,Catchweight,165.0,Decision,Unanimous,5.0,5:00,205.0,-265.0,0
RmlnaHROb2RlOjU4MDMy,58032,rodney-thomas-vs-art-driscoll-58032,RXZlbnROb2RlOjYwODc=,RmlnaHRlck5vZGU6NjI5Nzk=,RmlnaHRlck5vZGU6NDI4NDA=,RmlnaHRlck5vZGU6NjI5Nzk=,MC,Catchweight,160.0,Decision,Unanimous,5.0,5:00,-550.0,400.0,0
RmlnaHROb2RlOjU4MTQ5,58149,mike-andaya-vs-dan-godoy-58149,RXZlbnROb2RlOjYwODc=,RmlnaHRlck5vZGU6MjQ4NzI=,RmlnaHRlck5vZGU6NjM4ODA=,RmlnaHRlck5vZGU6MjQ4NzI=,MC,Lightweight,155.0,KO/TKO,,2.0,0:45,-265.0,205.0,0
RmlnaHROb2RlOjU4MDU5,58059,caleb-avila-vs-tylor-sijohn-58059,RXZlbnROb2RlOjYwODc=,RmlnaHRlck5vZGU6NjI2Mzk=,RmlnaHRlck5vZGU6NjUxMTI=,RmlnaHRlck5vZGU6NjI2Mzk=,MC,Heavyweight,265.0,KO/TKO,,3.0,1:25,-550.0,400.0,0
RmlnaHROb2RlOjU4MTYx,58161,iman-williams-vs-gabriel-mota-58161,RXZlbnROb2RlOjYwODc=,RmlnaHRlck5vZGU6NjU2ODc=,RmlnaHRlck5vZGU6NDA1MDU=,RmlnaHRlck5vZGU6NjU2ODc=,MC,Heavyweight,265.0,KO/TKO,,1.0,1:54,-305.0,245.0,0
RmlnaHROb2RlOjU4MDU4,58058,fernando-gonzalez-vs-erick-lozano-58058,RXZlbnROb2RlOjYwODc=,RmlnaHRlck5vZGU6NDkwMA==,RmlnaHRlck5vZGU6MzAwNzM=,,MC,,,,,,,-205.0,165.0,1
RmlnaHROb2RlOjU4MDEy,58012,mike-hansen-vs-justyn-martinez-58012,RXZlbnROb2RlOjYwODc=,RmlnaHRlck5vZGU6MjA1Mzg=,RmlnaHRlck5vZGU6NDQ1NTA=,,MC,,,,,,,,,1
RmlnaHROb2RlOjU4MzU5,58359,phil-caracappa-vs-noah-norman-58359,RXZlbnROb2RlOjYwNzI=,RmlnaHRlck5vZGU6Mjg5NDA=,RmlnaHRlck5vZGU6NjU4NDQ=,RmlnaHRlck5vZGU6Mjg5NDA=,MC,Bantamweight,135.0,Disqualification,Repeated Fouls,4.0,0:40,-180.0,150.0,0
RmlnaHROb2RlOjU3NjM4,57638,eddie-alvarez-vs-jeremy-stephens-57638,RXZlbnROb2RlOjYwNzI=,RmlnaHRlck5vZGU6MTY0Ng==,RmlnaHRlck5vZGU6ODgy,RmlnaHRlck5vZGU6ODgy,ME,Catchweight,165.0,KO/TKO,Corner Stoppage,3.0,2:00,145.0,-175.0,0
RmlnaHROb2RlOjU4MjQw,58240,joey-dawejko-vs-steven-banks-58240,RXZlbnROb2RlOjYwNzI=,RmlnaHRlck5vZGU6NjU3MzU=,RmlnaHRlck5vZGU6MjEyNg==,RmlnaHRlck5vZGU6MjEyNg==,MC,,300.0,KO/TKO,Punches,3.0,1:54,-1800.0,900.0,0
RmlnaHROb2RlOjU4MTcx,58171,patrick-brady-vs-zachary-calmus-58171,RXZlbnROb2RlOjYwNzI=,RmlnaHRlck5vZGU6NTEwMjY=,RmlnaHRlck5vZGU6Mzk0NDY=,RmlnaHRlck5vZGU6NTEwMjY=,MC,Heavyweight,265.0,KO/TKO,Punches,1.0,0:53,-210.0,170.0,0
RmlnaHROb2RlOjYzNTIx,63521,bec-rawlings-vs-taylor-starling-63521,RXZlbnROb2RlOjYwNzI=,RmlnaHRlck5vZGU6NjE0MQ==,RmlnaHRlck5vZGU6MzM2MTk=,RmlnaHRlck5vZGU6NjE0MQ==,MC,Flyweight,125.0,Decision,Unanimous,5.0,5:00,,,0
RmlnaHROb2RlOjU4MzQ1,58345,john-garbarino-vs-apostle-spencer-58345,RXZlbnROb2RlOjYwNzI=,RmlnaHRlck5vZGU6MjgxNzQ=,RmlnaHRlck5vZGU6NTgyOTg=,RmlnaHRlck5vZGU6MjgxNzQ=,MC,Catchweight,175.0,KO/TKO,Overhand Right,1.0,1:59,-3300.0,1400.0,0
RmlnaHROb2RlOjU3OTk2,57996,mick-terrill-vs-ben-rothwell-57996,RXZlbnROb2RlOjYwNzI=,RmlnaHRlck5vZGU6Mzk0NDU=,RmlnaHRlck5vZGU6MjA=,RmlnaHRlck5vZGU6MjA=,CO,,300.0,KO/TKO,Right Hand,1.0,0:36,-170.0,140.0,0
RmlnaHROb2RlOjU4MzQ3,58347,itso-babulaidze-vs-bryan-mcdowell-58347,RXZlbnROb2RlOjYwNzI=,RmlnaHRlck5vZGU6MzY5NDU=,RmlnaHRlck5vZGU6NDk0NDE=,RmlnaHRlck5vZGU6MzY5NDU=,PL,Catchweight,175.0,Decision,Unanimous,5.0,5:00,-325.0,250.0,0
RmlnaHROb2RlOjU4MzU4,58358,cody-russell-vs-logan-tucker-58358,RXZlbnROb2RlOjYwNzI=,RmlnaHRlck5vZGU6NjU4NDI=,RmlnaHRlck5vZGU6NjU4NDM=,RmlnaHRlck5vZGU6NjU4NDI=,PL,Catchweight,175.0,KO/TKO,Punches,3.0,0:49,-600.0,425.0,0
RmlnaHROb2RlOjU4MzQ2,58346,zedekiah-montanez-vs-brandon-meyer-58346,RXZlbnROb2RlOjYwNzI=,RmlnaHRlck5vZGU6MzQwNTQ=,RmlnaHRlck5vZGU6MjI5NzM=,RmlnaHRlck5vZGU6MjI5NzM=,MC,Lightweight,155.0,KO/TKO,Left Hand,2.0,0:39,-1200.0,750.0,0
RmlnaHROb2RlOjU4MTcy,58172,travis-thompson-vs-zachary-pannell-58172,RXZlbnROb2RlOjYwNzI=,RmlnaHRlck5vZGU6MzUxOTQ=,RmlnaHRlck5vZGU6NTYyOTU=,RmlnaHRlck5vZGU6MzUxOTQ=,MC,Catchweight,140.0,KO/TKO,Left Shovel Hook,2.0,0:41,-440.0,340.0,0
RmlnaHROb2RlOjU3OTk3,57997,bryce-hall-vs-kevin-ferguson-jr-57997,RXZlbnROb2RlOjYwNzI=,RmlnaHRlck5vZGU6NTQ1MTE=,RmlnaHRlck5vZGU6MTE5MTA=,,MC,,,,,,,,,1
RmlnaHROb2RlOjU4MTgy,58182,dustin-pague-vs-jd-burns-58182,RXZlbnROb2RlOjYwNzI=,RmlnaHRlck5vZGU6MTI0OA==,RmlnaHRlck5vZGU6NjU3MDg=,,MC,Catchweight,165.0,,,,,-650.0,475.0,1
RmlnaHROb2RlOjU4MzU3,58357,pat-sullivan-vs-kaine-tomlinson-jr-58357,RXZlbnROb2RlOjYwNzI=,RmlnaHRlck5vZGU6NjU4NDE=,RmlnaHRlck5vZGU6NTU4NzU=,RmlnaHRlck5vZGU6NTU4NzU=,MC,Catchweight,165.0,KO/TKO,Overhand Right,1.0,0:37,125.0,-155.0,0
RmlnaHROb2RlOjU4Mjg0,58284,brennan-ward-vs-james-dennis-58284,RXZlbnROb2RlOjYxMDU=,RmlnaHRlck5vZGU6MTUwMQ==,RmlnaHRlck5vZGU6NDIyMzY=,RmlnaHRlck5vZGU6MTUwMQ==,CO,Catchweight,175.0,KO/TKO,Left Hook,1.0,0:38,-1000.0,700.0,0
RmlnaHROb2RlOjU4MTk4,58198,will-santiago-vs-dakota-cochrane-58198,RXZlbnROb2RlOjYxMDU=,RmlnaHRlck5vZGU6ODAxNA==,RmlnaHRlck5vZGU6MTcz,RmlnaHRlck5vZGU6MTcz,MC,Catchweight,175.0,KO/TKO,Corner Stoppage,3.0,1:03,223.0,-283.0,0
RmlnaHROb2RlOjU4MTI2,58126,julian-lane-vs-cameron-vancamp-58126,RXZlbnROb2RlOjYxMDU=,RmlnaHRlck5vZGU6MTgzNQ==,RmlnaHRlck5vZGU6MTYzNTI=,RmlnaHRlck5vZGU6MTgzNQ==,ME,Catchweight,165.0,KO/TKO,Right Hand,4.0,0:54,-215.0,175.0,0
RmlnaHROb2RlOjU4MzU2,58356,spencer-meehan-vs-grady-wall-58356,RXZlbnROb2RlOjYxMDU=,RmlnaHRlck5vZGU6NjU4NDA=,RmlnaHRlck5vZGU6NjQzNDA=,RmlnaHRlck5vZGU6NjU4NDA=,PL,Catchweight,165.0,KO/TKO,Shoulder Injury,1.0,0:22,135.0,-165.0,0
RmlnaHROb2RlOjU4Mjg1,58285,kastriot-xhema-vs-adam-de-freitas-58285,RXZlbnROb2RlOjYxMDU=,RmlnaHRlck5vZGU6MTE5MDc=,RmlnaHRlck5vZGU6MzgwODE=,,MC,Middleweight,185.0,,,,,170.0,-210.0,1
RmlnaHROb2RlOjU4MTQy,58142,lardy-navarro-vs-jack-grady-58142,RXZlbnROb2RlOjYxMDU=,RmlnaHRlck5vZGU6NDM5NjY=,RmlnaHRlck5vZGU6NDIyMTI=,RmlnaHRlck5vZGU6NDM5NjY=,MC,Bantamweight,135.0,KO/TKO,,4.0,1:43,,,0
RmlnaHROb2RlOjU4MjAw,58200,yorgan-decastro-vs-bob-brents-58200,RXZlbnROb2RlOjYxMDU=,RmlnaHRlck5vZGU6MjM5ODE=,RmlnaHRlck5vZGU6MzY1MA==,RmlnaHRlck5vZGU6MjM5ODE=,MC,Heavyweight,265.0,KO/TKO,Doctor Stoppage (Facial Hematoma),2.0,2:00,-1000.0,700.0,0
RmlnaHROb2RlOjU4Mjg2,58286,parker-porter-vs-chase-gormley-58286,RXZlbnROb2RlOjYxMDU=,RmlnaHRlck5vZGU6MjAwMw==,RmlnaHRlck5vZGU6MTA3OQ==,RmlnaHRlck5vZGU6MjAwMw==,MC,Heavyweight,265.0,KO/TKO,Right Hand,1.0,0:44,-360.0,285.0,0
RmlnaHROb2RlOjU4MzQ0,58344,tyler-randall-vs-andrew-strode-58344,RXZlbnROb2RlOjYxMDU=,RmlnaHRlck5vZGU6NDI4MDc=,RmlnaHRlck5vZGU6NTU4Nzc=,RmlnaHRlck5vZGU6NTU4Nzc=,MC,Flyweight,125.0,KO/TKO,Unanimous,5.0,2:00,300.0,-400.0,0
RmlnaHROb2RlOjU4MTk5,58199,rico-disciullo-vs-anthony-foye-58199,RXZlbnROb2RlOjYxMDU=,RmlnaHRlck5vZGU6MjA0NA==,RmlnaHRlck5vZGU6NTE1ODc=,RmlnaHRlck5vZGU6MjA0NA==,MC,Featherweight,145.0,KO/TKO,Punches,3.0,1:08,-650.0,475.0,0
RmlnaHROb2RlOjU4Mjkw,58290,danny-pettit-vs-jared-lennon-58290,RXZlbnROb2RlOjYxMDU=,RmlnaHRlck5vZGU6NjAwMDA=,RmlnaHRlck5vZGU6NjU3NzU=,,PL,Featherweight,145.0,,,,,238.0,-298.0,1
RmlnaHROb2RlOjU4ODM0,58834,jared-lennon-vs-jacob-kreitel-58834,RXZlbnROb2RlOjYxMDU=,RmlnaHRlck5vZGU6NjU3NzU=,RmlnaHRlck5vZGU6NDUxNDY=,RmlnaHRlck5vZGU6NjU3NzU=,PL,Featherweight,145.0,KO/TKO,Body Shots,2.0,0:45,,,0
RmlnaHROb2RlOjU4Njgz,58683,paul-cook-vs-adam-grogan-58683,RXZlbnROb2RlOjYwOTk=,RmlnaHRlck5vZGU6NDU5NQ==,RmlnaHRlck5vZGU6NjYwMTg=,RmlnaHRlck5vZGU6NDU5NQ==,MC,Catchweight,165.0,KO/TKO,,4.0,0:25,-200.0,160.0,0
RmlnaHROb2RlOjU4MDIz,58023,pic-jardine-vs-tony-shields-58023,RXZlbnROb2RlOjYwOTk=,RmlnaHRlck5vZGU6NjE4MTg=,RmlnaHRlck5vZGU6NjU1NzQ=,RmlnaHRlck5vZGU6NjE4MTg=,CO,Catchweight,175.0,Decision,Unanimous,5.0,5:00,175.0,-215.0,0
RmlnaHROb2RlOjU4NDc3,58477,lewis-keen-vs-ryan-mccarthy-58477,RXZlbnROb2RlOjYwOTk=,RmlnaHRlck5vZGU6NDk2ODI=,RmlnaHRlck5vZGU6NjM0NzU=,RmlnaHRlck5vZGU6NDk2ODI=,MC,Lightweight,155.0,Decision,Unanimous,5.0,5:00,-275.0,215.0,0
RmlnaHROb2RlOjU4MTU4,58158,brandon-comby-vs-marcus-grubic-58158,RXZlbnROb2RlOjYwOTk=,RmlnaHRlck5vZGU6NjU2ODM=,RmlnaHRlck5vZGU6NjE4MjU=,,MC,Lightweight,155.0,,,,,,,1
RmlnaHROb2RlOjU4NDc5,58479,brandon-comby-vs-ryan-carmichael-58479,RXZlbnROb2RlOjYwOTk=,RmlnaHRlck5vZGU6NjU2ODM=,RmlnaHRlck5vZGU6NTAzNDY=,RmlnaHRlck5vZGU6NjU2ODM=,MC,Lightweight,155.0,Decision,Unanimous,5.0,5:00,240.0,-300.0,0
RmlnaHROb2RlOjU4NDc4,58478,lewis-garside-vs-bartek-kanabey-58478,RXZlbnROb2RlOjYwOTk=,RmlnaHRlck5vZGU6NjU2NTU=,RmlnaHRlck5vZGU6NTY2NjI=,RmlnaHRlck5vZGU6NjU2NTU=,MC,Catchweight,140.0,Decision,Unanimous,5.0,5:00,-110.0,-120.0,0
RmlnaHROb2RlOjU4Njg0,58684,travis-dickinson-vs-rowan-gregory-58684,RXZlbnROb2RlOjYwOTk=,RmlnaHRlck5vZGU6NjYwMTk=,RmlnaHRlck5vZGU6NjYwMjA=,RmlnaHRlck5vZGU6NjYwMTk=,MC,,,KO/TKO,,2.0,2:00,-155.0,125.0,0
RmlnaHROb2RlOjU4MDk2,58096,mpampis-klados-vs-leigh-cohoon-58096,RXZlbnROb2RlOjYwOTk=,RmlnaHRlck5vZGU6NjU2NTM=,RmlnaHRlck5vZGU6Mzk3MQ==,,MC,,,,,,,,,1
RmlnaHROb2RlOjU4MDgz,58083,bartek-kanabey-vs-ray-putterill-58083,RXZlbnROb2RlOjYwOTk=,RmlnaHRlck5vZGU6NTY2NjI=,RmlnaHRlck5vZGU6NTY3ODM=,,MC,,,,,,,,,1
RmlnaHROb2RlOjU4NDgw,58480,tommy-strydom-vs-john-spencer-58480,RXZlbnROb2RlOjYwOTk=,RmlnaHRlck5vZGU6NDkwMzM=,RmlnaHRlck5vZGU6MTc0NjM=,RmlnaHRlck5vZGU6NDkwMzM=,MC,Featherweight,145.0,KO/TKO,,3.0,1:18,-2500.0,1200.0,0
RmlnaHROb2RlOjU4MTU3,58157,alan-comby-vs-oscar-smykiel-58157,RXZlbnROb2RlOjYwOTk=,RmlnaHRlck5vZGU6NjU2ODI=,RmlnaHRlck5vZGU6NjQ5MTE=,RmlnaHRlck5vZGU6NjQ5MTE=,MC,Catchweight,165.0,KO/TKO,,1.0,1:49,195.0,-245.0,0
RmlnaHROb2RlOjU4OTM5,58939,leigh-cohoon-vs-kane-wilkinson-58939,RXZlbnROb2RlOjYwOTk=,RmlnaHRlck5vZGU6Mzk3MQ==,RmlnaHRlck5vZGU6NjYxODI=,RmlnaHRlck5vZGU6Mzk3MQ==,MC,Middleweight,185.0,KO/TKO,,3.0,0:33,,,0
RmlnaHROb2RlOjU4MDk1,58095,james-walker-vs-jan-sulecki-58095,RXZlbnROb2RlOjYwOTk=,RmlnaHRlck5vZGU6NjU2NTI=,RmlnaHRlck5vZGU6NjI5ODY=,RmlnaHRlck5vZGU6NjU2NTI=,MC,,,Decision,Unanimous,5.0,5:00,-315.0,255.0,0
RmlnaHROb2RlOjU4NDk4,58498,liam-hutchinson-vs-mikey-henderson-58498,RXZlbnROb2RlOjYwOTk=,RmlnaHRlck5vZGU6NjU5MTQ=,RmlnaHRlck5vZGU6NjU5MTU=,RmlnaHRlck5vZGU6NjU5MTU=,MC,Catchweight,165.0,Decision,Unanimous,5.0,5:00,-120.0,-110.0,0
RmlnaHROb2RlOjU4MDk3,58097,joe-lister-vs-john-ferguson-58097,RXZlbnROb2RlOjYwOTk=,RmlnaHRlck5vZGU6NjU2NTQ=,RmlnaHRlck5vZGU6NDkwMzE=,RmlnaHRlck5vZGU6NjU2NTQ=,MC,Middleweight,185.0,KO/TKO,,1.0,1:48,-350.0,275.0,0
RmlnaHROb2RlOjU4MDk4,58098,lewis-garside-vs-harry-cain-58098,RXZlbnROb2RlOjYwOTk=,RmlnaHRlck5vZGU6NjU2NTU=,RmlnaHRlck5vZGU6NTY3Nzk=,,MC,,,,,,,,,1
RmlnaHROb2RlOjU4MDA2,58006,karl-thompson-vs-rob-boardman-58006,RXZlbnROb2RlOjYwOTk=,RmlnaHRlck5vZGU6NTI5MzI=,RmlnaHRlck5vZGU6NTkwNzM=,RmlnaHRlck5vZGU6NTI5MzI=,ME,Catchweight,200.0,KO/TKO,,1.0,1:46,135.0,-165.0,0
RmlnaHROb2RlOjU4NzU4,58758,keith-richardson-vs-bekhzod-usmonov-58758,RXZlbnROb2RlOjYxNjA=,RmlnaHRlck5vZGU6MjczNg==,RmlnaHRlck5vZGU6NDY2MTc=,RmlnaHRlck5vZGU6NDY2MTc=,ME,Bantamweight,135.0,KO/TKO,,1.0,0:55,-205.0,165.0,0
RmlnaHROb2RlOjU4OTc4,58978,donald-sanchez-vs-harrison-aiken-58978,RXZlbnROb2RlOjYxNjA=,RmlnaHRlck5vZGU6MTYzMA==,RmlnaHRlck5vZGU6NjU0ODg=,RmlnaHRlck5vZGU6MTYzMA==,CO,Middleweight,185.0,Decision,Unanimous,5.0,5:00,-1200.0,750.0,0
RmlnaHROb2RlOjU4Nzg4,58788,bryant-mcclain-vs-roderick-stewart-58788,RXZlbnROb2RlOjYxNjA=,RmlnaHRlck5vZGU6NjYwOTA=,RmlnaHRlck5vZGU6NDg4ODc=,RmlnaHRlck5vZGU6NDg4ODc=,MC,Middleweight,185.0,KO/TKO,,1.0,1:16,-260.0,200.0,0
RmlnaHROb2RlOjU4OTc5,58979,felipe-chavez-vs-derrick-findley-58979,RXZlbnROb2RlOjYxNjA=,RmlnaHRlck5vZGU6MTY3MA==,RmlnaHRlck5vZGU6NDE1NTE=,RmlnaHRlck5vZGU6NDE1NTE=,MC,Catchweight,165.0,KO/TKO,,3.0,1:59,100.0,-130.0,0
RmlnaHROb2RlOjU4NzYw,58760,eric-dodson-vs-van-vo-58760,RXZlbnROb2RlOjYxNjA=,RmlnaHRlck5vZGU6NDczMTY=,RmlnaHRlck5vZGU6MzY2MTQ=,RmlnaHRlck5vZGU6NDczMTY=,MC,Featherweight,145.0,KO/TKO,,3.0,0:17,-400.0,300.0,0
RmlnaHROb2RlOjU4NzYz,58763,isaiah-garcia-vs-justyn-martinez-58763,RXZlbnROb2RlOjYxNjA=,RmlnaHRlck5vZGU6NjI5Nzg=,RmlnaHRlck5vZGU6NDQ1NTA=,RmlnaHRlck5vZGU6NDQ1NTA=,MC,Catchweight,180.0,KO/TKO,,1.0,1:40,-300.0,240.0,0
RmlnaHROb2RlOjU4NzY0,58764,manuel-otero-vs-braxton-smith-58764,RXZlbnROb2RlOjYxNjA=,RmlnaHRlck5vZGU6NTkxMDY=,RmlnaHRlck5vZGU6MTAwNzQ=,,MC,Catchweight,175.0,,,,,515.0,-715.0,1
RmlnaHROb2RlOjU4NzYx,58761,murat-kilimetov-vs-lamont-stafford-58761,RXZlbnROb2RlOjYxNjA=,RmlnaHRlck5vZGU6MjA1NTk=,RmlnaHRlck5vZGU6MTg3Ng==,RmlnaHRlck5vZGU6MjA1NTk=,MC,Bantamweight,135.0,KO/TKO,,1.0,1:01,-725.0,525.0,0
RmlnaHROb2RlOjU4NzY1,58765,will-albrecht-vs-brett-fields-58765,RXZlbnROb2RlOjYxNjA=,RmlnaHRlck5vZGU6NTgzMDI=,RmlnaHRlck5vZGU6NDIyMjg=,RmlnaHRlck5vZGU6NTgzMDI=,MC,Catchweight,200.0,KO/TKO,,1.0,1:35,-350.0,275.0,0
RmlnaHROb2RlOjU4NzU5,58759,lorenzo-coca-vs-ruben-arroyo-58759,RXZlbnROb2RlOjYxNjA=,RmlnaHRlck5vZGU6NTk3Mjg=,RmlnaHRlck5vZGU6NjAxNDA=,RmlnaHRlck5vZGU6NTk3Mjg=,MC,Flyweight,125.0,KO/TKO,,2.0,2:00,-210.0,170.0,0
RmlnaHROb2RlOjU4NzY2,58766,kyle-mcelroy-vs-jay-jackson-58766,RXZlbnROb2RlOjYxNjA=,RmlnaHRlck5vZGU6NDEyNjY=,RmlnaHRlck5vZGU6MTQ3MDA=,RmlnaHRlck5vZGU6MTQ3MDA=,MC,,,KO/TKO,,3.0,2:00,375.0,-500.0,0
RmlnaHROb2RlOjU4NzYy,58762,derek-perez-vs-rick-caruso-58762,RXZlbnROb2RlOjYxNjA=,RmlnaHRlck5vZGU6MzU1ODM=,RmlnaHRlck5vZGU6Mjk3MDk=,,MC,Lightweight,155.0,,,,,,,1
RmlnaHROb2RlOjU4OTgw,58980,derek-perez-vs-micah-livingston-58980,RXZlbnROb2RlOjYxNjA=,RmlnaHRlck5vZGU6MzU1ODM=,RmlnaHRlck5vZGU6NTkxMjA=,RmlnaHRlck5vZGU6MzU1ODM=,MC,Bantamweight,135.0,KO/TKO,,1.0,1:58,-725.0,525.0,0
RmlnaHROb2RlOjU5Mzk2,59396,lex-ludlow-vs-connor-mckenna-59396,RXZlbnROb2RlOjYxNTk=,RmlnaHRlck5vZGU6NjYwNDY=,RmlnaHRlck5vZGU6NDc2MTg=,RmlnaHRlck5vZGU6NjYwNDY=,MC,,,Decision,Split,5.0,5:00,-215.0,175.0,0
RmlnaHROb2RlOjYzNTIy,63522,john-garbarino-vs-rayne-wells-63522,RXZlbnROb2RlOjYxNTk=,RmlnaHRlck5vZGU6MjgxNzQ=,RmlnaHRlck5vZGU6NTk5NjE=,RmlnaHRlck5vZGU6MjgxNzQ=,MC,Catchweight,175.0,KO/TKO,,1.0,0:47,,,0
RmlnaHROb2RlOjU4ODY4,58868,dustin-pague-vs-andrew-angelcor-58868,RXZlbnROb2RlOjYxNTk=,RmlnaHRlck5vZGU6MTI0OA==,RmlnaHRlck5vZGU6NDUxNDc=,RmlnaHRlck5vZGU6MTI0OA==,ME,Catchweight,165.0,KO/TKO,Doctor Stoppage (Cut),2.0,2:00,-110.0,-120.0,0
RmlnaHROb2RlOjU5MDAz,59003,maurice-horne-vs-adam-de-freitas-59003,RXZlbnROb2RlOjYxNTk=,RmlnaHRlck5vZGU6NjYyMDU=,RmlnaHRlck5vZGU6MzgwODE=,RmlnaHRlck5vZGU6NjYyMDU=,MC,Middleweight,185.0,KO/TKO,,2.0,1:08,-224.0,184.0,0
RmlnaHROb2RlOjYwMzI5,60329,travis-thompson-vs-aj-craig-60329,RXZlbnROb2RlOjYxNTk=,RmlnaHRlck5vZGU6MzUxOTQ=,RmlnaHRlck5vZGU6NjUxMTU=,RmlnaHRlck5vZGU6NjUxMTU=,MC,Bantamweight,135.0,Decision,Unanimous,5.0,5:00,-550.0,400.0,0
RmlnaHROb2RlOjU5MDc2,59076,elijah-harris-vs-brandon-honsvick-59076,RXZlbnROb2RlOjYxNTk=,RmlnaHRlck5vZGU6MjEyMjE=,RmlnaHRlck5vZGU6NDE5Mjg=,RmlnaHRlck5vZGU6MjEyMjE=,MC,Featherweight,145.0,KO/TKO,,1.0,0:07,-285.0,225.0,0
RmlnaHROb2RlOjU4OTc2,58976,cody-vidal-vs-brandon-conley-58976,RXZlbnROb2RlOjYxNTk=,RmlnaHRlck5vZGU6Mjk5MjM=,RmlnaHRlck5vZGU6NjI3OTc=,RmlnaHRlck5vZGU6Mjk5MjM=,CO,Middleweight,185.0,Ends in a Draw,Majority,5.0,5:00,400.0,-550.0,0
RmlnaHROb2RlOjYzNTIz,63523,pat-carroll-vs-mikey-furnier-63523,RXZlbnROb2RlOjYxNTk=,RmlnaHRlck5vZGU6NjQ0NTc=,RmlnaHRlck5vZGU6NTEzNTM=,RmlnaHRlck5vZGU6NjQ0NTc=,MC,,,KO/TKO,,1.0,0:46,,,0
RmlnaHROb2RlOjU5MDA0,59004,pat-carroll-vs-alex-davis-59004,RXZlbnROb2RlOjYxNTk=,RmlnaHRlck5vZGU6NjQ0NTc=,RmlnaHRlck5vZGU6NjUxNTU=,,MC,,,,,,,,,1
RmlnaHROb2RlOjU5MDc1,59075,nick-burgos-vs-noah-norman-59075,RXZlbnROb2RlOjYxNTk=,RmlnaHRlck5vZGU6NzU5MQ==,RmlnaHRlck5vZGU6NjU4NDQ=,,MC,,,,,,,190.0,-240.0,1
RmlnaHROb2RlOjU5MDg5,59089,anthony-pagan-vs-colin-reeser-59089,RXZlbnROb2RlOjYxNTk=,RmlnaHRlck5vZGU6NjYyOTM=,RmlnaHRlck5vZGU6NjYyOTQ=,RmlnaHRlck5vZGU6NjYyOTM=,MC,Lightweight,155.0,KO/TKO,,1.0,0:52,-500.0,375.0,0
RmlnaHROb2RlOjYwMzM5,60339,pat-carroll-vs-mikey-furnier-60339,RXZlbnROb2RlOjYxNTk=,RmlnaHRlck5vZGU6Njc2ODU=,RmlnaHRlck5vZGU6NTEzNTM=,,MC,,,,,,,-1800.0,900.0,0
RmlnaHROb2RlOjU5MDAy,59002,dalvin-blair-vs-justin-walters-59002,RXZlbnROb2RlOjYxNTk=,RmlnaHRlck5vZGU6NjYyMDM=,RmlnaHRlck5vZGU6NjYyMDQ=,RmlnaHRlck5vZGU6NjYyMDM=,MC,Welterweight,170.0,KO/TKO,,1.0,0:04,-300.0,240.0,0
RmlnaHROb2RlOjYwMzI4,60328,john-garbarino-vs-michael-jones-60328,RXZlbnROb2RlOjYxNTk=,RmlnaHRlck5vZGU6MjgxNzQ=,RmlnaHRlck5vZGU6MzE0NzA=,,MC,,,,,,,-2000.0,1000.0,1
RmlnaHROb2RlOjU4OTMy,58932,luis-palomino-vs-howard-davis-58932,RXZlbnROb2RlOjYxNDE=,RmlnaHRlck5vZGU6MTg5OQ==,RmlnaHRlck5vZGU6NDI4MDY=,RmlnaHRlck5vZGU6MTg5OQ==,ME,Lightweight,155.0,Decision,Unanimous,5.0,5:00,178.0,-218.0,0
RmlnaHROb2RlOjU4OTYy,58962,aj-iriarte-vs-corey-roberts-58962,RXZlbnROb2RlOjYxNDE=,RmlnaHRlck5vZGU6NjE2OTk=,RmlnaHRlck5vZGU6MjA5MTU=,RmlnaHRlck5vZGU6NjE2OTk=,MC,Bantamweight,135.0,KO/TKO,,3.0,1:39,,,0
RmlnaHROb2RlOjU4OTYw,58960,chris-garcia-vs-robert-armas-58960,RXZlbnROb2RlOjYxNDE=,RmlnaHRlck5vZGU6NTQxOTg=,RmlnaHRlck5vZGU6NDUxMzI=,RmlnaHRlck5vZGU6NDUxMzI=,MC,Bantamweight,135.0,Decision,Unanimous,5.0,5:00,-1200.0,750.0,0
RmlnaHROb2RlOjU4OTU5,58959,julio-perez-vs-lewis-glover-58959,RXZlbnROb2RlOjYxNDE=,RmlnaHRlck5vZGU6NTkzMTQ=,RmlnaHRlck5vZGU6NjQ4NDM=,RmlnaHRlck5vZGU6NTkzMTQ=,MC,Light Heavyweight,205.0,KO/TKO,,2.0,1:15,-3300.0,1400.0,0
RmlnaHROb2RlOjYwNTUx,60551,edgard-plazaola-vs-louie-lopez-60551,RXZlbnROb2RlOjYxNDE=,RmlnaHRlck5vZGU6NDM5MjI=,RmlnaHRlck5vZGU6Mzk0NDg=,RmlnaHRlck5vZGU6NDM5MjI=,MC,Featherweight,145.0,KO/TKO,,3.0,1:43,,,0
RmlnaHROb2RlOjU5Mzc5,59379,matt-russo-vs-justin-street-59379,RXZlbnROb2RlOjYxNDE=,RmlnaHRlck5vZGU6NDk3MjU=,RmlnaHRlck5vZGU6MzYxMTU=,RmlnaHRlck5vZGU6MzYxMTU=,MC,Bantamweight,135.0,KO/TKO,,2.0,2:00,-400.0,300.0,0
RmlnaHROb2RlOjU4OTU4,58958,justin-sanchez-vs-abdiel-velazquez-58958,RXZlbnROb2RlOjYxNDE=,RmlnaHRlck5vZGU6NTA3MTI=,RmlnaHRlck5vZGU6OTExNQ==,RmlnaHRlck5vZGU6NTA3MTI=,MC,Bantamweight,135.0,KO/TKO,Punches,2.0,1:27,-1500.0,850.0,0
RmlnaHROb2RlOjU5Mzc4,59378,leonardo-perdomo-vs-steve-herelius-59378,RXZlbnROb2RlOjYxNDE=,RmlnaHRlck5vZGU6NTQxNDQ=,RmlnaHRlck5vZGU6NTE1NTI=,RmlnaHRlck5vZGU6NTQxNDQ=,CO,,,KO/TKO,Left Hook,1.0,0:13,-7500.0,1900.0,0
RmlnaHROb2RlOjU4OTYx,58961,peter-peraza-vs-kaine-tomlinson-jr-58961,RXZlbnROb2RlOjYxNDE=,RmlnaHRlck5vZGU6NDI4MzI=,RmlnaHRlck5vZGU6NTU4NzU=,RmlnaHRlck5vZGU6NDI4MzI=,MC,Catchweight,165.0,KO/TKO,,3.0,0:37,-225.0,185.0,0
RmlnaHROb2RlOjU4OTk5,58999,nicholas-blume-vs-bear-hill-58999,RXZlbnROb2RlOjYxNDE=,RmlnaHRlck5vZGU6NjU0NTg=,RmlnaHRlck5vZGU6NjYxOTk=,RmlnaHRlck5vZGU6NjYxOTk=,MC,,,KO/TKO,Doctor Stoppage,3.0,2:00,-650.0,475.0,0
RmlnaHROb2RlOjc0NTc5,74579,roberto-armas-vs-chris-garcia-74579,RXZlbnROb2RlOjYxNDE=,RmlnaHRlck5vZGU6NTYyMDE=,RmlnaHRlck5vZGU6NTQxOTg=,RmlnaHRlck5vZGU6NTYyMDE=,MC,Bantamweight,135.0,Decision,Unanimous,5.0,5:00,,,0
RmlnaHROb2RlOjU5MDAw,59000,jancarlos-rivera-vs-albert-inclan-59000,RXZlbnROb2RlOjYxNDE=,RmlnaHRlck5vZGU6NjYyMDA=,RmlnaHRlck5vZGU6NDM1MzM=,RmlnaHRlck5vZGU6NjYyMDA=,MC,Flyweight,125.0,Decision,Unanimous,5.0,5:00,115.0,-145.0,0
RmlnaHROb2RlOjU5Mzc1,59375,bart-krol-vs-luke-nevin-59375,RXZlbnROb2RlOjYxNzY=,RmlnaHRlck5vZGU6NTE3MDU=,RmlnaHRlck5vZGU6NTE3MDI=,,MC,,,,,,,,,1
RmlnaHROb2RlOjU5Mzk0,59394,dec-spelman-vs-tomas-lejsek-59394,RXZlbnROb2RlOjYxNzY=,RmlnaHRlck5vZGU6NjY0MjQ=,RmlnaHRlck5vZGU6MzY4ODg=,RmlnaHRlck5vZGU6NjY0MjQ=,MC,Catchweight,200.0,Decision,Unanimous,5.0,5:00,,,0
RmlnaHROb2RlOjYwNjEw,60610,james-obrien-vs-leigh-cohoon-60610,RXZlbnROb2RlOjYxNzY=,RmlnaHRlck5vZGU6NjgxMTI=,RmlnaHRlck5vZGU6Mzk3MQ==,RmlnaHRlck5vZGU6Mzk3MQ==,PL,Middleweight,185.0,KO/TKO,,2.0,0:14,,,0
RmlnaHROb2RlOjYwNjEx,60611,sineadh-ni-nuallain-vs-mathilda-wilson-60611,RXZlbnROb2RlOjYxNzY=,RmlnaHRlck5vZGU6NTczNDE=,RmlnaHRlck5vZGU6NDkzNTA=,RmlnaHRlck5vZGU6NTczNDE=,PL,Catchweight,130.0,Decision,Unanimous,5.0,5:00,,,0
RmlnaHROb2RlOjYwNTcw,60570,liam-dooley-vs-marcus-pond-60570,RXZlbnROb2RlOjYxNzY=,RmlnaHRlck5vZGU6NjYyNzA=,RmlnaHRlck5vZGU6NTY3ODI=,RmlnaHRlck5vZGU6NjYyNzA=,PL,Welterweight,170.0,KO/TKO,,1.0,1:04,,,0
RmlnaHROb2RlOjU5MDU0,59054,gaz-corran-vs-dawid-chylinski-59054,RXZlbnROb2RlOjYxNzY=,RmlnaHRlck5vZGU6NjYyNjk=,RmlnaHRlck5vZGU6NjQ5MDk=,RmlnaHRlck5vZGU6NjYyNjk=,MC,,,KO/TKO,,1.0,1:20,100.0,-130.0,0
RmlnaHROb2RlOjU5Mzc2,59376,matt-hodgson-vs-danny-moir-59376,RXZlbnROb2RlOjYxNzY=,RmlnaHRlck5vZGU6NTcyMzY=,RmlnaHRlck5vZGU6NjE4MTk=,RmlnaHRlck5vZGU6NTcyMzY=,MC,Middleweight,185.0,KO/TKO,,2.0,0:30,-115.0,-115.0,0
RmlnaHROb2RlOjYwNTY4,60568,bart-krol-vs-simeon-otley-60568,RXZlbnROb2RlOjYxNzY=,RmlnaHRlck5vZGU6NTE3MDU=,RmlnaHRlck5vZGU6Mjk4MDI=,RmlnaHRlck5vZGU6NTE3MDU=,MC,Catchweight,175.0,Decision,Unanimous,5.0,5:00,-270.0,210.0,0
RmlnaHROb2RlOjU5Mzc0,59374,stevie-taylor-vs-conor-cooke-59374,RXZlbnROb2RlOjYxNzY=,RmlnaHRlck5vZGU6NjE4MjM=,RmlnaHRlck5vZGU6MzcwNA==,RmlnaHRlck5vZGU6MzcwNA==,MC,Catchweight,200.0,KO/TKO,Straight Right Hand,1.0,1:01,115.0,-145.0,0
RmlnaHROb2RlOjU5MDQ0,59044,jonno-chipchase-vs-gary-fox-59044,RXZlbnROb2RlOjYxNzY=,RmlnaHRlck5vZGU6NTY2NTg=,RmlnaHRlck5vZGU6NTAzNDg=,RmlnaHRlck5vZGU6NTAzNDg=,ME,Featherweight,145.0,KO/TKO,Doctor Stoppage (Cut),1.0,2:00,-260.0,200.0,0
RmlnaHROb2RlOjU5Mzc3,59377,dawid-oskar-vs-kyle-redfern-59377,RXZlbnROb2RlOjYxNzY=,RmlnaHRlck5vZGU6NTI5Mjk=,RmlnaHRlck5vZGU6NDY1NQ==,,MC,,,,,,,,,1
RmlnaHROb2RlOjYwNjA5,60609,danny-mitchell-vs-benjamin-lowe-60609,RXZlbnROb2RlOjYxNzY=,RmlnaHRlck5vZGU6MzcyNw==,RmlnaHRlck5vZGU6NjgxMTE=,RmlnaHRlck5vZGU6MzcyNw==,MC,Middleweight,185.0,Decision,Unanimous,5.0,5:00,,,0
RmlnaHROb2RlOjYwNTY5,60569,dawid-oskar-vs-stanoi-tabakov-60569,RXZlbnROb2RlOjYxNzY=,RmlnaHRlck5vZGU6NTI5Mjk=,RmlnaHRlck5vZGU6NTkxMTA=,RmlnaHRlck5vZGU6NTI5Mjk=,MC,Light Heavyweight,205.0,KO/TKO,,2.0,0:26,,,0
RmlnaHROb2RlOjU5MDU1,59055,liam-dooley-vs-david-round-59055,RXZlbnROb2RlOjYxNzY=,RmlnaHRlck5vZGU6NjYyNzA=,RmlnaHRlck5vZGU6NDY2MA==,,MC,,,,,,,-145.0,115.0,1
RmlnaHROb2RlOjU5MDUz,59053,liam-cullen-vs-jakub-kosicki-59053,RXZlbnROb2RlOjYxNzY=,RmlnaHRlck5vZGU6Mzk4MQ==,RmlnaHRlck5vZGU6NjYyNjg=,RmlnaHRlck5vZGU6Mzk4MQ==,CO,Catchweight,175.0,KO/TKO,,1.0,1:24,-400.0,300.0,0
RmlnaHROb2RlOjYwNjU2,60656,sabah-homasi-vs-jonny-tello-60656,RXZlbnROb2RlOjY0MjM=,RmlnaHRlck5vZGU6MjA4Mg==,RmlnaHRlck5vZGU6NDMzMzk=,,MC,,,,,,,-470.0,370.0,0
RmlnaHROb2RlOjYwNjY1,60665,islam-sizbulatov-vs-cheng-leang-60665,RXZlbnROb2RlOjY0MjM=,RmlnaHRlck5vZGU6MjU0OTA=,RmlnaHRlck5vZGU6NjgxNTA=,,MC,Lightweight,155.0,,,,,-215.0,175.0,0
RmlnaHROb2RlOjYwNjY3,60667,mohamed-ali-vs-jaskaran-singh-60667,RXZlbnROb2RlOjY0MjM=,RmlnaHRlck5vZGU6NDA2OA==,RmlnaHRlck5vZGU6NjgxNTE=,,MC,,,,,,,,,0
RmlnaHROb2RlOjYwNjU3,60657,marcus-pond-vs-mladen-iliev-60657,RXZlbnROb2RlOjY0MjM=,RmlnaHRlck5vZGU6NTY3ODI=,RmlnaHRlck5vZGU6NTU0MTM=,,MC,,,,,,,,,0
RmlnaHROb2RlOjYwNjU0,60654,austin-trout-vs-carlos-trinidad-60654,RXZlbnROb2RlOjY0MjM=,RmlnaHRlck5vZGU6NTAyMzM=,RmlnaHRlck5vZGU6NDU0NjM=,,ME,,,,,,,-425.0,325.0,0
RmlnaHROb2RlOjYwNjYx,60661,aboubkeur-houari-vs-mladen-iliev-60661,RXZlbnROb2RlOjY0MjM=,RmlnaHRlck5vZGU6NjMwOTA=,RmlnaHRlck5vZGU6NTU0MTM=,,MC,Catchweight,175.0,,,,,330.0,-430.0,0
RmlnaHROb2RlOjYwNjU1,60655,britain-hart-vs-tai-emery-60655,RXZlbnROb2RlOjY0MjM=,RmlnaHRlck5vZGU6MzUxODE=,RmlnaHRlck5vZGU6NDg0NDA=,,CO,,,,,,,-665.0,490.0,0
RmlnaHROb2RlOjYwNjU5,60659,alexey-oleinik-vs-geronimo-dos-santos-60659,RXZlbnROb2RlOjY0MjM=,RmlnaHRlck5vZGU6MTQ0MQ==,RmlnaHRlck5vZGU6MTA2OTU=,,MC,,,,,,,-150.0,120.0,0
RmlnaHROb2RlOjYwNjY2,60666,ahmed-khairy-vs-leandro-martins-oliveira-60666,RXZlbnROb2RlOjY0MjM=,RmlnaHRlck5vZGU6NjgxNTI=,RmlnaHRlck5vZGU6NDk3ODc=,,MC,Lightweight,155.0,,,,,180.0,,0
RmlnaHROb2RlOjYwNjYy,60662,mahmoud-ahmed-vs-fuad-tarverdi-60662,RXZlbnROb2RlOjY0MjM=,RmlnaHRlck5vZGU6NTc2MDA=,RmlnaHRlck5vZGU6NjgxNDc=,,MC,,,,,,,360.0,-460.0,0
RmlnaHROb2RlOjYwNjYw,60660,adel-altamimi-vs-david-mora-60660,RXZlbnROb2RlOjY0MjM=,RmlnaHRlck5vZGU6OTk1OQ==,RmlnaHRlck5vZGU6MzY4MjQ=,,MC,Catchweight,165.0,,,,,185.0,-225.0,0
RmlnaHROb2RlOjYwNjU4,60658,ruel-panales-vs-ali-elkhatib-60658,RXZlbnROb2RlOjY0MjM=,RmlnaHRlck5vZGU6NDk1ODk=,RmlnaHRlck5vZGU6NTU3NjU=,,MC,Bantamweight,135.0,,,,,,,0
RmlnaHROb2RlOjYwNjYz,60663,lucas-sontgen-vs-elnur-suleymanov-60663,RXZlbnROb2RlOjY0MjM=,RmlnaHRlck5vZGU6NjgxNDg=,RmlnaHRlck5vZGU6NjgxNDk=,,MC,Catchweight,175.0,,,,,305.0,-405.0,0
RmlnaHROb2RlOjU4OTU3,58957,kai-stewart-vs-tommy-strydom-58957,RXZlbnROb2RlOjYxODA=,RmlnaHRlck5vZGU6NDIyMzA=,RmlnaHRlck5vZGU6NDkwMzM=,RmlnaHRlck5vZGU6NDIyMzA=,ME,Featherweight,145.0,Decision,Unanimous,5.0,5:00,-900.0,600.0,0
RmlnaHROb2RlOjU5NTcy,59572,mehdi-barghi-vs-ricardo-bachir-59572,RXZlbnROb2RlOjYxODA=,RmlnaHRlck5vZGU6Mjc3MTQ=,RmlnaHRlck5vZGU6NjY0NzY=,,MC,,,,,,,,,1
RmlnaHROb2RlOjU5Mzky,59392,aaron-chalmers-vs-chas-symonds-59392,RXZlbnROb2RlOjYxODA=,RmlnaHRlck5vZGU6MTc4NzU=,RmlnaHRlck5vZGU6NDcxMjc=,RmlnaHRlck5vZGU6MTc4NzU=,MC,Catchweight,165.0,KO/TKO,,3.0,0:16,-400.0,300.0,0
RmlnaHROb2RlOjU5Mzcx,59371,guto-inocente-vs-hasan-yousefi-59371,RXZlbnROb2RlOjYxODA=,RmlnaHRlck5vZGU6NTIwNg==,RmlnaHRlck5vZGU6MTg4MTc=,RmlnaHRlck5vZGU6MTg4MTc=,MC,,,Decision,Unanimous,5.0,5:00,-200.0,160.0,0
RmlnaHROb2RlOjU5NTcw,59570,matin-safari-vs-mark-angel-sadang-59570,RXZlbnROb2RlOjYxODA=,RmlnaHRlck5vZGU6NjY0NzI=,RmlnaHRlck5vZGU6NjY0NzM=,RmlnaHRlck5vZGU6NjY0NzM=,MC,Lightweight,155.0,KO/TKO,,1.0,1:27,105.0,-135.0,0
RmlnaHROb2RlOjU5Mzkz,59393,shamil-dzhakhbarov-vs-dilshat-nurym-59393,RXZlbnROb2RlOjYxODA=,RmlnaHRlck5vZGU6MjcwOTE=,RmlnaHRlck5vZGU6NjY0MjM=,RmlnaHRlck5vZGU6NjY0MjM=,MC,Featherweight,145.0,KO/TKO,,1.0,1:23,-110.0,-120.0,0
RmlnaHROb2RlOjU5NTUx,59551,dan-chapman-vs-brandon-allen-59551,RXZlbnROb2RlOjYxODA=,RmlnaHRlck5vZGU6NjQzNDI=,RmlnaHRlck5vZGU6NDEyNjg=,,MC,Featherweight,145.0,,,,,,,1
RmlnaHROb2RlOjU5NTcx,59571,mohd-azahar-vs-muhammad-bilal-59571,RXZlbnROb2RlOjYxODA=,RmlnaHRlck5vZGU6NjY0NzQ=,RmlnaHRlck5vZGU6NjY0NzU=,,MC,Bantamweight,135.0,,,,,145.0,-175.0,1
RmlnaHROb2RlOjU5Mzcw,59370,fabio-maldonado-vs-john-phillips-59370,RXZlbnROb2RlOjYxODA=,RmlnaHRlck5vZGU6MTE3OA==,RmlnaHRlck5vZGU6MzkxNQ==,RmlnaHRlck5vZGU6MzkxNQ==,MC,Light Heavyweight,205.0,KO/TKO,,2.0,0:29,250.0,-325.0,0
RmlnaHROb2RlOjU5NTY5,59569,vladislav-tuinov-vs-sabri-ben-henia-59569,RXZlbnROb2RlOjYxODA=,RmlnaHRlck5vZGU6NjY0NzA=,RmlnaHRlck5vZGU6NjY0NzE=,RmlnaHRlck5vZGU6NjY0NzA=,MC,Catchweight,165.0,KO/TKO,,1.0,0:26,-3000.0,1200.0,0
RmlnaHROb2RlOjU5MDc0,59074,hannah-rankin-vs-jessica-borga-59074,RXZlbnROb2RlOjYxODA=,RmlnaHRlck5vZGU6NjQzNDY=,RmlnaHRlck5vZGU6MzE2ODM=,RmlnaHRlck5vZGU6MzE2ODM=,CO,,,KO/TKO,,1.0,0:32,-115.0,-115.0,0
RmlnaHROb2RlOjYwNjkz,60693,brandon-allen-vs-nicolas-gaffie-60693,RXZlbnROb2RlOjYxODA=,RmlnaHRlck5vZGU6NDEyNjg=,RmlnaHRlck5vZGU6NjgxNDY=,RmlnaHRlck5vZGU6NjgxNDY=,MC,Featherweight,145.0,KO/TKO,,4.0,Roun,,,0
RmlnaHROb2RlOjYwOTU4,60958,sarah-shell-vs-valeria-mejia-60958,RXZlbnROb2RlOjYyMDU=,RmlnaHRlck5vZGU6MzEyNTI=,RmlnaHRlck5vZGU6MTY2Mzk=,RmlnaHRlck5vZGU6MzEyNTI=,MC,Strawweight,115.0,Decision,Unanimous,5.0,5:00,-800.0,550.0,0
RmlnaHROb2RlOjYwOTU3,60957,alonzo-martinez-vs-kurtis-ellis-60957,RXZlbnROb2RlOjYyMDU=,RmlnaHRlck5vZGU6MTM4,RmlnaHRlck5vZGU6NTE3MjA=,RmlnaHRlck5vZGU6MTM4,MC,Catchweight,175.0,Decision,Unanimous,5.0,5:00,106.0,-136.0,0
RmlnaHROb2RlOjYwOTUy,60952,dakota-cochrane-vs-marcus-edwards-60952,RXZlbnROb2RlOjYyMDU=,RmlnaHRlck5vZGU6MTcz,RmlnaHRlck5vZGU6NzI3MQ==,RmlnaHRlck5vZGU6NzI3MQ==,ME,Catchweight,175.0,KO/TKO,,1.0,1:08,-101.0,-129.0,0
RmlnaHROb2RlOjYwOTUz,60953,bryce-henry-vs-derrick-findley-60953,RXZlbnROb2RlOjYyMDU=,RmlnaHRlck5vZGU6NTAyNzU=,RmlnaHRlck5vZGU6NDE1NTE=,RmlnaHRlck5vZGU6NTAyNzU=,CO,Catchweight,165.0,KO/TKO,,2.0,1:40,-1500.0,850.0,0
RmlnaHROb2RlOjYwOTU5,60959,jeff-souder-vs-daniel-cooper-60959,RXZlbnROb2RlOjYyMDU=,RmlnaHRlck5vZGU6MjI5ODA=,RmlnaHRlck5vZGU6NDEzNDk=,,MC,Middleweight,185.0,,,,,240.0,-300.0,1
RmlnaHROb2RlOjYwOTU1,60955,brandon-meyer-vs-emeka-ifekandu-60955,RXZlbnROb2RlOjYyMDU=,RmlnaHRlck5vZGU6MjI5NzM=,RmlnaHRlck5vZGU6ODc1OQ==,,MC,,,,,,,180.0,-220.0,1
RmlnaHROb2RlOjYwOTg1,60985,josh-krejci-vs-austin-peterson-60985,RXZlbnROb2RlOjYyMDU=,RmlnaHRlck5vZGU6MzM2MjE=,RmlnaHRlck5vZGU6OTM1NA==,RmlnaHRlck5vZGU6MzM2MjE=,MC,Featherweight,145.0,KO/TKO,,1.0,1:30,-300.0,240.0,0
RmlnaHROb2RlOjY4Njk4,68698,traevon-kroger-vs-jared-tallent-68698,RXZlbnROb2RlOjYyMDU=,RmlnaHRlck5vZGU6MzMwNDk=,RmlnaHRlck5vZGU6MzE4MzI=,RmlnaHRlck5vZGU6MzMwNDk=,MC,Featherweight,145.0,KO/TKO,,2.0,1:20,,,0
RmlnaHROb2RlOjYwOTU0,60954,dionisio-ramirez-vs-zeb-vincent-60954,RXZlbnROb2RlOjYyMDU=,RmlnaHRlck5vZGU6MTE2MDg=,RmlnaHRlck5vZGU6NDg5Mzc=,RmlnaHRlck5vZGU6MTE2MDg=,MC,Welterweight,170.0,KO/TKO,,1.0,1:58,-180.0,150.0,0
RmlnaHROb2RlOjYwOTYw,60960,sean-wilson-vs-jordan-christensen-60960,RXZlbnROb2RlOjYyMDU=,RmlnaHRlck5vZGU6MzA2,RmlnaHRlck5vZGU6MzU1OTA=,RmlnaHRlck5vZGU6MzA2,MC,Catchweight,175.0,Decision,Unanimous,5.0,5:00,-265.0,205.0,0
RmlnaHROb2RlOjYwOTU2,60956,ramiro-figueroa-vs-james-brown-60956,RXZlbnROb2RlOjYyMDU=,RmlnaHRlck5vZGU6NjAxMzk=,RmlnaHRlck5vZGU6MjA2NzI=,RmlnaHRlck5vZGU6MjA2NzI=,MC,Lightweight,155.0,Decision,Unanimous,5.0,5:00,-150.0,120.0,0
RmlnaHROb2RlOjYxMTMw,61130,enzo-tobbia-vs-michael-igwegbe-61130,RXZlbnROb2RlOjYxNzU=,RmlnaHRlck5vZGU6NDA0NDY=,RmlnaHRlck5vZGU6Njg1Mjk=,RmlnaHRlck5vZGU6NDA0NDY=,PL,Middleweight,185.0,KO/TKO,,2.0,1:29,200.0,-260.0,0
RmlnaHROb2RlOjU5NTY0,59564,ruslan-tokhtarov-vs-navid-mansouri-59564,RXZlbnROb2RlOjYxNzU=,RmlnaHRlck5vZGU6NTkxMTQ=,RmlnaHRlck5vZGU6NjY0NjU=,RmlnaHRlck5vZGU6NjY0NjU=,MC,Lightweight,155.0,KO/TKO,,1.0,0:44,120.0,-150.0,0
RmlnaHROb2RlOjYxMTI4,61128,jindrich-byrtus-vs-arbi-chakaev-61128,RXZlbnROb2RlOjYxNzU=,RmlnaHRlck5vZGU6Njg1Mjc=,RmlnaHRlck5vZGU6NjQzNDU=,RmlnaHRlck5vZGU6Njg1Mjc=,MC,Light Heavyweight,205.0,KO/TKO,,1.0,0:32,160.0,-200.0,0
RmlnaHROb2RlOjYxMTI5,61129,jesus-de-nazaret-vs-tomas-bolo-61129,RXZlbnROb2RlOjYxNzU=,RmlnaHRlck5vZGU6Njg1Mjg=,RmlnaHRlck5vZGU6MzY4NTY=,RmlnaHRlck5vZGU6MzY4NTY=,MC,Middleweight,185.0,KO/TKO,,5.0,1:34,250.0,-325.0,0
RmlnaHROb2RlOjYxMTAw,61100,nicole-schaefer-vs-sara-bitto-61100,RXZlbnROb2RlOjYxNzU=,RmlnaHRlck5vZGU6NTkxMTM=,RmlnaHRlck5vZGU6NjI5ODc=,RmlnaHRlck5vZGU6NTkxMTM=,MC,Bantamweight,135.0,Decision,Split,5.0,5:00,-278.0,218.0,0
RmlnaHROb2RlOjYwOTcy,60972,chris-camozzi-vs-andrea-bicchi-60972,RXZlbnROb2RlOjYxNzU=,RmlnaHRlck5vZGU6OTg5,RmlnaHRlck5vZGU6NDczMTM=,RmlnaHRlck5vZGU6OTg5,ME,Light Heavyweight,205.0,Decision,Unanimous,5.0,5:00,-700.0,500.0,0
RmlnaHROb2RlOjU5NTY2,59566,giovanni-carpentieri-vs-josef-hala-59566,RXZlbnROb2RlOjYxNzU=,RmlnaHRlck5vZGU6NjY0Njc=,RmlnaHRlck5vZGU6NjY0Njg=,RmlnaHRlck5vZGU6NjY0Njg=,PL,Middleweight,185.0,KO/TKO,,1.0,1:59,140.0,-170.0,0
RmlnaHROb2RlOjU5NTM4,59538,marco-giustarini-vs-zdravko-dimitrov-59538,RXZlbnROb2RlOjYxNzU=,RmlnaHRlck5vZGU6NTU0MTI=,RmlnaHRlck5vZGU6NTU0MTg=,RmlnaHRlck5vZGU6NTU0MTI=,PL,Featherweight,145.0,Decision,Unanimous,5.0,5:00,105.0,-135.0,0
RmlnaHROb2RlOjU5NTM3,59537,walter-pugliesi-vs-dominik-herold-59537,RXZlbnROb2RlOjYxNzU=,RmlnaHRlck5vZGU6Mjk0MDU=,RmlnaHRlck5vZGU6NTY5MDM=,RmlnaHRlck5vZGU6Mjk0MDU=,MC,Light Heavyweight,205.0,Decision,Unanimous,5.0,5:00,245.0,-305.0,0
RmlnaHROb2RlOjU5NTY3,59567,enzo-tobbia-vs-emre-akbas-59567,RXZlbnROb2RlOjYxNzU=,RmlnaHRlck5vZGU6NDA0NDY=,RmlnaHRlck5vZGU6NjY0Njk=,,MC,Middleweight,185.0,,,,,,,1
RmlnaHROb2RlOjU5NTM2,59536,nicole-schaefer-vs-nadja-milijancevic-59536,RXZlbnROb2RlOjYxNzU=,RmlnaHRlck5vZGU6NTkxMTM=,RmlnaHRlck5vZGU6NTU5MjY=,,MC,,,,,,,,,1
RmlnaHROb2RlOjU5NTYy,59562,nicola-salisci-vs-arbi-chakaev-59562,RXZlbnROb2RlOjYxNzU=,RmlnaHRlck5vZGU6NjY0NjQ=,RmlnaHRlck5vZGU6NjQzNDU=,,MC,Light Heavyweight,205.0,,,,,,,1
RmlnaHROb2RlOjU5NTYz,59563,andrea-bicchi-vs-tomas-bolo-59563,RXZlbnROb2RlOjYxNzU=,RmlnaHRlck5vZGU6NDczMTM=,RmlnaHRlck5vZGU6MzY4NTY=,,MC,Middleweight,185.0,,,,,,,1
RmlnaHROb2RlOjYwOTcz,60973,dominik-horschel-vs-arbi-chakaev-60973,RXZlbnROb2RlOjYxNzU=,RmlnaHRlck5vZGU6NjgzNTA=,RmlnaHRlck5vZGU6NjQzNDU=,,MC,,,,,,,,,1
RmlnaHROb2RlOjU5MDUw,59050,rico-franco-vs-jimmy-sweeney-59050,RXZlbnROb2RlOjYxNzU=,RmlnaHRlck5vZGU6MTgzODI=,RmlnaHRlck5vZGU6NjYyNjc=,RmlnaHRlck5vZGU6MTgzODI=,CO,Catchweight,165.0,Decision,Unanimous,5.0,5:00,121.0,-151.0,0
RmlnaHROb2RlOjU5NTY1,59565,haze-hepi-vs-steven-banks-59565,RXZlbnROb2RlOjYxNzU=,RmlnaHRlck5vZGU6NjY0NjY=,RmlnaHRlck5vZGU6MjEyNg==,RmlnaHRlck5vZGU6NjY0NjY=,MC,,,KO/TKO,,1.0,1:25,-325.0,250.0,0
RmlnaHROb2RlOjU5NTM1,59535,dominik-estorer-vs-ernesto-papa-59535,RXZlbnROb2RlOjYxNzU=,RmlnaHRlck5vZGU6NTkxMDg=,RmlnaHRlck5vZGU6MjA3NTc=,RmlnaHRlck5vZGU6MjA3NTc=,MC,Light Heavyweight,205.0,KO/TKO,,1.0,1:25,-240.0,190.0,0
RmlnaHROb2RlOjYwNjAz,60603,michael-larrimore-vs-samuel-samples-60603,RXZlbnROb2RlOjYzNjc=,RmlnaHRlck5vZGU6NTQ4NDk=,RmlnaHRlck5vZGU6MzYwNjU=,RmlnaHRlck5vZGU6NTQ4NDk=,MC,Bantamweight,135.0,KO/TKO,,1.0,1:26,-400.0,300.0,0
RmlnaHROb2RlOjYxMjEx,61211,joseph-white-vs-brady-meister-61211,RXZlbnROb2RlOjYzNjc=,RmlnaHRlck5vZGU6NTQxNDU=,RmlnaHRlck5vZGU6NTI5MjI=,RmlnaHRlck5vZGU6NTI5MjI=,MC,,,KO/TKO,,2.0,1:16,-245.0,195.0,0
RmlnaHROb2RlOjYwMjA5,60209,nathan-rivera-vs-alex-castro-60209,RXZlbnROb2RlOjYzNjc=,RmlnaHRlck5vZGU6NTY3NzE=,RmlnaHRlck5vZGU6MTA1MjY=,RmlnaHRlck5vZGU6NTY3NzE=,MC,Featherweight,145.0,KO/TKO,,4.0,1:00,-800.0,550.0,0
RmlnaHROb2RlOjYwMjA4,60208,crystal-pittman-vs-claudia-zamora-60208,RXZlbnROb2RlOjYzNjc=,RmlnaHRlck5vZGU6NDIyMzU=,RmlnaHRlck5vZGU6MzM1MjU=,RmlnaHRlck5vZGU6NDIyMzU=,MC,Bantamweight,135.0,Ends in a No Contest,,2.0,5:00,-135.0,105.0,0
RmlnaHROb2RlOjYwNjIx,60621,rodney-hinton-vs-ben-jacobsen-60621,RXZlbnROb2RlOjYzNjc=,RmlnaHRlck5vZGU6NjY0MTU=,RmlnaHRlck5vZGU6NjgxMzY=,RmlnaHRlck5vZGU6NjY0MTU=,MC,Catchweight,165.0,KO/TKO,,1.0,1:11,-185.0,155.0,0
RmlnaHROb2RlOjYwNjA0,60604,joseph-white-vs-joe-ray-60604,RXZlbnROb2RlOjYzNjc=,RmlnaHRlck5vZGU6NTQxNDU=,RmlnaHRlck5vZGU6NTg4MDI=,,MC,,,,,,,,,1
RmlnaHROb2RlOjYwMjEw,60210,quentin-gaskins-vs-logan-speyrer-60210,RXZlbnROb2RlOjYzNjc=,RmlnaHRlck5vZGU6MTE4MDk=,RmlnaHRlck5vZGU6Mzg1NzI=,RmlnaHRlck5vZGU6Mzg1NzI=,MC,Bantamweight,135.0,Decision,Unanimous,5.0,5:00,-200.0,160.0,0
RmlnaHROb2RlOjYwMjI0,60224,gregorio-gonzalez-vs-anthony-yost-60224,RXZlbnROb2RlOjYzNjc=,RmlnaHRlck5vZGU6Njc1ODY=,RmlnaHRlck5vZGU6MjE1NTI=,RmlnaHRlck5vZGU6MjE1NTI=,MC,Flyweight,125.0,Decision,Unanimous,5.0,5:00,-110.0,-120.0,0
RmlnaHROb2RlOjYwMjA2,60206,john-michael-escoboza-vs-jay-jackson-60206,RXZlbnROb2RlOjYzNjc=,RmlnaHRlck5vZGU6MzQxNDQ=,RmlnaHRlck5vZGU6MTQ3MDA=,RmlnaHRlck5vZGU6MzQxNDQ=,MC,Middleweight,185.0,KO/TKO,,3.0,2:00,-200.0,160.0,0
RmlnaHROb2RlOjYwMjA1,60205,jared-warren-vs-joseph-creer-60205,RXZlbnROb2RlOjYzNjc=,RmlnaHRlck5vZGU6MzUyMTI=,RmlnaHRlck5vZGU6MzMwMzM=,RmlnaHRlck5vZGU6MzUyMTI=,ME,Middleweight,185.0,KO/TKO,,1.0,1:32,-155.0,125.0,0
RmlnaHROb2RlOjYwMjA3,60207,ryan-reber-vs-matt-guymon-60207,RXZlbnROb2RlOjYzNjc=,RmlnaHRlck5vZGU6NDUxMjg=,RmlnaHRlck5vZGU6NjE3ODc=,RmlnaHRlck5vZGU6NDUxMjg=,CO,Bantamweight,135.0,Decision,Split,5.0,5:00,-925.0,625.0,0
RmlnaHROb2RlOjYwOTQ0,60944,trever-bradshaw-vs-deron-carlis-60944,RXZlbnROb2RlOjYyMDQ=,RmlnaHRlck5vZGU6MTY5MTk=,RmlnaHRlck5vZGU6MjkwMA==,,MC,,,,,,,,,1
RmlnaHROb2RlOjYwOTQz,60943,shelby-cannon-vs-kathryn-paprocki-60943,RXZlbnROb2RlOjYyMDQ=,RmlnaHRlck5vZGU6Njc0Nzk=,RmlnaHRlck5vZGU6MjkzNzk=,RmlnaHRlck5vZGU6Njc0Nzk=,MC,Strawweight,115.0,Decision,Unanimous,5.0,5:00,195.0,-245.0,0
RmlnaHROb2RlOjYxMDk3,61097,zac-cavender-vs-erick-lozano-61097,RXZlbnROb2RlOjYyMDQ=,RmlnaHRlck5vZGU6MzExOTM=,RmlnaHRlck5vZGU6MzAwNzM=,RmlnaHRlck5vZGU6MzExOTM=,PL,Light Heavyweight,205.0,KO/TKO,,1.0,1:03,-400.0,300.0,0
RmlnaHROb2RlOjYxNDA4,61408,trever-bradshaw-vs-jim-pulgar-61408,RXZlbnROb2RlOjYyMDQ=,RmlnaHRlck5vZGU6MTY5MTk=,RmlnaHRlck5vZGU6NTkzMTI=,RmlnaHRlck5vZGU6MTY5MTk=,PL,Lightweight,155.0,KO/TKO,,4.0,1:41,160.0,-200.0,0
RmlnaHROb2RlOjYwOTQx,60941,zac-cavender-vs-jonathan-miller-60941,RXZlbnROb2RlOjYyMDQ=,RmlnaHRlck5vZGU6MzExOTM=,RmlnaHRlck5vZGU6MjY4MTE=,,MC,,,,,,,,,1
RmlnaHROb2RlOjYxMDk4,61098,mike-jones-vs-sean-hotusing-61098,RXZlbnROb2RlOjYyMDQ=,RmlnaHRlck5vZGU6MTY2Mjg=,RmlnaHRlck5vZGU6NDU2MjE=,RmlnaHRlck5vZGU6MTY2Mjg=,MC,Middleweight,185.0,KO/TKO,,2.0,1:28,-350.0,275.0,0
RmlnaHROb2RlOjYwOTQw,60940,ben-moa-vs-bob-brents-60940,RXZlbnROb2RlOjYyMDQ=,RmlnaHRlck5vZGU6MjgzMzA=,RmlnaHRlck5vZGU6MzY1MA==,RmlnaHRlck5vZGU6MjgzMzA=,CO,Heavyweight,265.0,KO/TKO,,2.0,1:00,-800.0,550.0,0
RmlnaHROb2RlOjYxNDQx,61441,mike-richman-vs-josh-dyer-61441,RXZlbnROb2RlOjYyMDQ=,RmlnaHRlck5vZGU6MTk2NQ==,RmlnaHRlck5vZGU6MjE0NDM=,RmlnaHRlck5vZGU6MjE0NDM=,ME,Middleweight,185.0,KO/TKO,,4.0,0:58,,,0
RmlnaHROb2RlOjYxMTI2,61126,daniel-gardner-vs-shane-fichter-61126,RXZlbnROb2RlOjYyMDQ=,RmlnaHRlck5vZGU6Njg1MjU=,RmlnaHRlck5vZGU6NDUwMjE=,RmlnaHRlck5vZGU6NDUwMjE=,MC,Middleweight,185.0,KO/TKO,,1.0,1:59,-140.0,110.0,0
RmlnaHROb2RlOjYwMzA4,60308,mike-richman-vs-joshua-dyer-60308,RXZlbnROb2RlOjYyMDQ=,RmlnaHRlck5vZGU6MTk2NQ==,RmlnaHRlck5vZGU6Njc2NTI=,,ME,Middleweight,185.0,,,,,-120.0,-110.0,0
RmlnaHROb2RlOjYxMTI1,61125,zack-partridge-vs-cody-beierle-61125,RXZlbnROb2RlOjYyMDQ=,RmlnaHRlck5vZGU6Njg1MjQ=,RmlnaHRlck5vZGU6NDgzOTQ=,RmlnaHRlck5vZGU6Njg1MjQ=,MC,Middleweight,185.0,KO/TKO,,1.0,1:08,-550.0,400.0,0
RmlnaHROb2RlOjYwOTQy,60942,jordan-smith-vs-josenaldo-silva-60942,RXZlbnROb2RlOjYyMDQ=,RmlnaHRlck5vZGU6MTgwNg==,RmlnaHRlck5vZGU6MTEwMDU=,RmlnaHRlck5vZGU6MTEwMDU=,MC,Middleweight,185.0,KO/TKO,,3.0,1:48,125.0,-155.0,0
RmlnaHROb2RlOjYwOTcx,60971,dominico-salas-vs-jeremiah-truhlar-60971,RXZlbnROb2RlOjYyMDQ=,RmlnaHRlck5vZGU6MzMwNTY=,RmlnaHRlck5vZGU6NjgzNDk=,RmlnaHRlck5vZGU6MzMwNTY=,MC,Catchweight,165.0,Decision,Unanimous,5.0,5:00,-300.0,240.0,0
RmlnaHROb2RlOjYxNzY1,61765,lorenzo-coca-vs-joshua-marer-61765,RXZlbnROb2RlOjY0NTA=,RmlnaHRlck5vZGU6NTk3Mjg=,RmlnaHRlck5vZGU6MzU4MjE=,,MC,Lightweight,155.0,,,,,,,1
RmlnaHROb2RlOjYxNzY0,61764,isaiah-garcia-vs-dominick-carey-61764,RXZlbnROb2RlOjY0NTA=,RmlnaHRlck5vZGU6NjI5Nzg=,RmlnaHRlck5vZGU6NTYxNDI=,,MC,Flyweight,125.0,,,,,-154.0,124.0,1
RmlnaHROb2RlOjYyMDY4,62068,jenny-clausius-vs-crystal-van-wyk-62068,RXZlbnROb2RlOjY0NTA=,RmlnaHRlck5vZGU6MzE1OTM=,RmlnaHRlck5vZGU6NTI5Njc=,,MC,,,,,,,-155.0,125.0,1
RmlnaHROb2RlOjYyMDY5,62069,bobby-henry-vs-kasey-yates-62069,RXZlbnROb2RlOjY0NTA=,RmlnaHRlck5vZGU6Njk0NTM=,RmlnaHRlck5vZGU6MjQ3NDY=,RmlnaHRlck5vZGU6Njk0NTM=,MC,Catchweight,165.0,KO/TKO,,5.0,1:31,-2500.0,1200.0,0
RmlnaHROb2RlOjYxNzg0,61784,bryant-mcclain-vs-skyler-mauler-61784,RXZlbnROb2RlOjY0NTA=,RmlnaHRlck5vZGU6NjYwOTA=,RmlnaHRlck5vZGU6NjkyODY=,,MC,Catchweight,175.0,,,,,,,0
RmlnaHROb2RlOjYxNzYw,61760,eric-dodson-vs-stevo-morris-61760,RXZlbnROb2RlOjY0NTA=,RmlnaHRlck5vZGU6NDczMTY=,RmlnaHRlck5vZGU6NDMwMDc=,,MC,,,,,,,,,1
RmlnaHROb2RlOjYxNzgz,61783,murat-kilimetov-vs-jeramy-karshner-61783,RXZlbnROb2RlOjY0NTA=,RmlnaHRlck5vZGU6MjA1NTk=,RmlnaHRlck5vZGU6NjkyODU=,,MC,,,,,,,,,1
RmlnaHROb2RlOjYxNzYy,61762,felipe-chavez-vs-james-dennis-61762,RXZlbnROb2RlOjY0NTA=,RmlnaHRlck5vZGU6MTY3MA==,RmlnaHRlck5vZGU6NDIyMzY=,,MC,,,,,,,-105.0,-125.0,1
RmlnaHROb2RlOjYxNzYz,61763,will-albrecht-vs-kyle-mcelroy-61763,RXZlbnROb2RlOjY0NTA=,RmlnaHRlck5vZGU6NTgzMDI=,RmlnaHRlck5vZGU6NDEyNjY=,RmlnaHRlck5vZGU6NTgzMDI=,MC,Middleweight,185.0,KO/TKO,,2.0,2:00,-175.0,145.0,0
RmlnaHROb2RlOjYxODcx,61871,bryant-mcclain-vs-skyler-mauller-61871,RXZlbnROb2RlOjY0NTA=,RmlnaHRlck5vZGU6NjYwOTA=,RmlnaHRlck5vZGU6NjkzNjA=,RmlnaHRlck5vZGU6NjkzNjA=,MC,Catchweight,175.0,KO/TKO,,1.0,0:43,-800.0,550.0,0
RmlnaHROb2RlOjYyMTMy,62132,felipe-chavez-vs-brandon-honsvick-62132,RXZlbnROb2RlOjY0NTA=,RmlnaHRlck5vZGU6MTY3MA==,RmlnaHRlck5vZGU6NDE5Mjg=,RmlnaHRlck5vZGU6MTY3MA==,MC,Catchweight,165.0,Decision,Unanimous,5.0,5:00,,,0
RmlnaHROb2RlOjYxNzYx,61761,derek-perez-vs-rick-caruso-61761,RXZlbnROb2RlOjY0NTA=,RmlnaHRlck5vZGU6MzU1ODM=,RmlnaHRlck5vZGU6Mjk3MDk=,RmlnaHRlck5vZGU6MzU1ODM=,MC,Featherweight,145.0,KO/TKO,,3.0,Roun,-175.0,145.0,0
RmlnaHROb2RlOjYxMDk2,61096,david-mundell-vs-donald-sanchez-61096,RXZlbnROb2RlOjY0NTA=,RmlnaHRlck5vZGU6MTEwMzg=,RmlnaHRlck5vZGU6MTYzMA==,RmlnaHRlck5vZGU6MTEwMzg=,ME,Catchweight,175.0,Decision,Unanimous,5.0,5:00,-1000.0,700.0,0
RmlnaHROb2RlOjYyMDY3,62067,murat-kilimetov-vs-leo-bercier-62067,RXZlbnROb2RlOjY0NTA=,RmlnaHRlck5vZGU6MjA1NTk=,RmlnaHRlck5vZGU6MTYyOTQ=,RmlnaHRlck5vZGU6MjA1NTk=,CO,Light Heavyweight,205.0,KO/TKO,,1.0,1:36,-1000.0,700.0,0
RmlnaHROb2RlOjYxMjE3,61217,john-howard-vs-pat-casey-61217,RXZlbnROb2RlOjYzNjY=,RmlnaHRlck5vZGU6MTEyMA==,RmlnaHRlck5vZGU6MjQ5MDA=,RmlnaHRlck5vZGU6MjQ5MDA=,MC,Catchweight,175.0,KO/TKO,Doctor Stoppage (Cut),1.0,2:00,-240.0,190.0,0
RmlnaHROb2RlOjYxMTc1,61175,parker-porter-vs-dillon-cleckler-61175,RXZlbnROb2RlOjYzNjY=,RmlnaHRlck5vZGU6MjAwMw==,RmlnaHRlck5vZGU6OTQ5NA==,RmlnaHRlck5vZGU6MjAwMw==,ME,,,KO/TKO,,1.0,1:08,-450.0,350.0,0
RmlnaHROb2RlOjYxNzUy,61752,rick-hawn-vs-sergio-lopez-61752,RXZlbnROb2RlOjYzNjY=,RmlnaHRlck5vZGU6MjA0MQ==,RmlnaHRlck5vZGU6NjE1NTM=,RmlnaHRlck5vZGU6NjE1NTM=,MC,Welterweight,170.0,KO/TKO,,3.0,0:30,-1000.0,700.0,0
RmlnaHROb2RlOjYxMjE2,61216,lardy-navarro-vs-anthony-foye-61216,RXZlbnROb2RlOjYzNjY=,RmlnaHRlck5vZGU6NDM5NjY=,RmlnaHRlck5vZGU6NTE1ODc=,RmlnaHRlck5vZGU6NDM5NjY=,MC,Bantamweight,135.0,Decision,Unanimous,5.0,5:00,-280.0,220.0,0
RmlnaHROb2RlOjYxMzIz,61323,randy-costa-vs-nick-burgos-61323,RXZlbnROb2RlOjYzNjY=,RmlnaHRlck5vZGU6Mjk5ODI=,RmlnaHRlck5vZGU6NzU5MQ==,RmlnaHRlck5vZGU6Mjk5ODI=,MC,Featherweight,145.0,KO/TKO,,1.0,1:59,-650.0,475.0,0
RmlnaHROb2RlOjYxMjE4,61218,peter-barrett-vs-nash-diederichs-61218,RXZlbnROb2RlOjYzNjY=,RmlnaHRlck5vZGU6MTE5NTg=,RmlnaHRlck5vZGU6NjM4ODE=,RmlnaHRlck5vZGU6MTE5NTg=,MC,Lightweight,155.0,KO/TKO,,1.0,1:30,-325.0,250.0,0
RmlnaHROb2RlOjYxMjE5,61219,jared-lennon-vs-ishiah-carson-61219,RXZlbnROb2RlOjYzNjY=,RmlnaHRlck5vZGU6NjU3NzU=,RmlnaHRlck5vZGU6NjQ4NzI=,RmlnaHRlck5vZGU6NjQ4NzI=,MC,Bantamweight,135.0,KO/TKO,,1.0,0:15,-300.0,240.0,0
RmlnaHROb2RlOjYxMjQx,61241,joseph-peters-vs-drew-nolan-61241,RXZlbnROb2RlOjYzNjY=,RmlnaHRlck5vZGU6Njg1OTc=,RmlnaHRlck5vZGU6NTI5Mzc=,RmlnaHRlck5vZGU6Njg1OTc=,MC,Middleweight,185.0,KO/TKO,,1.0,1:46,-260.0,200.0,0
RmlnaHROb2RlOjYxMjE1,61215,rico-disciullo-vs-zachary-pannell-61215,RXZlbnROb2RlOjYzNjY=,RmlnaHRlck5vZGU6MjA0NA==,RmlnaHRlck5vZGU6NTYyOTU=,,MC,,,,,,,-800.0,550.0,1
RmlnaHROb2RlOjYxMjQw,61240,rick-hawn-vs-milton-volter-61240,RXZlbnROb2RlOjYzNjY=,RmlnaHRlck5vZGU6MjA0MQ==,RmlnaHRlck5vZGU6Njg1OTY=,,MC,,,,,,,,,1
RmlnaHROb2RlOjYxMjE0,61214,brennan-ward-vs-jr-rumsley-61214,RXZlbnROb2RlOjYzNjY=,RmlnaHRlck5vZGU6MTUwMQ==,RmlnaHRlck5vZGU6NTk3MjU=,,MC,,,,,,,-2000.0,1000.0,0
RmlnaHROb2RlOjYxNzUz,61753,gary-balletto-jr-vs-rodney-thomas-61753,RXZlbnROb2RlOjYzNjY=,RmlnaHRlck5vZGU6Nzg2OQ==,RmlnaHRlck5vZGU6NjI5Nzk=,RmlnaHRlck5vZGU6Nzg2OQ==,MC,Middleweight,185.0,KO/TKO,Retirement,1.0,2:00,-600.0,425.0,0
RmlnaHROb2RlOjYxMjEz,61213,yorgan-decastro-vs-josh-watson-61213,RXZlbnROb2RlOjYzNjY=,RmlnaHRlck5vZGU6MjM5ODE=,RmlnaHRlck5vZGU6NDIyMzQ=,RmlnaHRlck5vZGU6NDIyMzQ=,CO,,,KO/TKO,,1.0,1:53,-305.0,245.0,0
RmlnaHROb2RlOjYyMjky,62292,james-brooks-vs-will-laporte-62292,RXZlbnROb2RlOjY0MDQ=,RmlnaHRlck5vZGU6Njk2NjE=,RmlnaHRlck5vZGU6Njk2NjI=,,MC,,,,,,,,,0
RmlnaHROb2RlOjYyMjkz,62293,darin-oler-vs-roddy-person-62293,RXZlbnROb2RlOjY0MDQ=,RmlnaHRlck5vZGU6OTYwOQ==,RmlnaHRlck5vZGU6Njk2NjM=,,MC,,,,,,,,,0
RmlnaHROb2RlOjYyMjU5,62259,darrick-gates-vs-devin-gibson-62259,RXZlbnROb2RlOjY0MDQ=,RmlnaHRlck5vZGU6NDIyMzE=,RmlnaHRlck5vZGU6NDI4Mzk=,,MC,,,,,,,,,0
RmlnaHROb2RlOjYyNDEz,62413,jaime-deleon-vs-ruben-warr-62413,RXZlbnROb2RlOjY0NjA=,RmlnaHRlck5vZGU6Njk3NzA=,RmlnaHRlck5vZGU6Mjc5NTI=,RmlnaHRlck5vZGU6Njk3NzA=,MC,Lightweight,155.0,KO/TKO,,3.0,0:48,100.0,-130.0,0
RmlnaHROb2RlOjYyMzM2,62336,ben-bonner-vs-tony-soto-62336,RXZlbnROb2RlOjY0NjA=,RmlnaHRlck5vZGU6NTAzNTA=,RmlnaHRlck5vZGU6NDEyNjM=,RmlnaHRlck5vZGU6NTAzNTA=,ME,Lightweight,155.0,Decision,Unanimous,5.0,5:00,220.0,-280.0,0
RmlnaHROb2RlOjYyMDY0,62064,christian-hawkins-vs-micah-white-62064,RXZlbnROb2RlOjY0NjA=,RmlnaHRlck5vZGU6NjMzNTc=,RmlnaHRlck5vZGU6NDU4Mjk=,,PL,Flyweight,125.0,,,,,,,1
RmlnaHROb2RlOjYxNDQ3,61447,andrei-arlovski-vs-geronimo-dos-santos-61447,RXZlbnROb2RlOjY0NjA=,RmlnaHRlck5vZGU6MTA=,RmlnaHRlck5vZGU6MTA2OTU=,,CO,,,,,,,,,1
RmlnaHROb2RlOjYxNDQ4,61448,derek-campos-vs-jake-heffernan-61448,RXZlbnROb2RlOjY0NjA=,RmlnaHRlck5vZGU6MTYxOQ==,RmlnaHRlck5vZGU6MzI0MA==,,MC,,,,,,,,,1
RmlnaHROb2RlOjYxNDY1,61465,terryl-johnson-vs-kevin-buckley-61465,RXZlbnROb2RlOjY0NjA=,RmlnaHRlck5vZGU6Njg4MzM=,RmlnaHRlck5vZGU6NjQ5MTU=,,PL,,,,,,,110.0,-140.0,1
RmlnaHROb2RlOjYxMTk5,61199,franco-tenaglia-vs-tony-soto-61199,RXZlbnROb2RlOjY0NjA=,RmlnaHRlck5vZGU6MTQ0NDE=,RmlnaHRlck5vZGU6NDEyNjM=,,ME,Lightweight,155.0,,,,,,,1
RmlnaHROb2RlOjYyMDg4,62088,jeremy-sauceda-vs-israel-rodriguez-62088,RXZlbnROb2RlOjY0NjA=,RmlnaHRlck5vZGU6NDgzMTc=,RmlnaHRlck5vZGU6MjI2NTA=,RmlnaHRlck5vZGU6NDgzMTc=,PL,Catchweight,165.0,KO/TKO,,1.0,1:03,-300.0,240.0,0
RmlnaHROb2RlOjYxNzgy,61782,james-gray-vs-roderick-stewart-61782,RXZlbnROb2RlOjY0NjA=,RmlnaHRlck5vZGU6MTUzMTI=,RmlnaHRlck5vZGU6NDg4ODc=,RmlnaHRlck5vZGU6NDg4ODc=,PL,Middleweight,185.0,Decision,Unanimous,3.0,5:00,350.0,-450.0,0
RmlnaHROb2RlOjYyMDg3,62087,cameron-delavega-vs-jesse-desrosier-62087,RXZlbnROb2RlOjY0NjA=,RmlnaHRlck5vZGU6Njk0NTE=,RmlnaHRlck5vZGU6Njk0NTI=,,PL,Catchweight,175.0,,,,,100.0,-130.0,0
RmlnaHROb2RlOjYxNDQ5,61449,brandon-meneses-vs-willie-gates-61449,RXZlbnROb2RlOjY0NjA=,RmlnaHRlck5vZGU6NDU3MjM=,RmlnaHRlck5vZGU6MjE4OA==,RmlnaHRlck5vZGU6MjE4OA==,MC,Bantamweight,135.0,KO/TKO,,1.0,1:24,-245.0,195.0,0
RmlnaHROb2RlOjYyMzg2,62386,jeremiah-castillo-vs-jake-heffernan-62386,RXZlbnROb2RlOjY0NjA=,RmlnaHRlck5vZGU6MTAxMzc=,RmlnaHRlck5vZGU6MzI0MA==,RmlnaHRlck5vZGU6MzI0MA==,MC,Lightweight,155.0,KO/TKO,,1.0,1:54,800.0,-1400.0,0
RmlnaHROb2RlOjYxNzU3,61757,darren-whitney-vs-rodney-hinton-61757,RXZlbnROb2RlOjY0NjA=,RmlnaHRlck5vZGU6MjgxNTI=,RmlnaHRlck5vZGU6NjY0MTU=,RmlnaHRlck5vZGU6NjY0MTU=,MC,Catchweight,165.0,Decision,Unanimous,5.0,5:00,240.0,-300.0,0
RmlnaHROb2RlOjc3NzA1,77705,cameron-delano-vs-jesse-desrosier-77705,RXZlbnROb2RlOjY0NjA=,RmlnaHRlck5vZGU6NzIyOTI=,RmlnaHRlck5vZGU6Njk0NTI=,RmlnaHRlck5vZGU6NzIyOTI=,PL,Catchweight,175.0,KO/TKO,,3.0,1:05,,,0
RmlnaHROb2RlOjYxNTcy,61572,anthony-garrett-vs-haze-wilson-61572,RXZlbnROb2RlOjY0NjA=,RmlnaHRlck5vZGU6MzM0NTI=,RmlnaHRlck5vZGU6Njg5MTM=,RmlnaHRlck5vZGU6MzM0NTI=,MC,,,KO/TKO,,1.0,1:36,-120.0,-110.0,0
RmlnaHROb2RlOjYxNDY0,61464,kenzie-morrison-vs-alex-davis-61464,RXZlbnROb2RlOjY0NjA=,RmlnaHRlck5vZGU6Njg4MzI=,RmlnaHRlck5vZGU6NjUxNTU=,RmlnaHRlck5vZGU6Njg4MzI=,MC,,,KO/TKO,,1.0,1:03,-800.0,550.0,0
RmlnaHROb2RlOjYxNTMy,61532,jessica-eye-vs-mariya-agapova-61532,RXZlbnROb2RlOjY0NjA=,RmlnaHRlck5vZGU6MTA1MQ==,RmlnaHRlck5vZGU6MjE3NDI=,RmlnaHRlck5vZGU6MTA1MQ==,MC,Flyweight,125.0,Overturned to No Contest,Unanimous,5.0,5:00,155.0,-185.0,0
RmlnaHROb2RlOjYyMTY4,62168,andrei-arlovski-vs-josh-copeland-62168,RXZlbnROb2RlOjY0NjA=,RmlnaHRlck5vZGU6MTA=,RmlnaHRlck5vZGU6NjA5Ng==,RmlnaHRlck5vZGU6MTA=,CO,,,KO/TKO,Doctor Stoppage (Cut),4.0,2:00,-280.0,220.0,0
RmlnaHROb2RlOjYyNDk1,62495,andrew-anthony-vs-krzysztof-wisniewski-62495,RXZlbnROb2RlOjY1ODI=,RmlnaHRlck5vZGU6Njk4MjE=,RmlnaHRlck5vZGU6Njk4MjI=,,MC,,,,,,,,,1
RmlnaHROb2RlOjYyNDk2,62496,liam-smyth-vs-rafa-witkowski-62496,RXZlbnROb2RlOjY1ODI=,RmlnaHRlck5vZGU6Njk4MjM=,RmlnaHRlck5vZGU6Njk4MjQ=,RmlnaHRlck5vZGU6Njk4MjM=,PL,,,KO/TKO,,4.0,1:56,115.0,-135.0,0
RmlnaHROb2RlOjYyNDg5,62489,marley-churcher-vs-anthony-holmes-62489,RXZlbnROb2RlOjY1ODI=,RmlnaHRlck5vZGU6Njk4MTI=,RmlnaHRlck5vZGU6NDkwMjk=,,MC,Middleweight,185.0,,,,,170.0,-200.0,1
RmlnaHROb2RlOjYyNDkz,62493,tony-lafferty-vs-toby-bindon-62493,RXZlbnROb2RlOjY1ODI=,RmlnaHRlck5vZGU6Njk4MTk=,RmlnaHRlck5vZGU6NTAzNDQ=,,MC,,,,,,,-140.0,120.0,1
RmlnaHROb2RlOjYyNDk0,62494,kris-trezise-vs-paul-osullivan-62494,RXZlbnROb2RlOjY1ODI=,RmlnaHRlck5vZGU6Njk4MjA=,RmlnaHRlck5vZGU6NjI5ODQ=,RmlnaHRlck5vZGU6Njk4MjA=,MC,Catchweight,175.0,Decision,Unanimous,5.0,5:00,-260.0,220.0,0
RmlnaHROb2RlOjY5MjY4,69268,jelle-zeegers-vs-toby-bindon-69268,RXZlbnROb2RlOjY1ODI=,RmlnaHRlck5vZGU6NDc5NDM=,RmlnaHRlck5vZGU6NTAzNDQ=,RmlnaHRlck5vZGU6NDc5NDM=,MC,Featherweight,145.0,KO/TKO,,2.0,1:54,,,0
RmlnaHROb2RlOjYyNDg3,62487,george-thorpe-vs-macaulay-bygraves-62487,RXZlbnROb2RlOjY1ODI=,RmlnaHRlck5vZGU6NTAyNDE=,RmlnaHRlck5vZGU6NjI5ODU=,RmlnaHRlck5vZGU6NjI5ODU=,MC,Catchweight,175.0,Decision,Unanimous,5.0,5:00,-108.0,-112.0,0
RmlnaHROb2RlOjcwMTM5,70139,krzysztof-wisniewski-vs-thai-tetley-70139,RXZlbnROb2RlOjY1ODI=,RmlnaHRlck5vZGU6Njk4MjI=,RmlnaHRlck5vZGU6NzI2MzI=,RmlnaHRlck5vZGU6Njk4MjI=,MC,,,KO/TKO,,2.0,1:49,,,0
RmlnaHROb2RlOjYyNDg2,62486,jim-wallhead-vs-dawid-chylinski-62486,RXZlbnROb2RlOjY1ODI=,RmlnaHRlck5vZGU6MTc3MA==,RmlnaHRlck5vZGU6NjQ5MDk=,RmlnaHRlck5vZGU6NjQ5MDk=,MC,Middleweight,185.0,KO/TKO,,1.0,0:46,-210.0,180.0,0
RmlnaHROb2RlOjYyNDkx,62491,ryan-aston-vs-tom-stokes-62491,RXZlbnROb2RlOjY1ODI=,RmlnaHRlck5vZGU6Njk4MTU=,RmlnaHRlck5vZGU6Njk4MTY=,RmlnaHRlck5vZGU6Njk4MTY=,MC,Catchweight,165.0,KO/TKO,,2.0,1:59,120.0,-140.0,0
RmlnaHROb2RlOjYyNDkw,62490,frankie-gavin-vs-jack-dugdale-62490,RXZlbnROb2RlOjY1ODI=,RmlnaHRlck5vZGU6Njk4MTM=,RmlnaHRlck5vZGU6Njk4MTQ=,RmlnaHRlck5vZGU6Njk4MTQ=,MC,Catchweight,165.0,KO/TKO,,1.0,0:52,-202.0,172.0,0
RmlnaHROb2RlOjYyNDky,62492,ricky-nelder-vs-mariusz-siwiak-62492,RXZlbnROb2RlOjY1ODI=,RmlnaHRlck5vZGU6Njk4MTc=,RmlnaHRlck5vZGU6Njk4MTg=,RmlnaHRlck5vZGU6Njk4MTg=,MC,Catchweight,195.0,KO/TKO,,3.0,1:22,-205.0,175.0,0
RmlnaHROb2RlOjYyNDg4,62488,james-lilley-vs-fran-suarez-62488,RXZlbnROb2RlOjY1ODI=,RmlnaHRlck5vZGU6Mjc3ODY=,RmlnaHRlck5vZGU6NjQzNDg=,RmlnaHRlck5vZGU6Mjc3ODY=,MC,Catchweight,150.0,KO/TKO,,2.0,2:00,-825.0,575.0,0
RmlnaHROb2RlOjYyNDg1,62485,jamie-cox-vs-chaz-wasserman-62485,RXZlbnROb2RlOjY1ODI=,RmlnaHRlck5vZGU6NDc1Njk=,RmlnaHRlck5vZGU6NDcwMzQ=,RmlnaHRlck5vZGU6NDcwMzQ=,CO,Middleweight,185.0,KO/TKO,,2.0,0:40,-500.0,375.0,0
RmlnaHROb2RlOjYyNDg0,62484,connor-tierney-vs-danny-christie-62484,RXZlbnROb2RlOjY1ODI=,RmlnaHRlck5vZGU6NDM5NjU=,RmlnaHRlck5vZGU6NDc1NzQ=,RmlnaHRlck5vZGU6NDM5NjU=,ME,Catchweight,165.0,KO/TKO,,4.0,0:14,-250.0,210.0,0
RmlnaHROb2RlOjY5MjY3,69267,mat-wiwczaryk-vs-marley-churcher-69267,RXZlbnROb2RlOjY1ODI=,RmlnaHRlck5vZGU6NjQ5MTA=,RmlnaHRlck5vZGU6Njk4MTI=,RmlnaHRlck5vZGU6NjQ5MTA=,MC,Middleweight,185.0,Decision,Unanimous,5.0,5:00,,,0
RmlnaHROb2RlOjYyMDQx,62041,bryan-duran-vs-robbie-peralta-62041,RXZlbnROb2RlOjY0NjY=,RmlnaHRlck5vZGU6NDQ3NjI=,RmlnaHRlck5vZGU6MTI2MA==,RmlnaHRlck5vZGU6NDQ3NjI=,MC,Lightweight,155.0,Ends in a Draw,Majority,5.0,5:00,-415.0,315.0,0
RmlnaHROb2RlOjYxMjk0,61294,leonardo-perdomo-vs-arnold-adams-61294,RXZlbnROb2RlOjY0NjY=,RmlnaHRlck5vZGU6NTQxNDQ=,RmlnaHRlck5vZGU6MTM4NDU=,RmlnaHRlck5vZGU6NTQxNDQ=,ME,,,KO/TKO,,1.0,1:26,-2000.0,1000.0,0
RmlnaHROb2RlOjYxNDQ1,61445,gee-perez-vs-andrew-strode-61445,RXZlbnROb2RlOjY0NjY=,RmlnaHRlck5vZGU6NDk2NzY=,RmlnaHRlck5vZGU6NTU4Nzc=,RmlnaHRlck5vZGU6NTU4Nzc=,CO,Flyweight,125.0,KO/TKO,Doctor Stoppage (Cut),2.0,2:00,130.0,-150.0,0
RmlnaHROb2RlOjYyMDQ4,62048,matt-russo-vs-justyn-martinez-62048,RXZlbnROb2RlOjY0NjY=,RmlnaHRlck5vZGU6NDk3MjU=,RmlnaHRlck5vZGU6NDQ1NTA=,RmlnaHRlck5vZGU6NDk3MjU=,PL,Flyweight,125.0,KO/TKO,,1.0,1:56,-350.0,285.0,0
RmlnaHROb2RlOjY2Mjgz,66283,christine-vicens-vs-jenny-clausius-66283,RXZlbnROb2RlOjY0NjY=,RmlnaHRlck5vZGU6NDM5MjE=,RmlnaHRlck5vZGU6MzE1OTM=,RmlnaHRlck5vZGU6NDM5MjE=,MC,Bantamweight,135.0,KO/TKO,,1.0,1:25,,,0
RmlnaHROb2RlOjYyMDQ2,62046,jake-bostwick-vs-leonel-carrera-62046,RXZlbnROb2RlOjY0NjY=,RmlnaHRlck5vZGU6NjAxNw==,RmlnaHRlck5vZGU6NTk5NjI=,RmlnaHRlck5vZGU6NjAxNw==,MC,Light Heavyweight,205.0,KO/TKO,,1.0,0:53,105.0,-125.0,0
RmlnaHROb2RlOjYyMDQ3,62047,christine-vicens-vs-sarah-click-62047,RXZlbnROb2RlOjY0NjY=,RmlnaHRlck5vZGU6NDM5MjE=,RmlnaHRlck5vZGU6ODc3Nw==,,MC,,,,,,,-1800.0,900.0,1
RmlnaHROb2RlOjYxNzQ1,61745,francesco-ricchi-vs-dallas-davison-61745,RXZlbnROb2RlOjY0NjY=,RmlnaHRlck5vZGU6MzUyMTc=,RmlnaHRlck5vZGU6NDIyMzg=,RmlnaHRlck5vZGU6MzUyMTc=,MC,Catchweight,175.0,KO/TKO,,2.0,1:27,-400.0,300.0,0
RmlnaHROb2RlOjYyMDQy,62042,justin-sanchez-vs-robert-armas-62042,RXZlbnROb2RlOjY0NjY=,RmlnaHRlck5vZGU6NTA3MTI=,RmlnaHRlck5vZGU6NDUxMzI=,RmlnaHRlck5vZGU6NTA3MTI=,MC,Bantamweight,135.0,Decision,Split,5.0,5:00,-800.0,550.0,0
RmlnaHROb2RlOjYyMDQz,62043,howard-davis-vs-drako-rodriguez-62043,RXZlbnROb2RlOjY0NjY=,RmlnaHRlck5vZGU6NDI4MDY=,RmlnaHRlck5vZGU6MTc4Nzk=,RmlnaHRlck5vZGU6NDI4MDY=,MC,Lightweight,155.0,Decision,Split,5.0,5:00,-258.0,218.0,0
RmlnaHROb2RlOjc0NTgx,74581,justin-sanchez-vs-roberto-armas-74581,RXZlbnROb2RlOjY0NjY=,RmlnaHRlck5vZGU6NTA3MTI=,RmlnaHRlck5vZGU6NTYyMDE=,RmlnaHRlck5vZGU6NTA3MTI=,MC,Bantamweight,135.0,Decision,Split,5.0,5:00,,,0
RmlnaHROb2RlOjYyMDQ1,62045,julio-perez-vs-esteban-rodriguez-62045,RXZlbnROb2RlOjY0NjY=,RmlnaHRlck5vZGU6NTkzMTQ=,RmlnaHRlck5vZGU6NDU0NjU=,RmlnaHRlck5vZGU6NDU0NjU=,PL,Light Heavyweight,205.0,KO/TKO,,1.0,0:03,-260.0,220.0,0
RmlnaHROb2RlOjYyMDQ0,62044,gaston-reyno-vs-milton-volter-62044,RXZlbnROb2RlOjY0NjY=,RmlnaHRlck5vZGU6NjI1NA==,RmlnaHRlck5vZGU6Njg1OTY=,RmlnaHRlck5vZGU6NjI1NA==,MC,Catchweight,165.0,KO/TKO,,3.0,1:41,-450.0,350.0,0
RmlnaHROb2RlOjYxNzQ2,61746,stephen-townsel-vs-keith-richardson-61746,RXZlbnROb2RlOjY0NjY=,RmlnaHRlck5vZGU6NDM5MjA=,RmlnaHRlck5vZGU6NjAxNTY=,RmlnaHRlck5vZGU6NDM5MjA=,MC,Light Heavyweight,205.0,KO/TKO,,3.0,0:55,-255.0,215.0,0
RmlnaHROb2RlOjYyMDcz,62073,ben-rothwell-vs-alex-simon-62073,RXZlbnROb2RlOjY1MDQ=,RmlnaHRlck5vZGU6MjA=,RmlnaHRlck5vZGU6Njk0NDA=,,ME,,350.0,,,,,,,1
RmlnaHROb2RlOjYyMDQw,62040,bec-rawlings-vs-jade-masson-wong-62040,RXZlbnROb2RlOjY1MDQ=,RmlnaHRlck5vZGU6NjE0MQ==,RmlnaHRlck5vZGU6NDE4Njg=,,CO,,,,,,,,,1
RmlnaHROb2RlOjYyMzI2,62326,elijah-harris-vs-isaac-matamoros-62326,RXZlbnROb2RlOjY1NzM=,RmlnaHRlck5vZGU6MjEyMjE=,RmlnaHRlck5vZGU6MzA0ODM=,RmlnaHRlck5vZGU6MjEyMjE=,MC,Featherweight,145.0,KO/TKO,,1.0,0:07,,,0
RmlnaHROb2RlOjYyNDA0,62404,maurice-horne-vs-cody-vidal-62404,RXZlbnROb2RlOjY1NzM=,RmlnaHRlck5vZGU6NjYyMDU=,RmlnaHRlck5vZGU6Mjk5MjM=,RmlnaHRlck5vZGU6Mjk5MjM=,MC,Middleweight,185.0,KO/TKO,,4.0,1:28,137.0,-157.0,0
RmlnaHROb2RlOjYzMjI1,63225,alessio-sakara-vs-erick-lozano-63225,RXZlbnROb2RlOjY1NzM=,RmlnaHRlck5vZGU6ODQ0,RmlnaHRlck5vZGU6MzAwNzM=,RmlnaHRlck5vZGU6ODQ0,MC,,,KO/TKO,,2.0,0:48,-240.0,205.0,0
RmlnaHROb2RlOjYzMjI2,63226,pat-sullivan-vs-austin-peterson-63226,RXZlbnROb2RlOjY1NzM=,RmlnaHRlck5vZGU6NjU4NDE=,RmlnaHRlck5vZGU6OTM1NA==,RmlnaHRlck5vZGU6NjU4NDE=,MC,Featherweight,145.0,KO/TKO,,1.0,0:15,-1200.0,750.0,0
RmlnaHROb2RlOjYyMzUx,62351,jason-dinunzio-vs-dalvin-blair-62351,RXZlbnROb2RlOjY1NzM=,RmlnaHRlck5vZGU6Njk3MDU=,RmlnaHRlck5vZGU6NjYyMDM=,RmlnaHRlck5vZGU6NjYyMDM=,MC,Lightweight,155.0,KO/TKO,,1.0,1:23,375.0,-500.0,0
RmlnaHROb2RlOjYyMzI3,62327,lex-ludlow-vs-lewis-rumsey-62327,RXZlbnROb2RlOjY1NzM=,RmlnaHRlck5vZGU6NjYwNDY=,RmlnaHRlck5vZGU6MTg4Nw==,RmlnaHRlck5vZGU6NjYwNDY=,MC,,,KO/TKO,,2.0,0:29,-360.0,295.0,0
RmlnaHROb2RlOjYyMzI0,62324,dustin-pague-vs-ryan-peterson-62324,RXZlbnROb2RlOjY1NzM=,RmlnaHRlck5vZGU6MTI0OA==,RmlnaHRlck5vZGU6NTM0NDA=,RmlnaHRlck5vZGU6MTI0OA==,ME,Catchweight,165.0,KO/TKO,,2.0,0:29,-280.0,240.0,0
RmlnaHROb2RlOjYzMjI0,63224,john-garbarino-vs-erik-lopez-63224,RXZlbnROb2RlOjY1NzM=,RmlnaHRlck5vZGU6MjgxNzQ=,RmlnaHRlck5vZGU6NDQ4NTA=,RmlnaHRlck5vZGU6MjgxNzQ=,MC,Middleweight,185.0,KO/TKO,,2.0,1:48,-2500.0,1200.0,0
RmlnaHROb2RlOjYyMzI1,62325,rosalinda-rodriguez-vs-gabrielle-roman-62325,RXZlbnROb2RlOjY1NzM=,RmlnaHRlck5vZGU6NTUwNTM=,RmlnaHRlck5vZGU6NTIwNTk=,RmlnaHRlck5vZGU6NTUwNTM=,CO,Catchweight,120.0,KO/TKO,,3.0,1:08,-1000.0,700.0,0
RmlnaHROb2RlOjYyMzEw,62310,zachary-calmus-vs-corey-willis-62310,RXZlbnROb2RlOjY1NzI=,RmlnaHRlck5vZGU6Mzk0NDY=,RmlnaHRlck5vZGU6NTEwMjQ=,RmlnaHRlck5vZGU6NTEwMjQ=,MC,,,KO/TKO,,2.0,2:00,-250.0,210.0,0
RmlnaHROb2RlOjYzODQw,63840,elvin-brito-vs-brandon-meyer-63840,RXZlbnROb2RlOjY1NzI=,RmlnaHRlck5vZGU6MzQ2Nw==,RmlnaHRlck5vZGU6MjI5NzM=,RmlnaHRlck5vZGU6MzQ2Nw==,MC,Lightweight,155.0,KO/TKO,,4.0,0:32,,,0
RmlnaHROb2RlOjYzMjE4,63218,shyanna-bintiff-vs-marisol-ruelas-63218,RXZlbnROb2RlOjY1NzI=,RmlnaHRlck5vZGU6Njc1MTU=,RmlnaHRlck5vZGU6MzA1MzU=,RmlnaHRlck5vZGU6Njc1MTU=,MC,Featherweight,145.0,KO/TKO,,2.0,1:11,-370.0,295.0,0
RmlnaHROb2RlOjYyNDM4,62438,jay-kerr-vs-dillon-blaydon-62438,RXZlbnROb2RlOjY1NzI=,RmlnaHRlck5vZGU6NDk2ODQ=,RmlnaHRlck5vZGU6Njk3NzM=,,MC,,,,,,,-450.0,350.0,0
RmlnaHROb2RlOjYyMzA5,62309,brandon-conley-vs-david-simpson-62309,RXZlbnROb2RlOjY1NzI=,RmlnaHRlck5vZGU6NjI3OTc=,RmlnaHRlck5vZGU6MzY5OTQ=,RmlnaHRlck5vZGU6MzY5OTQ=,MC,Middleweight,185.0,KO/TKO,,4.0,0:32,-440.0,340.0,0
RmlnaHROb2RlOjYzODQy,63842,timmy-mason-vs-aj-craig-63842,RXZlbnROb2RlOjY1NzI=,RmlnaHRlck5vZGU6NDQ4NDk=,RmlnaHRlck5vZGU6NjUxMTU=,RmlnaHRlck5vZGU6NDQ4NDk=,PL,Featherweight,145.0,KO/TKO,,1.0,2:00,,,0
RmlnaHROb2RlOjYyMzEx,62311,traevon-kroger-vs-danny-pettit-62311,RXZlbnROb2RlOjY1NzI=,RmlnaHRlck5vZGU6MzMwNDk=,RmlnaHRlck5vZGU6NjAwMDA=,RmlnaHRlck5vZGU6MzMwNDk=,MC,Featherweight,145.0,KO/TKO,,1.0,2:00,-625.0,450.0,0
RmlnaHROb2RlOjYyNDAy,62402,bear-hill-vs-iman-williams-62402,RXZlbnROb2RlOjY1NzI=,RmlnaHRlck5vZGU6NjYxOTk=,RmlnaHRlck5vZGU6NjU2ODc=,,MC,,,,,,,,,1
RmlnaHROb2RlOjYyMzEy,62312,dan-godoy-vs-ruben-arroyo-62312,RXZlbnROb2RlOjY1NzI=,RmlnaHRlck5vZGU6NjM4ODA=,RmlnaHRlck5vZGU6NjAxNDA=,,MC,,,,,,,-330.0,270.0,1
RmlnaHROb2RlOjYzODYw,63860,cody-kerr-vs-dillon-blaydon-63860,RXZlbnROb2RlOjY1NzI=,RmlnaHRlck5vZGU6NzA1NTg=,RmlnaHRlck5vZGU6Njk3NzM=,RmlnaHRlck5vZGU6NzA1NTg=,PL,Light Heavyweight,205.0,KO/TKO,,1.0,1:01,,,0
RmlnaHROb2RlOjYzODQz,63843,dan-godoy-vs-jeremiah-castillo-63843,RXZlbnROb2RlOjY1NzI=,RmlnaHRlck5vZGU6NjM4ODA=,RmlnaHRlck5vZGU6MTAxMzc=,RmlnaHRlck5vZGU6NjM4ODA=,PL,Lightweight,155.0,KO/TKO,,3.0,2:00,,,0
RmlnaHROb2RlOjYzNzA3,63707,timmy-mason-vs-corey-roberts-63707,RXZlbnROb2RlOjY1NzI=,RmlnaHRlck5vZGU6NDQ4NDk=,RmlnaHRlck5vZGU6MjA5MTU=,,MC,,,,,,,-335.0,275.0,1
RmlnaHROb2RlOjYzMjE5,63219,elvin-brito-vs-jeremiah-scott-63219,RXZlbnROb2RlOjY1NzI=,RmlnaHRlck5vZGU6MzQ2Nw==,RmlnaHRlck5vZGU6MjA2NTc=,,MC,,,,,,,,,1
RmlnaHROb2RlOjYyNzQ1,62745,taylor-starling-vs-shelby-cannon-62745,RXZlbnROb2RlOjY1NzI=,RmlnaHRlck5vZGU6MzM2MTk=,RmlnaHRlck5vZGU6Njc0Nzk=,RmlnaHRlck5vZGU6MzM2MTk=,CO,Strawweight,115.0,Decision,Unanimous,5.0,5:00,115.0,-135.0,0
RmlnaHROb2RlOjYyMzA4,62308,gorjan-slaveski-vs-julian-lane-62308,RXZlbnROb2RlOjY1NzI=,RmlnaHRlck5vZGU6NDQ4NTU=,RmlnaHRlck5vZGU6MTgzNQ==,RmlnaHRlck5vZGU6MTgzNQ==,ME,Catchweight,165.0,Decision,Unanimous,5.0,5:00,-440.0,340.0,0
RmlnaHROb2RlOjYzODQx,63841,bear-hill-vs-billy-swanson-63841,RXZlbnROb2RlOjY1NzI=,RmlnaHRlck5vZGU6NjYxOTk=,RmlnaHRlck5vZGU6MjI3NDQ=,RmlnaHRlck5vZGU6NjYxOTk=,MC,,,KO/TKO,,3.0,1:20,,,0
RmlnaHROb2RlOjYzOTI4,63928,hasan-alghanim-vs-zachary-pannell-63928,RXZlbnROb2RlOjY1ODU=,RmlnaHRlck5vZGU6NTg1NTQ=,RmlnaHRlck5vZGU6NTYyOTU=,RmlnaHRlck5vZGU6NTg1NTQ=,MC,Lightweight,155.0,KO/TKO,,1.0,0:22,-625.0,375.0,0
RmlnaHROb2RlOjYzMjE2,63216,kayden-giroux-vs-joseph-creer-63216,RXZlbnROb2RlOjY1ODU=,RmlnaHRlck5vZGU6NjMyOTk=,RmlnaHRlck5vZGU6MzMwMzM=,RmlnaHRlck5vZGU6MzMwMzM=,MC,Catchweight,195.0,KO/TKO,,4.0,2:00,-130.0,-110.0,0
RmlnaHROb2RlOjYzMjEz,63213,kimani-crawford-vs-matt-socholotiuk-63213,RXZlbnROb2RlOjY1ODU=,RmlnaHRlck5vZGU6NjMxMDQ=,RmlnaHRlck5vZGU6Mjg0Mzg=,RmlnaHRlck5vZGU6NjMxMDQ=,MC,Catchweight,165.0,Decision,Unanimous,5.0,5:00,-250.0,170.0,0
RmlnaHROb2RlOjYzMjEy,63212,alexandra-lucia-delgado-lopez-vs-emma-murray-63212,RXZlbnROb2RlOjY1ODU=,RmlnaHRlck5vZGU6NjMxMDI=,RmlnaHRlck5vZGU6NjUxMDA=,RmlnaHRlck5vZGU6NjMxMDI=,MC,Strawweight,115.0,Decision,Unanimous,5.0,5:00,-275.0,185.0,0
RmlnaHROb2RlOjYzMjEx,63211,bohdan-kotok-vs-brady-meister-63211,RXZlbnROb2RlOjY1ODU=,RmlnaHRlck5vZGU6NjMwOTk=,RmlnaHRlck5vZGU6NTI5MjI=,RmlnaHRlck5vZGU6NjMwOTk=,MC,,,KO/TKO,,1.0,1:53,-260.0,175.0,0
RmlnaHROb2RlOjYzMjE0,63214,adam-de-freitas-vs-skyler-mauller-63214,RXZlbnROb2RlOjY1ODU=,RmlnaHRlck5vZGU6MzgwODE=,RmlnaHRlck5vZGU6NjkzNjA=,RmlnaHRlck5vZGU6MzgwODE=,MC,Catchweight,175.0,KO/TKO,,1.0,1:05,-140.0,100.0,0
RmlnaHROb2RlOjYzMzk4,63398,nick-felber-vs-james-dalzell-63398,RXZlbnROb2RlOjY1ODU=,RmlnaHRlck5vZGU6NTQyODI=,RmlnaHRlck5vZGU6NzAyMTI=,RmlnaHRlck5vZGU6NTQyODI=,MC,Lightweight,155.0,KO/TKO,,1.0,0:36,-805.0,430.0,0
RmlnaHROb2RlOjYzMjEw,63210,drew-stuve-vs-michael-manno-63210,RXZlbnROb2RlOjY1ODU=,RmlnaHRlck5vZGU6NTkzMjA=,RmlnaHRlck5vZGU6NDY3MjE=,,MC,,,,,,,,,1
RmlnaHROb2RlOjYzMjE1,63215,justin-kennedy-vs-caeden-scott-63215,RXZlbnROb2RlOjY1ODU=,RmlnaHRlck5vZGU6NjM4OTM=,RmlnaHRlck5vZGU6NjM4Nzk=,RmlnaHRlck5vZGU6NjM4Nzk=,MC,Catchweight,165.0,KO/TKO,,1.0,1:26,350.0,-600.0,0
RmlnaHROb2RlOjYzOTgy,63982,chad-lucanas-vs-tim-tamaki-63982,RXZlbnROb2RlOjY1ODU=,RmlnaHRlck5vZGU6NTg1NTY=,RmlnaHRlck5vZGU6NDU3Mg==,RmlnaHRlck5vZGU6NTg1NTY=,CO,Lightweight,155.0,KO/TKO,,1.0,1:59,-550.0,325.0,0
RmlnaHROb2RlOjYzOTI3,63927,drew-stuve-vs-will-santiago-63927,RXZlbnROb2RlOjY1ODU=,RmlnaHRlck5vZGU6NTkzMjA=,RmlnaHRlck5vZGU6ODAxNA==,RmlnaHRlck5vZGU6NTkzMjA=,ME,Catchweight,175.0,KO/TKO,,1.0,1:37,-450.0,275.0,0
RmlnaHROb2RlOjY2MDM0,66034,denis-gondzala-vs-emircan-gulsen-66034,RXZlbnROb2RlOjY2MzQ=,RmlnaHRlck5vZGU6NTQwNDI=,RmlnaHRlck5vZGU6NzEyMTI=,RmlnaHRlck5vZGU6NzEyMTI=,PL,Catchweight,165.0,KO/TKO,,2.0,1:34,,,0
RmlnaHROb2RlOjYzOTYx,63961,petar-razov-vs-bojan-kosednar-63961,RXZlbnROb2RlOjY2MzQ=,RmlnaHRlck5vZGU6NzA1OTE=,RmlnaHRlck5vZGU6MzY1Mg==,,MC,,,,,,,-400.0,300.0,1
RmlnaHROb2RlOjY2MDM1,66035,alfred-koci-vs-kristijan-jevtovic-66035,RXZlbnROb2RlOjY2MzQ=,RmlnaHRlck5vZGU6NzEyMTM=,RmlnaHRlck5vZGU6NzEyMTQ=,RmlnaHRlck5vZGU6NzEyMTM=,PL,Catchweight,175.0,KO/TKO,,3.0,0:18,170.0,-195.0,0
RmlnaHROb2RlOjY0ODE2,64816,hunor-horvath-vs-ahmet-duman-64816,RXZlbnROb2RlOjY2MzQ=,RmlnaHRlck5vZGU6NzA1OTg=,RmlnaHRlck5vZGU6NzA2ODk=,,MC,,,,,,,,,1
RmlnaHROb2RlOjYzOTY1,63965,nadja-milijancevic-vs-deborah-melhorn-63965,RXZlbnROb2RlOjY2MzQ=,RmlnaHRlck5vZGU6NTU5MjY=,RmlnaHRlck5vZGU6NzA1OTc=,RmlnaHRlck5vZGU6NzA1OTc=,MC,Featherweight,145.0,Decision,Unanimous,5.0,5:00,-315.0,265.0,0
RmlnaHROb2RlOjYzOTY0,63964,damjan-savanovic-vs-dominik-estorer-63964,RXZlbnROb2RlOjY2MzQ=,RmlnaHRlck5vZGU6NzA1OTY=,RmlnaHRlck5vZGU6NTkxMDg=,RmlnaHRlck5vZGU6NTkxMDg=,MC,,,KO/TKO,,1.0,1:01,425.0,-600.0,0
RmlnaHROb2RlOjYzOTE5,63919,jedrzej-durski-vs-donovan-desmae-63919,RXZlbnROb2RlOjY2MzQ=,RmlnaHRlck5vZGU6NTU0MTA=,RmlnaHRlck5vZGU6MTU4MDA=,RmlnaHRlck5vZGU6NTU0MTA=,MC,Catchweight,175.0,Decision,Unanimous,5.0,5:00,285.0,-350.0,0
RmlnaHROb2RlOjY2OTg3,66987,issam-khadui-vs-ahmet-duman-66987,RXZlbnROb2RlOjY2MzQ=,RmlnaHRlck5vZGU6NzE1NjI=,RmlnaHRlck5vZGU6NzA2ODk=,RmlnaHRlck5vZGU6NzE1NjI=,MC,Catchweight,140.0,Decision,Unanimous,5.0,5:00,,,0
RmlnaHROb2RlOjYzOTYz,63963,dusan-radovic-vs-stefan-dobrijevic-63963,RXZlbnROb2RlOjY2MzQ=,RmlnaHRlck5vZGU6NzA1OTQ=,RmlnaHRlck5vZGU6NzA1OTU=,RmlnaHRlck5vZGU6NzA1OTU=,MC,Welterweight,170.0,KO/TKO,,3.0,1:16,-210.0,180.0,0
RmlnaHROb2RlOjYzOTY2,63966,hunor-horvath-vs-ahmet-duman-63966,RXZlbnROb2RlOjY2MzQ=,RmlnaHRlck5vZGU6NzA1OTg=,RmlnaHRlck5vZGU6NzA1OTk=,,MC,,,,,,,,,0
RmlnaHROb2RlOjY2MDMz,66033,emre-akbas-vs-gorichkhan-rigi-66033,RXZlbnROb2RlOjY2MzQ=,RmlnaHRlck5vZGU6NjY0Njk=,RmlnaHRlck5vZGU6NzEyMTE=,RmlnaHRlck5vZGU6NjY0Njk=,MC,Middleweight,185.0,KO/TKO,,3.0,0:34,-275.0,235.0,0
RmlnaHROb2RlOjYzOTE4,63918,vaso-bakocevic-vs-wilhelm-ott-63918,RXZlbnROb2RlOjY2MzQ=,RmlnaHRlck5vZGU6ODI4Mg==,RmlnaHRlck5vZGU6MjI0Nzk=,,ME,,,,,,,-400.0,300.0,1
RmlnaHROb2RlOjYzOTYy,63962,dilan-prasovic-vs-lasha-roinishvili-63962,RXZlbnROb2RlOjY2MzQ=,RmlnaHRlck5vZGU6NzA1OTI=,RmlnaHRlck5vZGU6NzA1OTM=,RmlnaHRlck5vZGU6NzA1OTI=,ME,,,KO/TKO,,1.0,1:08,-350.0,275.0,0
RmlnaHROb2RlOjYzOTEx,63911,leonardo-perdomo-vs-arnold-adams-63911,RXZlbnROb2RlOjY2MTQ=,RmlnaHRlck5vZGU6NTQxNDQ=,RmlnaHRlck5vZGU6MTM4NDU=,RmlnaHRlck5vZGU6NTQxNDQ=,ME,,,KO/TKO,,1.0,1:09,-5000.0,1800.0,0
RmlnaHROb2RlOjY1ODEx,65811,edgard-plazaola-vs-gary-fox-65811,RXZlbnROb2RlOjY2MTQ=,RmlnaHRlck5vZGU6NDM5MjI=,RmlnaHRlck5vZGU6NTAzNDg=,RmlnaHRlck5vZGU6NDM5MjI=,CO,Featherweight,145.0,Decision,Unanimous,5.0,5:00,-900.0,600.0,0
RmlnaHROb2RlOjYzOTE0,63914,nicholas-blume-vs-mikey-furnier-63914,RXZlbnROb2RlOjY2MTQ=,RmlnaHRlck5vZGU6NjU0NTg=,RmlnaHRlck5vZGU6NTEzNTM=,,MC,,,,,,,,,1
RmlnaHROb2RlOjYzOTEz,63913,wayna-reid-vs-paulo-games-63913,RXZlbnROb2RlOjY2MTQ=,RmlnaHRlck5vZGU6NTAzNTY=,RmlnaHRlck5vZGU6NjM0Mzg=,RmlnaHRlck5vZGU6NjM0Mzg=,MC,Welterweight,170.0,KO/TKO,,3.0,2:00,-800.0,550.0,0
RmlnaHROb2RlOjYzOTUw,63950,jancarlos-rivera-vs-vincent-alsept-63950,RXZlbnROb2RlOjY2MTQ=,RmlnaHRlck5vZGU6NjYyMDA=,RmlnaHRlck5vZGU6NzA1ODk=,,MC,,,,,,,,,1
RmlnaHROb2RlOjYzOTUx,63951,rudy-levocz-vs-eric-westbury-63951,RXZlbnROb2RlOjY2MTQ=,RmlnaHRlck5vZGU6NTk3Mjk=,RmlnaHRlck5vZGU6NzA1OTA=,,MC,,,,,,,,,1
RmlnaHROb2RlOjY1ODEz,65813,kevin-ferguson-jr-vs-derek-perez-65813,RXZlbnROb2RlOjY2MTQ=,RmlnaHRlck5vZGU6MTE5MTA=,RmlnaHRlck5vZGU6MzU1ODM=,,MC,,,,,,,-300.0,250.0,1
RmlnaHROb2RlOjYzOTEy,63912,chris-garcia-vs-austin-lewis-63912,RXZlbnROb2RlOjY2MTQ=,RmlnaHRlck5vZGU6NTQxOTg=,RmlnaHRlck5vZGU6NTQ3OTE=,RmlnaHRlck5vZGU6NTQxOTg=,MC,Catchweight,130.0,KO/TKO,,1.0,1:19,-1000.0,700.0,0
RmlnaHROb2RlOjYzOTQ5,63949,bobby-henry-vs-stash-kuykendall-63949,RXZlbnROb2RlOjY2MTQ=,RmlnaHRlck5vZGU6Njk0NTM=,RmlnaHRlck5vZGU6NzA1ODg=,RmlnaHRlck5vZGU6Njk0NTM=,MC,Lightweight,155.0,KO/TKO,,2.0,0:34,-600.0,425.0,0
RmlnaHROb2RlOjY1ODEy,65812,jeremy-smith-vs-david-simpson-65812,RXZlbnROb2RlOjY2MTQ=,RmlnaHRlck5vZGU6Mzc1MDE=,RmlnaHRlck5vZGU6MzY5OTQ=,RmlnaHRlck5vZGU6MzY5OTQ=,MC,Middleweight,185.0,KO/TKO,,1.0,0:52,140.0,-160.0,0
RmlnaHROb2RlOjYzOTQ4,63948,yoel-romero-vs-theo-doukas-63948,RXZlbnROb2RlOjY2MTQ=,RmlnaHRlck5vZGU6MTI5NA==,RmlnaHRlck5vZGU6NzA1ODc=,RmlnaHRlck5vZGU6MTI5NA==,MC,,,KO/TKO,,2.0,1:56,-10000.0,2000.0,0
RmlnaHROb2RlOjY3OTI0,67924,dillon-blaydon-vs-nicholas-blume-67924,RXZlbnROb2RlOjY2MTQ=,RmlnaHRlck5vZGU6Njk3NzM=,RmlnaHRlck5vZGU6NjU0NTg=,RmlnaHRlck5vZGU6NjU0NTg=,PL,,,KO/TKO,,1.0,0:55,800.0,-1400.0,0
RmlnaHROb2RlOjY3OTI1,67925,isaiah-garcia-vs-jancarlos-rivera-67925,RXZlbnROb2RlOjY2MTQ=,RmlnaHRlck5vZGU6NjI5Nzg=,RmlnaHRlck5vZGU6NjYyMDA=,RmlnaHRlck5vZGU6NjYyMDA=,PL,Flyweight,125.0,KO/TKO,,1.0,0:22,800.0,-1400.0,0
RmlnaHROb2RlOjY1ODE0,65814,rudy-levocz-vs-louis-brewington-65814,RXZlbnROb2RlOjY2MTQ=,RmlnaHRlck5vZGU6NTk3Mjk=,RmlnaHRlck5vZGU6NDQzNzE=,RmlnaHRlck5vZGU6NTk3Mjk=,PL,Middleweight,185.0,Decision,Unanimous,5.0,5:00,-230.0,195.0,0
RmlnaHROb2RlOjY1ODAy,65802,jonno-chipchase-vs-lewis-garside-65802,RXZlbnROb2RlOjY2MzM=,RmlnaHRlck5vZGU6NTY2NTg=,RmlnaHRlck5vZGU6NjU2NTU=,RmlnaHRlck5vZGU6NjU2NTU=,MC,Featherweight,145.0,KO/TKO,,1.0,1:10,-125.0,105.0,0
RmlnaHROb2RlOjY1NTg2,65586,james-degale-vs-matty-floyd-65586,RXZlbnROb2RlOjY2MzM=,RmlnaHRlck5vZGU6NzEwNzQ=,RmlnaHRlck5vZGU6NzEwNzU=,RmlnaHRlck5vZGU6NzEwNzQ=,ME,Catchweight,175.0,Decision,Unanimous,5.0,5:00,-300.0,250.0,0
RmlnaHROb2RlOjY1NTg3,65587,aaron-chalmers-vs-jack-fincham-65587,RXZlbnROb2RlOjY2MzM=,RmlnaHRlck5vZGU6MTc4NzU=,RmlnaHRlck5vZGU6NzEwNzY=,RmlnaHRlck5vZGU6MTc4NzU=,CO,Middleweight,185.0,KO/TKO,,2.0,2:00,-210.0,180.0,0
RmlnaHROb2RlOjY1NTIz,65523,jonny-graham-vs-navid-mansouri-65523,RXZlbnROb2RlOjY2MzM=,RmlnaHRlck5vZGU6NTE3MDc=,RmlnaHRlck5vZGU6NjY0NjU=,RmlnaHRlck5vZGU6NTE3MDc=,MC,Lightweight,155.0,KO/TKO,,2.0,1:53,190.0,-225.0,0
RmlnaHROb2RlOjY2MDIy,66022,jack-cullen-vs-stanislav-grosu-66022,RXZlbnROb2RlOjY2MzM=,RmlnaHRlck5vZGU6NzEyMDA=,RmlnaHRlck5vZGU6NDMwMDQ=,,MC,,,,,,,,,1
RmlnaHROb2RlOjY1ODA2,65806,benjamin-lowe-vs-mikey-henderson-65806,RXZlbnROb2RlOjY2MzM=,RmlnaHRlck5vZGU6NjgxMTE=,RmlnaHRlck5vZGU6NjU5MTU=,RmlnaHRlck5vZGU6NjU5MTU=,MC,Catchweight,175.0,Decision,Unanimous,5.0,5:00,-105.0,-115.0,0
RmlnaHROb2RlOjY1ODA0,65804,andy-thornton-vs-matty-hill-65804,RXZlbnROb2RlOjY2MzM=,RmlnaHRlck5vZGU6NTY3ODU=,RmlnaHRlck5vZGU6NTI5Mjg=,RmlnaHRlck5vZGU6NTY3ODU=,PL,,,KO/TKO,,1.0,1:22,105.0,-125.0,0
RmlnaHROb2RlOjY5NDQy,69442,kieron-sewell-vs-patryk-pientnik-69442,RXZlbnROb2RlOjY2MzM=,RmlnaHRlck5vZGU6NzI3NTY=,RmlnaHRlck5vZGU6NzI3NTc=,RmlnaHRlck5vZGU6NzI3NTY=,PL,Bantamweight,135.0,KO/TKO,,2.0,1:46,,,0
RmlnaHROb2RlOjY1ODA1,65805,gaz-corran-vs-danny-moir-65805,RXZlbnROb2RlOjY2MzM=,RmlnaHRlck5vZGU6NjYyNjk=,RmlnaHRlck5vZGU6NjE4MTk=,RmlnaHRlck5vZGU6NjYyNjk=,PL,Catchweight,175.0,KO/TKO,,1.0,1:45,-260.0,200.0,0
RmlnaHROb2RlOjY2MDIz,66023,bart-krol-vs-jon-telfer-66023,RXZlbnROb2RlOjY2MzM=,RmlnaHRlck5vZGU6NTE3MDU=,RmlnaHRlck5vZGU6NzEyMDE=,RmlnaHRlck5vZGU6NzEyMDE=,MC,Lightweight,155.0,KO/TKO,,3.0,0:58,-300.0,240.0,0
RmlnaHROb2RlOjY1ODAz,65803,dawid-oskar-vs-travis-dickinson-65803,RXZlbnROb2RlOjY2MzM=,RmlnaHRlck5vZGU6NTI5Mjk=,RmlnaHRlck5vZGU6NjYwMTk=,RmlnaHRlck5vZGU6NTI5Mjk=,MC,Light Heavyweight,205.0,KO/TKO,,1.0,0:53,-180.0,155.0,0
RmlnaHROb2RlOjY2MDI0,66024,joe-lister-vs-sean-weir-66024,RXZlbnROb2RlOjY2MzM=,RmlnaHRlck5vZGU6NjU2NTQ=,RmlnaHRlck5vZGU6NzEyMDI=,RmlnaHRlck5vZGU6NzEyMDI=,MC,Middleweight,185.0,KO/TKO,,2.0,1:25,-180.0,155.0,0
RmlnaHROb2RlOjY5MjU1,69255,dec-spelman-vs-dawid-chylinski-69255,RXZlbnROb2RlOjY2MzM=,RmlnaHRlck5vZGU6NjY0MjQ=,RmlnaHRlck5vZGU6NjQ5MDk=,RmlnaHRlck5vZGU6NjY0MjQ=,MC,Catchweight,200.0,KO/TKO,,2.0,0:55,-260.0,220.0,0
RmlnaHROb2RlOjY0ODQ3,64847,mike-perry-vs-jeremy-stephens-64847,RXZlbnROb2RlOjY2MzI=,RmlnaHRlck5vZGU6MTA4OTM=,RmlnaHRlck5vZGU6ODgy,RmlnaHRlck5vZGU6MTA4OTM=,ME,Catchweight,175.0,KO/TKO,,5.0,1:35,-450.0,350.0,0
RmlnaHROb2RlOjY0ODQ4,64848,jessica-borga-vs-christine-ferea-64848,RXZlbnROb2RlOjY2MzI=,RmlnaHRlck5vZGU6MzE2ODM=,RmlnaHRlck5vZGU6MTQzMzI=,RmlnaHRlck5vZGU6MTQzMzI=,CO,Bantamweight,135.0,KO/TKO,,4.0,0:26,-105.0,-115.0,0
RmlnaHROb2RlOjY5NDUz,69453,justin-clarke-vs-ishiah-carson-69453,RXZlbnROb2RlOjY2MzI=,RmlnaHRlck5vZGU6MzY5Mjk=,RmlnaHRlck5vZGU6NjQ4NzI=,RmlnaHRlck5vZGU6MzY5Mjk=,PL,Featherweight,145.0,Decision,Unanimous,5.0,5:00,-500.0,375.0,0
RmlnaHROb2RlOjY5NDk1,69495,pat-carroll-vs-aleem-whitfield-69495,RXZlbnROb2RlOjY2MzI=,RmlnaHRlck5vZGU6NjQ0NTc=,RmlnaHRlck5vZGU6NzI3NjU=,RmlnaHRlck5vZGU6NjQ0NTc=,PL,,,KO/TKO,,2.0,0:25,-700.0,500.0,0
RmlnaHROb2RlOjY3NjA2,67606,jeff-lentz-vs-brandon-meyer-67606,RXZlbnROb2RlOjY2MzI=,RmlnaHRlck5vZGU6NjU4NQ==,RmlnaHRlck5vZGU6MjI5NzM=,,MC,,,,,,,,,1
RmlnaHROb2RlOjY3NjA3,67607,phil-caracappa-vs-daniel-alvarez-67607,RXZlbnROb2RlOjY2MzI=,RmlnaHRlck5vZGU6Mjg5NDA=,RmlnaHRlck5vZGU6NjIyOTI=,,MC,,,,,,,-250.0,170.0,1
RmlnaHROb2RlOjY3NjA1,67605,john-garbarino-vs-roderick-stewart-67605,RXZlbnROb2RlOjY2MzI=,RmlnaHRlck5vZGU6MjgxNzQ=,RmlnaHRlck5vZGU6NDg4ODc=,,MC,,,,,,,,,1
RmlnaHROb2RlOjY5NDU2,69456,pat-sullivan-vs-brandon-bushaw-69456,RXZlbnROb2RlOjY2MzI=,RmlnaHRlck5vZGU6NjU4NDE=,RmlnaHRlck5vZGU6MjA2NTk=,,MC,,,,,,,105.0,-125.0,1
RmlnaHROb2RlOjY1NDEz,65413,frankie-edgar-vs-jimmie-rivera-65413,RXZlbnROb2RlOjY2MzI=,RmlnaHRlck5vZGU6NjQw,RmlnaHRlck5vZGU6NjI=,,MC,,,,,,,250.0,-400.0,1
RmlnaHROb2RlOjY1NDE0,65414,patrick-brady-vs-corey-willis-65414,RXZlbnROb2RlOjY2MzI=,RmlnaHRlck5vZGU6NTEwMjY=,RmlnaHRlck5vZGU6NTEwMjQ=,,MC,,,,,,,,,1
RmlnaHROb2RlOjY3NjA0,67604,karl-roberson-vs-oluwale-bamgbose-67604,RXZlbnROb2RlOjY2MzI=,RmlnaHRlck5vZGU6MjA1ODM=,RmlnaHRlck5vZGU6NzcyNg==,RmlnaHRlck5vZGU6NzcyNg==,MC,Catchweight,200.0,KO/TKO,,2.0,0:58,-290.0,245.0,0
RmlnaHROb2RlOjY5NzAx,69701,jimmie-rivera-vs-timmy-mason-69701,RXZlbnROb2RlOjY2MzI=,RmlnaHRlck5vZGU6NjI=,RmlnaHRlck5vZGU6NDQ4NDk=,RmlnaHRlck5vZGU6NjI=,MC,Catchweight,150.0,KO/TKO,,3.0,0:29,,,0
RmlnaHROb2RlOjY5NDU0,69454,jeff-lentz-vs-elijah-harris-69454,RXZlbnROb2RlOjY2MzI=,RmlnaHRlck5vZGU6NjU4NQ==,RmlnaHRlck5vZGU6MjEyMjE=,RmlnaHRlck5vZGU6NjU4NQ==,MC,Lightweight,155.0,KO/TKO,,1.0,2:00,285.0,-360.0,0
RmlnaHROb2RlOjY5NzAy,69702,quentin-gaskins-vs-phil-caracappa-69702,RXZlbnROb2RlOjY2MzI=,RmlnaHRlck5vZGU6MTE4MDk=,RmlnaHRlck5vZGU6Mjg5NDA=,RmlnaHRlck5vZGU6MTE4MDk=,MC,Featherweight,145.0,KO/TKO,,1.0,1:53,,,0
RmlnaHROb2RlOjY5NDU1,69455,michael-trizano-vs-jaime-deleon-69455,RXZlbnROb2RlOjY2MzI=,RmlnaHRlck5vZGU6MjMxNTM=,RmlnaHRlck5vZGU6Njk3NzA=,RmlnaHRlck5vZGU6MjMxNTM=,MC,Lightweight,155.0,KO/TKO,,1.0,0:20,-300.0,250.0,0
RmlnaHROb2RlOjY5NDky,69492,octavin-turner-vs-cary-caprio-69492,RXZlbnROb2RlOjY2NDk=,RmlnaHRlck5vZGU6NzI3NjI=,RmlnaHRlck5vZGU6NDY2MTQ=,RmlnaHRlck5vZGU6NzI3NjI=,MC,Flyweight,125.0,Decision,Unanimous,3.0,5:00,-200.0,170.0,0
RmlnaHROb2RlOjY1Nzk5,65799,ronny-hauser-vs-julian-valencia-65799,RXZlbnROb2RlOjY2NDk=,RmlnaHRlck5vZGU6MzY0MDY=,RmlnaHRlck5vZGU6MzAyNjE=,RmlnaHRlck5vZGU6MzY0MDY=,MC,Bantamweight,135.0,KO/TKO,,1.0,0:15,-350.0,285.0,0
RmlnaHROb2RlOjY5NDUy,69452,nathan-maness-vs-tyler-randall-69452,RXZlbnROb2RlOjY2NDk=,RmlnaHRlck5vZGU6Mjc5ODQ=,RmlnaHRlck5vZGU6NDI4MDc=,RmlnaHRlck5vZGU6Mjc5ODQ=,MC,Catchweight,130.0,KO/TKO,,2.0,0:45,-550.0,400.0,0
RmlnaHROb2RlOjcwMjU3,70257,bryce-henry-vs-roderick-stewart-70257,RXZlbnROb2RlOjY2NDk=,RmlnaHRlck5vZGU6NTAyNzU=,RmlnaHRlck5vZGU6NDg4ODc=,RmlnaHRlck5vZGU6NTAyNzU=,ME,Welterweight,170.0,KO/TKO,,2.0,1:59,,,0
RmlnaHROb2RlOjY5NDkx,69491,adam-brady-vs-darren-whitney-69491,RXZlbnROb2RlOjY2NDk=,RmlnaHRlck5vZGU6NzI3NjE=,RmlnaHRlck5vZGU6MjgxNTI=,RmlnaHRlck5vZGU6MjgxNTI=,MC,Catchweight,165.0,KO/TKO,,1.0,0:18,1200.0,-2500.0,0
RmlnaHROb2RlOjY2MDEy,66012,travis-smith-vs-tom-angeloff-66012,RXZlbnROb2RlOjY2NDk=,RmlnaHRlck5vZGU6MTAyNjE=,RmlnaHRlck5vZGU6MjAyOTk=,RmlnaHRlck5vZGU6MjAyOTk=,MC,Middleweight,185.0,KO/TKO,,2.0,1:48,155.0,-180.0,0
RmlnaHROb2RlOjY2MDEx,66011,marisol-ruelas-vs-brooke-evans-66011,RXZlbnROb2RlOjY2NDk=,RmlnaHRlck5vZGU6MzA1MzU=,RmlnaHRlck5vZGU6NzExOTc=,RmlnaHRlck5vZGU6NzExOTc=,MC,Bantamweight,135.0,Decision,Split,5.0,5:00,375.0,-500.0,0
RmlnaHROb2RlOjY2MDEw,66010,gabriel-mota-vs-sean-schultz-66010,RXZlbnROb2RlOjY2NDk=,RmlnaHRlck5vZGU6NDA1MDU=,RmlnaHRlck5vZGU6NzExOTY=,RmlnaHRlck5vZGU6NDA1MDU=,MC,Light Heavyweight,205.0,Decision,Unanimous,5.0,5:00,190.0,-225.0,0
RmlnaHROb2RlOjY5NDkz,69493,jorge-gonzalez-vs-caleb-gall-69493,RXZlbnROb2RlOjY2NDk=,RmlnaHRlck5vZGU6NzI3NjM=,RmlnaHRlck5vZGU6NzI3NjQ=,,MC,,,,,,,300.0,-400.0,1
RmlnaHROb2RlOjY2MDE0,66014,cody-schieve-vs-carlos-yanez-66014,RXZlbnROb2RlOjY2NDk=,RmlnaHRlck5vZGU6MzE4NjI=,RmlnaHRlck5vZGU6NzExOTk=,,MC,,,,,,,,,1
RmlnaHROb2RlOjY2MDEz,66013,boban-simic-vs-damien-black-66013,RXZlbnROb2RlOjY2NDk=,RmlnaHRlck5vZGU6MTE2Mjg=,RmlnaHRlck5vZGU6NzExOTg=,,MC,,,,,,,,,1
RmlnaHROb2RlOjY1Nzk3,65797,bryce-henry-vs-jake-lindsey-65797,RXZlbnROb2RlOjY2NDk=,RmlnaHRlck5vZGU6NTAyNzU=,RmlnaHRlck5vZGU6MjkyNw==,RmlnaHRlck5vZGU6NTAyNzU=,ME,Welterweight,170.0,KO/TKO,,2.0,1:59,,,1
RmlnaHROb2RlOjY1Nzk4,65798,cameron-vancamp-vs-derrick-findley-65798,RXZlbnROb2RlOjY2NDk=,RmlnaHRlck5vZGU6MTYzNTI=,RmlnaHRlck5vZGU6NDE1NTE=,RmlnaHRlck5vZGU6MTYzNTI=,CO,Welterweight,170.0,KO/TKO,,2.0,0:35,-330.0,270.0,0
RmlnaHROb2RlOjY1Nzgw,65780,ben-bonner-vs-franco-tenaglia-65780,RXZlbnROb2RlOjY2MzE=,RmlnaHRlck5vZGU6NTAzNTA=,RmlnaHRlck5vZGU6MTQ0NDE=,RmlnaHRlck5vZGU6MTQ0NDE=,CO,Lightweight,155.0,Decision,Split,5.0,5:00,-110.0,-110.0,0
RmlnaHROb2RlOjYzOTAx,63901,chris-camozzi-vs-alessio-sakara-63901,RXZlbnROb2RlOjY2MzE=,RmlnaHRlck5vZGU6OTg5,RmlnaHRlck5vZGU6ODQ0,RmlnaHRlck5vZGU6ODQ0,ME,Catchweight,200.0,Decision,Split,5.0,5:00,-415.0,315.0,0
RmlnaHROb2RlOjY5NDUw,69450,francesco-ricchi-vs-josef-hala-69450,RXZlbnROb2RlOjY2MzE=,RmlnaHRlck5vZGU6MzUyMTc=,RmlnaHRlck5vZGU6NjY0Njg=,RmlnaHRlck5vZGU6NjY0Njg=,MC,Catchweight,175.0,KO/TKO,,3.0,1:43,-180.0,155.0,0
RmlnaHROb2RlOjY2MDA4,66008,haze-hepi-vs-krystian-wisniewski-66008,RXZlbnROb2RlOjY2MzE=,RmlnaHRlck5vZGU6NjY0NjY=,RmlnaHRlck5vZGU6NzExOTU=,,MC,,,,,,,,,0
RmlnaHROb2RlOjY1Nzgy,65782,jimmy-sweeney-vs-carlos-trinidad-65782,RXZlbnROb2RlOjY2MzE=,RmlnaHRlck5vZGU6NjYyNjc=,RmlnaHRlck5vZGU6NDU0NjM=,RmlnaHRlck5vZGU6NDU0NjM=,MC,Catchweight,165.0,KO/TKO,,3.0,0:18,250.0,-325.0,0
RmlnaHROb2RlOjY1Nzgx,65781,nicolas-gaffie-vs-jelle-zeegers-65781,RXZlbnROb2RlOjY2MzE=,RmlnaHRlck5vZGU6NjgxNDY=,RmlnaHRlck5vZGU6NDc5NDM=,RmlnaHRlck5vZGU6NjgxNDY=,MC,Featherweight,145.0,KO/TKO,,1.0,1:13,-300.0,250.0,0
RmlnaHROb2RlOjY2MDA5,66009,marian-iovita-vs-paolo-zorzi-66009,RXZlbnROb2RlOjY2MzE=,RmlnaHRlck5vZGU6NDk5MzA=,RmlnaHRlck5vZGU6MjQ5NDI=,,MC,,,,,,,-240.0,205.0,1
RmlnaHROb2RlOjY1Nzg1,65785,enzo-tobbia-vs-ouadia-tergui-65785,RXZlbnROb2RlOjY2MzE=,RmlnaHRlck5vZGU6NDA0NDY=,RmlnaHRlck5vZGU6OTEwNQ==,RmlnaHRlck5vZGU6OTEwNQ==,PL,Catchweight,175.0,KO/TKO,,3.0,1:12,105.0,-125.0,0
RmlnaHROb2RlOjY1Nzg0,65784,andrea-bicchi-vs-tomas-bolo-65784,RXZlbnROb2RlOjY2MzE=,RmlnaHRlck5vZGU6NDczMTM=,RmlnaHRlck5vZGU6MzY4NTY=,RmlnaHRlck5vZGU6MzY4NTY=,MC,Catchweight,200.0,KO/TKO,,1.0,1:59,-175.0,150.0,0
RmlnaHROb2RlOjY4NTIx,68521,haze-hepi-vs-krzysztof-wisniewski-68521,RXZlbnROb2RlOjY2MzE=,RmlnaHRlck5vZGU6NjY0NjY=,RmlnaHRlck5vZGU6Njk4MjI=,RmlnaHRlck5vZGU6Njk4MjI=,MC,,,KO/TKO,,3.0,2:00,-280.0,240.0,0
RmlnaHROb2RlOjY1Nzgz,65783,walter-pugliesi-vs-karl-thompson-65783,RXZlbnROb2RlOjY2MzE=,RmlnaHRlck5vZGU6Mjk0MDU=,RmlnaHRlck5vZGU6NTI5MzI=,RmlnaHRlck5vZGU6Mjk0MDU=,MC,Light Heavyweight,205.0,KO/TKO,,1.0,1:51,120.0,-140.0,0
RmlnaHROb2RlOjY1Nzg2,65786,dan-chapman-vs-james-brown-65786,RXZlbnROb2RlOjY2MzE=,RmlnaHRlck5vZGU6NjQzNDI=,RmlnaHRlck5vZGU6MjA2NzI=,RmlnaHRlck5vZGU6MjA2NzI=,MC,Featherweight,145.0,KO/TKO,,4.0,2:00,-180.0,155.0,0
RmlnaHROb2RlOjY5NDUx,69451,ernesto-papa-vs-fred-sikking-69451,RXZlbnROb2RlOjY2MzE=,RmlnaHRlck5vZGU6MjA3NTc=,RmlnaHRlck5vZGU6NjM4NDU=,RmlnaHRlck5vZGU6MjA3NTc=,PL,Light Heavyweight,205.0,KO/TKO,,1.0,0:53,-500.0,375.0,0
RmlnaHROb2RlOjcwNzY4,70768,nathan-rivera-vs-tommy-strydom-70768,RXZlbnROb2RlOjg2MzE=,RmlnaHRlck5vZGU6NTY3NzE=,RmlnaHRlck5vZGU6NDkwMzM=,RmlnaHRlck5vZGU6NTY3NzE=,CO,Featherweight,145.0,KO/TKO,,3.0,0:34,-460.0,360.0,0
RmlnaHROb2RlOjcwNzcx,70771,terryl-johnson-vs-david-sanchez-70771,RXZlbnROb2RlOjg2MzE=,RmlnaHRlck5vZGU6Njg4MzM=,RmlnaHRlck5vZGU6NjM2NzM=,RmlnaHRlck5vZGU6NjM2NzM=,MC,Catchweight,190.0,KO/TKO,,2.0,1:19,185.0,-220.0,0
RmlnaHROb2RlOjY4NjQ1,68645,esteban-rodriguez-vs-zac-cavender-68645,RXZlbnROb2RlOjg2MzE=,RmlnaHRlck5vZGU6NDU0NjU=,RmlnaHRlck5vZGU6MzExOTM=,RmlnaHRlck5vZGU6NDU0NjU=,ME,Light Heavyweight,205.0,KO/TKO,,1.0,1:10,-190.0,165.0,0
RmlnaHROb2RlOjY5NDQ5,69449,justin-street-vs-aj-craig-69449,RXZlbnROb2RlOjg2MzE=,RmlnaHRlck5vZGU6MzYxMTU=,RmlnaHRlck5vZGU6NjUxMTU=,RmlnaHRlck5vZGU6MzYxMTU=,MC,Bantamweight,135.0,Decision,Unanimous,5.0,5:00,-240.0,205.0,0
RmlnaHROb2RlOjcwNzY5,70769,erick-lozano-vs-tylor-sijohn-70769,RXZlbnROb2RlOjg2MzE=,RmlnaHRlck5vZGU6MzAwNzM=,RmlnaHRlck5vZGU6NjUxMTI=,RmlnaHRlck5vZGU6MzAwNzM=,MC,Light Heavyweight,205.0,Decision,Unanimous,5.0,5:00,-300.0,250.0,0
RmlnaHROb2RlOjY5NDQ3,69447,joseph-creer-vs-taylor-bull-69447,RXZlbnROb2RlOjg2MzE=,RmlnaHRlck5vZGU6MzMwMzM=,RmlnaHRlck5vZGU6NDIzNDA=,RmlnaHRlck5vZGU6MzMwMzM=,MC,Middleweight,185.0,KO/TKO,,2.0,1:47,-190.0,165.0,0
RmlnaHROb2RlOjcwNzkx,70791,eric-westbury-vs-oleg-magkeev-70791,RXZlbnROb2RlOjg2MzE=,RmlnaHRlck5vZGU6NzA1OTA=,RmlnaHRlck5vZGU6NDk5NzM=,RmlnaHRlck5vZGU6NDk5NzM=,MC,Middleweight,185.0,KO/TKO,,2.0,0:13,-120.0,100.0,0
RmlnaHROb2RlOjcwNzkz,70793,junior-hicks-vs-aubrey-mendonca-70793,RXZlbnROb2RlOjg2MzE=,RmlnaHRlck5vZGU6NzM0Njk=,RmlnaHRlck5vZGU6NzM0NzA=,RmlnaHRlck5vZGU6NzM0NzA=,MC,Catchweight,190.0,KO/TKO,,1.0,0:22,265.0,-315.0,0
RmlnaHROb2RlOjcwNzky,70792,paul-schiller-vs-casey-moses-70792,RXZlbnROb2RlOjg2MzE=,RmlnaHRlck5vZGU6NzM0Njg=,RmlnaHRlck5vZGU6NjAxODg=,RmlnaHRlck5vZGU6NjAxODg=,MC,Catchweight,165.0,KO/TKO,,1.0,0:57,145.0,-170.0,0
RmlnaHROb2RlOjY5OTMw,69930,paris-boyd-vs-ruben-arroyo-69930,RXZlbnROb2RlOjg2MzE=,RmlnaHRlck5vZGU6NzMwMjE=,RmlnaHRlck5vZGU6NjAxNDA=,RmlnaHRlck5vZGU6NzMwMjE=,MC,Lightweight,155.0,KO/TKO,,1.0,0:31,-450.0,350.0,0
RmlnaHROb2RlOjY5NDQ4,69448,erick-lozano-vs-jay-jackson-69448,RXZlbnROb2RlOjg2MzE=,RmlnaHRlck5vZGU6MzAwNzM=,RmlnaHRlck5vZGU6MTQ3MDA=,,MC,,,,,,,,,1
RmlnaHROb2RlOjY5OTI5,69929,jesse-sparks-vs-mario-lopez-69929,RXZlbnROb2RlOjg2MzE=,RmlnaHRlck5vZGU6NzMwMTk=,RmlnaHRlck5vZGU6NzMwMjA=,,MC,,,,,,,,,1
RmlnaHROb2RlOjcwNzcw,70770,mike-hernandez-vs-antonio-castillo-jr-70770,RXZlbnROb2RlOjg2MzE=,RmlnaHRlck5vZGU6NjU0Ng==,RmlnaHRlck5vZGU6MjE4Nzk=,RmlnaHRlck5vZGU6NjU0Ng==,MC,Featherweight,145.0,KO/TKO,,2.0,1:15,-250.0,210.0,0
RmlnaHROb2RlOjY2MDA0,66004,grigor-saruhanian-vs-pic-jardine-66004,RXZlbnROb2RlOjg1OTQ=,RmlnaHRlck5vZGU6NzExOTQ=,RmlnaHRlck5vZGU6NjE4MTg=,,ME,,,,,,,,,1
RmlnaHROb2RlOjcxNTc5,71579,caleb-avila-vs-juan-figueroa-71579,RXZlbnROb2RlOjg3MTQ=,RmlnaHRlck5vZGU6NjI2Mzk=,RmlnaHRlck5vZGU6NzM5ODI=,RmlnaHRlck5vZGU6NzM5ODI=,MC,,,KO/TKO,,1.0,1:55,,,0
RmlnaHROb2RlOjcxMjky,71292,cody-vidal-vs-david-simpson-71292,RXZlbnROb2RlOjg3MTQ=,RmlnaHRlck5vZGU6Mjk5MjM=,RmlnaHRlck5vZGU6MzY5OTQ=,RmlnaHRlck5vZGU6Mjk5MjM=,MC,Middleweight,185.0,KO/TKO,,5.0,0:43,130.0,-150.0,0
RmlnaHROb2RlOjcwNzYx,70761,aspen-ladd-vs-shyanne-bitliff-70761,RXZlbnROb2RlOjg3MTQ=,RmlnaHRlck5vZGU6NjgxOA==,RmlnaHRlck5vZGU6NzM0NDg=,RmlnaHRlck5vZGU6NjgxOA==,MC,Featherweight,145.0,KO/TKO,,1.0,1:59,-500.0,375.0,0
RmlnaHROb2RlOjcxNTgw,71580,drew-stuve-vs-zeb-vincent-71580,RXZlbnROb2RlOjg3MTQ=,RmlnaHRlck5vZGU6NTkzMjA=,RmlnaHRlck5vZGU6NDg5Mzc=,RmlnaHRlck5vZGU6NTkzMjA=,CO,Catchweight,175.0,Decision,Unanimous,5.0,5:00,-550.0,400.0,0
RmlnaHROb2RlOjcwMjQ0,70244,josh-dyer-vs-lorenzo-hunt-70244,RXZlbnROb2RlOjg3MTQ=,RmlnaHRlck5vZGU6MjE0NDM=,RmlnaHRlck5vZGU6MTc4OTU=,RmlnaHRlck5vZGU6MTc4OTU=,ME,,,KO/TKO,,1.0,1:59,140.0,-160.0,0
RmlnaHROb2RlOjcwMzIx,70321,iman-williams-vs-lewis-glover-70321,RXZlbnROb2RlOjg3MTQ=,RmlnaHRlck5vZGU6NjU2ODc=,RmlnaHRlck5vZGU6NjQ4NDM=,RmlnaHRlck5vZGU6NjU2ODc=,MC,Catchweight,200.0,KO/TKO,,2.0,1:35,-1000.0,700.0,0
RmlnaHROb2RlOjcxMjkz,71293,ryan-peterson-vs-enkhtur-bayartsogt-71293,RXZlbnROb2RlOjg3MTQ=,RmlnaHRlck5vZGU6NTM0NDA=,RmlnaHRlck5vZGU6NjI0NjI=,RmlnaHRlck5vZGU6NjI0NjI=,MC,Welterweight,170.0,KO/TKO,,1.0,0:22,-153.0,133.0,0
RmlnaHROb2RlOjcwMzI0,70324,david-diaz-vs-justyn-martinez-70324,RXZlbnROb2RlOjg3MTQ=,RmlnaHRlck5vZGU6Mzg2MDA=,RmlnaHRlck5vZGU6NDQ1NTA=,RmlnaHRlck5vZGU6Mzg2MDA=,MC,Catchweight,140.0,KO/TKO,,3.0,1:58,-270.0,230.0,0
RmlnaHROb2RlOjcwMzIy,70322,steven-sainsbury-vs-zeb-vincent-70322,RXZlbnROb2RlOjg3MTQ=,RmlnaHRlck5vZGU6NjUxMTE=,RmlnaHRlck5vZGU6NDg5Mzc=,,MC,,,,,,,,,1
RmlnaHROb2RlOjcwMzI1,70325,rodney-thomas-vs-dan-godoy-70325,RXZlbnROb2RlOjg3MTQ=,RmlnaHRlck5vZGU6NjI5Nzk=,RmlnaHRlck5vZGU6NjM4ODA=,,MC,,,,,,,,,1
RmlnaHROb2RlOjcxMzIz,71323,chase-gormley-vs-nelson-best-71323,RXZlbnROb2RlOjg3MTQ=,RmlnaHRlck5vZGU6MTA3OQ==,RmlnaHRlck5vZGU6NzM3NDg=,,MC,,,,,,,275.0,-350.0,1
RmlnaHROb2RlOjcwMzIz,70323,caleb-avila-vs-mark-culp-70323,RXZlbnROb2RlOjg3MTQ=,RmlnaHRlck5vZGU6NjI2Mzk=,RmlnaHRlck5vZGU6NTYyOTM=,,MC,,,,,,,,,1
RmlnaHROb2RlOjcxMjkx,71291,evgeny-kurdanov-vs-paulo-machado-71291,RXZlbnROb2RlOjg3MTQ=,RmlnaHRlck5vZGU6NDg5NDY=,RmlnaHRlck5vZGU6MzU5ODU=,RmlnaHRlck5vZGU6MzU5ODU=,MC,Catchweight,165.0,KO/TKO,,3.0,2:00,,,1
RmlnaHROb2RlOjY5OTA2,69906,josh-dyer-vs-david-mundell-69906,RXZlbnROb2RlOjg3MTQ=,RmlnaHRlck5vZGU6MjE0NDM=,RmlnaHRlck5vZGU6MTEwMzg=,,ME,,,,,,,,,1
RmlnaHROb2RlOjcwMzgx,70381,daniel-alvarez-vs-andres-parra-70381,RXZlbnROb2RlOjg3MTQ=,RmlnaHRlck5vZGU6NjIyOTI=,RmlnaHRlck5vZGU6NzMyOTI=,,MC,,,,,,,,,1
RmlnaHROb2RlOjcxMjg0,71284,gaston-reyno-vs-dusty-sparks-71284,RXZlbnROb2RlOjg3MjY=,RmlnaHRlck5vZGU6NjI1NA==,RmlnaHRlck5vZGU6NjQ1NzQ=,RmlnaHRlck5vZGU6NjQ1NzQ=,MC,Lightweight,155.0,KO/TKO,,2.0,0:33,-400.0,300.0,0
RmlnaHROb2RlOjcxNDM5,71439,justin-sanchez-vs-ryan-reber-71439,RXZlbnROb2RlOjg3MjY=,RmlnaHRlck5vZGU6NTA3MTI=,RmlnaHRlck5vZGU6NDUxMjg=,RmlnaHRlck5vZGU6NTA3MTI=,CO,Bantamweight,135.0,KO/TKO,,3.0,1:21,-400.0,300.0,0
RmlnaHROb2RlOjcxNDQz,71443,peter-peraza-vs-joshuah-alvarez-71443,RXZlbnROb2RlOjg3MjY=,RmlnaHRlck5vZGU6NDI4MzI=,RmlnaHRlck5vZGU6NDI4Mjg=,RmlnaHRlck5vZGU6NDI4MzI=,PL,Catchweight,160.0,KO/TKO,,1.0,1:16,-440.0,340.0,0
RmlnaHROb2RlOjcxMjgy,71282,stephen-townsel-vs-julio-perez-71282,RXZlbnROb2RlOjg3MjY=,RmlnaHRlck5vZGU6NDM5MjA=,RmlnaHRlck5vZGU6NTkzMTQ=,RmlnaHRlck5vZGU6NDM5MjA=,MC,Light Heavyweight,205.0,KO/TKO,,2.0,0:39,205.0,-240.0,0
RmlnaHROb2RlOjcxNDQy,71442,howard-davis-vs-ramiro-figueroa-71442,RXZlbnROb2RlOjg3MjY=,RmlnaHRlck5vZGU6NDI4MDY=,RmlnaHRlck5vZGU6NjAxMzk=,RmlnaHRlck5vZGU6NjAxMzk=,MC,Catchweight,150.0,KO/TKO,,2.0,2:00,-350.0,275.0,0
RmlnaHROb2RlOjcxNDQw,71440,gee-perez-vs-chancey-wilson-71440,RXZlbnROb2RlOjg3MjY=,RmlnaHRlck5vZGU6NDk2NzY=,RmlnaHRlck5vZGU6MzMyNDI=,RmlnaHRlck5vZGU6NDk2NzY=,MC,Flyweight,125.0,KO/TKO,,4.0,1:46,-600.0,425.0,0
RmlnaHROb2RlOjcxNTg0,71584,paulo-games-vs-evgeny-kurdanov-none,RXZlbnROb2RlOjg3MjY=,RmlnaHRlck5vZGU6NjM0Mzg=,RmlnaHRlck5vZGU6NDg5NDY=,,,,,,,,,,,0
RmlnaHROb2RlOjcxMjgx,71281,leonardo-perdomo-vs-corey-willis-71281,RXZlbnROb2RlOjg3MjY=,RmlnaHRlck5vZGU6NTQxNDQ=,RmlnaHRlck5vZGU6NTEwMjQ=,RmlnaHRlck5vZGU6NTQxNDQ=,MC,,,KO/TKO,,3.0,1:33,-2500.0,1200.0,0
RmlnaHROb2RlOjcxMjgz,71283,christine-vicens-vs-carina-damm-71283,RXZlbnROb2RlOjg3MjY=,RmlnaHRlck5vZGU6NDM5MjE=,RmlnaHRlck5vZGU6NTExNg==,RmlnaHRlck5vZGU6NDM5MjE=,MC,Flyweight,125.0,KO/TKO,,1.0,1:09,-900.0,600.0,0
RmlnaHROb2RlOjY5OTA0,69904,luis-palomino-vs-austin-trout-69904,RXZlbnROb2RlOjg3MjY=,RmlnaHRlck5vZGU6MTg5OQ==,RmlnaHRlck5vZGU6NTAyMzM=,RmlnaHRlck5vZGU6NTAyMzM=,ME,Lightweight,155.0,KO/TKO,,3.0,2:00,370.0,-470.0,0
RmlnaHROb2RlOjcyMjUz,72253,ernesto-suarez-vs-angelo-colon-72253,RXZlbnROb2RlOjg3MjY=,RmlnaHRlck5vZGU6NzQ2MDk=,RmlnaHRlck5vZGU6NzQ2MTA=,RmlnaHRlck5vZGU6NzQ2MDk=,PL,Bantamweight,135.0,KO/TKO,,1.0,1:24,,,0
RmlnaHROb2RlOjcyMjM3,72237,matt-russo-vs-samuel-samples-72237,RXZlbnROb2RlOjg3MjY=,RmlnaHRlck5vZGU6NDk3MjU=,RmlnaHRlck5vZGU6MzYwNjU=,RmlnaHRlck5vZGU6NDk3MjU=,PL,Bantamweight,135.0,KO/TKO,,2.0,0:33,,,0
RmlnaHROb2RlOjcxNDQx,71441,gorjan-slaveski-vs-jafar-fortt-71441,RXZlbnROb2RlOjg3MjY=,RmlnaHRlck5vZGU6NDQ4NTU=,RmlnaHRlck5vZGU6NDkyNDk=,RmlnaHRlck5vZGU6NDQ4NTU=,MC,Catchweight,165.0,KO/TKO,,1.0,1:34,-800.0,550.0,0
RmlnaHROb2RlOjcyMDM3,72037,meghan-oneill-vs-terri-diamond-72037,RXZlbnROb2RlOjg3ODE=,RmlnaHRlck5vZGU6NzQ0MjQ=,RmlnaHRlck5vZGU6NzQ0MjU=,RmlnaHRlck5vZGU6NzQ0MjU=,MC,Catchweight,110.0,KO/TKO,,1.0,1:44,250.0,-300.0,0
RmlnaHROb2RlOjcyMDIz,72023,simeon-otley-vs-oscar-smykiel-72023,RXZlbnROb2RlOjg3ODE=,RmlnaHRlck5vZGU6Mjk4MDI=,RmlnaHRlck5vZGU6NjQ5MTE=,RmlnaHRlck5vZGU6Mjk4MDI=,MC,Welterweight,170.0,Decision,Unanimous,5.0,5:00,120.0,-140.0,0
RmlnaHROb2RlOjcxNDM1,71435,conor-cooke-vs-anthony-holmes-71435,RXZlbnROb2RlOjg3ODE=,RmlnaHRlck5vZGU6MzcwNA==,RmlnaHRlck5vZGU6NDkwMjk=,RmlnaHRlck5vZGU6MzcwNA==,ME,Middleweight,185.0,KO/TKO,,3.0,2:00,-185.0,160.0,0
RmlnaHROb2RlOjcxNjIx,71621,brad-taylor-vs-brian-hyslop-71621,RXZlbnROb2RlOjg3ODE=,RmlnaHRlck5vZGU6NTY3ODA=,RmlnaHRlck5vZGU6MzY2NQ==,RmlnaHRlck5vZGU6NTY3ODA=,CO,Bantamweight,135.0,Decision,Unanimous,5.0,5:00,-265.0,225.0,0
RmlnaHROb2RlOjcxNDM2,71436,paul-cook-vs-mat-wiwczaryk-71436,RXZlbnROb2RlOjg3ODE=,RmlnaHRlck5vZGU6NDU5NQ==,RmlnaHRlck5vZGU6NjQ5MTA=,RmlnaHRlck5vZGU6NDU5NQ==,MC,Welterweight,170.0,Ends in a Draw,Majority,5.0,5:00,-128.0,108.0,0
RmlnaHROb2RlOjcyNDAy,72402,luke-steele-vs-will-smith-72402,RXZlbnROb2RlOjg3ODE=,RmlnaHRlck5vZGU6NzQ2ODI=,RmlnaHRlck5vZGU6NzQ2ODM=,RmlnaHRlck5vZGU6NzQ2ODM=,MC,Lightweight,155.0,KO/TKO,,2.0,0:26,,,0
RmlnaHROb2RlOjcyMDM2,72036,ricky-nelder-vs-danny-leadbetter-72036,RXZlbnROb2RlOjg3ODE=,RmlnaHRlck5vZGU6Njk4MTc=,RmlnaHRlck5vZGU6NzQ0MjM=,RmlnaHRlck5vZGU6Njk4MTc=,MC,Middleweight,185.0,KO/TKO,,4.0,1:47,-260.0,220.0,0
RmlnaHROb2RlOjcxNjIy,71622,cory-hardy-vs-leigh-cohoon-71622,RXZlbnROb2RlOjg3ODE=,RmlnaHRlck5vZGU6NzQwMTE=,RmlnaHRlck5vZGU6Mzk3MQ==,RmlnaHRlck5vZGU6Mzk3MQ==,MC,Catchweight,175.0,KO/TKO,,3.0,1:39,140.0,-160.0,0
RmlnaHROb2RlOjcyMDM5,72039,robbie-brown-vs-lewis-knox-72039,RXZlbnROb2RlOjg3ODE=,RmlnaHRlck5vZGU6NTQxOTA=,RmlnaHRlck5vZGU6NzQ0Mjc=,RmlnaHRlck5vZGU6NzQ0Mjc=,MC,Featherweight,145.0,KO/TKO,,4.0,0:41,-105.0,-115.0,0
RmlnaHROb2RlOjcyMDM4,72038,liam-hutchinson-vs-luke-brassfield-72038,RXZlbnROb2RlOjg3ODE=,RmlnaHRlck5vZGU6NjU5MTQ=,RmlnaHRlck5vZGU6NzQ0MjY=,RmlnaHRlck5vZGU6NjU5MTQ=,MC,Welterweight,170.0,KO/TKO,,5.0,1:44,175.0,-205.0,0
RmlnaHROb2RlOjcyMDM1,72035,tommy-carus-vs-tommy-hawthorn-72035,RXZlbnROb2RlOjg3ODE=,RmlnaHRlck5vZGU6NzQ0MjI=,RmlnaHRlck5vZGU6NTg4NDI=,RmlnaHRlck5vZGU6NzQ0MjI=,MC,Lightweight,155.0,KO/TKO,,2.0,1:21,155.0,-180.0,0
RmlnaHROb2RlOjcyMDE5,72019,guilherme-viana-vs-aleem-whitfield-72019,RXZlbnROb2RlOjg3NTU=,RmlnaHRlck5vZGU6NjQzNA==,RmlnaHRlck5vZGU6NzI3NjU=,RmlnaHRlck5vZGU6NjQzNA==,MC,,,KO/TKO,,2.0,1:59,-260.0,200.0,0
RmlnaHROb2RlOjcyMDE1,72015,peter-barrett-vs-trever-bradshaw-72015,RXZlbnROb2RlOjg3NTU=,RmlnaHRlck5vZGU6MTE5NTg=,RmlnaHRlck5vZGU6MTY5MTk=,RmlnaHRlck5vZGU6MTE5NTg=,MC,Lightweight,155.0,Decision,Split,5.0,5:00,,,0
RmlnaHROb2RlOjcyNDgx,72481,gary-balletto-jr-vs-skyler-mauller-72481,RXZlbnROb2RlOjg3NTU=,RmlnaHRlck5vZGU6Nzg2OQ==,RmlnaHRlck5vZGU6NjkzNjA=,RmlnaHRlck5vZGU6Nzg2OQ==,MC,Catchweight,175.0,KO/TKO,,2.0,0:29,-1500.0,850.0,0
RmlnaHROb2RlOjcyNDc5,72479,pat-casey-vs-david-sanchez-72479,RXZlbnROb2RlOjg3NTU=,RmlnaHRlck5vZGU6MjQ5MDA=,RmlnaHRlck5vZGU6NjM2NzM=,RmlnaHRlck5vZGU6MjQ5MDA=,CO,Catchweight,175.0,KO/TKO,,1.0,1:47,-225.0,190.0,0
RmlnaHROb2RlOjcyMDIw,72020,travis-demko-vs-ashton-caniglia-72020,RXZlbnROb2RlOjg3NTU=,RmlnaHRlck5vZGU6NDQwMTA=,RmlnaHRlck5vZGU6Mzg2MTY=,RmlnaHRlck5vZGU6Mzg2MTY=,MC,Lightweight,155.0,Disqualification,Repeated Eye Pokes,4.0,0:34,-315.0,265.0,0
RmlnaHROb2RlOjcyMDg0,72084,joseph-peters-vs-david-burke-72084,RXZlbnROb2RlOjg3NTU=,RmlnaHRlck5vZGU6Njg1OTc=,RmlnaHRlck5vZGU6NzQ0MjE=,RmlnaHRlck5vZGU6Njg1OTc=,MC,Middleweight,185.0,KO/TKO,,1.0,2:00,135.0,-155.0,0
RmlnaHROb2RlOjcyNDgw,72480,tony-pike-vs-peter-barrett-none,RXZlbnROb2RlOjg3NTU=,RmlnaHRlck5vZGU6NzQ3MjM=,RmlnaHRlck5vZGU6MTE5NTg=,,MC,,,,,,,600.0,-900.0,0
RmlnaHROb2RlOjcyMDE0,72014,anthony-garrett-vs-chase-gormley-72014,RXZlbnROb2RlOjg3NTU=,RmlnaHRlck5vZGU6MzM0NTI=,RmlnaHRlck5vZGU6MTA3OQ==,,CO,,,,,,,,,1
RmlnaHROb2RlOjcxNjA2,71606,pat-casey-vs-bryan-mcdowell-71606,RXZlbnROb2RlOjg3NTU=,RmlnaHRlck5vZGU6MjQ5MDA=,RmlnaHRlck5vZGU6NDk0NDE=,,MC,,,,,,,,,1
RmlnaHROb2RlOjcyNDc4,72478,tracey-johnson-vs-chase-gormley-72478,RXZlbnROb2RlOjg3NTU=,RmlnaHRlck5vZGU6NzQ3MjI=,RmlnaHRlck5vZGU6MTA3OQ==,,MC,,,,,,,550.0,-800.0,1
RmlnaHROb2RlOjcyMDE4,72018,rico-disciullo-vs-stash-kuykendall-72018,RXZlbnROb2RlOjg3NTU=,RmlnaHRlck5vZGU6MjA0NA==,RmlnaHRlck5vZGU6NzA1ODg=,RmlnaHRlck5vZGU6MjA0NA==,MC,Lightweight,155.0,KO/TKO,,1.0,2:00,-565.0,415.0,0
RmlnaHROb2RlOjcxNDI1,71425,parker-porter-vs-josh-copeland-71425,RXZlbnROb2RlOjg3NTU=,RmlnaHRlck5vZGU6MjAwMw==,RmlnaHRlck5vZGU6NjA5Ng==,,ME,,,,,,,,,1
RmlnaHROb2RlOjcyMDE2,72016,lardy-navarro-vs-anthony-sanchez-72016,RXZlbnROb2RlOjg3NTU=,RmlnaHRlck5vZGU6NDM5NjY=,RmlnaHRlck5vZGU6NDQ3NjE=,RmlnaHRlck5vZGU6NDM5NjY=,MC,Bantamweight,135.0,Decision,Split,5.0,5:00,-460.0,360.0,0
RmlnaHROb2RlOjcyNDUw,72450,parker-porter-vs-anthony-garrett-72450,RXZlbnROb2RlOjg3NTU=,RmlnaHRlck5vZGU6MjAwMw==,RmlnaHRlck5vZGU6MzM0NTI=,RmlnaHRlck5vZGU6MjAwMw==,ME,,,KO/TKO,,2.0,0:42,-195.0,170.0,0
RmlnaHROb2RlOjcyMDE3,72017,crystal-van-wyk-vs-gabrielle-roman-72017,RXZlbnROb2RlOjg3NTU=,RmlnaHRlck5vZGU6NTI5Njc=,RmlnaHRlck5vZGU6NTIwNTk=,RmlnaHRlck5vZGU6NTIwNTk=,MC,Strawweight,115.0,KO/TKO,,1.0,2:00,-155.0,135.0,0
RmlnaHROb2RlOjcyNTYz,72563,jamel-herring-vs-matt-guymon-72563,RXZlbnROb2RlOjg4MzU=,RmlnaHRlck5vZGU6NzQ3NDQ=,RmlnaHRlck5vZGU6NjE3ODc=,RmlnaHRlck5vZGU6NzQ3NDQ=,CO,Bantamweight,135.0,Decision,Unanimous,5.0,5:00,-800.0,550.0,0
RmlnaHROb2RlOjcyNTY3,72567,jared-lennon-vs-gregorio-gonzalez-72567,RXZlbnROb2RlOjg4MzU=,RmlnaHRlck5vZGU6NjU3NzU=,RmlnaHRlck5vZGU6Njc1ODY=,RmlnaHRlck5vZGU6NjU3NzU=,PL,Bantamweight,135.0,Decision,Split,5.0,5:00,-450.0,350.0,0
RmlnaHROb2RlOjczMDIw,73020,rico-disciullo-vs-ashton-caniglia-73020,RXZlbnROb2RlOjg4MzU=,RmlnaHRlck5vZGU6MjA0NA==,RmlnaHRlck5vZGU6Mzg2MTY=,RmlnaHRlck5vZGU6MjA0NA==,MC,Lightweight,155.0,KO/TKO,,2.0,0:26,-1300.0,775.0,0
RmlnaHROb2RlOjcyMjc2,72276,julian-lane-vs-dustin-pague-72276,RXZlbnROb2RlOjg4MzU=,RmlnaHRlck5vZGU6MTgzNQ==,RmlnaHRlck5vZGU6MTI0OA==,RmlnaHRlck5vZGU6MTI0OA==,ME,Catchweight,165.0,Decision,Unanimous,5.0,5:00,105.0,-125.0,0
RmlnaHROb2RlOjczMDIx,73021,guilherme-viana-vs-juan-figueroa-73021,RXZlbnROb2RlOjg4MzU=,RmlnaHRlck5vZGU6NjQzNA==,RmlnaHRlck5vZGU6NzM5ODI=,RmlnaHRlck5vZGU6NjQzNA==,MC,,,KO/TKO,,1.0,1:59,-1500.0,,0
RmlnaHROb2RlOjczMDE5,73019,dalvin-blair-vs-ramiro-figueroa-73019,RXZlbnROb2RlOjg4MzU=,RmlnaHRlck5vZGU6NjYyMDM=,RmlnaHRlck5vZGU6NjAxMzk=,RmlnaHRlck5vZGU6NjAxMzk=,MC,Catchweight,160.0,Decision,Unanimous,5.0,5:00,140.0,-160.0,0
RmlnaHROb2RlOjczMDIz,73023,elijah-harris-vs-jair-junior-73023,RXZlbnROb2RlOjg4MzU=,RmlnaHRlck5vZGU6MjEyMjE=,RmlnaHRlck5vZGU6NDIxMjU=,,MC,,,,,,,-255.0,215.0,1
RmlnaHROb2RlOjczMDIy,73022,zachary-pannell-vs-brandon-meneses-73022,RXZlbnROb2RlOjg4MzU=,RmlnaHRlck5vZGU6NTYyOTU=,RmlnaHRlck5vZGU6NDU3MjM=,RmlnaHRlck5vZGU6NDU3MjM=,PL,Featherweight,145.0,KO/TKO,,1.0,0:55,225.0,-265.0,0
RmlnaHROb2RlOjcyNTY0,72564,joey-gambino-vs-kurtis-ellis-72564,RXZlbnROb2RlOjg4MzU=,RmlnaHRlck5vZGU6MTA3MQ==,RmlnaHRlck5vZGU6NTE3MjA=,RmlnaHRlck5vZGU6MTA3MQ==,MC,Featherweight,145.0,KO/TKO,,2.0,1:08,-235.0,200.0,0
RmlnaHROb2RlOjczMDkx,73091,nathan-ghareeb-vs-tray-martin-73091,RXZlbnROb2RlOjg4MzU=,RmlnaHRlck5vZGU6MzM4MDk=,RmlnaHRlck5vZGU6NzUwMDI=,RmlnaHRlck5vZGU6NzUwMDI=,MC,Catchweight,160.0,Decision,Split,5.0,5:00,-600.0,425.0,0
RmlnaHROb2RlOjcyNTY2,72566,quentin-gaskins-vs-brandon-meneses-72566,RXZlbnROb2RlOjg4MzU=,RmlnaHRlck5vZGU6MTE4MDk=,RmlnaHRlck5vZGU6NDU3MjM=,,MC,,,,,,,,,1
RmlnaHROb2RlOjcyNjg2,72686,javier-fortuna-vs-dalvin-blair-72686,RXZlbnROb2RlOjg4MzU=,RmlnaHRlck5vZGU6NzQ3NzI=,RmlnaHRlck5vZGU6NjYyMDM=,,MC,,,,,,,,,1
RmlnaHROb2RlOjcyNTY1,72565,ras-hylton-vs-branko-busick-72565,RXZlbnROb2RlOjg4MzU=,RmlnaHRlck5vZGU6MjU3MjQ=,RmlnaHRlck5vZGU6MTcwNTE=,RmlnaHRlck5vZGU6MjU3MjQ=,MC,,,KO/TKO,,5.0,1:53,145.0,-170.0,0
RmlnaHROb2RlOjczODg3,73887,joshua-oxendine-vs-travis-thompson-73887,RXZlbnROb2RlOjg3ODA=,RmlnaHRlck5vZGU6MzExNDY=,RmlnaHRlck5vZGU6MzUxOTQ=,RmlnaHRlck5vZGU6MzExNDY=,PL,Bantamweight,135.0,Decision,Unanimous,3.0,5:00,,,0
RmlnaHROb2RlOjczMDA4,73008,mike-richman-vs-joe-elmore-73008,RXZlbnROb2RlOjg3ODA=,RmlnaHRlck5vZGU6MTk2NQ==,RmlnaHRlck5vZGU6MTc3Ng==,RmlnaHRlck5vZGU6MTk2NQ==,MC,Catchweight,175.0,Decision,Majority,5.0,5:00,-1000.0,700.0,0
RmlnaHROb2RlOjcyNTAy,72502,ben-bonner-vs-tony-soto-72502,RXZlbnROb2RlOjg3ODA=,RmlnaHRlck5vZGU6NTAzNTA=,RmlnaHRlck5vZGU6NDEyNjM=,RmlnaHRlck5vZGU6NTAzNTA=,MC,Lightweight,155.0,Decision,Unanimous,5.0,5:00,113.0,-133.0,0
RmlnaHROb2RlOjczMDA3,73007,john-garbarino-vs-kaine-tomlinson-jr-73007,RXZlbnROb2RlOjg3ODA=,RmlnaHRlck5vZGU6MjgxNzQ=,RmlnaHRlck5vZGU6NTU4NzU=,RmlnaHRlck5vZGU6MjgxNzQ=,MC,Catchweight,175.0,KO/TKO,,5.0,0:49,-2000.0,1000.0,0
RmlnaHROb2RlOjczNTY5,73569,lorenzo-hunt-vs-david-mundell-73569,RXZlbnROb2RlOjg3ODA=,RmlnaHRlck5vZGU6MTc4OTU=,RmlnaHRlck5vZGU6MTEwMzg=,RmlnaHRlck5vZGU6MTc4OTU=,CO,Middleweight,199.0,KO/TKO,Straight Right,4.0,0:29,-180.0,155.0,0
RmlnaHROb2RlOjczMDEw,73010,patrick-brady-vs-bear-hill-73010,RXZlbnROb2RlOjg3ODA=,RmlnaHRlck5vZGU6NTEwMjY=,RmlnaHRlck5vZGU6NjYxOTk=,RmlnaHRlck5vZGU6NTEwMjY=,MC,,,Decision,Unanimous,5.0,5:00,-450.0,350.0,0
RmlnaHROb2RlOjcyNTAx,72501,lorenzo-hunt-vs-yoel-romero-72501,RXZlbnROb2RlOjg3ODA=,RmlnaHRlck5vZGU6MTc4OTU=,RmlnaHRlck5vZGU6MTI5NA==,,CO,Catchweight,210.0,,,,,,,1
RmlnaHROb2RlOjczMDEx,73011,zedekiah-montanez-vs-brandon-meyer-73011,RXZlbnROb2RlOjg3ODA=,RmlnaHRlck5vZGU6MzQwNTQ=,RmlnaHRlck5vZGU6MjI5NzM=,RmlnaHRlck5vZGU6MzQwNTQ=,MC,Lightweight,155.0,KO/TKO,,2.0,1:59,-200.0,170.0,0
RmlnaHROb2RlOjczMDEy,73012,lex-ludlow-vs-zachary-calmus-73012,RXZlbnROb2RlOjg3ODA=,RmlnaHRlck5vZGU6NjYwNDY=,RmlnaHRlck5vZGU6Mzk0NDY=,RmlnaHRlck5vZGU6NjYwNDY=,PL,Light Heavyweight,205.0,Decision,Unanimous,3.0,5:00,-335.0,275.0,0
RmlnaHROb2RlOjczODg2,73886,christian-fayne-vs-brett-shoenfelt-73886,RXZlbnROb2RlOjg3ODA=,RmlnaHRlck5vZGU6NzQ5OTM=,RmlnaHRlck5vZGU6NjMyNg==,RmlnaHRlck5vZGU6NzQ5OTM=,PL,Welterweight,170.0,Decision,Unanimous,3.0,5:00,,,0
RmlnaHROb2RlOjczMDYw,73060,matthew-semelsberger-vs-christian-fayne-73060,RXZlbnROb2RlOjg3ODA=,RmlnaHRlck5vZGU6MjczNjg=,RmlnaHRlck5vZGU6NzQ5OTM=,,MC,,,,,,,,,1
RmlnaHROb2RlOjczODg1,73885,cody-russell-vs-harrison-aiken-73885,RXZlbnROb2RlOjg3ODA=,RmlnaHRlck5vZGU6NjU4NDI=,RmlnaHRlck5vZGU6NjU0ODg=,RmlnaHRlck5vZGU6NjU4NDI=,MC,Catchweight,175.0,KO/TKO,,2.0,1:16,,,0
RmlnaHROb2RlOjczMDA5,73009,pat-sullivan-vs-charles-bennett-73009,RXZlbnROb2RlOjg3ODA=,RmlnaHRlck5vZGU6NjU4NDE=,RmlnaHRlck5vZGU6MjIyMg==,RmlnaHRlck5vZGU6MjIyMg==,MC,Featherweight,145.0,KO/TKO,Left Hand,2.0,1:16,-2000.0,1000.0,0
RmlnaHROb2RlOjcyNTAw,72500,ben-rothwell-vs-andrei-arlovski-72500,RXZlbnROb2RlOjg3ODA=,RmlnaHRlck5vZGU6MjA=,RmlnaHRlck5vZGU6MTA=,RmlnaHRlck5vZGU6MTA=,ME,,,KO/TKO,Doctor Stoppage,3.0,1:14,-220.0,185.0,0
RmlnaHROb2RlOjcyNTAz,72503,jade-masson-wong-vs-crystal-pittman-72503,RXZlbnROb2RlOjg3ODA=,RmlnaHRlck5vZGU6NDE4Njg=,RmlnaHRlck5vZGU6NDIyMzU=,RmlnaHRlck5vZGU6NDE4Njg=,MC,Catchweight,130.0,Decision,Unanimous,5.0,5:00,-500.0,375.0,0
RmlnaHROb2RlOjczNzEw,73710,joe-lister-vs-danny-wall-73710,RXZlbnROb2RlOjg5MTU=,RmlnaHRlck5vZGU6NjU2NTQ=,RmlnaHRlck5vZGU6NzUyOTQ=,,MC,,,,,,,-500.0,375.0,0
RmlnaHROb2RlOjczNjg4,73688,jack-cullen-vs-marley-churcher-73688,RXZlbnROb2RlOjg5MTU=,RmlnaHRlck5vZGU6NzEyMDA=,RmlnaHRlck5vZGU6Njk4MTI=,,MC,,,,,,,-650.0,475.0,0
RmlnaHROb2RlOjczNjg5,73689,lewis-keen-vs-jon-telfer-73689,RXZlbnROb2RlOjg5MTU=,RmlnaHRlck5vZGU6NDk2ODI=,RmlnaHRlck5vZGU6NzEyMDE=,,MC,,,,,,,-155.0,115.0,0
RmlnaHROb2RlOjczODc4,73878,dan-curtin-vs-gzim-selmani-73878,RXZlbnROb2RlOjg5MTU=,RmlnaHRlck5vZGU6NzU0NjE=,RmlnaHRlck5vZGU6NjUwNw==,,MC,,,,,,,175.0,-205.0,0
RmlnaHROb2RlOjczNjg3,73687,matt-hodgson-vs-sean-weir-73687,RXZlbnROb2RlOjg5MTU=,RmlnaHRlck5vZGU6NTcyMzY=,RmlnaHRlck5vZGU6NzEyMDI=,,MC,,,,,,,105.0,-125.0,0
RmlnaHROb2RlOjczNzA5,73709,mick-terrill-vs-jay-mcfarlane-73709,RXZlbnROb2RlOjg5MTU=,RmlnaHRlck5vZGU6Mzk0NDU=,RmlnaHRlck5vZGU6NzUyOTM=,,ME,,,,,,,-250.0,210.0,0
RmlnaHROb2RlOjczNjg1,73685,gary-fox-vs-james-lilley-73685,RXZlbnROb2RlOjg5MTU=,RmlnaHRlck5vZGU6NTAzNDg=,RmlnaHRlck5vZGU6Mjc3ODY=,,CO,Featherweight,145.0,,,,,,,1
RmlnaHROb2RlOjczNjkw,73690,mason-shaw-vs-dec-spelman-73690,RXZlbnROb2RlOjg5MTU=,RmlnaHRlck5vZGU6NTAyNDA=,RmlnaHRlck5vZGU6NjY0MjQ=,,MC,,,,,,,220.0,-260.0,1
RmlnaHROb2RlOjc0ODg5,74889,james-walker-vs-kaseem-saleem-74889,RXZlbnROb2RlOjg5MTU=,RmlnaHRlck5vZGU6NjU2NTI=,RmlnaHRlck5vZGU6NzYxMDg=,,MC,,,,,,,,,0
RmlnaHROb2RlOjc0ODYz,74863,jeff-saunders-vs-bartek-kanabey-74863,RXZlbnROb2RlOjg5MTU=,RmlnaHRlck5vZGU6NzUyOTU=,RmlnaHRlck5vZGU6NTY2NjI=,,MC,Featherweight,145.0,,,,,,,0
RmlnaHROb2RlOjc0ODkw,74890,stew-martin-vs-jordan-burnett-74890,RXZlbnROb2RlOjg5MTU=,RmlnaHRlck5vZGU6NzYxMDk=,RmlnaHRlck5vZGU6NzYxMTA=,,MC,Lightweight,155.0,,,,,,,0
RmlnaHROb2RlOjc0NjI0,74624,james-walker-vs-rowan-gregory-74624,RXZlbnROb2RlOjg5MTU=,RmlnaHRlck5vZGU6NjU2NTI=,RmlnaHRlck5vZGU6NjYwMjA=,,MC,,,,,,,-700.0,400.0,1
RmlnaHROb2RlOjczNzEx,73711,jeff-saunders-vs-ryan-carmichael-73711,RXZlbnROb2RlOjg5MTU=,RmlnaHRlck5vZGU6NzUyOTU=,RmlnaHRlck5vZGU6NTAzNDY=,,MC,,,,,,,,,1
RmlnaHROb2RlOjc0ODg4,74888,james-lilley-vs-yannick-van-dinther-74888,RXZlbnROb2RlOjg5MTU=,RmlnaHRlck5vZGU6Mjc3ODY=,RmlnaHRlck5vZGU6NzYxMDc=,,MC,,,,,,,,,0
RmlnaHROb2RlOjczNjg2,73686,lewis-garside-vs-kiran-sewell-73686,RXZlbnROb2RlOjg5MTU=,RmlnaHRlck5vZGU6NjU2NTU=,RmlnaHRlck5vZGU6NzI3NjY=,,MC,,,,,,,-170.0,145.0,0
RmlnaHROb2RlOjc0ODYy,74862,dec-spelman-vs-john-redmond-74862,RXZlbnROb2RlOjg5MTU=,RmlnaHRlck5vZGU6NjY0MjQ=,RmlnaHRlck5vZGU6MzkwNw==,,MC,,,,,,,,,0
RmlnaHROb2RlOjczNjkx,73691,liam-dooley-vs-mikey-henderson-73691,RXZlbnROb2RlOjg5MTU=,RmlnaHRlck5vZGU6NjYyNzA=,RmlnaHRlck5vZGU6NjU5MTU=,,MC,,,,,,,142.0,-162.0,0
RmlnaHROb2RlOjc1MDQ5,75049,jancarlos-rivera-vs-samuel-samples-75049,RXZlbnROb2RlOjg5Mzc=,RmlnaHRlck5vZGU6NjYyMDA=,RmlnaHRlck5vZGU6MzYwNjU=,RmlnaHRlck5vZGU6NjYyMDA=,MC,Catchweight,140.0,KO/TKO,,1.0,1:59,,,0
RmlnaHROb2RlOjc0NDgx,74481,sabah-homasi-vs-leonel-carrera-74481,RXZlbnROb2RlOjg5Mzc=,RmlnaHRlck5vZGU6MjA4Mg==,RmlnaHRlck5vZGU6NTk5NjI=,RmlnaHRlck5vZGU6NTk5NjI=,MC,Middleweight,185.0,Disqualification,Illegal Spinning Backfist,2.0,1:06,-450.0,350.0,0
RmlnaHROb2RlOjc0NDgy,74482,chris-garcia-vs-chancey-wilson-74482,RXZlbnROb2RlOjg5Mzc=,RmlnaHRlck5vZGU6NTQxOTg=,RmlnaHRlck5vZGU6MzMyNDI=,RmlnaHRlck5vZGU6NTQxOTg=,MC,Flyweight,125.0,KO/TKO,,2.0,0:19,-900.0,600.0,0
RmlnaHROb2RlOjc0NDc4,74478,leonardo-perdomo-vs-rashad-coulter-74478,RXZlbnROb2RlOjg5Mzc=,RmlnaHRlck5vZGU6NTQxNDQ=,RmlnaHRlck5vZGU6NjQ0Nw==,RmlnaHRlck5vZGU6NTQxNDQ=,CO,Heavyweight,265.0,KO/TKO,,1.0,1:07,-4000.0,1600.0,0
RmlnaHROb2RlOjc0NDc5,74479,rosalinda-rodriguez-vs-shelby-cannon-74479,RXZlbnROb2RlOjg5Mzc=,RmlnaHRlck5vZGU6NTUwNTM=,RmlnaHRlck5vZGU6Njc0Nzk=,RmlnaHRlck5vZGU6Njc0Nzk=,MC,Strawweight,115.0,Decision,Unanimous,5.0,5:00,-400.0,300.0,0
RmlnaHROb2RlOjc0NDgw,74480,jeremy-smith-vs-donald-sanchez-74480,RXZlbnROb2RlOjg5Mzc=,RmlnaHRlck5vZGU6Mzc1MDE=,RmlnaHRlck5vZGU6MTYzMA==,RmlnaHRlck5vZGU6Mzc1MDE=,MC,Catchweight,190.0,Decision,Split,5.0,5:00,155.0,-180.0,0
RmlnaHROb2RlOjc0NTE3,74517,ernesto-suarez-vs-victor-flor-74517,RXZlbnROb2RlOjg5Mzc=,RmlnaHRlck5vZGU6NzQ2MDk=,RmlnaHRlck5vZGU6NzU4NjY=,RmlnaHRlck5vZGU6NzQ2MDk=,MC,Bantamweight,135.0,KO/TKO,,1.0,1:56,-300.0,250.0,0
RmlnaHROb2RlOjc0NDgz,74483,aj-iriarte-vs-roberto-armas-74483,RXZlbnROb2RlOjg5Mzc=,RmlnaHRlck5vZGU6NjE2OTk=,RmlnaHRlck5vZGU6NTYyMDE=,RmlnaHRlck5vZGU6NTYyMDE=,MC,Bantamweight,135.0,KO/TKO,,3.0,2:00,,,0
RmlnaHROb2RlOjc1MDUw,75050,nicholas-blume-vs-alex-davis-75050,RXZlbnROb2RlOjg5Mzc=,RmlnaHRlck5vZGU6NjU0NTg=,RmlnaHRlck5vZGU6NjUxNTU=,RmlnaHRlck5vZGU6NjU0NTg=,MC,,,Decision,Split,3.0,5:00,,,0
RmlnaHROb2RlOjczOTAy,73902,kai-stewart-vs-nicolas-gaffie-73902,RXZlbnROb2RlOjg5Mzc=,RmlnaHRlck5vZGU6NDIyMzA=,RmlnaHRlck5vZGU6NjgxNDY=,RmlnaHRlck5vZGU6NDIyMzA=,ME,Featherweight,145.0,Decision,Unanimous,5.0,5:00,-155.0,135.0,0
RmlnaHROb2RlOjczMzEw,73310,harry-gigliotti-vs-timmy-mason-73310,RXZlbnROb2RlOjg5MDc=,RmlnaHRlck5vZGU6Njc0NDQ=,RmlnaHRlck5vZGU6NDQ4NDk=,RmlnaHRlck5vZGU6Njc0NDQ=,MC,Featherweight,145.0,KO/TKO,,2.0,0:47,-450.0,350.0,0
RmlnaHROb2RlOjc0NDY5,74469,rico-disciullo-vs-elijah-harris-74469,RXZlbnROb2RlOjg5MDc=,RmlnaHRlck5vZGU6MjA0NA==,RmlnaHRlck5vZGU6MjEyMjE=,RmlnaHRlck5vZGU6MjA0NA==,MC,Catchweight,150.0,KO/TKO,,5.0,1:07,-700.0,500.0,0
RmlnaHROb2RlOjc0NDcy,74472,david-burke-vs-terryl-johnson-74472,RXZlbnROb2RlOjg5MDc=,RmlnaHRlck5vZGU6NzQ0MjE=,RmlnaHRlck5vZGU6Njg4MzM=,,MC,,,,,,,,,1
RmlnaHROb2RlOjc0NDY4,74468,parker-porter-vs-haze-wilson-74468,RXZlbnROb2RlOjg5MDc=,RmlnaHRlck5vZGU6MjAwMw==,RmlnaHRlck5vZGU6Njg5MTM=,RmlnaHRlck5vZGU6MjAwMw==,ME,Heavyweight,265.0,KO/TKO,,3.0,2:00,-700.0,500.0,0
RmlnaHROb2RlOjc0NTEy,74512,isaiah-williams-vs-josh-whiteside-74512,RXZlbnROb2RlOjg5MDc=,RmlnaHRlck5vZGU6NjgxNzI=,RmlnaHRlck5vZGU6NzU4NjM=,RmlnaHRlck5vZGU6NzU4NjM=,PL,Catchweight,165.0,KO/TKO,,2.0,1:11,250.0,-300.0,0
RmlnaHROb2RlOjczMzMy,73332,alexandra-ballou-vs-taylor-dagner-73332,RXZlbnROb2RlOjg5MDc=,RmlnaHRlck5vZGU6Mjg0ODQ=,RmlnaHRlck5vZGU6NzUxMTA=,RmlnaHRlck5vZGU6Mjg0ODQ=,MC,Flyweight,125.0,Ends in a Draw,Unanimous,5.0,5:00,-220.0,185.0,0
RmlnaHROb2RlOjc0NDcx,74471,guilherme-viana-vs-joseph-white-74471,RXZlbnROb2RlOjg5MDc=,RmlnaHRlck5vZGU6NjQzNA==,RmlnaHRlck5vZGU6NTQxNDU=,RmlnaHRlck5vZGU6NTQxNDU=,MC,Heavyweight,265.0,KO/TKO,,1.0,0:34,-900.0,600.0,0
RmlnaHROb2RlOjczNzUz,73753,joe-peters-vs-maurice-horne-73753,RXZlbnROb2RlOjg5MDc=,RmlnaHRlck5vZGU6NzUzMzY=,RmlnaHRlck5vZGU6NjYyMDU=,RmlnaHRlck5vZGU6NzUzMzY=,MC,Catchweight,190.0,KO/TKO,,3.0,1:56,,,0
RmlnaHROb2RlOjc0NTEz,74513,sophia-hayes-vs-nadia-moreno-74513,RXZlbnROb2RlOjg5MDc=,RmlnaHRlck5vZGU6NzU4NjQ=,RmlnaHRlck5vZGU6NzU4NjU=,RmlnaHRlck5vZGU6NzU4NjU=,PL,Bantamweight,135.0,Decision,Unanimous,5.0,5:00,-135.0,115.0,0
RmlnaHROb2RlOjczMzEx,73311,lardy-navarro-vs-rick-caruso-73311,RXZlbnROb2RlOjg5MDc=,RmlnaHRlck5vZGU6NDM5NjY=,RmlnaHRlck5vZGU6Mjk3MDk=,,MC,,,,,,,,,0
RmlnaHROb2RlOjc0NDcw,74470,gary-balletto-jr-vs-adam-de-freitas-74470,RXZlbnROb2RlOjg5MDc=,RmlnaHRlck5vZGU6Nzg2OQ==,RmlnaHRlck5vZGU6MzgwODE=,RmlnaHRlck5vZGU6Nzg2OQ==,MC,Catchweight,175.0,KO/TKO,,2.0,1:46,-550.0,400.0,0
RmlnaHROb2RlOjczMzA5,73309,pat-casey-vs-zeb-vincent-73309,RXZlbnROb2RlOjg5MDc=,RmlnaHRlck5vZGU6MjQ5MDA=,RmlnaHRlck5vZGU6NDg5Mzc=,RmlnaHRlck5vZGU6MjQ5MDA=,MC,Catchweight,175.0,Decision,Unanimous,5.0,5:00,-260.0,220.0,0
RmlnaHROb2RlOjczMTAw,73100,parker-porter-vs-josh-watson-73100,RXZlbnROb2RlOjg5MDc=,RmlnaHRlck5vZGU6MjAwMw==,RmlnaHRlck5vZGU6NDIyMzQ=,,ME,,,,,,,,,1
RmlnaHROb2RlOjc1Mjk4,75298,david-burke-vs-david-sanchez-75298,RXZlbnROb2RlOjg5MDc=,RmlnaHRlck5vZGU6NzQ0MjE=,RmlnaHRlck5vZGU6NjM2NzM=,RmlnaHRlck5vZGU6NzQ0MjE=,PL,Catchweight,190.0,KO/TKO,,1.0,0:30,-255.0,215.0,0
RmlnaHROb2RlOjczNjc2,73676,joseph-peters-vs-maurice-horne-73676,RXZlbnROb2RlOjg5MDc=,RmlnaHRlck5vZGU6Njg1OTc=,RmlnaHRlck5vZGU6NjYyMDU=,,MC,,,,,,,-150.0,130.0,0
RmlnaHROb2RlOjc1NTI0,75524,john-walker-vs-adam-cook-75524,RXZlbnROb2RlOjkwNTA=,RmlnaHRlck5vZGU6NTkwNzQ=,RmlnaHRlck5vZGU6MjkxNDM=,,MC,,,,,,,,,0
RmlnaHROb2RlOjc1MTgx,75181,zach-zane-vs-justin-cornell-75181,RXZlbnROb2RlOjg5MTQ=,RmlnaHRlck5vZGU6OTk1OA==,RmlnaHRlck5vZGU6NDY2NjI=,RmlnaHRlck5vZGU6NDY2NjI=,MC,,,KO/TKO,,2.0,1:01,-135.0,115.0,0
RmlnaHROb2RlOjc0OTMy,74932,toby-misech-vs-charles-bennett-74932,RXZlbnROb2RlOjg5MTQ=,RmlnaHRlck5vZGU6MTY3Njk=,RmlnaHRlck5vZGU6MjIyMg==,RmlnaHRlck5vZGU6MTY3Njk=,MC,,,Decision,Unanimous,5.0,5:00,-160.0,140.0,0
RmlnaHROb2RlOjc0OTMw,74930,maki-pitolo-vs-doug-coltrane-74930,RXZlbnROb2RlOjg5MTQ=,RmlnaHRlck5vZGU6MTYxNTA=,RmlnaHRlck5vZGU6NTAxNzk=,RmlnaHRlck5vZGU6NTAxNzk=,ME,,,KO/TKO,,1.0,1:59,-180.0,155.0,0
RmlnaHROb2RlOjc1MjM3,75237,joseph-calarruda-vs-fatu-tuitasi-75237,RXZlbnROb2RlOjg5MTQ=,RmlnaHRlck5vZGU6NzYzNjM=,RmlnaHRlck5vZGU6MjkzNDU=,RmlnaHRlck5vZGU6NzYzNjM=,MC,,,Decision,Unanimous,5.0,5:00,120.0,-140.0,0
RmlnaHROb2RlOjc1MjQw,75240,nicholas-saragosa-vs-andru-davis-henry-75240,RXZlbnROb2RlOjg5MTQ=,RmlnaHRlck5vZGU6NzYzNjc=,RmlnaHRlck5vZGU6NDI2MTc=,,MC,,,,,,,,,0
RmlnaHROb2RlOjc1MjM5,75239,hazel-nahienaena-vs-kat-rabellizsa-75239,RXZlbnROb2RlOjg5MTQ=,RmlnaHRlck5vZGU6NzYzNjU=,RmlnaHRlck5vZGU6NzYzNjY=,RmlnaHRlck5vZGU6NzYzNjU=,MC,,,Decision,Unanimous,5.0,5:00,-135.0,115.0,0
RmlnaHROb2RlOjc1MjM4,75238,maika-samson-vs-nalu-cenal-75238,RXZlbnROb2RlOjg5MTQ=,RmlnaHRlck5vZGU6NDM3ODk=,RmlnaHRlck5vZGU6NzYzNjQ=,RmlnaHRlck5vZGU6NDM3ODk=,MC,,,KO/TKO,,2.0,0:32,-160.0,140.0,0
RmlnaHROb2RlOjc1NjY3,75667,nicholas-saragosa-vs-kaylan-gorospe-75667,RXZlbnROb2RlOjg5MTQ=,RmlnaHRlck5vZGU6NzYzNjc=,RmlnaHRlck5vZGU6MzM5NTE=,RmlnaHRlck5vZGU6NzYzNjc=,MC,,,KO/TKO,,2.0,1:30,,,0
RmlnaHROb2RlOjc1MjQy,75242,vincent-aragona-vs-simeon-crawford-75242,RXZlbnROb2RlOjg5MTQ=,RmlnaHRlck5vZGU6NzYzNjk=,RmlnaHRlck5vZGU6NzYzNzA=,RmlnaHRlck5vZGU6NzYzNjk=,MC,,,KO/TKO,,1.0,0:36,-500.0,375.0,0
RmlnaHROb2RlOjc1MTgy,75182,chris-cisneros-vs-justin-baesman-75182,RXZlbnROb2RlOjg5MTQ=,RmlnaHRlck5vZGU6MTU1MA==,RmlnaHRlck5vZGU6MTgzNw==,,MC,,,,,,,,,0
RmlnaHROb2RlOjc1MjM1,75235,jovan-alayon-vs-chris-inocencio-75235,RXZlbnROb2RlOjg5MTQ=,RmlnaHRlck5vZGU6NzYzNjA=,RmlnaHRlck5vZGU6Mjg2NzE=,RmlnaHRlck5vZGU6Mjg2NzE=,MC,,,KO/TKO,,1.0,1:15,-140.0,120.0,0
RmlnaHROb2RlOjc0OTMx,74931,kealii-kanekoa-vs-joseph-creer-74931,RXZlbnROb2RlOjg5MTQ=,RmlnaHRlck5vZGU6MzAyMDg=,RmlnaHRlck5vZGU6MzMwMzM=,RmlnaHRlck5vZGU6MzMwMzM=,CO,,,KO/TKO,,3.0,2:00,350.0,-450.0,0
RmlnaHROb2RlOjc1MjM2,75236,randy-kamaiopilli-vs-shiro-hitto-75236,RXZlbnROb2RlOjg5MTQ=,RmlnaHRlck5vZGU6NzYzNjE=,RmlnaHRlck5vZGU6NzYzNjI=,RmlnaHRlck5vZGU6NzYzNjE=,MC,,,KO/TKO,,2.0,2:07,-118.0,-102.0,0
RmlnaHROb2RlOjc1MjQx,75241,jerome-macalino-vs-pono-enos-75241,RXZlbnROb2RlOjg5MTQ=,RmlnaHRlck5vZGU6MzY5MTY=,RmlnaHRlck5vZGU6NzYzNjg=,RmlnaHRlck5vZGU6MzY5MTY=,MC,,,KO/TKO,,1.0,1:54,122.0,-142.0,0
RmlnaHROb2RlOjc0NjM4,74638,joshua-fremd-vs-jared-torgeson-74638,RXZlbnROb2RlOjg5ODE=,RmlnaHRlck5vZGU6MjMxNDk=,RmlnaHRlck5vZGU6MTAwODA=,RmlnaHRlck5vZGU6MjMxNDk=,MC,Light Heavyweight,205.0,KO/TKO,,1.0,1:32,-4000.0,1600.0,0
RmlnaHROb2RlOjc0NjM2,74636,ramiro-figueroa-vs-elvin-brito-74636,RXZlbnROb2RlOjg5ODE=,RmlnaHRlck5vZGU6NjAxMzk=,RmlnaHRlck5vZGU6MzQ2Nw==,RmlnaHRlck5vZGU6NjAxMzk=,CO,Lightweight,155.0,Decision,Unanimous,5.0,5:00,-315.0,265.0,0
RmlnaHROb2RlOjc0NjYz,74663,tylor-sijohn-vs-joseph-schillizzi-74663,RXZlbnROb2RlOjg5ODE=,RmlnaHRlck5vZGU6NjUxMTI=,RmlnaHRlck5vZGU6NzU5Mzg=,,MC,,,,,,,,,1
RmlnaHROb2RlOjc0NjM1,74635,chris-camozzi-vs-esteban-rodriguez-74635,RXZlbnROb2RlOjg5ODE=,RmlnaHRlck5vZGU6OTg5,RmlnaHRlck5vZGU6NDU0NjU=,RmlnaHRlck5vZGU6NDU0NjU=,ME,Light Heavyweight,205.0,KO/TKO,,4.0,1:43,-130.0,110.0,0
RmlnaHROb2RlOjc0NjM3,74637,josh-copeland-vs-corey-willis-74637,RXZlbnROb2RlOjg5ODE=,RmlnaHRlck5vZGU6NjA5Ng==,RmlnaHRlck5vZGU6NTEwMjQ=,RmlnaHRlck5vZGU6NTEwMjQ=,MC,Heavyweight,265.0,KO/TKO,,1.0,1:32,-185.0,160.0,0
RmlnaHROb2RlOjc1NzE1,75715,sergio-lopez-vs-brett-hudson-75715,RXZlbnROb2RlOjg5ODE=,RmlnaHRlck5vZGU6NjE1NTM=,RmlnaHRlck5vZGU6NTU4NzY=,,MC,,,,,,,,,1
RmlnaHROb2RlOjc1NzEz,75713,deron-winn-vs-erick-lozano-75713,RXZlbnROb2RlOjg5ODE=,RmlnaHRlck5vZGU6MTcxNTI=,RmlnaHRlck5vZGU6MzAwNzM=,RmlnaHRlck5vZGU6MTcxNTI=,MC,Light Heavyweight,205.0,KO/TKO,,3.0,0:47,-205.0,175.0,0
RmlnaHROb2RlOjc1NzE0,75714,angelo-trujillo-vs-anthony-yost-75714,RXZlbnROb2RlOjg5ODE=,RmlnaHRlck5vZGU6MTE1MDM=,RmlnaHRlck5vZGU6MjE1NTI=,RmlnaHRlck5vZGU6MjE1NTI=,PL,Light Heavyweight,205.0,Decision,Unanimous,5.0,5:00,145.0,-170.0,0
RmlnaHROb2RlOjc0NjYy,74662,octavin-turner-vs-joby-steffensmeier-74662,RXZlbnROb2RlOjg5ODE=,RmlnaHRlck5vZGU6NzI3NjI=,RmlnaHRlck5vZGU6NzU5Mzc=,RmlnaHRlck5vZGU6NzI3NjI=,MC,Flyweight,125.0,Decision,Unanimous,5.0,5:00,-425.0,325.0,0
RmlnaHROb2RlOjc0NjQw,74640,matthew-maestas-vs-ruben-arroyo-74640,RXZlbnROb2RlOjg5ODE=,RmlnaHRlck5vZGU6NTE3MDA=,RmlnaHRlck5vZGU6NjAxNDA=,RmlnaHRlck5vZGU6NTE3MDA=,PL,Lightweight,155.0,KO/TKO,,2.0,1:54,-200.0,170.0,0
RmlnaHROb2RlOjc1NzE4,75718,miguel-noah-aldana-vs-nick-burgos-75718,RXZlbnROb2RlOjg5ODE=,RmlnaHRlck5vZGU6NzY4NjY=,RmlnaHRlck5vZGU6NzU5MQ==,,MC,,,,,,,-600.0,425.0,1
RmlnaHROb2RlOjc0NjM5,74639,andrew-yates-vs-rodney-hinton-74639,RXZlbnROb2RlOjg5ODE=,RmlnaHRlck5vZGU6NTgwNQ==,RmlnaHRlck5vZGU6NjY0MTU=,RmlnaHRlck5vZGU6NjY0MTU=,MC,Catchweight,165.0,KO/TKO,,1.0,0:22,175.0,-205.0,0
RmlnaHROb2RlOjc1ODYz,75863,sebastian-temesi-vs-alvin-kanehailua-75863,RXZlbnROb2RlOjg5ODA=,RmlnaHRlck5vZGU6MzU4NDU=,RmlnaHRlck5vZGU6NzY5NzA=,RmlnaHRlck5vZGU6MzU4NDU=,MC,Middleweight,185.0,KO/TKO,,1.0,1:13,,,0
RmlnaHROb2RlOjc1NzI3,75727,cooper-clarke-vs-ryan-winnett-75727,RXZlbnROb2RlOjg5ODA=,RmlnaHRlck5vZGU6NzY4Njk=,RmlnaHRlck5vZGU6NzY4NzA=,RmlnaHRlck5vZGU6NzY4NzA=,MC,Lightweight,155.0,KO/TKO,,3.0,0:45,-200.0,170.0,0
RmlnaHROb2RlOjc1NzIy,75722,luke-bampton-vs-hunter-ioane-75722,RXZlbnROb2RlOjg5ODA=,RmlnaHRlck5vZGU6NzY4NjE=,RmlnaHRlck5vZGU6NzY4NjI=,RmlnaHRlck5vZGU6NzY4NjI=,MC,Lightweight,155.0,KO/TKO,,3.0,1:13,-135.0,115.0,0
RmlnaHROb2RlOjc1NzE5,75719,mark-flanagan-vs-dilan-prasovic-75719,RXZlbnROb2RlOjg5ODA=,RmlnaHRlck5vZGU6NzY4NTg=,RmlnaHRlck5vZGU6NzA1OTI=,RmlnaHRlck5vZGU6NzA1OTI=,CO,,,KO/TKO,,1.0,2:00,-120.0,100.0,0
RmlnaHROb2RlOjc1MTcy,75172,haze-hepi-vs-krzysztof-wisniewski-75172,RXZlbnROb2RlOjg5ODA=,RmlnaHRlck5vZGU6NjY0NjY=,RmlnaHRlck5vZGU6Njk4MjI=,RmlnaHRlck5vZGU6NjY0NjY=,ME,,,KO/TKO,,2.0,1:44,-172.0,147.0,0
RmlnaHROb2RlOjc1NzIx,75721,brayden-marzona-vs-boaz-kapua-75721,RXZlbnROb2RlOjg5ODA=,RmlnaHRlck5vZGU6NzY4Njg=,RmlnaHRlck5vZGU6NzY4Njc=,RmlnaHRlck5vZGU6NzY4Njc=,MC,Welterweight,170.0,KO/TKO,,1.0,1:03,-133.0,113.0,0
RmlnaHROb2RlOjc1NzIw,75720,josh-kuhne-vs-mick-whitehead-75720,RXZlbnROb2RlOjg5ODA=,RmlnaHRlck5vZGU6NzY4NTk=,RmlnaHRlck5vZGU6NzY4NjA=,RmlnaHRlck5vZGU6NzY4NTk=,MC,Catchweight,165.0,KO/TKO,,3.0,0:51,175.0,-205.0,0
RmlnaHROb2RlOjc1NzI2,75726,chris-drummond-vs-asher-jack-75726,RXZlbnROb2RlOjg5ODA=,RmlnaHRlck5vZGU6MTg5NzQ=,RmlnaHRlck5vZGU6NzY4NjU=,RmlnaHRlck5vZGU6NzY4NjU=,MC,Catchweight,175.0,KO/TKO,,2.0,1:09,,,0
RmlnaHROb2RlOjc1ODY0,75864,darcy-braine-vs-richie-faaoso-75864,RXZlbnROb2RlOjg5ODA=,RmlnaHRlck5vZGU6NzY5NzE=,RmlnaHRlck5vZGU6NzY5NzI=,RmlnaHRlck5vZGU6NzY5NzE=,MC,,,Decision,Unanimous,3.0,5:00,,,0
RmlnaHROb2RlOjc1NzIz,75723,patrick-tolone-vs-fetongi-tuinavvai-75723,RXZlbnROb2RlOjg5ODA=,RmlnaHRlck5vZGU6NzY4NjM=,RmlnaHRlck5vZGU6NzY4NjQ=,RmlnaHRlck5vZGU6NzY4NjQ=,MC,,,KO/TKO,,1.0,0:30,-190.0,165.0,0
RmlnaHROb2RlOjc1Njkx,75691,quentin-gaskins-vs-matt-guymon-75691,RXZlbnROb2RlOjg5Nzk=,RmlnaHRlck5vZGU6MTE4MDk=,RmlnaHRlck5vZGU6NjE3ODc=,RmlnaHRlck5vZGU6MTE4MDk=,ME,Featherweight,145.0,KO/TKO,,2.0,1:59,-425.0,325.0,0
RmlnaHROb2RlOjc0NDU3,74457,brandon-allen-vs-lukas-jones-74457,RXZlbnROb2RlOjg5Nzk=,RmlnaHRlck5vZGU6NDEyNjg=,RmlnaHRlck5vZGU6Njc1MDg=,RmlnaHRlck5vZGU6NDEyNjg=,MC,Featherweight,145.0,KO/TKO,,1.0,1:58,-450.0,350.0,0
RmlnaHROb2RlOjc1NzA1,75705,frankie-solomon-vs-rickie-mcconnico-75705,RXZlbnROb2RlOjg5Nzk=,RmlnaHRlck5vZGU6NzY4NTE=,RmlnaHRlck5vZGU6NjQ4NDc=,RmlnaHRlck5vZGU6NzY4NTE=,MC,Welterweight,170.0,Decision,Unanimous,5.0,5:00,-225.0,190.0,0
RmlnaHROb2RlOjc0NDU2,74456,mike-heckert-vs-justin-walters-74456,RXZlbnROb2RlOjg5Nzk=,RmlnaHRlck5vZGU6NTY3NzI=,RmlnaHRlck5vZGU6NjYyMDQ=,RmlnaHRlck5vZGU6NTY3NzI=,MC,Catchweight,165.0,KO/TKO,,1.0,1:18,-570.0,420.0,0
RmlnaHROb2RlOjc1ODgz,75883,jason-dinunzio-vs-anthony-foye-75883,RXZlbnROb2RlOjg5Nzk=,RmlnaHRlck5vZGU6Njk3MDU=,RmlnaHRlck5vZGU6NTE1ODc=,RmlnaHRlck5vZGU6NTE1ODc=,MC,Lightweight,155.0,Decision,Unanimous,5.0,5:00,-125.0,105.0,0
RmlnaHROb2RlOjc0NTAw,74500,gregorio-gonzalez-vs-gabriel-hernandez-74500,RXZlbnROb2RlOjg5Nzk=,RmlnaHRlck5vZGU6Njc1ODY=,RmlnaHRlck5vZGU6NzU4NTY=,RmlnaHRlck5vZGU6NzU4NTY=,MC,Flyweight,125.0,KO/TKO,,3.0,1:14,155.0,-180.0,0
RmlnaHROb2RlOjc0NTAx,74501,thomas-jungles-vs-anthony-grubbs-74501,RXZlbnROb2RlOjg5Nzk=,RmlnaHRlck5vZGU6NzU4NTc=,RmlnaHRlck5vZGU6NzU4NTg=,RmlnaHRlck5vZGU6NzU4NTg=,MC,Lightweight,155.0,KO/TKO,,3.0,0:25,-200.0,170.0,0
RmlnaHROb2RlOjc0NDUz,74453,jared-warren-vs-conor-cooke-74453,RXZlbnROb2RlOjg5Nzk=,RmlnaHRlck5vZGU6MzUyMTI=,RmlnaHRlck5vZGU6MzcwNA==,,ME,,,,,,,,,1
RmlnaHROb2RlOjc1ODgy,75882,tony-murphy-vs-skyler-mauller-75882,RXZlbnROb2RlOjg5Nzk=,RmlnaHRlck5vZGU6Mzg2MTM=,RmlnaHRlck5vZGU6NjkzNjA=,RmlnaHRlck5vZGU6Mzg2MTM=,MC,Catchweight,175.0,KO/TKO,,2.0,0:39,-950.0,650.0,0
RmlnaHROb2RlOjc0NDU1,74455,crystal-van-wyk-vs-kathryn-paprocki-74455,RXZlbnROb2RlOjg5Nzk=,RmlnaHRlck5vZGU6NTI5Njc=,RmlnaHRlck5vZGU6MjkzNzk=,RmlnaHRlck5vZGU6MjkzNzk=,MC,Strawweight,115.0,Decision,Unanimous,5.0,5:00,175.0,-205.0,0
RmlnaHROb2RlOjc0NDU0,74454,ryan-reber-vs-joshua-oxendine-74454,RXZlbnROb2RlOjg5Nzk=,RmlnaHRlck5vZGU6NDUxMjg=,RmlnaHRlck5vZGU6MzExNDY=,RmlnaHRlck5vZGU6NDUxMjg=,CO,Bantamweight,135.0,Decision,Unanimous,5.0,5:00,-125.0,105.0,0
RmlnaHROb2RlOjc0NDk5,74499,tony-murphy-vs-justin-williams-74499,RXZlbnROb2RlOjg5Nzk=,RmlnaHRlck5vZGU6Mzg2MTM=,RmlnaHRlck5vZGU6NTUxMDQ=,,MC,,,,,,,,,1
RmlnaHROb2RlOjc1NzA2,75706,terry-williams-vs-dexter-carthon-75706,RXZlbnROb2RlOjg5Nzk=,RmlnaHRlck5vZGU6NzY4NTI=,RmlnaHRlck5vZGU6MTc4NjU=,RmlnaHRlck5vZGU6NzY4NTI=,MC,Heavyweight,265.0,KO/TKO,,3.0,1:23,135.0,-155.0,0
RmlnaHROb2RlOjc0NDU4,74458,diego-romo-vs-eric-westbury-74458,RXZlbnROb2RlOjg5Nzk=,RmlnaHRlck5vZGU6NTY3NzA=,RmlnaHRlck5vZGU6NzA1OTA=,,MC,,,,,,,,,1
RmlnaHROb2RlOjc0NDU5,74459,jason-dinunzio-vs-israel-rodriguez-74459,RXZlbnROb2RlOjg5Nzk=,RmlnaHRlck5vZGU6Njk3MDU=,RmlnaHRlck5vZGU6MjI2NTA=,,MC,,,,,,,,,1
