bout_id,offer_type_id,is_not,average_odds,fighter_pk,description,not_description
RmlnaHROb2RlOjMyMjg3,STRAIGHT,0,-207,826.0,,
RmlnaHROb2RlOjMyMjg3,STRAIGHT,0,165,11505.0,,
RmlnaHROb2RlOjMyMzI0,STRAIGHT,0,329,1377.0,,
RmlnaHROb2RlOjMyMzI0,STRAIGHT,0,-454,1899.0,,
RmlnaHROb2RlOjMyMzI2,STRAIGHT,0,-286,9494.0,,
RmlnaHROb2RlOjMyMzI2,STRAIGHT,0,221,11897.0,,
RmlnaHROb2RlOjMyMzI3,STRAIGHT,0,-221,35200.0,,
RmlnaHROb2RlOjMyMzI3,STRAIGHT,0,175,3467.0,,
RmlnaHROb2RlOjMyMzI1,STRAIGHT,0,-454,5995.0,,
RmlnaHROb2RlOjMyMzI1,STRAIGHT,0,329,1776.0,,
RmlnaHROb2RlOjMyODMw,STRAIGHT,0,-384,573.0,,
RmlnaHROb2RlOjMyODMw,STRAIGHT,0,247,1835.0,,
RmlnaHROb2RlOjMyNDI2,STRAIGHT,0,-333,1162.0,,
RmlnaHROb2RlOjMyNDI2,STRAIGHT,0,220,674.0,,
RmlnaHROb2RlOjMyOTIz,STRAIGHT,0,154,1899.0,,
RmlnaHROb2RlOjMyOTIz,STRAIGHT,0,-210,3901.0,,
RmlnaHROb2RlOjMzMzUz,STRAIGHT,0,-207,6017.0,,
RmlnaHROb2RlOjMzMzUz,STRAIGHT,0,154,8834.0,,
RmlnaHROb2RlOjM0ODU3,STRAIGHT,0,-119,2563.0,,
RmlnaHROb2RlOjM0ODU3,STRAIGHT,0,-109,35181.0,,
RmlnaHROb2RlOjM0ODU4,STRAIGHT,0,-179,35209.0,,
RmlnaHROb2RlOjM0ODU4,STRAIGHT,0,141,962.0,,
RmlnaHROb2RlOjMzODkw,STRAIGHT,0,-120,731.0,,
RmlnaHROb2RlOjMzODkw,STRAIGHT,0,-107,7374.0,,
RmlnaHROb2RlOjM0ODE5,STRAIGHT,0,-667,1926.0,,
RmlnaHROb2RlOjM0ODE5,STRAIGHT,0,400,9958.0,,
RmlnaHROb2RlOjM0ODIw,STRAIGHT,0,-217,17895.0,,
RmlnaHROb2RlOjM0ODIw,STRAIGHT,0,160,26103.0,,
RmlnaHROb2RlOjM0ODYw,STRAIGHT,0,-667,36548.0,,
RmlnaHROb2RlOjM0ODYw,STRAIGHT,0,400,36547.0,,
RmlnaHROb2RlOjM0ODI2,STRAIGHT,0,-1249,12238.0,,
RmlnaHROb2RlOjM0ODI2,STRAIGHT,0,600,35215.0,,
RmlnaHROb2RlOjM0ODI1,STRAIGHT,0,-278,9494.0,,
RmlnaHROb2RlOjM0ODI1,STRAIGHT,0,200,10073.0,,
RmlnaHROb2RlOjM0ODYy,STRAIGHT,0,-278,35210.0,,
RmlnaHROb2RlOjM0ODYy,STRAIGHT,0,200,1603.0,,
RmlnaHROb2RlOjM0ODYx,STRAIGHT,0,-667,35615.0,,
RmlnaHROb2RlOjM0ODYx,STRAIGHT,0,400,36309.0,,
RmlnaHROb2RlOjM1MzQ5,STRAIGHT,0,-200,1734.0,,
RmlnaHROb2RlOjM1MzQ5,STRAIGHT,0,160,6453.0,,
RmlnaHROb2RlOjM1MzQ4,STRAIGHT,0,-114,677.0,,
RmlnaHROb2RlOjM1MzQ4,STRAIGHT,0,-114,2096.0,,
RmlnaHROb2RlOjM0ODgz,STRAIGHT,0,125,661.0,,
RmlnaHROb2RlOjM0ODgz,STRAIGHT,0,-154,1776.0,,
RmlnaHROb2RlOjM1ODQy,STRAIGHT,0,-209,1818.0,,
RmlnaHROb2RlOjM1ODQy,STRAIGHT,0,165,11897.0,,
RmlnaHROb2RlOjM1NzE1,STRAIGHT,0,-264,17895.0,,
RmlnaHROb2RlOjM1NzE1,STRAIGHT,0,197,21443.0,,
RmlnaHROb2RlOjM1NzE0,STRAIGHT,0,-213,22757.0,,
RmlnaHROb2RlOjM1NzE0,STRAIGHT,0,163,1965.0,,
RmlnaHROb2RlOjM1MzY4,STRAIGHT,0,-200,9494.0,,
RmlnaHROb2RlOjM1MzY4,STRAIGHT,0,160,1818.0,,
RmlnaHROb2RlOjM1ODUw,STRAIGHT,0,-185,1162.0,,
RmlnaHROb2RlOjM1ODUw,STRAIGHT,0,162,826.0,,
RmlnaHROb2RlOjM2MTIz,STRAIGHT,0,-254,963.0,,
RmlnaHROb2RlOjM2MTIz,STRAIGHT,0,227,35182.0,,
RmlnaHROb2RlOjM2MjQ5,STRAIGHT,0,-235,2783.0,,
RmlnaHROb2RlOjM2MjQ5,STRAIGHT,0,200,30512.0,,
RmlnaHROb2RlOjM2MTI0,STRAIGHT,0,-269,1899.0,,
RmlnaHROb2RlOjM2MTI0,STRAIGHT,0,229,39751.0,,
RmlnaHROb2RlOjM1ODUx,STRAIGHT,0,129,573.0,,
RmlnaHROb2RlOjM1ODUx,STRAIGHT,0,-149,34031.0,,
RmlnaHROb2RlOjM2NjY0,OVERUNDER_1.5,0,-114,,Over 1.5 rounds,Under 1.5 rounds
RmlnaHROb2RlOjM2NjY0,OVERUNDER_1.5,1,-114,,Over 1.5 rounds,Under 1.5 rounds
RmlnaHROb2RlOjM2NjQy,STRAIGHT,0,-177,39445.0,,
RmlnaHROb2RlOjM2NjQy,STRAIGHT,0,141,13845.0,,
RmlnaHROb2RlOjM2NjM3,STRAIGHT,0,-147,6579.0,,
RmlnaHROb2RlOjM2NjM3,STRAIGHT,0,115,9115.0,,
RmlnaHROb2RlOjM2NjQx,STRAIGHT,0,264,31593.0,,
RmlnaHROb2RlOjM2NjQx,STRAIGHT,0,-322,35181.0,,
RmlnaHROb2RlOjM2MTY5,STRAIGHT,0,263,6830.0,,
RmlnaHROb2RlOjM2MTY5,STRAIGHT,0,-336,2563.0,,
RmlnaHROb2RlOjM2NjYz,OVERUNDER_1.5,0,104,,Over 1.5 rounds,Under 1.5 rounds
RmlnaHROb2RlOjM2NjYz,OVERUNDER_1.5,1,-135,,Over 1.5 rounds,Under 1.5 rounds
RmlnaHROb2RlOjM2OTgz,STRAIGHT,0,-286,962.0,,
RmlnaHROb2RlOjM2OTgz,STRAIGHT,0,195,20664.0,,
RmlnaHROb2RlOjM2OTg0,STRAIGHT,0,-196,38598.0,,
RmlnaHROb2RlOjM2OTg0,STRAIGHT,0,151,41384.0,,
RmlnaHROb2RlOjYzMjU1,STRAIGHT,0,-231,2096.0,,
RmlnaHROb2RlOjYzMjU1,STRAIGHT,0,187,36994.0,,
RmlnaHROb2RlOjYzMjU0,STRAIGHT,0,140,35200.0,,
RmlnaHROb2RlOjYzMjU0,STRAIGHT,0,-176,41551.0,,
RmlnaHROb2RlOjM2ODcw,STRAIGHT,0,-276,19819.0,,
RmlnaHROb2RlOjM2ODcw,STRAIGHT,0,213,677.0,,
RmlnaHROb2RlOjM3MDI5,STRAIGHT,0,-730,9494.0,,
RmlnaHROb2RlOjM3MDI5,STRAIGHT,0,450,10072.0,,
RmlnaHROb2RlOjM2OTg1,STRAIGHT,0,311,41385.0,,
RmlnaHROb2RlOjM2OTg1,STRAIGHT,0,-415,3467.0,,
RmlnaHROb2RlOjM2ODUx,STRAIGHT,0,-140,1734.0,,
RmlnaHROb2RlOjM2ODUx,STRAIGHT,0,111,7374.0,,
RmlnaHROb2RlOjM3MDMw,STRAIGHT,0,-135,2062.0,,
RmlnaHROb2RlOjM3MDMw,STRAIGHT,0,122,6931.0,,
RmlnaHROb2RlOjM2NjQz,STRAIGHT,0,-310,582.0,,
RmlnaHROb2RlOjM2NjQz,STRAIGHT,0,250,2148.0,,
RmlnaHROb2RlOjM2OTk1,STRAIGHT,0,164,613.0,,
RmlnaHROb2RlOjM2OTk1,STRAIGHT,0,-214,209.0,,
RmlnaHROb2RlOjM2NzQ3,STRAIGHT,0,210,1965.0,,
RmlnaHROb2RlOjM2NzQ3,STRAIGHT,0,-292,173.0,,
RmlnaHROb2RlOjYzMzgw,STRAIGHT,0,-120,35590.0,,
RmlnaHROb2RlOjYzMzgw,STRAIGHT,0,108,42238.0,,
RmlnaHROb2RlOjYzMzc2,STRAIGHT,0,235,42229.0,,
RmlnaHROb2RlOjYzMzc2,STRAIGHT,0,-297,16294.0,,
RmlnaHROb2RlOjYzMzgx,STRAIGHT,0,-119,42236.0,,
RmlnaHROb2RlOjYzMzgx,STRAIGHT,0,-114,42237.0,,
RmlnaHROb2RlOjYzMzgy,STRAIGHT,0,-323,42230.0,,
RmlnaHROb2RlOjYzMzgy,STRAIGHT,0,256,42231.0,,
RmlnaHROb2RlOjYzMzc3,STRAIGHT,0,-225,16223.0,,
RmlnaHROb2RlOjYzMzc3,STRAIGHT,0,163,42232.0,,
RmlnaHROb2RlOjM3NTMw,STRAIGHT,0,-293,826.0,,
RmlnaHROb2RlOjM3NTMw,STRAIGHT,0,220,677.0,,
RmlnaHROb2RlOjYzMzc5,STRAIGHT,0,120,41868.0,,
RmlnaHROb2RlOjYzMzc5,STRAIGHT,0,-154,42235.0,,
RmlnaHROb2RlOjYzMzc1,STRAIGHT,0,-287,1892.0,,
RmlnaHROb2RlOjYzMzc1,STRAIGHT,0,216,42228.0,,
RmlnaHROb2RlOjM3NTI3,STRAIGHT,0,-132,1608.0,,
RmlnaHROb2RlOjM3NTI3,STRAIGHT,0,100,1835.0,,
RmlnaHROb2RlOjM3NTI4,STRAIGHT,0,-462,2927.0,,
RmlnaHROb2RlOjM3NTI4,STRAIGHT,0,362,13571.0,,
RmlnaHROb2RlOjYyOTM0,STRAIGHT,0,-118,42840.0,,
RmlnaHROb2RlOjYyOTM0,STRAIGHT,0,-113,9051.0,,
RmlnaHROb2RlOjM3ODUz,STRAIGHT,0,165,6902.0,,
RmlnaHROb2RlOjM3ODUz,STRAIGHT,0,-205,1887.0,,
RmlnaHROb2RlOjM3NTI1,STRAIGHT,0,100,963.0,,
RmlnaHROb2RlOjM3NTI1,STRAIGHT,0,-126,13845.0,,
RmlnaHROb2RlOjYyOTMz,STRAIGHT,0,-154,42839.0,,
RmlnaHROb2RlOjYyOTMz,STRAIGHT,0,120,19816.0,,
RmlnaHROb2RlOjM3Nzcw,STRAIGHT,0,-210,1899.0,,
RmlnaHROb2RlOjM3Nzcw,STRAIGHT,0,166,35209.0,,
RmlnaHROb2RlOjM3ODIx,STRAIGHT,0,-164,35181.0,,
RmlnaHROb2RlOjM3ODIx,STRAIGHT,0,125,2783.0,,
RmlnaHROb2RlOjM3ODUx,STRAIGHT,0,347,90.0,,
RmlnaHROb2RlOjM3ODUx,STRAIGHT,0,-437,25484.0,,
RmlnaHROb2RlOjM3ODM1,STRAIGHT,0,180,9499.0,,
RmlnaHROb2RlOjM3ODM1,STRAIGHT,0,-233,978.0,,
RmlnaHROb2RlOjM3OTQ3,STRAIGHT,0,242,6931.0,,
RmlnaHROb2RlOjM3OTQ3,STRAIGHT,0,-323,1926.0,,
RmlnaHROb2RlOjM3OTk4,STRAIGHT,0,104,1260.0,,
RmlnaHROb2RlOjM3OTk4,STRAIGHT,0,-142,7772.0,,
RmlnaHROb2RlOjYyODQ5,STRAIGHT,0,437,36541.0,,
RmlnaHROb2RlOjYyODQ5,STRAIGHT,0,-760,33619.0,,
RmlnaHROb2RlOjYyODUw,STRAIGHT,0,-1443,11038.0,,
RmlnaHROb2RlOjYyODUw,STRAIGHT,0,750,43004.0,,
RmlnaHROb2RlOjYyODUx,STRAIGHT,0,-343,41267.0,,
RmlnaHROb2RlOjYyODUx,STRAIGHT,0,250,41429.0,,
RmlnaHROb2RlOjM4MzM3,STRAIGHT,0,163,13571.0,,
RmlnaHROb2RlOjM4MzM3,STRAIGHT,0,-205,1751.0,,
RmlnaHROb2RlOjM4MzAw,STRAIGHT,0,162,35214.0,,
RmlnaHROb2RlOjM4MzAw,STRAIGHT,0,-203,7374.0,,
RmlnaHROb2RlOjM4Mzgy,STRAIGHT,0,240,36949.0,,
RmlnaHROb2RlOjM4Mzgy,STRAIGHT,0,-300,7488.0,,
RmlnaHROb2RlOjM4MzQ3,STRAIGHT,0,-296,10893.0,,
RmlnaHROb2RlOjM4MzQ3,STRAIGHT,0,236,1835.0,,
RmlnaHROb2RlOjM4NjQx,STRAIGHT,0,-134,1899.0,,
RmlnaHROb2RlOjM4NjQx,STRAIGHT,0,103,1926.0,,
RmlnaHROb2RlOjM4NjQy,STRAIGHT,0,-264,14332.0,,
RmlnaHROb2RlOjM4NjQy,STRAIGHT,0,196,35181.0,,
RmlnaHROb2RlOjM5MDg0,STRAIGHT,0,-130,29335.0,,
RmlnaHROb2RlOjM5MDg0,STRAIGHT,0,-104,35615.0,,
RmlnaHROb2RlOjM4ODQz,STRAIGHT,0,160,12925.0,,
RmlnaHROb2RlOjM4ODQz,STRAIGHT,0,-203,30512.0,,
RmlnaHROb2RlOjM4ODMx,STRAIGHT,0,116,12809.0,,
RmlnaHROb2RlOjM4ODMx,STRAIGHT,0,-155,1248.0,,
RmlnaHROb2RlOjM5MTEx,STRAIGHT,0,170,1608.0,,
RmlnaHROb2RlOjM5MTEx,STRAIGHT,0,-225,1965.0,,
RmlnaHROb2RlOjM5MTEy,STRAIGHT,0,152,41429.0,,
RmlnaHROb2RlOjM5MTEy,STRAIGHT,0,-194,10592.0,,
RmlnaHROb2RlOjM5Mjg4,STRAIGHT,0,154,14700.0,,
RmlnaHROb2RlOjM5Mjg4,STRAIGHT,0,-185,23030.0,,
RmlnaHROb2RlOjM5Mjg3,STRAIGHT,0,188,2601.0,,
RmlnaHROb2RlOjM5Mjg3,STRAIGHT,0,-275,16223.0,,
RmlnaHROb2RlOjM5Mjg2,STRAIGHT,0,196,11897.0,,
RmlnaHROb2RlOjM5Mjg2,STRAIGHT,0,-239,963.0,,
RmlnaHROb2RlOjM5MzYx,STRAIGHT,0,-271,8186.0,,
RmlnaHROb2RlOjM5MzYx,STRAIGHT,0,247,2552.0,,
RmlnaHROb2RlOjYyODkz,STRAIGHT,0,115,11931.0,,
RmlnaHROb2RlOjYyODkz,STRAIGHT,0,-147,47298.0,,
RmlnaHROb2RlOjM5NzMz,STRAIGHT,0,136,14700.0,,
RmlnaHROb2RlOjM5NzMz,STRAIGHT,0,-172,23030.0,,
RmlnaHROb2RlOjM5NzQy,STRAIGHT,0,-113,13958.0,,
RmlnaHROb2RlOjM5NzQy,STRAIGHT,0,-108,6902.0,,
RmlnaHROb2RlOjU5MzMz,STRAIGHT,0,114,45129.0,,
RmlnaHROb2RlOjU5MzMz,STRAIGHT,0,-146,45128.0,,
RmlnaHROb2RlOjU5MzMy,STRAIGHT,0,-105,43175.0,,
RmlnaHROb2RlOjU5MzMy,STRAIGHT,0,-121,62292.0,,
RmlnaHROb2RlOjM5NzMx,STRAIGHT,0,-107,13845.0,,
RmlnaHROb2RlOjM5NzMx,STRAIGHT,0,-123,9494.0,,
RmlnaHROb2RlOjM5NzMy,STRAIGHT,0,-168,1835.0,,
RmlnaHROb2RlOjM5NzMy,STRAIGHT,0,131,11038.0,,
RmlnaHROb2RlOjM5NzI4,STRAIGHT,0,154,9499.0,,
RmlnaHROb2RlOjM5NzI4,STRAIGHT,0,-198,170.0,,
RmlnaHROb2RlOjM5NzI5,STRAIGHT,0,164,36994.0,,
RmlnaHROb2RlOjM5NzI5,STRAIGHT,0,-214,22980.0,,
RmlnaHROb2RlOjM5NzI1,STRAIGHT,0,-224,173.0,,
RmlnaHROb2RlOjM5NzI1,STRAIGHT,0,172,21443.0,,
RmlnaHROb2RlOjM5NzMw,STRAIGHT,0,143,8759.0,,
RmlnaHROb2RlOjM5NzMw,STRAIGHT,0,-182,6960.0,,
RmlnaHROb2RlOjM5NzU0,STRAIGHT,0,-494,138.0,,
RmlnaHROb2RlOjM5NzU0,STRAIGHT,0,321,29164.0,,
RmlnaHROb2RlOjM5NzI3,STRAIGHT,0,312,5371.0,,
RmlnaHROb2RlOjM5NzI3,STRAIGHT,0,-459,306.0,,
RmlnaHROb2RlOjM5NzI2,STRAIGHT,0,-164,209.0,,
RmlnaHROb2RlOjM5NzI2,STRAIGHT,0,125,1734.0,,
RmlnaHROb2RlOjM5OTMx,STRAIGHT,0,-257,582.0,,
RmlnaHROb2RlOjM5OTMx,STRAIGHT,0,192,11897.0,,
RmlnaHROb2RlOjYyOTEw,STRAIGHT,0,-175,45539.0,,
RmlnaHROb2RlOjYyOTEw,STRAIGHT,0,139,9051.0,,
RmlnaHROb2RlOjYyOTA3,STRAIGHT,0,164,1751.0,,
RmlnaHROb2RlOjYyOTA3,STRAIGHT,0,-211,45145.0,,
RmlnaHROb2RlOjYyOTA2,STRAIGHT,0,-277,7374.0,,
RmlnaHROb2RlOjYyOTA2,STRAIGHT,0,209,42237.0,,
RmlnaHROb2RlOjQwMDI4,STRAIGHT,0,163,1260.0,,
RmlnaHROb2RlOjQwMDI4,STRAIGHT,0,-211,1926.0,,
RmlnaHROb2RlOjYyOTA4,STRAIGHT,0,-152,43004.0,,
RmlnaHROb2RlOjYyOTA4,STRAIGHT,0,118,41285.0,,
RmlnaHROb2RlOjQxMzY4,STRAIGHT,0,208,3467.0,,
RmlnaHROb2RlOjQxMzY4,STRAIGHT,0,-273,1899.0,,
RmlnaHROb2RlOjYzMDc3,STRAIGHT,0,108,34031.0,,
RmlnaHROb2RlOjYzMDc3,STRAIGHT,0,-139,35217.0,,
RmlnaHROb2RlOjYzMDc5,STRAIGHT,0,-500,49674.0,,
RmlnaHROb2RlOjYzMDc5,STRAIGHT,0,343,48394.0,,
RmlnaHROb2RlOjYzMDc4,STRAIGHT,0,-116,42806.0,,
RmlnaHROb2RlOjYzMDc4,STRAIGHT,0,-111,62.0,,
RmlnaHROb2RlOjYzMDgx,STRAIGHT,0,-149,17716.0,,
RmlnaHROb2RlOjYzMDgx,STRAIGHT,0,118,43920.0,,
RmlnaHROb2RlOjYzMDgw,STRAIGHT,0,-285,42807.0,,
RmlnaHROb2RlOjYzMDgw,STRAIGHT,0,213,46614.0,,
RmlnaHROb2RlOjYzMDgy,STRAIGHT,0,262,9499.0,,
RmlnaHROb2RlOjYzMDgy,STRAIGHT,0,-358,46724.0,,
RmlnaHROb2RlOjQxNzA0,STRAIGHT,0,181,36994.0,,
RmlnaHROb2RlOjQxNzA0,STRAIGHT,0,-236,11038.0,,
RmlnaHROb2RlOjQxMzk5,STRAIGHT,0,168,35182.0,,
RmlnaHROb2RlOjQxMzk5,STRAIGHT,0,-217,39445.0,,
RmlnaHROb2RlOjQxODgy,STRAIGHT,0,139,27786.0,,
RmlnaHROb2RlOjQxODgy,STRAIGHT,0,-175,39751.0,,
RmlnaHROb2RlOjQxOTY5,STRAIGHT,0,-234,30832.0,,
RmlnaHROb2RlOjQxOTY5,STRAIGHT,0,179,4660.0,,
RmlnaHROb2RlOjQxNzAw,STRAIGHT,0,-101,31138.0,,
RmlnaHROb2RlOjQxNzAw,STRAIGHT,0,-127,3718.0,,
RmlnaHROb2RlOjQxODgx,STRAIGHT,0,113,30512.0,,
RmlnaHROb2RlOjQxODgx,STRAIGHT,0,-146,2563.0,,
RmlnaHROb2RlOjQxMzk4,STRAIGHT,0,275,10893.0,,
RmlnaHROb2RlOjQxMzk4,STRAIGHT,0,-347,1948.0,,
RmlnaHROb2RlOjQxOTY4,STRAIGHT,0,-145,6017.0,,
RmlnaHROb2RlOjQxOTY4,STRAIGHT,0,113,3688.0,,
RmlnaHROb2RlOjQxODk2,STRAIGHT,0,-251,24439.0,,
RmlnaHROb2RlOjQxODk2,STRAIGHT,0,190,38601.0,,
RmlnaHROb2RlOjQxOTY1,STRAIGHT,0,273,1377.0,,
RmlnaHROb2RlOjQxOTY1,STRAIGHT,0,-360,41285.0,,
RmlnaHROb2RlOjQxODIx,STRAIGHT,0,192,3403.0,,
RmlnaHROb2RlOjQxODIx,STRAIGHT,0,-251,1035.0,,
RmlnaHROb2RlOjQyNTE1,STRAIGHT,0,-349,16294.0,,
RmlnaHROb2RlOjQyNTE1,STRAIGHT,0,258,27766.0,,
RmlnaHROb2RlOjQyNTE0,STRAIGHT,0,108,826.0,,
RmlnaHROb2RlOjQyNTE0,STRAIGHT,0,-139,21443.0,,
RmlnaHROb2RlOjQyNTk4,STRAIGHT,0,416,30512.0,,
RmlnaHROb2RlOjQyNTk4,STRAIGHT,0,-488,35181.0,,
RmlnaHROb2RlOjQyODg0,STRAIGHT,0,-500,8528.0,,
RmlnaHROb2RlOjQyODg0,STRAIGHT,0,375,36949.0,,
RmlnaHROb2RlOjQyNjY3,STRAIGHT,0,-140,41786.0,,
RmlnaHROb2RlOjQyNjY3,STRAIGHT,0,111,15245.0,,
RmlnaHROb2RlOjQyNzA1,STRAIGHT,0,375,1190.0,,
RmlnaHROb2RlOjQyNzA1,STRAIGHT,0,-495,989.0,,
RmlnaHROb2RlOjQyOTEy,STRAIGHT,0,185,1493.0,,
RmlnaHROb2RlOjQyOTEy,STRAIGHT,0,-238,2927.0,,
RmlnaHROb2RlOjQyOTgz,STRAIGHT,0,-104,20542.0,,
RmlnaHROb2RlOjQyOTgz,STRAIGHT,0,-124,26811.0,,
RmlnaHROb2RlOjQzMDQy,STRAIGHT,0,-203,253.0,,
RmlnaHROb2RlOjQzMDQy,STRAIGHT,0,161,26920.0,,
RmlnaHROb2RlOjQzMDA3,STRAIGHT,0,-250,7842.0,,
RmlnaHROb2RlOjQzMDA3,STRAIGHT,0,179,8657.0,,
RmlnaHROb2RlOjQzMDY3,STRAIGHT,0,118,22973.0,,
RmlnaHROb2RlOjQzMDY3,STRAIGHT,0,-152,15083.0,,
RmlnaHROb2RlOjQzMDA4,STRAIGHT,0,160,6582.0,,
RmlnaHROb2RlOjQzMDA4,STRAIGHT,0,-204,22980.0,,
RmlnaHROb2RlOjQzMTMx,STRAIGHT,0,-225,173.0,,
RmlnaHROb2RlOjQzMTMx,STRAIGHT,0,163,1260.0,,
RmlnaHROb2RlOjYyODg2,STRAIGHT,0,-192,170.0,,
RmlnaHROb2RlOjYyODg2,STRAIGHT,0,153,49033.0,,
RmlnaHROb2RlOjQzNDA3,STRAIGHT,0,-232,173.0,,
RmlnaHROb2RlOjQzNDA3,STRAIGHT,0,182,35476.0,,
RmlnaHROb2RlOjYyODg1,STRAIGHT,0,-171,45463.0,,
RmlnaHROb2RlOjYyODg1,STRAIGHT,0,143,43005.0,,
RmlnaHROb2RlOjQzMDY2,STRAIGHT,0,-131,264.0,,
RmlnaHROb2RlOjQzMDY2,STRAIGHT,0,101,306.0,,
RmlnaHROb2RlOjQzMDA5,STRAIGHT,0,291,9499.0,,
RmlnaHROb2RlOjQzMDA5,STRAIGHT,0,-400,17879.0,,
RmlnaHROb2RlOjYyOTM3,STRAIGHT,0,126,43535.0,,
RmlnaHROb2RlOjYyOTM3,STRAIGHT,0,-160,31252.0,,
RmlnaHROb2RlOjQyOTU2,STRAIGHT,0,156,209.0,,
RmlnaHROb2RlOjQyOTU2,STRAIGHT,0,-200,963.0,,
RmlnaHROb2RlOjQyNjUz,STRAIGHT,0,152,2126.0,,
RmlnaHROb2RlOjQyNjUz,STRAIGHT,0,-202,39445.0,,
RmlnaHROb2RlOjQzMDc0,STRAIGHT,0,341,16223.0,,
RmlnaHROb2RlOjQzMDc0,STRAIGHT,0,-483,1899.0,,
RmlnaHROb2RlOjQzNzE1,STRAIGHT,0,-531,20659.0,,
RmlnaHROb2RlOjQzNzE1,STRAIGHT,0,366,45049.0,,
RmlnaHROb2RlOjQzOTYw,STRAIGHT,0,-190,5847.0,,
RmlnaHROb2RlOjQzOTYw,STRAIGHT,0,150,2736.0,,
RmlnaHROb2RlOjQzODQy,STRAIGHT,0,178,47383.0,,
RmlnaHROb2RlOjQzODQy,STRAIGHT,0,-229,7689.0,,
RmlnaHROb2RlOjQzOTEz,STRAIGHT,0,-423,8014.0,,
RmlnaHROb2RlOjQzOTEz,STRAIGHT,0,316,41429.0,,
RmlnaHROb2RlOjQzOTE0,STRAIGHT,0,208,9051.0,,
RmlnaHROb2RlOjQzOTE0,STRAIGHT,0,-271,24439.0,,
RmlnaHROb2RlOjQzOTE1,STRAIGHT,0,-454,1035.0,,
RmlnaHROb2RlOjQzOTE1,STRAIGHT,0,331,35615.0,,
RmlnaHROb2RlOjQzNjk5,STRAIGHT,0,-105,13845.0,,
RmlnaHROb2RlOjQzNjk5,STRAIGHT,0,-123,582.0,,
RmlnaHROb2RlOjYyODk2,STRAIGHT,0,500,20542.0,,
RmlnaHROb2RlOjYyODk2,STRAIGHT,0,-800,48578.0,,
RmlnaHROb2RlOjQzOTQy,STRAIGHT,0,-446,27786.0,,
RmlnaHROb2RlOjQzOTQy,STRAIGHT,0,318,6931.0,,
RmlnaHROb2RlOjYyODk1,STRAIGHT,0,-211,35200.0,,
RmlnaHROb2RlOjYyODk1,STRAIGHT,0,162,41285.0,,
RmlnaHROb2RlOjYyODk5,STRAIGHT,0,251,48580.0,,
RmlnaHROb2RlOjYyODk5,STRAIGHT,0,-346,45538.0,,
RmlnaHROb2RlOjQzOTEx,STRAIGHT,0,-105,42946.0,,
RmlnaHROb2RlOjQzOTEx,STRAIGHT,0,-124,15245.0,,
RmlnaHROb2RlOjYyODk3,STRAIGHT,0,-428,50275.0,,
RmlnaHROb2RlOjYyODk3,STRAIGHT,0,303,8528.0,,
RmlnaHROb2RlOjYyODk4,STRAIGHT,0,-147,8195.0,,
RmlnaHROb2RlOjYyODk4,STRAIGHT,0,114,45147.0,,
RmlnaHROb2RlOjQ0MDcw,STRAIGHT,0,-473,8863.0,,
RmlnaHROb2RlOjQ0MDcw,STRAIGHT,0,350,4660.0,,
RmlnaHROb2RlOjQ0MzMy,STRAIGHT,0,-449,35209.0,,
RmlnaHROb2RlOjQ0MzMy,STRAIGHT,0,325,1594.0,,
RmlnaHROb2RlOjQ0NzU3,STRAIGHT,0,-114,17716.0,,
RmlnaHROb2RlOjQ0NzU3,STRAIGHT,0,-114,29923.0,,
RmlnaHROb2RlOjU5MzUz,STRAIGHT,0,-124,51587.0,,
RmlnaHROb2RlOjU5MzUz,STRAIGHT,0,-106,51586.0,,
RmlnaHROb2RlOjU5MzUy,STRAIGHT,0,236,51353.0,,
RmlnaHROb2RlOjU5MzUy,STRAIGHT,0,-319,39446.0,,
RmlnaHROb2RlOjQ0NDk5,STRAIGHT,0,-412,35181.0,,
RmlnaHROb2RlOjQ0NDk5,STRAIGHT,0,300,31593.0,,
RmlnaHROb2RlOjU5MzUw,STRAIGHT,0,101,51114.0,,
RmlnaHROb2RlOjU5MzUw,STRAIGHT,0,-131,42216.0,,
RmlnaHROb2RlOjQ0NzU2,STRAIGHT,0,-184,14700.0,,
RmlnaHROb2RlOjQ0NzU2,STRAIGHT,0,145,36994.0,,
RmlnaHROb2RlOjQ0Nzgx,STRAIGHT,0,170,29801.0,,
RmlnaHROb2RlOjQ0Nzgx,STRAIGHT,0,-219,24900.0,,
RmlnaHROb2RlOjU5MzUx,STRAIGHT,0,238,9577.0,,
RmlnaHROb2RlOjU5MzUx,STRAIGHT,0,-326,43004.0,,
RmlnaHROb2RlOjQ1MDMz,STRAIGHT,0,466,1594.0,,
RmlnaHROb2RlOjQ1MDMz,STRAIGHT,0,-675,35209.0,,
RmlnaHROb2RlOjQ1Mjgx,STRAIGHT,0,110,3704.0,,
RmlnaHROb2RlOjQ1Mjgx,STRAIGHT,0,-138,43853.0,,
RmlnaHROb2RlOjQ0NjM5,STRAIGHT,0,301,6141.0,,
RmlnaHROb2RlOjQ0NjM5,STRAIGHT,0,-424,14332.0,,
RmlnaHROb2RlOjQ0NjM4,STRAIGHT,0,166,1646.0,,
RmlnaHROb2RlOjQ0NjM4,STRAIGHT,0,-209,1205.0,,
RmlnaHROb2RlOjQ1MDU4,STRAIGHT,0,177,48887.0,,
RmlnaHROb2RlOjQ1MDU4,STRAIGHT,0,-212,45677.0,,
RmlnaHROb2RlOjU5MjIx,STRAIGHT,0,-104,20672.0,,
RmlnaHROb2RlOjU5MjIx,STRAIGHT,0,-122,51848.0,,
RmlnaHROb2RlOjQ0NjM3,STRAIGHT,0,-212,10893.0,,
RmlnaHROb2RlOjQ0NjM3,STRAIGHT,0,171,1290.0,,
RmlnaHROb2RlOjQ1MDE4,STRAIGHT,0,-310,989.0,,
RmlnaHROb2RlOjQ1MDE4,STRAIGHT,0,226,1588.0,,
RmlnaHROb2RlOjU5MTg1,STRAIGHT,0,-373,48939.0,,
RmlnaHROb2RlOjU5MTg1,STRAIGHT,0,275,52059.0,,
RmlnaHROb2RlOjU5MjIy,STRAIGHT,0,-302,51624.0,,
RmlnaHROb2RlOjU5MjIy,STRAIGHT,0,220,51623.0,,
RmlnaHROb2RlOjU5MTg2,STRAIGHT,0,-415,42946.0,,
RmlnaHROb2RlOjU5MTg2,STRAIGHT,0,293,51700.0,,
RmlnaHROb2RlOjQ1Mjc0,STRAIGHT,0,-515,20.0,,
RmlnaHROb2RlOjQ1Mjc0,STRAIGHT,0,350,6096.0,,
RmlnaHROb2RlOjQ1MDMx,STRAIGHT,0,-325,1493.0,,
RmlnaHROb2RlOjQ1MDMx,STRAIGHT,0,240,9051.0,,
RmlnaHROb2RlOjQ1Mzg0,STRAIGHT,0,-185,14700.0,,
RmlnaHROb2RlOjQ1Mzg0,STRAIGHT,0,143,7271.0,,
RmlnaHROb2RlOjQ1MTgw,STRAIGHT,0,-221,17712.0,,
RmlnaHROb2RlOjQ1MTgw,STRAIGHT,0,171,26811.0,,
RmlnaHROb2RlOjU5MTk1,STRAIGHT,0,-687,51717.0,,
RmlnaHROb2RlOjU5MTk1,STRAIGHT,0,456,31862.0,,
RmlnaHROb2RlOjQ1MDE3,STRAIGHT,0,-283,20659.0,,
RmlnaHROb2RlOjQ1MDE3,STRAIGHT,0,215,29709.0,,
RmlnaHROb2RlOjU5MTky,STRAIGHT,0,-273,8186.0,,
RmlnaHROb2RlOjU5MTky,STRAIGHT,0,204,51719.0,,
RmlnaHROb2RlOjU5MTkw,STRAIGHT,0,-365,50179.0,,
RmlnaHROb2RlOjU5MTkw,STRAIGHT,0,271,48580.0,,
RmlnaHROb2RlOjQ1MDE2,STRAIGHT,0,400,6546.0,,
RmlnaHROb2RlOjQ1MDE2,STRAIGHT,0,-509,2736.0,,
RmlnaHROb2RlOjQ1MjYz,STRAIGHT,0,156,7488.0,,
RmlnaHROb2RlOjQ1MjYz,STRAIGHT,0,-198,1248.0,,
RmlnaHROb2RlOjU5MTk2,STRAIGHT,0,141,44763.0,,
RmlnaHROb2RlOjU5MTk2,STRAIGHT,0,-179,36065.0,,
RmlnaHROb2RlOjU5MjIz,STRAIGHT,0,100,35821.0,,
RmlnaHROb2RlOjU5MjIz,STRAIGHT,0,-130,51718.0,,
RmlnaHROb2RlOjU5MTg5,STRAIGHT,0,-279,41263.0,,
RmlnaHROb2RlOjU5MTg5,STRAIGHT,0,208,39751.0,,
RmlnaHROb2RlOjQ1NDc4,STRAIGHT,0,100,3467.0,,
RmlnaHROb2RlOjQ1NDc4,STRAIGHT,0,-129,45463.0,,
RmlnaHROb2RlOjQ0OTcw,STRAIGHT,0,258,28332.0,,
RmlnaHROb2RlOjQ0OTcw,STRAIGHT,0,-343,138.0,,
RmlnaHROb2RlOjQ0OTY5,STRAIGHT,0,-449,10647.0,,
RmlnaHROb2RlOjQ0OTY5,STRAIGHT,0,325,26920.0,,
RmlnaHROb2RlOjQ1MTI4,STRAIGHT,0,185,41429.0,,
RmlnaHROb2RlOjQ1MTI4,STRAIGHT,0,-242,173.0,,
RmlnaHROb2RlOjQ1NzE4,STRAIGHT,0,140,46617.0,,
RmlnaHROb2RlOjQ1NzE4,STRAIGHT,0,-188,62.0,,
RmlnaHROb2RlOjQ0OTY4,STRAIGHT,0,149,22973.0,,
RmlnaHROb2RlOjQ0OTY4,STRAIGHT,0,-185,306.0,,
RmlnaHROb2RlOjQ1Mjkx,STRAIGHT,0,202,11610.0,,
RmlnaHROb2RlOjQ1Mjkx,STRAIGHT,0,-276,35590.0,,
RmlnaHROb2RlOjQ2MDMx,STRAIGHT,0,-104,42230.0,,
RmlnaHROb2RlOjQ2MDMx,STRAIGHT,0,-124,39448.0,,
RmlnaHROb2RlOjQ2MDM2,STRAIGHT,0,141,51355.0,,
RmlnaHROb2RlOjQ2MDM2,STRAIGHT,0,-178,52921.0,,
RmlnaHROb2RlOjQ2MDM0,STRAIGHT,0,-194,48482.0,,
RmlnaHROb2RlOjQ2MDM0,STRAIGHT,0,156,51833.0,,
RmlnaHROb2RlOjQ2MDM3,STRAIGHT,0,383,50178.0,,
RmlnaHROb2RlOjQ2MDM3,STRAIGHT,0,-565,16294.0,,
RmlnaHROb2RlOjQ2MDM4,STRAIGHT,0,-165,48399.0,,
RmlnaHROb2RlOjQ2MDM4,STRAIGHT,0,131,42231.0,,
RmlnaHROb2RlOjQ2MDMz,STRAIGHT,0,392,45145.0,,
RmlnaHROb2RlOjQ2MDMz,STRAIGHT,0,-565,50275.0,,
RmlnaHROb2RlOjQ2MDMy,STRAIGHT,0,-211,42238.0,,
RmlnaHROb2RlOjQ2MDMy,STRAIGHT,0,163,1892.0,,
RmlnaHROb2RlOjQ2MDM1,STRAIGHT,0,-160,42237.0,,
RmlnaHROb2RlOjQ2MDM1,STRAIGHT,0,126,40505.0,,
RmlnaHROb2RlOjQ2MDI5,STRAIGHT,0,-146,52922.0,,
RmlnaHROb2RlOjQ2MDI5,STRAIGHT,0,114,47618.0,,
RmlnaHROb2RlOjQ3Mjk2,STRAIGHT,0,138,42946.0,,
RmlnaHROb2RlOjQ3Mjk2,STRAIGHT,0,-173,43920.0,,
RmlnaHROb2RlOjQ3Mjk1,STRAIGHT,0,-482,49675.0,,
RmlnaHROb2RlOjQ3Mjk1,STRAIGHT,0,341,42236.0,,
RmlnaHROb2RlOjQ3NDk1,STRAIGHT,0,-746,49676.0,,
RmlnaHROb2RlOjQ3NDk1,STRAIGHT,0,500,50830.0,,
RmlnaHROb2RlOjQ1ODYw,STRAIGHT,0,316,52575.0,,
RmlnaHROb2RlOjQ1ODYw,STRAIGHT,0,-428,21018.0,,
RmlnaHROb2RlOjQ3NDQ4,STRAIGHT,0,163,54145.0,,
RmlnaHROb2RlOjQ3NDQ4,STRAIGHT,0,-206,54144.0,,
RmlnaHROb2RlOjQ3Mjk0,STRAIGHT,0,-649,42806.0,,
RmlnaHROb2RlOjQ3Mjk0,STRAIGHT,0,416,35476.0,,
RmlnaHROb2RlOjQ1ODMz,STRAIGHT,0,-237,6017.0,,
RmlnaHROb2RlOjQ1ODMz,STRAIGHT,0,184,30073.0,,
RmlnaHROb2RlOjQ1NzUx,STRAIGHT,0,-181,1899.0,,
RmlnaHROb2RlOjQ1NzUx,STRAIGHT,0,145,27786.0,,
RmlnaHROb2RlOjQ2ODc4,STRAIGHT,0,466,52937.0,,
RmlnaHROb2RlOjQ2ODc4,STRAIGHT,0,-711,14667.0,,
RmlnaHROb2RlOjQ3Mjk3,STRAIGHT,0,-1530,44762.0,,
RmlnaHROb2RlOjQ3Mjk3,STRAIGHT,0,750,10756.0,,
RmlnaHROb2RlOjQ3NDQ3,STRAIGHT,0,150,45132.0,,
RmlnaHROb2RlOjQ3NDQ3,STRAIGHT,0,-187,23140.0,,
RmlnaHROb2RlOjQ2ODcz,STRAIGHT,0,-103,52929.0,,
RmlnaHROb2RlOjQ2ODcz,STRAIGHT,0,-126,52928.0,,
RmlnaHROb2RlOjQ4MDQx,STRAIGHT,0,-400,4595.0,,
RmlnaHROb2RlOjQ4MDQx,STRAIGHT,0,300,54687.0,,
RmlnaHROb2RlOjQ3OTIz,STRAIGHT,0,180,54191.0,,
RmlnaHROb2RlOjQ3OTIz,STRAIGHT,0,-230,54190.0,,
RmlnaHROb2RlOjQ3Mjg4,STRAIGHT,0,202,52936.0,,
RmlnaHROb2RlOjQ3Mjg4,STRAIGHT,0,-270,51712.0,,
RmlnaHROb2RlOjQ3Mjg3,STRAIGHT,0,140,52935.0,,
RmlnaHROb2RlOjQ3Mjg3,STRAIGHT,0,-177,51708.0,,
RmlnaHROb2RlOjQ3Mjg0,STRAIGHT,0,129,52930.0,,
RmlnaHROb2RlOjQ3Mjg0,STRAIGHT,0,-162,50350.0,,
RmlnaHROb2RlOjQ3NTIz,STRAIGHT,0,102,14441.0,,
RmlnaHROb2RlOjQ3NTIz,STRAIGHT,0,-131,18382.0,,
RmlnaHROb2RlOjQ3Mjg2,STRAIGHT,0,868,52934.0,,
RmlnaHROb2RlOjQ3Mjg2,STRAIGHT,0,-2278,50348.0,,
RmlnaHROb2RlOjQ3Mjg1,STRAIGHT,0,-260,51705.0,,
RmlnaHROb2RlOjQ3Mjg1,STRAIGHT,0,128,52931.0,,
RmlnaHROb2RlOjQ3OTIy,STRAIGHT,0,154,54189.0,,
RmlnaHROb2RlOjQ3OTIy,STRAIGHT,0,-185,4595.0,,
RmlnaHROb2RlOjQ2ODc0,STRAIGHT,0,-103,52932.0,,
RmlnaHROb2RlOjQ2ODc0,STRAIGHT,0,-126,52933.0,,
RmlnaHROb2RlOjQ4MDM1,STRAIGHT,0,334,7551.0,,
RmlnaHROb2RlOjQ4MDM1,STRAIGHT,0,-441,42235.0,,
RmlnaHROb2RlOjQ3NDQw,STRAIGHT,0,-109,45539.0,,
RmlnaHROb2RlOjQ3NDQw,STRAIGHT,0,-120,49249.0,,
RmlnaHROb2RlOjQ3NDQx,STRAIGHT,0,202,42232.0,,
RmlnaHROb2RlOjQ3NDQx,STRAIGHT,0,-269,48926.0,,
RmlnaHROb2RlOjQ4MDI2,STRAIGHT,0,-694,38613.0,,
RmlnaHROb2RlOjQ4MDI2,STRAIGHT,0,483,31470.0,,
RmlnaHROb2RlOjQ3NDQz,STRAIGHT,0,-400,42612.0,,
RmlnaHROb2RlOjQ3NDQz,STRAIGHT,0,300,44763.0,,
RmlnaHROb2RlOjQ1Nzgx,STRAIGHT,0,-145,1965.0,,
RmlnaHROb2RlOjQ1Nzgx,STRAIGHT,0,112,11038.0,,
RmlnaHROb2RlOjQ3NDQy,STRAIGHT,0,-176,35212.0,,
RmlnaHROb2RlOjQ3NDQy,STRAIGHT,0,140,21443.0,,
RmlnaHROb2RlOjQ3OTE4,STRAIGHT,0,483,52059.0,,
RmlnaHROb2RlOjQ3OTE4,STRAIGHT,0,-776,43527.0,,
RmlnaHROb2RlOjQ3OTE3,STRAIGHT,0,140,45128.0,,
RmlnaHROb2RlOjQ3OTE3,STRAIGHT,0,-175,35194.0,,
RmlnaHROb2RlOjQ3NDM5,STRAIGHT,0,166,54140.0,,
RmlnaHROb2RlOjQ3NDM5,STRAIGHT,0,-207,41268.0,,
RmlnaHROb2RlOjQ4MTE3,STRAIGHT,0,125,44550.0,,
RmlnaHROb2RlOjQ4MTE3,STRAIGHT,0,-160,54791.0,,
RmlnaHROb2RlOjQ4MjI0,STRAIGHT,0,343,7078.0,,
RmlnaHROb2RlOjQ4MjI0,STRAIGHT,0,-482,44761.0,,
RmlnaHROb2RlOjQ4MjMw,STRAIGHT,0,-468,24439.0,,
RmlnaHROb2RlOjQ4MjMw,STRAIGHT,0,333,48317.0,,
RmlnaHROb2RlOjQ4MzM0,STRAIGHT,0,-638,47316.0,,
RmlnaHROb2RlOjQ4MzM0,STRAIGHT,0,440,45132.0,,
RmlnaHROb2RlOjQ4MTE1,STRAIGHT,0,-365,54790.0,,
RmlnaHROb2RlOjQ4MTE1,STRAIGHT,0,267,42231.0,,
RmlnaHROb2RlOjQ4MjIz,STRAIGHT,0,200,49351.0,,
RmlnaHROb2RlOjQ4MjIz,STRAIGHT,0,-277,51719.0,,
RmlnaHROb2RlOjQ4MjMx,STRAIGHT,0,-145,1630.0,,
RmlnaHROb2RlOjQ4MjMx,STRAIGHT,0,113,48580.0,,
RmlnaHROb2RlOjQ4MTE2,STRAIGHT,0,-318,41266.0,,
RmlnaHROb2RlOjQ4MTE2,STRAIGHT,0,233,9977.0,,
RmlnaHROb2RlOjQ4MTA2,STRAIGHT,0,135,8152.0,,
RmlnaHROb2RlOjQ4MTA2,STRAIGHT,0,-172,8014.0,,
RmlnaHROb2RlOjQ3NDMz,STRAIGHT,0,-676,1035.0,,
RmlnaHROb2RlOjQ3NDMz,STRAIGHT,0,465,43175.0,,
RmlnaHROb2RlOjQ4MTA1,STRAIGHT,0,416,35583.0,,
RmlnaHROb2RlOjQ4MTA1,STRAIGHT,0,-618,2736.0,,
RmlnaHROb2RlOjQ3OTM0,STRAIGHT,0,375,54511.0,,
RmlnaHROb2RlOjQ3OTM0,STRAIGHT,0,-563,49676.0,,
RmlnaHROb2RlOjQ4MzMz,STRAIGHT,0,229,42162.0,,
RmlnaHROb2RlOjQ4MzMz,STRAIGHT,0,-290,54144.0,,
RmlnaHROb2RlOjQ4MzQ0,STRAIGHT,0,-410,45621.0,,
RmlnaHROb2RlOjQ4MzQ0,STRAIGHT,0,309,39449.0,,
RmlnaHROb2RlOjQ4MzQy,STRAIGHT,0,-410,50356.0,,
RmlnaHROb2RlOjQ4MzQy,STRAIGHT,0,309,49248.0,,
RmlnaHROb2RlOjQ4MzU3,STRAIGHT,0,185,55070.0,,
RmlnaHROb2RlOjQ4MzU3,STRAIGHT,0,-225,55069.0,,
RmlnaHROb2RlOjYyOTI4,STRAIGHT,0,-1500,55053.0,,
RmlnaHROb2RlOjYyOTI4,STRAIGHT,0,850,10864.0,,
RmlnaHROb2RlOjQ4MzQz,STRAIGHT,0,250,52937.0,,
RmlnaHROb2RlOjQ4MzQz,STRAIGHT,0,-325,55054.0,,
RmlnaHROb2RlOjQ4MzU4,STRAIGHT,0,800,55072.0,,
RmlnaHROb2RlOjQ4MzU4,STRAIGHT,0,-1400,55071.0,,
RmlnaHROb2RlOjQ5MzQ4,STRAIGHT,0,-218,50987.0,,
RmlnaHROb2RlOjQ5MzQ4,STRAIGHT,0,170,46724.0,,
RmlnaHROb2RlOjYyOTE0,STRAIGHT,0,350,55919.0,,
RmlnaHROb2RlOjYyOTE0,STRAIGHT,0,-549,49725.0,,
RmlnaHROb2RlOjQ4NjQ4,STRAIGHT,0,-128,45465.0,,
RmlnaHROb2RlOjQ4NjQ4,STRAIGHT,0,100,34144.0,,
RmlnaHROb2RlOjQ4NDE3,STRAIGHT,0,-654,50275.0,,
RmlnaHROb2RlOjQ4NDE3,STRAIGHT,0,516,16223.0,,
RmlnaHROb2RlOjYyOTEx,STRAIGHT,0,-117,50712.0,,
RmlnaHROb2RlOjYyOTEx,STRAIGHT,0,-104,51587.0,,
RmlnaHROb2RlOjYyOTEy,STRAIGHT,0,-1125,23140.0,,
RmlnaHROb2RlOjYyOTEy,STRAIGHT,0,750,55917.0,,
RmlnaHROb2RlOjQ4NjM3,STRAIGHT,0,666,48482.0,,
RmlnaHROb2RlOjQ4NjM3,STRAIGHT,0,-1145,44762.0,,
RmlnaHROb2RlOjQ4MjQz,STRAIGHT,0,241,2927.0,,
RmlnaHROb2RlOjQ4MjQz,STRAIGHT,0,-335,44855.0,,
RmlnaHROb2RlOjYyOTEz,STRAIGHT,0,256,16639.0,,
RmlnaHROb2RlOjYyOTEz,STRAIGHT,0,-348,8777.0,,
RmlnaHROb2RlOjQ5MzQ3,STRAIGHT,0,-341,42828.0,,
RmlnaHROb2RlOjQ5MzQ3,STRAIGHT,0,233,48577.0,,
RmlnaHROb2RlOjQ4NjQ5,STRAIGHT,0,-1671,42806.0,,
RmlnaHROb2RlOjQ4NjQ5,STRAIGHT,0,741,35216.0,,
RmlnaHROb2RlOjQ5Mzc5,STRAIGHT,0,-107,45677.0,,
RmlnaHROb2RlOjQ5Mzc5,STRAIGHT,0,-122,48937.0,,
RmlnaHROb2RlOjQ5MzMx,STRAIGHT,0,185,40505.0,,
RmlnaHROb2RlOjQ5MzMx,STRAIGHT,0,-252,1876.0,,
RmlnaHROb2RlOjQ5NjMz,STRAIGHT,0,-188,11503.0,,
RmlnaHROb2RlOjQ5NjMz,STRAIGHT,0,146,56142.0,,
RmlnaHROb2RlOjQ5Mzc3,STRAIGHT,0,-286,55877.0,,
RmlnaHROb2RlOjQ5Mzc3,STRAIGHT,0,211,46614.0,,
RmlnaHROb2RlOjQ4NzMz,STRAIGHT,0,-149,48936.0,,
RmlnaHROb2RlOjQ4NzMz,STRAIGHT,0,113,42946.0,,
RmlnaHROb2RlOjQ5MzMw,STRAIGHT,0,-340,7271.0,,
RmlnaHROb2RlOjQ5MzMw,STRAIGHT,0,245,46721.0,,
RmlnaHROb2RlOjQ5NTQ4,STRAIGHT,0,121,51552.0,,
RmlnaHROb2RlOjQ5NTQ4,STRAIGHT,0,-156,6096.0,,
RmlnaHROb2RlOjQ5OTY0,STRAIGHT,0,110,989.0,,
RmlnaHROb2RlOjQ5OTY0,STRAIGHT,0,-146,17895.0,,
RmlnaHROb2RlOjQ5Mzc4,STRAIGHT,0,282,34155.0,,
RmlnaHROb2RlOjQ5Mzc4,STRAIGHT,0,-400,48939.0,,
RmlnaHROb2RlOjQ4Njk2,STRAIGHT,0,237,9051.0,,
RmlnaHROb2RlOjQ4Njk2,STRAIGHT,0,-318,5805.0,,
RmlnaHROb2RlOjQ5NjM0,STRAIGHT,0,-753,15245.0,,
RmlnaHROb2RlOjQ5NjM0,STRAIGHT,0,473,13805.0,,
RmlnaHROb2RlOjQ5Mzc2,STRAIGHT,0,-1193,45147.0,,
RmlnaHROb2RlOjQ5Mzc2,STRAIGHT,0,666,55876.0,,
RmlnaHROb2RlOjQ5Nzky,STRAIGHT,0,525,56297.0,,
RmlnaHROb2RlOjQ5Nzky,STRAIGHT,0,-724,42216.0,,
RmlnaHROb2RlOjQ5Nzkx,OVERUNDER_2.5,1,-119,,Over 2.5 rounds,Under 2.5 rounds
RmlnaHROb2RlOjQ5Nzkx,STRAIGHT,0,174,56296.0,,
RmlnaHROb2RlOjQ5Nzkx,OVERUNDER_2.5,0,-119,,Over 2.5 rounds,Under 2.5 rounds
RmlnaHROb2RlOjQ5Nzkx,STRAIGHT,0,-231,29709.0,,
RmlnaHROb2RlOjUwMTAy,STRAIGHT,0,838,55776.0,,
RmlnaHROb2RlOjUwMTAy,STRAIGHT,0,-1679,42216.0,,
RmlnaHROb2RlOjQ5NzU5,OVERUNDER_1.5,0,-135,,Over 1.5 rounds,Under 1.5 rounds
RmlnaHROb2RlOjQ5NzU5,STRAIGHT,0,-616,19819.0,,
RmlnaHROb2RlOjQ5NzU5,STRAIGHT,0,391,27766.0,,
RmlnaHROb2RlOjQ5NzU5,OVERUNDER_1.5,1,-105,,Over 1.5 rounds,Under 1.5 rounds
RmlnaHROb2RlOjQ5NTM3,STRAIGHT,0,261,1776.0,,
RmlnaHROb2RlOjQ5NTM3,OVERUNDER_2.5,1,-114,,Over 2.5 rounds,Under 2.5 rounds
RmlnaHROb2RlOjQ5NTM3,OVERUNDER_2.5,0,-124,,Over 2.5 rounds,Under 2.5 rounds
RmlnaHROb2RlOjQ5NTM3,STRAIGHT,0,-374,1248.0,,
RmlnaHROb2RlOjQ5Nzg5,STRAIGHT,0,-143,56294.0,,
RmlnaHROb2RlOjQ5Nzg5,STRAIGHT,0,112,33033.0,,
RmlnaHROb2RlOjQ5NTQ3,STRAIGHT,0,228,48580.0,,
RmlnaHROb2RlOjQ5NTQ3,OVERUNDER_2.5,1,-112,,Over 2.5 rounds,Under 2.5 rounds
RmlnaHROb2RlOjQ5NTQ3,OVERUNDER_2.5,0,-127,,Over 2.5 rounds,Under 2.5 rounds
RmlnaHROb2RlOjQ5NTQ3,STRAIGHT,0,-320,43004.0,,
RmlnaHROb2RlOjQ5NDA2,STRAIGHT,0,101,41384.0,,
RmlnaHROb2RlOjQ5NDA2,STRAIGHT,0,-136,42228.0,,
RmlnaHROb2RlOjQ5Nzkw,STRAIGHT,0,-155,56295.0,,
RmlnaHROb2RlOjQ5Nzkw,STRAIGHT,0,119,51586.0,,
RmlnaHROb2RlOjQ5Nzg4,OVERUNDER_2.5,0,-105,,Over 2.5 rounds,Under 2.5 rounds
RmlnaHROb2RlOjQ5Nzg4,STRAIGHT,0,233,56293.0,,
RmlnaHROb2RlOjQ5Nzg4,STRAIGHT,0,-342,35183.0,,
RmlnaHROb2RlOjQ5Nzg4,OVERUNDER_2.5,1,-135,,Over 2.5 rounds,Under 2.5 rounds
RmlnaHROb2RlOjQ5MzI1,OVERUNDER_4.5,0,-166,,Over 4.5 rounds,Under 4.5 rounds
RmlnaHROb2RlOjQ5MzI1,STRAIGHT,0,-610,35181.0,,
RmlnaHROb2RlOjQ5MzI1,STRAIGHT,0,397,49351.0,,
RmlnaHROb2RlOjQ5MzI1,OVERUNDER_4.5,1,127,,Over 4.5 rounds,Under 4.5 rounds
RmlnaHROb2RlOjUwMzM4,STRAIGHT,0,-449,56658.0,,
RmlnaHROb2RlOjUwMzM4,STRAIGHT,0,350,27820.0,,
RmlnaHROb2RlOjUwMTk2,STRAIGHT,0,135,56660.0,,
RmlnaHROb2RlOjUwMTk2,STRAIGHT,0,-165,51708.0,,
RmlnaHROb2RlOjUwMzM5,STRAIGHT,0,-114,56780.0,,
RmlnaHROb2RlOjUwMzM5,STRAIGHT,0,-114,56779.0,,
RmlnaHROb2RlOjUwMzQw,STRAIGHT,0,-175,56782.0,,
RmlnaHROb2RlOjUwMzQw,STRAIGHT,0,145,56781.0,,
RmlnaHROb2RlOjUwMzQy,STRAIGHT,0,200,56785.0,,
RmlnaHROb2RlOjUwMzQy,STRAIGHT,0,-260,49346.0,,
RmlnaHROb2RlOjUwMzQ0,STRAIGHT,0,179,56788.0,,
RmlnaHROb2RlOjUwMzQ0,STRAIGHT,0,-219,56789.0,,
RmlnaHROb2RlOjUwMzQx,STRAIGHT,0,-185,56784.0,,
RmlnaHROb2RlOjUwMzQx,STRAIGHT,0,154,56783.0,,
RmlnaHROb2RlOjUwMTk3,STRAIGHT,0,-175,56662.0,,
RmlnaHROb2RlOjUwMTk3,STRAIGHT,0,145,56661.0,,
RmlnaHROb2RlOjUwMzQz,STRAIGHT,0,-130,56786.0,,
RmlnaHROb2RlOjUwMzQz,STRAIGHT,0,100,56787.0,,
RmlnaHROb2RlOjUwMDM1,OVERUNDER_4.5,0,-151,,Over 4.5 rounds,Under 4.5 rounds
RmlnaHROb2RlOjUwMDM1,STRAIGHT,0,-138,20664.0,,
RmlnaHROb2RlOjUwMDM1,OVERUNDER_4.5,1,111,,Over 4.5 rounds,Under 4.5 rounds
RmlnaHROb2RlOjUwMDM1,STRAIGHT,0,101,2736.0,,
RmlnaHROb2RlOjUwMDM3,STRAIGHT,0,348,35583.0,,
RmlnaHROb2RlOjUwMDM3,OVERUNDER_2.5,1,104,,Over 2.5 rounds,Under 2.5 rounds
RmlnaHROb2RlOjUwMDM3,OVERUNDER_2.5,0,-145,,Over 2.5 rounds,Under 2.5 rounds
RmlnaHROb2RlOjUwMDM3,STRAIGHT,0,-523,36065.0,,
RmlnaHROb2RlOjQ5ODIw,OVERUNDER_1.5,0,120,,Over 1.5 rounds,Under 1.5 rounds
RmlnaHROb2RlOjQ5ODIw,STRAIGHT,0,229,42612.0,,
RmlnaHROb2RlOjQ5ODIw,STRAIGHT,0,-328,20657.0,,
RmlnaHROb2RlOjQ5ODIw,OVERUNDER_1.5,1,-160,,Over 1.5 rounds,Under 1.5 rounds
RmlnaHROb2RlOjUwNDkx,STRAIGHT,0,133,50055.0,,
RmlnaHROb2RlOjUwNDkx,STRAIGHT,0,-171,46617.0,,
RmlnaHROb2RlOjQ5ODQ0,STRAIGHT,0,-466,41263.0,,
RmlnaHROb2RlOjQ5ODQ0,OVERUNDER_4.5,0,-120,,Over 4.5 rounds,Under 4.5 rounds
RmlnaHROb2RlOjQ5ODQ0,STRAIGHT,0,302,264.0,,
RmlnaHROb2RlOjQ5ODQ0,OVERUNDER_4.5,1,-120,,Over 4.5 rounds,Under 4.5 rounds
RmlnaHROb2RlOjUwMzk5,STRAIGHT,0,142,56898.0,,
RmlnaHROb2RlOjUwMzk5,STRAIGHT,0,-188,41349.0,,
RmlnaHROb2RlOjUwMDM2,OVERUNDER_1.5,0,-165,,Over 1.5 rounds,Under 1.5 rounds
RmlnaHROb2RlOjUwMDM2,STRAIGHT,0,-393,20659.0,,
RmlnaHROb2RlOjUwMDM2,STRAIGHT,0,282,35821.0,,
RmlnaHROb2RlOjUwMDM2,OVERUNDER_1.5,1,125,,Over 1.5 rounds,Under 1.5 rounds
RmlnaHROb2RlOjUwMDU1,STRAIGHT,0,495,50337.0,,
RmlnaHROb2RlOjUwMDU1,OVERUNDER_1.5,1,145,,Over 1.5 rounds,Under 1.5 rounds
RmlnaHROb2RlOjUwMDU1,OVERUNDER_1.5,0,-189,,Over 1.5 rounds,Under 1.5 rounds
RmlnaHROb2RlOjUwMDU1,STRAIGHT,0,-877,43006.0,,
RmlnaHROb2RlOjUwMTI4,STRAIGHT,0,775,55917.0,,
RmlnaHROb2RlOjUwMTI4,STRAIGHT,0,-1591,50055.0,,
RmlnaHROb2RlOjQ5ODE4,STRAIGHT,0,-243,8152.0,,
RmlnaHROb2RlOjQ5ODE4,OVERUNDER_2.5,0,-129,,Over 2.5 rounds,Under 2.5 rounds
RmlnaHROb2RlOjQ5ODE4,OVERUNDER_2.5,1,-109,,Over 2.5 rounds,Under 2.5 rounds
RmlnaHROb2RlOjQ5ODE4,STRAIGHT,0,183,16352.0,,
RmlnaHROb2RlOjUwMDkw,STRAIGHT,0,186,42231.0,,
RmlnaHROb2RlOjUwMDkw,OVERUNDER_1.5,0,215,,Over 1.5 rounds,Under 1.5 rounds
RmlnaHROb2RlOjUwMDkw,STRAIGHT,0,-253,17070.0,,
RmlnaHROb2RlOjUwMDkw,OVERUNDER_1.5,1,-325,,Over 1.5 rounds,Under 1.5 rounds
RmlnaHROb2RlOjUwNjk5,STRAIGHT,0,576,55072.0,,
RmlnaHROb2RlOjUwNjk5,STRAIGHT,0,-951,54849.0,,
RmlnaHROb2RlOjUwNDE2,OVERUNDER_4.5,1,-130,,Over 4.5 rounds,Under 4.5 rounds
RmlnaHROb2RlOjUwNDE2,STRAIGHT,0,-660,56899.0,,
RmlnaHROb2RlOjUwNDE2,STRAIGHT,0,437,33242.0,,
RmlnaHROb2RlOjUwNDE2,OVERUNDER_4.5,0,-109,,Over 4.5 rounds,Under 4.5 rounds
RmlnaHROb2RlOjUwMzAy,OVERUNDER_1.5,0,-189,,Over 1.5 rounds,Under 1.5 rounds
RmlnaHROb2RlOjUwMzAy,STRAIGHT,0,-207,26811.0,,
RmlnaHROb2RlOjUwMzAy,STRAIGHT,0,157,42237.0,,
RmlnaHROb2RlOjUwMzAy,OVERUNDER_1.5,1,145,,Over 1.5 rounds,Under 1.5 rounds
RmlnaHROb2RlOjUwMzI5,OVERUNDER_2.5,0,-120,,Over 2.5 rounds,Under 2.5 rounds
RmlnaHROb2RlOjUwMzI5,STRAIGHT,0,-151,56770.0,,
RmlnaHROb2RlOjUwMzI5,STRAIGHT,0,119,41786.0,,
RmlnaHROb2RlOjUwMzI5,OVERUNDER_2.5,1,-118,,Over 2.5 rounds,Under 2.5 rounds
RmlnaHROb2RlOjUwNDE3,STRAIGHT,0,304,56900.0,,
RmlnaHROb2RlOjUwNDE3,OVERUNDER_3.5,1,104,,Over 3.5 rounds,Under 3.5 rounds
RmlnaHROb2RlOjUwNDE3,STRAIGHT,0,-437,42235.0,,
RmlnaHROb2RlOjUwNDE3,OVERUNDER_3.5,0,-145,,Over 3.5 rounds,Under 3.5 rounds
RmlnaHROb2RlOjUwMzk4,STRAIGHT,0,375,55072.0,,
RmlnaHROb2RlOjUwMzk4,STRAIGHT,0,-552,34633.0,,
RmlnaHROb2RlOjUwMzMw,STRAIGHT,0,525,55919.0,,
RmlnaHROb2RlOjUwMzMw,STRAIGHT,0,-708,56771.0,,
RmlnaHROb2RlOjUwMzMx,STRAIGHT,0,181,56773.0,,
RmlnaHROb2RlOjUwMzMx,STRAIGHT,0,-236,56772.0,,
RmlnaHROb2RlOjUwNzAw,STRAIGHT,0,-1071,49249.0,,
RmlnaHROb2RlOjUwNzAw,STRAIGHT,0,577,48577.0,,
RmlnaHROb2RlOjUwNDE4,STRAIGHT,0,-276,56901.0,,
RmlnaHROb2RlOjUwNDE4,STRAIGHT,0,200,56902.0,,
RmlnaHROb2RlOjUwMDg5,OVERUNDER_3.5,0,-112,,Over 3.5 rounds,Under 3.5 rounds
RmlnaHROb2RlOjUwMDg5,STRAIGHT,0,164,1835.0,,
RmlnaHROb2RlOjUwMDg5,STRAIGHT,0,-219,7689.0,,
RmlnaHROb2RlOjUwMDg5,OVERUNDER_3.5,1,-125,,Over 3.5 rounds,Under 3.5 rounds
RmlnaHROb2RlOjQ5OTc0,STRAIGHT,0,-254,11038.0,,
RmlnaHROb2RlOjQ5OTc0,OVERUNDER_3.5,1,-133,,Over 3.5 rounds,Under 3.5 rounds
RmlnaHROb2RlOjQ5OTc0,OVERUNDER_3.5,0,-104,,Over 3.5 rounds,Under 3.5 rounds
RmlnaHROb2RlOjQ5OTc0,STRAIGHT,0,195,50179.0,,
RmlnaHROb2RlOjUwNzE2,STRAIGHT,0,-114,47124.0,,
RmlnaHROb2RlOjUwNzE2,STRAIGHT,0,-118,49348.0,,
RmlnaHROb2RlOjUwNzA4,STRAIGHT,0,107,51705.0,,
RmlnaHROb2RlOjUwNzA4,OVERUNDER_4.5,0,100,,Over 4.5 rounds,Under 4.5 rounds
RmlnaHROb2RlOjUwNzA4,OVERUNDER_4.5,1,-140,,Over 4.5 rounds,Under 4.5 rounds
RmlnaHROb2RlOjUwNzA4,STRAIGHT,0,-145,49029.0,,
RmlnaHROb2RlOjUwMDQ5,STRAIGHT,0,102,35212.0,,
RmlnaHROb2RlOjUwMDQ5,OVERUNDER_3.5,0,100,,Over 3.5 rounds,Under 3.5 rounds
RmlnaHROb2RlOjUwMDQ5,OVERUNDER_3.5,1,-140,,Over 3.5 rounds,Under 3.5 rounds
RmlnaHROb2RlOjUwMDQ5,STRAIGHT,0,-139,47574.0,,
RmlnaHROb2RlOjUwNzA5,STRAIGHT,0,135,57236.0,,
RmlnaHROb2RlOjUwNzA5,STRAIGHT,0,-171,50240.0,,
RmlnaHROb2RlOjUwNzEx,STRAIGHT,0,240,57237.0,,
RmlnaHROb2RlOjUwNzEx,STRAIGHT,0,-323,49028.0,,
RmlnaHROb2RlOjUwNzE1,STRAIGHT,0,-267,51707.0,,
RmlnaHROb2RlOjUwNzE1,STRAIGHT,0,200,57239.0,,
RmlnaHROb2RlOjUwNjk1,STRAIGHT,0,120,50348.0,,
RmlnaHROb2RlOjUwNjk1,OVERUNDER_3.5,0,104,,Over 3.5 rounds,Under 3.5 rounds
RmlnaHROb2RlOjUwNjk1,OVERUNDER_3.5,1,-145,,Over 3.5 rounds,Under 3.5 rounds
RmlnaHROb2RlOjUwNjk1,STRAIGHT,0,-157,54190.0,,
RmlnaHROb2RlOjUwNzEy,STRAIGHT,0,-188,49347.0,,
RmlnaHROb2RlOjUwNzEy,STRAIGHT,0,146,3704.0,,
RmlnaHROb2RlOjUwNjk2,STRAIGHT,0,-293,52929.0,,
RmlnaHROb2RlOjUwNjk2,STRAIGHT,0,214,52932.0,,
RmlnaHROb2RlOjUwOTM0,STRAIGHT,0,-121,57238.0,,
RmlnaHROb2RlOjUwOTM0,STRAIGHT,0,-106,57598.0,,
RmlnaHROb2RlOjUwNzE0,STRAIGHT,0,-189,4595.0,,
RmlnaHROb2RlOjUwNzE0,STRAIGHT,0,145,51702.0,,
RmlnaHROb2RlOjUwNzEw,STRAIGHT,0,-100,3727.0,,
RmlnaHROb2RlOjUwNzEw,STRAIGHT,0,-125,49031.0,,
RmlnaHROb2RlOjUwNzY1,STRAIGHT,0,-166,16919.0,,
RmlnaHROb2RlOjUwNzY1,STRAIGHT,0,128,33023.0,,
RmlnaHROb2RlOjUwNDUx,OVERUNDER_2.5,1,-105,,Over 2.5 rounds,Under 2.5 rounds
RmlnaHROb2RlOjUwNDUx,OVERUNDER_2.5,0,-135,,Over 2.5 rounds,Under 2.5 rounds
RmlnaHROb2RlOjUwNDUx,STRAIGHT,0,348,6141.0,,
RmlnaHROb2RlOjUwNDUx,OVERUNDER_3.5,0,114,,Over 3.5 rounds,Under 3.5 rounds
RmlnaHROb2RlOjUwNDUx,OVERUNDER_3.5,1,-154,,Over 3.5 rounds,Under 3.5 rounds
RmlnaHROb2RlOjUwNDUx,STRAIGHT,0,-499,14332.0,,
RmlnaHROb2RlOjUwNDQ4,STRAIGHT,0,286,1646.0,,
RmlnaHROb2RlOjUwNDQ4,STRAIGHT,0,-422,10893.0,,
RmlnaHROb2RlOjUwNDUw,STRAIGHT,0,149,882.0,,
RmlnaHROb2RlOjUwNDUw,OVERUNDER_4.5,1,114,,Over 4.5 rounds,Under 4.5 rounds
RmlnaHROb2RlOjUwNDUw,OVERUNDER_4.5,0,-154,,Over 4.5 rounds,Under 4.5 rounds
RmlnaHROb2RlOjUwNDUw,STRAIGHT,0,-191,62.0,,
RmlnaHROb2RlOjUwNzg4,STRAIGHT,0,-681,28330.0,,
RmlnaHROb2RlOjUwNzg4,STRAIGHT,0,475,57364.0,,
RmlnaHROb2RlOjUwNDcw,OVERUNDER_2.5,0,-102,,Over 2.5 rounds,Under 2.5 rounds
RmlnaHROb2RlOjUwNDcw,STRAIGHT,0,160,39445.0,,
RmlnaHROb2RlOjUwNDcw,OVERUNDER_2.5,1,-136,,Over 2.5 rounds,Under 2.5 rounds
RmlnaHROb2RlOjUwNDcw,STRAIGHT,0,-203,13845.0,,
RmlnaHROb2RlOjUwNDUy,OVERUNDER_4.5,1,-120,,Over 4.5 rounds,Under 4.5 rounds
RmlnaHROb2RlOjUwNDUy,STRAIGHT,0,203,42230.0,,
RmlnaHROb2RlOjUwNDUy,OVERUNDER_4.5,0,-120,,Over 4.5 rounds,Under 4.5 rounds
RmlnaHROb2RlOjUwNDUy,STRAIGHT,0,-275,42806.0,,
RmlnaHROb2RlOjUwNDQ5,OVERUNDER_1.5,1,-175,,Over 1.5 rounds,Under 1.5 rounds
RmlnaHROb2RlOjUwNDQ5,STRAIGHT,0,-498,20.0,,
RmlnaHROb2RlOjUwNDQ5,OVERUNDER_1.5,0,135,,Over 1.5 rounds,Under 1.5 rounds
RmlnaHROb2RlOjUwNDQ5,STRAIGHT,0,334,1040.0,,
RmlnaHROb2RlOjUwNzY0,STRAIGHT,0,-185,48936.0,,
RmlnaHROb2RlOjUwNzY0,STRAIGHT,0,144,45465.0,,
RmlnaHROb2RlOjUwODE2,OVERUNDER_2.5,0,104,,Over 2.5 rounds,Under 2.5 rounds
RmlnaHROb2RlOjUwODE2,STRAIGHT,0,280,30073.0,,
RmlnaHROb2RlOjUwODE2,OVERUNDER_2.5,1,-145,,Over 2.5 rounds,Under 2.5 rounds
RmlnaHROb2RlOjUwODE2,STRAIGHT,0,-406,16628.0,,
RmlnaHROb2RlOjUwNzkw,STRAIGHT,0,-261,17291.0,,
RmlnaHROb2RlOjUwNzkw,STRAIGHT,0,195,8736.0,,
RmlnaHROb2RlOjUxNDAx,STRAIGHT,0,210,24746.0,,
RmlnaHROb2RlOjUxNDAx,STRAIGHT,0,-269,56295.0,,
RmlnaHROb2RlOjUxNDAw,STRAIGHT,0,375,58298.0,,
RmlnaHROb2RlOjUxNDAw,STRAIGHT,0,-500,55875.0,,
RmlnaHROb2RlOjUxNjgw,STRAIGHT,0,-593,47316.0,,
RmlnaHROb2RlOjUxNjgw,STRAIGHT,0,395,48482.0,,
RmlnaHROb2RlOjUxNjgw,OVERUNDER_2.5,0,-125,,Over 2.5 rounds,Under 2.5 rounds
RmlnaHROb2RlOjUxNjgw,OVERUNDER_2.5,1,-114,,Over 2.5 rounds,Under 2.5 rounds
RmlnaHROb2RlOjUxNDIw,STRAIGHT,0,104,58302.0,,
RmlnaHROb2RlOjUxNDIw,STRAIGHT,0,-135,29276.0,,
RmlnaHROb2RlOjUxMzk3,STRAIGHT,0,-225,46359.0,,
RmlnaHROb2RlOjUxMzk3,STRAIGHT,0,185,8933.0,,
RmlnaHROb2RlOjUxMzk4,STRAIGHT,0,-107,19415.0,,
RmlnaHROb2RlOjUxMzk4,STRAIGHT,0,-109,53876.0,,
RmlnaHROb2RlOjUxMzk4,OVERUNDER_1.5,0,-120,,Over 1.5 rounds,Under 1.5 rounds
RmlnaHROb2RlOjUxMzk4,OVERUNDER_1.5,1,-120,,Over 1.5 rounds,Under 1.5 rounds
RmlnaHROb2RlOjUxMzk5,STRAIGHT,0,-349,58297.0,,
RmlnaHROb2RlOjUxMzk5,STRAIGHT,0,275,10312.0,,
RmlnaHROb2RlOjUxNDEz,STRAIGHT,0,275,1670.0,,
RmlnaHROb2RlOjUxNDEz,STRAIGHT,0,-349,46721.0,,
RmlnaHROb2RlOjUxMzk2,OVERUNDER_2.5,0,-145,,Over 2.5 rounds,Under 2.5 rounds
RmlnaHROb2RlOjUxMzk2,STRAIGHT,0,-208,1630.0,,
RmlnaHROb2RlOjUxMzk2,STRAIGHT,0,159,41429.0,,
RmlnaHROb2RlOjUxMzk2,OVERUNDER_2.5,1,104,,Over 2.5 rounds,Under 2.5 rounds
RmlnaHROb2RlOjUxMzgz,OVERUNDER_1.5,1,-105,,Over 1.5 rounds,Under 1.5 rounds
RmlnaHROb2RlOjUxMzgz,OVERUNDER_1.5,0,-135,,Over 1.5 rounds,Under 1.5 rounds
RmlnaHROb2RlOjUxMzgz,STRAIGHT,0,-455,45128.0,,
RmlnaHROb2RlOjUxMzgz,STRAIGHT,0,319,35583.0,,
RmlnaHROb2RlOjUxMTYw,STRAIGHT,0,-133,1899.0,,
RmlnaHROb2RlOjUxMTYw,STRAIGHT,0,-100,50233.0,,
RmlnaHROb2RlOjUxMzgx,STRAIGHT,0,-351,44762.0,,
RmlnaHROb2RlOjUxMzgx,OVERUNDER_2.5,1,-205,,Over 2.5 rounds,Under 2.5 rounds
RmlnaHROb2RlOjUxMzgx,OVERUNDER_2.5,0,154,,Over 2.5 rounds,Under 2.5 rounds
RmlnaHROb2RlOjUxMzgx,STRAIGHT,0,259,39448.0,,
RmlnaHROb2RlOjUxMzM3,STRAIGHT,0,393,1260.0,,
RmlnaHROb2RlOjUxMzM3,STRAIGHT,0,-605,50275.0,,
RmlnaHROb2RlOjUxMzM3,OVERUNDER_2.5,1,100,,Over 2.5 rounds,Under 2.5 rounds
RmlnaHROb2RlOjUxMzM3,OVERUNDER_2.5,0,-140,,Over 2.5 rounds,Under 2.5 rounds
RmlnaHROb2RlOjUxNDEy,OVERUNDER_1.5,1,-170,,Over 1.5 rounds,Under 1.5 rounds
RmlnaHROb2RlOjUxNDEy,STRAIGHT,0,325,45130.0,,
RmlnaHROb2RlOjUxNDEy,OVERUNDER_1.5,0,129,,Over 1.5 rounds,Under 1.5 rounds
RmlnaHROb2RlOjUxNDEy,STRAIGHT,0,-470,23140.0,,
RmlnaHROb2RlOjUxOTUw,OVERUNDER_1.5,1,-120,,Over 1.5 rounds,Under 1.5 rounds
RmlnaHROb2RlOjUxOTUw,STRAIGHT,0,442,3650.0,,
RmlnaHROb2RlOjUxOTUw,STRAIGHT,0,-664,54144.0,,
RmlnaHROb2RlOjUxOTUw,OVERUNDER_1.5,0,-120,,Over 1.5 rounds,Under 1.5 rounds
RmlnaHROb2RlOjUxMzUw,STRAIGHT,0,-209,34144.0,,
RmlnaHROb2RlOjUxMzUw,STRAIGHT,0,160,35815.0,,
RmlnaHROb2RlOjUxMzgy,STRAIGHT,0,-463,49725.0,,
RmlnaHROb2RlOjUxMzgy,STRAIGHT,0,337,36115.0,,
RmlnaHROb2RlOjUxMzk0,STRAIGHT,0,-1030,50712.0,,
RmlnaHROb2RlOjUxMzk0,STRAIGHT,0,601,56296.0,,
RmlnaHROb2RlOjUxMzQy,OVERUNDER_2.5,1,114,,Over 2.5 rounds,Under 2.5 rounds
RmlnaHROb2RlOjUxMzQy,STRAIGHT,0,-343,54198.0,,
RmlnaHROb2RlOjUxMzQy,OVERUNDER_2.5,0,-154,,Over 2.5 rounds,Under 2.5 rounds
RmlnaHROb2RlOjUxMzQy,STRAIGHT,0,262,43533.0,,
RmlnaHROb2RlOjUxNDE5,STRAIGHT,0,-566,43922.0,,
RmlnaHROb2RlOjUxNDE5,STRAIGHT,0,384,42231.0,,
RmlnaHROb2RlOjUxNDE4,OVERUNDER_3.5,0,-130,,Over 3.5 rounds,Under 3.5 rounds
RmlnaHROb2RlOjUxNDE4,OVERUNDER_3.5,1,-109,,Over 3.5 rounds,Under 3.5 rounds
RmlnaHROb2RlOjUxNDE4,STRAIGHT,0,234,51719.0,,
RmlnaHROb2RlOjUxNDE4,STRAIGHT,0,-338,43921.0,,
RmlnaHROb2RlOjUxMzQz,STRAIGHT,0,-104,43920.0,,
RmlnaHROb2RlOjUxMzQz,STRAIGHT,0,-127,16294.0,,
RmlnaHROb2RlOjUxMzQz,OVERUNDER_2.5,0,154,,Over 2.5 rounds,Under 2.5 rounds
RmlnaHROb2RlOjUxMzQz,OVERUNDER_2.5,1,-205,,Over 2.5 rounds,Under 2.5 rounds
RmlnaHROb2RlOjUxNTk2,STRAIGHT,0,-170,8528.0,,
RmlnaHROb2RlOjUxNTk2,STRAIGHT,0,134,43004.0,,
RmlnaHROb2RlOjUyNDMw,STRAIGHT,0,1600,59120.0,,
RmlnaHROb2RlOjUyNDMw,STRAIGHT,0,-4000,46614.0,,
RmlnaHROb2RlOjUxOTg1,STRAIGHT,0,844,58805.0,,
RmlnaHROb2RlOjUxOTg1,STRAIGHT,0,-1554,56771.0,,
RmlnaHROb2RlOjUxOTg1,OVERUNDER_1.5,1,-195,,Over 1.5 rounds,Under 1.5 rounds
RmlnaHROb2RlOjUxOTg1,OVERUNDER_1.5,0,148,,Over 1.5 rounds,Under 1.5 rounds
RmlnaHROb2RlOjUxOTQ3,STRAIGHT,0,-349,52967.0,,
RmlnaHROb2RlOjUxOTQ3,STRAIGHT,0,275,56221.0,,
RmlnaHROb2RlOjUxOTgz,OVERUNDER_1.5,0,-114,,Over 1.5 rounds,Under 1.5 rounds
RmlnaHROb2RlOjUxOTgz,STRAIGHT,0,119,35590.0,,
RmlnaHROb2RlOjUxOTgz,OVERUNDER_1.5,1,-125,,Over 1.5 rounds,Under 1.5 rounds
RmlnaHROb2RlOjUxOTgz,STRAIGHT,0,-155,58803.0,,
RmlnaHROb2RlOjUyMzU2,OVERUNDER_1.5,0,120,,Over 1.5 rounds,Under 1.5 rounds
RmlnaHROb2RlOjUyMzU2,STRAIGHT,0,-134,42162.0,,
RmlnaHROb2RlOjUyMzU2,OVERUNDER_1.5,1,-160,,Over 1.5 rounds,Under 1.5 rounds
RmlnaHROb2RlOjUyMzU2,STRAIGHT,0,100,58802.0,,
RmlnaHROb2RlOjUxOTQ2,STRAIGHT,0,-184,16352.0,,
RmlnaHROb2RlOjUxOTQ2,STRAIGHT,0,144,12225.0,,
RmlnaHROb2RlOjUyMDYx,STRAIGHT,0,-357,39446.0,,
RmlnaHROb2RlOjUyMDYx,STRAIGHT,0,231,58862.0,,
RmlnaHROb2RlOjUyMDYx,OVERUNDER_2.5,0,140,,Over 2.5 rounds,Under 2.5 rounds
RmlnaHROb2RlOjUyMDYx,OVERUNDER_2.5,1,-180,,Over 2.5 rounds,Under 2.5 rounds
RmlnaHROb2RlOjUyMzg3,OVERUNDER_1.5,0,125,,Over 1.5 rounds,Under 1.5 rounds
RmlnaHROb2RlOjUyMzg3,STRAIGHT,0,-786,20559.0,,
RmlnaHROb2RlOjUyMzg3,OVERUNDER_1.5,1,-165,,Over 1.5 rounds,Under 1.5 rounds
RmlnaHROb2RlOjUyMzg3,STRAIGHT,0,478,59083.0,,
RmlnaHROb2RlOjUyMTE5,STRAIGHT,0,152,50987.0,,
RmlnaHROb2RlOjUyMTE5,STRAIGHT,0,-196,20672.0,,
RmlnaHROb2RlOjUxOTg0,STRAIGHT,0,300,58804.0,,
RmlnaHROb2RlOjUxOTg0,STRAIGHT,0,-400,46614.0,,
RmlnaHROb2RlOjUyNTY3,STRAIGHT,0,550,59321.0,,
RmlnaHROb2RlOjUyNTY3,STRAIGHT,0,-800,59320.0,,
RmlnaHROb2RlOjUxNjc0,OVERUNDER_3.5,0,-135,,Over 3.5 rounds,Under 3.5 rounds
RmlnaHROb2RlOjUxNjc0,OVERUNDER_4.5,0,-120,,Over 4.5 rounds,Under 4.5 rounds
RmlnaHROb2RlOjUxNjc0,STRAIGHT,0,195,52059.0,,
RmlnaHROb2RlOjUxNjc0,STRAIGHT,0,-269,41868.0,,
RmlnaHROb2RlOjUxNjc0,OVERUNDER_4.5,1,-120,,Over 4.5 rounds,Under 4.5 rounds
RmlnaHROb2RlOjUxNjc0,OVERUNDER_3.5,1,-105,,Over 3.5 rounds,Under 3.5 rounds
RmlnaHROb2RlOjUyNTUw,OVERUNDER_2.5,0,-135,,Over 2.5 rounds,Under 2.5 rounds
RmlnaHROb2RlOjUyNTUw,OVERUNDER_3.5,0,-120,,Over 3.5 rounds,Under 3.5 rounds
RmlnaHROb2RlOjUyNTUw,OVERUNDER_2.5,1,-105,,Over 2.5 rounds,Under 2.5 rounds
RmlnaHROb2RlOjUyNTUw,OVERUNDER_3.5,1,-120,,Over 3.5 rounds,Under 3.5 rounds
RmlnaHROb2RlOjUyNTUw,STRAIGHT,0,-369,58557.0,,
RmlnaHROb2RlOjUyNTUw,STRAIGHT,0,261,1751.0,,
RmlnaHROb2RlOjUyMzc3,OVERUNDER_1.5,1,-255,,Over 1.5 rounds,Under 1.5 rounds
RmlnaHROb2RlOjUyMzc3,OVERUNDER_1.5,0,179,,Over 1.5 rounds,Under 1.5 rounds
RmlnaHROb2RlOjUyMzc3,STRAIGHT,0,718,59077.0,,
RmlnaHROb2RlOjUyMzc3,STRAIGHT,0,-1590,58800.0,,
RmlnaHROb2RlOjUyNTUy,STRAIGHT,0,-167,38081.0,,
RmlnaHROb2RlOjUyNTUy,OVERUNDER_3.5,0,125,,Over 3.5 rounds,Under 3.5 rounds
RmlnaHROb2RlOjUyNTUy,STRAIGHT,0,128,28438.0,,
RmlnaHROb2RlOjUyNTUy,OVERUNDER_3.5,1,-165,,Over 3.5 rounds,Under 3.5 rounds
RmlnaHROb2RlOjUxNDg2,STRAIGHT,0,-862,55384.0,,
RmlnaHROb2RlOjUxNDg2,STRAIGHT,0,503,53582.0,,
RmlnaHROb2RlOjUxNDg2,OVERUNDER_1.5,1,-114,,Over 1.5 rounds,Under 1.5 rounds
RmlnaHROb2RlOjUxNDg2,OVERUNDER_1.5,0,-125,,Over 1.5 rounds,Under 1.5 rounds
RmlnaHROb2RlOjUxNDk1,STRAIGHT,0,114,58326.0,,
RmlnaHROb2RlOjUxNDk1,OVERUNDER_1.5,0,100,,Over 1.5 rounds,Under 1.5 rounds
RmlnaHROb2RlOjUxNDk1,STRAIGHT,0,-149,58327.0,,
RmlnaHROb2RlOjUxNDk1,OVERUNDER_1.5,1,-110,,Over 1.5 rounds,Under 1.5 rounds
RmlnaHROb2RlOjUxNjgz,OVERUNDER_1.5,0,-120,,Over 1.5 rounds,Under 1.5 rounds
RmlnaHROb2RlOjUxNjgz,OVERUNDER_2.5,0,100,,Over 2.5 rounds,Under 2.5 rounds
RmlnaHROb2RlOjUxNjgz,STRAIGHT,0,-804,58556.0,,
RmlnaHROb2RlOjUxNjgz,OVERUNDER_1.5,1,-120,,Over 1.5 rounds,Under 1.5 rounds
RmlnaHROb2RlOjUxNjgz,OVERUNDER_2.5,1,-140,,Over 2.5 rounds,Under 2.5 rounds
RmlnaHROb2RlOjUxNjgz,STRAIGHT,0,484,51114.0,,
RmlnaHROb2RlOjUxNjgy,STRAIGHT,0,-271,58554.0,,
RmlnaHROb2RlOjUxNjgy,OVERUNDER_2.5,0,100,,Over 2.5 rounds,Under 2.5 rounds
RmlnaHROb2RlOjUxNjgy,STRAIGHT,0,197,58555.0,,
RmlnaHROb2RlOjUxNjgy,OVERUNDER_2.5,1,-140,,Over 2.5 rounds,Under 2.5 rounds
RmlnaHROb2RlOjUyNTUx,STRAIGHT,0,-745,54207.0,,
RmlnaHROb2RlOjUyNTUx,OVERUNDER_1.5,1,-265,,Over 1.5 rounds,Under 1.5 rounds
RmlnaHROb2RlOjUyNTUx,OVERUNDER_1.5,0,185,,Over 1.5 rounds,Under 1.5 rounds
RmlnaHROb2RlOjUyNTUx,STRAIGHT,0,467,59146.0,,
RmlnaHROb2RlOjUyNTQw,OVERUNDER_4.5,1,120,,Over 4.5 rounds,Under 4.5 rounds
RmlnaHROb2RlOjUyNTQw,STRAIGHT,0,-718,55053.0,,
RmlnaHROb2RlOjUyNTQw,OVERUNDER_4.5,0,-160,,Over 4.5 rounds,Under 4.5 rounds
RmlnaHROb2RlOjUyNTQw,STRAIGHT,0,438,34155.0,,
RmlnaHROb2RlOjUyNTYx,OVERUNDER_2.5,1,-147,,Over 2.5 rounds,Under 2.5 rounds
RmlnaHROb2RlOjUyNTYx,OVERUNDER_2.5,0,107,,Over 2.5 rounds,Under 2.5 rounds
RmlnaHROb2RlOjUyNTYx,STRAIGHT,0,381,59311.0,,
RmlnaHROb2RlOjUyNTYx,STRAIGHT,0,-615,59310.0,,
RmlnaHROb2RlOjUyMzQy,OVERUNDER_1.5,0,-189,,Over 1.5 rounds,Under 1.5 rounds
RmlnaHROb2RlOjUyMzQy,STRAIGHT,0,539,306.0,,
RmlnaHROb2RlOjUyMzQy,OVERUNDER_1.5,1,145,,Over 1.5 rounds,Under 1.5 rounds
RmlnaHROb2RlOjUyMzQy,STRAIGHT,0,-920,42806.0,,
RmlnaHROb2RlOjUyNTQx,STRAIGHT,0,447,22973.0,,
RmlnaHROb2RlOjUyNTQx,OVERUNDER_3.5,1,-140,,Over 3.5 rounds,Under 3.5 rounds
RmlnaHROb2RlOjUyNTQx,STRAIGHT,0,-759,42828.0,,
RmlnaHROb2RlOjUyNTQx,OVERUNDER_3.5,0,100,,Over 3.5 rounds,Under 3.5 rounds
RmlnaHROb2RlOjUyOTQx,STRAIGHT,0,-800,55054.0,,
RmlnaHROb2RlOjUyOTQx,STRAIGHT,0,500,59825.0,,
RmlnaHROb2RlOjUyNTY0,OVERUNDER_2.5,0,100,,Over 2.5 rounds,Under 2.5 rounds
RmlnaHROb2RlOjUyNTY0,STRAIGHT,0,-543,59314.0,,
RmlnaHROb2RlOjUyNTY0,OVERUNDER_2.5,1,-140,,Over 2.5 rounds,Under 2.5 rounds
RmlnaHROb2RlOjUyNTY0,STRAIGHT,0,344,19813.0,,
RmlnaHROb2RlOjUyNTQy,OVERUNDER_1.5,1,-114,,Over 1.5 rounds,Under 1.5 rounds
RmlnaHROb2RlOjUyNTQy,OVERUNDER_1.5,0,-125,,Over 1.5 rounds,Under 1.5 rounds
RmlnaHROb2RlOjUyNTQy,STRAIGHT,0,167,52937.0,,
RmlnaHROb2RlOjUyNTQy,STRAIGHT,0,-215,55054.0,,
RmlnaHROb2RlOjUyNTYz,STRAIGHT,0,233,59313.0,,
RmlnaHROb2RlOjUyNTYz,OVERUNDER_2.5,1,-140,,Over 2.5 rounds,Under 2.5 rounds
RmlnaHROb2RlOjUyNTYz,STRAIGHT,0,-329,55071.0,,
RmlnaHROb2RlOjUyNTYz,OVERUNDER_2.5,0,100,,Over 2.5 rounds,Under 2.5 rounds
RmlnaHROb2RlOjUyNTYy,OVERUNDER_4.5,1,-120,,Over 4.5 rounds,Under 4.5 rounds
RmlnaHROb2RlOjUyNTYy,STRAIGHT,0,-374,50356.0,,
RmlnaHROb2RlOjUyNTYy,STRAIGHT,0,257,59312.0,,
RmlnaHROb2RlOjUyNTYy,OVERUNDER_4.5,0,-120,,Over 4.5 rounds,Under 4.5 rounds
RmlnaHROb2RlOjUyMzkx,STRAIGHT,0,201,55414.0,,
RmlnaHROb2RlOjUyMzkx,STRAIGHT,0,-257,27470.0,,
RmlnaHROb2RlOjUyNDA5,STRAIGHT,0,375,59116.0,,
RmlnaHROb2RlOjUyNDA5,STRAIGHT,0,-495,59117.0,,
RmlnaHROb2RlOjUyMzkw,STRAIGHT,0,-186,8282.0,,
RmlnaHROb2RlOjUyMzkw,STRAIGHT,0,145,53698.0,,
RmlnaHROb2RlOjUyNDAy,STRAIGHT,0,-256,14536.0,,
RmlnaHROb2RlOjUyNDAy,STRAIGHT,0,195,59107.0,,
RmlnaHROb2RlOjUxNTgz,STRAIGHT,0,182,23741.0,,
RmlnaHROb2RlOjUxNTgz,STRAIGHT,0,-244,40269.0,,
RmlnaHROb2RlOjUyNDAz,STRAIGHT,0,-161,57601.0,,
RmlnaHROb2RlOjUyNDAz,STRAIGHT,0,125,59108.0,,
RmlnaHROb2RlOjUyNDA4,STRAIGHT,0,-155,59114.0,,
RmlnaHROb2RlOjUyNDA4,STRAIGHT,0,119,59115.0,,
RmlnaHROb2RlOjUyMzky,STRAIGHT,0,215,55416.0,,
RmlnaHROb2RlOjUyMzky,STRAIGHT,0,-282,39253.0,,
RmlnaHROb2RlOjUyNDA2,STRAIGHT,0,103,59111.0,,
RmlnaHROb2RlOjUyNDA2,STRAIGHT,0,-134,55419.0,,
RmlnaHROb2RlOjUyNDA3,STRAIGHT,0,-514,59113.0,,
RmlnaHROb2RlOjUyNDA3,STRAIGHT,0,362,59112.0,,
RmlnaHROb2RlOjUyNDA0,STRAIGHT,0,270,19302.0,,
RmlnaHROb2RlOjUyNDA0,STRAIGHT,0,-360,27714.0,,
RmlnaHROb2RlOjUyMDI4,OVERUNDER_3.5,1,-120,,Over 3.5 rounds,Under 3.5 rounds
RmlnaHROb2RlOjUyMDI4,STRAIGHT,0,-101,56899.0,,
RmlnaHROb2RlOjUyMDI4,OVERUNDER_3.5,0,-120,,Over 3.5 rounds,Under 3.5 rounds
RmlnaHROb2RlOjUyMDI4,STRAIGHT,0,-134,1035.0,,
RmlnaHROb2RlOjUyMzMw,OVERUNDER_2.5,0,-109,,Over 2.5 rounds,Under 2.5 rounds
RmlnaHROb2RlOjUyMzMw,STRAIGHT,0,-433,1630.0,,
RmlnaHROb2RlOjUyMzMw,STRAIGHT,0,309,42238.0,,
RmlnaHROb2RlOjUyMzMw,OVERUNDER_2.5,1,-130,,Over 2.5 rounds,Under 2.5 rounds
RmlnaHROb2RlOjUyODU1,STRAIGHT,0,-197,55070.0,,
RmlnaHROb2RlOjUyODU1,STRAIGHT,0,149,1670.0,,
RmlnaHROb2RlOjUyOTY4,STRAIGHT,0,-217,44761.0,,
RmlnaHROb2RlOjUyOTY4,STRAIGHT,0,159,36115.0,,
RmlnaHROb2RlOjUyNTM5,STRAIGHT,0,-474,54790.0,,
RmlnaHROb2RlOjUyNTM5,STRAIGHT,0,320,36614.0,,
RmlnaHROb2RlOjUyODc2,STRAIGHT,0,321,59728.0,,
RmlnaHROb2RlOjUyODc2,STRAIGHT,0,-451,27952.0,,
RmlnaHROb2RlOjUyNDQw,OVERUNDER_1.5,0,165,,Over 1.5 rounds,Under 1.5 rounds
RmlnaHROb2RlOjUyNDQw,OVERUNDER_1.5,1,-225,,Over 1.5 rounds,Under 1.5 rounds
RmlnaHROb2RlOjUyNDQw,STRAIGHT,0,411,41266.0,,
RmlnaHROb2RlOjUyNDQw,STRAIGHT,0,-713,50466.0,,
RmlnaHROb2RlOjUyNTU5,STRAIGHT,0,-730,54791.0,,
RmlnaHROb2RlOjUyNTU5,STRAIGHT,0,450,42226.0,,
RmlnaHROb2RlOjUyNDAx,STRAIGHT,0,-279,59106.0,,
RmlnaHROb2RlOjUyNDAx,STRAIGHT,0,206,51353.0,,
RmlnaHROb2RlOjUyMzI3,TOTAL_TD,1,-168,,Over {value} Takedowns,Under {value} Takedowns
RmlnaHROb2RlOjUyMzI3,OVERUNDER_1.5,0,-120,,Over 1.5 rounds,Under 1.5 rounds
RmlnaHROb2RlOjUyMzI3,OVERUNDER_1.5,1,-120,,Over 1.5 rounds,Under 1.5 rounds
RmlnaHROb2RlOjUyMzI3,TOTAL_SS,0,-117,,Over {value} Significant Strikes,Under {value} Significant Strikes
RmlnaHROb2RlOjUyMzI3,STRAIGHT,0,-215,47034.0,,
RmlnaHROb2RlOjUyMzI3,STRAIGHT,0,159,57236.0,,
RmlnaHROb2RlOjUyMzI3,TOTAL_TD,0,131,,Over {value} Takedowns,Under {value} Takedowns
RmlnaHROb2RlOjUyMzI3,TOTAL_SS,1,-117,,Over {value} Significant Strikes,Under {value} Significant Strikes
RmlnaHROb2RlOjUyMTUw,STRAIGHT,0,-334,47574.0,,
RmlnaHROb2RlOjUyMTUw,OVERUNDER_2.5,1,-189,,Over 2.5 rounds,Under 2.5 rounds
RmlnaHROb2RlOjUyMTUw,OVERUNDER_2.5,0,145,,Over 2.5 rounds,Under 2.5 rounds
RmlnaHROb2RlOjUyMTUw,STRAIGHT,0,233,4660.0,,
RmlnaHROb2RlOjUzMTY1,STRAIGHT,0,-100,50348.0,,
RmlnaHROb2RlOjUzMTY1,OVERUNDER_3.5,0,-130,,Over 3.5 rounds,Under 3.5 rounds
RmlnaHROb2RlOjUzMTY1,OVERUNDER_3.5,1,-109,,Over 3.5 rounds,Under 3.5 rounds
RmlnaHROb2RlOjUzMTY1,OVERUNDER_4.5,1,-120,,Over 4.5 rounds,Under 4.5 rounds
RmlnaHROb2RlOjUzMTY1,OVERUNDER_4.5,0,-120,,Over 4.5 rounds,Under 4.5 rounds
RmlnaHROb2RlOjUzMTY1,STRAIGHT,0,-134,47126.0,,
RmlnaHROb2RlOjUyOTY2,OVERUNDER_2.5,0,-135,,Over 2.5 rounds,Under 2.5 rounds
RmlnaHROb2RlOjUyOTY2,OVERUNDER_2.5,1,-105,,Over 2.5 rounds,Under 2.5 rounds
RmlnaHROb2RlOjUyOTY2,STRAIGHT,0,278,52929.0,,
RmlnaHROb2RlOjUyOTY2,STRAIGHT,0,-418,3704.0,,
RmlnaHROb2RlOjUyMzYz,STRAIGHT,0,-132,56782.0,,
RmlnaHROb2RlOjUyMzYz,STRAIGHT,0,-102,50344.0,,
RmlnaHROb2RlOjUyMzI5,STRAIGHT,0,129,56783.0,,
RmlnaHROb2RlOjUyMzI5,OVERUNDER_2.5,0,100,,Over 2.5 rounds,Under 2.5 rounds
RmlnaHROb2RlOjUyMzI5,OVERUNDER_2.5,1,-140,,Over 2.5 rounds,Under 2.5 rounds
RmlnaHROb2RlOjUyMzI5,STRAIGHT,0,-172,50350.0,,
RmlnaHROb2RlOjUyMTQ5,OVERUNDER_3.5,1,-130,,Over 3.5 rounds,Under 3.5 rounds
RmlnaHROb2RlOjUyMTQ5,STRAIGHT,0,265,14441.0,,
RmlnaHROb2RlOjUyMTQ5,STRAIGHT,0,-359,27786.0,,
RmlnaHROb2RlOjUyMTQ5,OVERUNDER_3.5,0,-109,,Over 3.5 rounds,Under 3.5 rounds
RmlnaHROb2RlOjUzMTY2,STRAIGHT,0,137,59075.0,,
RmlnaHROb2RlOjUzMTY2,STRAIGHT,0,-181,56662.0,,
RmlnaHROb2RlOjUyMzYy,OVERUNDER_1.5,0,-125,,Over 1.5 rounds,Under 1.5 rounds
RmlnaHROb2RlOjUyMzYy,OVERUNDER_1.5,1,-114,,Over 1.5 rounds,Under 1.5 rounds
RmlnaHROb2RlOjUyMzYy,STRAIGHT,0,297,59072.0,,
RmlnaHROb2RlOjUyMzYy,STRAIGHT,0,-447,59073.0,,
RmlnaHROb2RlOjUyOTU2,STRAIGHT,0,128,49249.0,,
RmlnaHROb2RlOjUyOTU2,STRAIGHT,0,-170,3467.0,,
RmlnaHROb2RlOjUyNzk1,STRAIGHT,0,330,30073.0,,
RmlnaHROb2RlOjUyNzk1,OVERUNDER_1.5,1,-109,,Over 1.5 rounds,Under 1.5 rounds
RmlnaHROb2RlOjUyNzk1,OVERUNDER_1.5,0,-130,,Over 1.5 rounds,Under 1.5 rounds
RmlnaHROb2RlOjUyNzk1,STRAIGHT,0,-497,1965.0,,
RmlnaHROb2RlOjUzMjAy,STRAIGHT,0,160,59962.0,,
RmlnaHROb2RlOjUzMjAy,STRAIGHT,0,-204,56772.0,,
RmlnaHROb2RlOjUyOTU5,STRAIGHT,0,-153,31683.0,,
RmlnaHROb2RlOjUyOTU5,STRAIGHT,0,116,14592.0,,
RmlnaHROb2RlOjUzMTU0,STRAIGHT,0,109,56295.0,,
RmlnaHROb2RlOjUzMTU0,STRAIGHT,0,-148,11809.0,,
RmlnaHROb2RlOjUyOTYw,STRAIGHT,0,166,17716.0,,
RmlnaHROb2RlOjUyOTYw,STRAIGHT,0,-218,14700.0,,
RmlnaHROb2RlOjUyOTU3,STRAIGHT,0,212,42807.0,,
RmlnaHROb2RlOjUyOTU3,STRAIGHT,0,-296,43175.0,,
RmlnaHROb2RlOjUyOTU4,STRAIGHT,0,-112,9115.0,,
RmlnaHROb2RlOjUyOTU4,STRAIGHT,0,-120,35194.0,,
RmlnaHROb2RlOjUzNDY2,STRAIGHT,0,-193,8501.0,,
RmlnaHROb2RlOjUzNDY2,STRAIGHT,0,146,36907.0,,
RmlnaHROb2RlOjUyNjA0,OVERUNDER_2.5,1,-154,,Over 2.5 rounds,Under 2.5 rounds
RmlnaHROb2RlOjUyNjA0,OVERUNDER_2.5,0,114,,Over 2.5 rounds,Under 2.5 rounds
RmlnaHROb2RlOjUyNjA0,STRAIGHT,0,377,573.0,,
RmlnaHROb2RlOjUyNjA0,STRAIGHT,0,-593,10893.0,,
RmlnaHROb2RlOjUzNDYz,OVERUNDER_1.5,0,-135,,Over 1.5 rounds,Under 1.5 rounds
RmlnaHROb2RlOjUzNDYz,STRAIGHT,0,159,17276.0,,
RmlnaHROb2RlOjUzNDYz,OVERUNDER_1.5,1,-105,,Over 1.5 rounds,Under 1.5 rounds
RmlnaHROb2RlOjUzNDYz,STRAIGHT,0,-212,45130.0,,
RmlnaHROb2RlOjUzMTM2,OVERUNDER_3.5,0,-170,,Over 3.5 rounds,Under 3.5 rounds
RmlnaHROb2RlOjUzMTM2,STRAIGHT,0,-151,59829.0,,
RmlnaHROb2RlOjUzMTM2,STRAIGHT,0,117,38600.0,,
RmlnaHROb2RlOjUzMTM2,OVERUNDER_3.5,1,129,,Over 3.5 rounds,Under 3.5 rounds
RmlnaHROb2RlOjUzNDYx,OVERUNDER_3.5,1,-114,,Over 3.5 rounds,Under 3.5 rounds
RmlnaHROb2RlOjUzNDYx,STRAIGHT,0,-433,45147.0,,
RmlnaHROb2RlOjUzNDYx,STRAIGHT,0,299,27952.0,,
RmlnaHROb2RlOjUzNDYx,OVERUNDER_3.5,0,-125,,Over 3.5 rounds,Under 3.5 rounds
RmlnaHROb2RlOjUzOTIz,OVERUNDER_4.5,0,-180,,Over 4.5 rounds,Under 4.5 rounds
RmlnaHROb2RlOjUzOTIz,STRAIGHT,0,-124,51719.0,,
RmlnaHROb2RlOjUzOTIz,OVERUNDER_4.5,1,140,,Over 4.5 rounds,Under 4.5 rounds
RmlnaHROb2RlOjUzOTIz,STRAIGHT,0,-101,42235.0,,
RmlnaHROb2RlOjUzNTEy,STRAIGHT,0,-230,4900.0,,
RmlnaHROb2RlOjUzNTEy,STRAIGHT,0,164,60155.0,,
RmlnaHROb2RlOjUzNTEz,OVERUNDER_1.5,0,-135,,Over 1.5 rounds,Under 1.5 rounds
RmlnaHROb2RlOjUzNTEz,STRAIGHT,0,-107,29923.0,,
RmlnaHROb2RlOjUzNTEz,OVERUNDER_1.5,1,-105,,Over 1.5 rounds,Under 1.5 rounds
RmlnaHROb2RlOjUzNTEz,STRAIGHT,0,-123,60156.0,,
RmlnaHROb2RlOjUzNDU5,STRAIGHT,0,334,1040.0,,
RmlnaHROb2RlOjUzNDU5,OVERUNDER_1.5,1,-175,,Over 1.5 rounds,Under 1.5 rounds
RmlnaHROb2RlOjUzNDU5,OVERUNDER_1.5,0,135,,Over 1.5 rounds,Under 1.5 rounds
RmlnaHROb2RlOjUzNDU5,STRAIGHT,0,-505,20.0,,
RmlnaHROb2RlOjUzMzY3,STRAIGHT,0,-255,60072.0,,
RmlnaHROb2RlOjUzMzY3,STRAIGHT,0,193,1751.0,,
RmlnaHROb2RlOjUzMzY3,OVERUNDER_2.5,1,-120,,Over 2.5 rounds,Under 2.5 rounds
RmlnaHROb2RlOjUzMzY3,OVERUNDER_2.5,0,-120,,Over 2.5 rounds,Under 2.5 rounds
RmlnaHROb2RlOjUzMjE2,STRAIGHT,0,-236,48946.0,,
RmlnaHROb2RlOjUzMjE2,STRAIGHT,0,174,1835.0,,
RmlnaHROb2RlOjUzMjE2,OVERUNDER_4.5,0,-165,,Over 4.5 rounds,Under 4.5 rounds
RmlnaHROb2RlOjUzMjE2,OVERUNDER_4.5,1,125,,Over 4.5 rounds,Under 4.5 rounds
RmlnaHROb2RlOjUzNDM1,STRAIGHT,0,208,1594.0,,
RmlnaHROb2RlOjUzNDM1,STRAIGHT,0,-283,62.0,,
RmlnaHROb2RlOjU0MjU5,OVERUNDER_1.5,1,104,,Over 1.5 rounds,Under 1.5 rounds
RmlnaHROb2RlOjU0MjU5,STRAIGHT,0,-1049,51026.0,,
RmlnaHROb2RlOjU0MjU5,STRAIGHT,0,527,1887.0,,
RmlnaHROb2RlOjU0MjU5,OVERUNDER_1.5,0,-145,,Over 1.5 rounds,Under 1.5 rounds
RmlnaHROb2RlOjU0MDM4,STRAIGHT,0,-533,35214.0,,
RmlnaHROb2RlOjU0MDM4,OVERUNDER_1.5,0,135,,Over 1.5 rounds,Under 1.5 rounds
RmlnaHROb2RlOjU0MDM4,STRAIGHT,0,335,28697.0,,
RmlnaHROb2RlOjU0MDM4,OVERUNDER_1.5,1,-175,,Over 1.5 rounds,Under 1.5 rounds
RmlnaHROb2RlOjUzNDQy,STRAIGHT,0,-102,8169.0,,
RmlnaHROb2RlOjUzNDQy,STRAIGHT,0,-128,24900.0,,
RmlnaHROb2RlOjUzMjc4,STRAIGHT,0,320,51587.0,,
RmlnaHROb2RlOjUzMjc4,STRAIGHT,0,-462,45128.0,,
RmlnaHROb2RlOjUzNDM3,STRAIGHT,0,156,53876.0,,
RmlnaHROb2RlOjUzNDM3,STRAIGHT,0,-214,59998.0,,
RmlnaHROb2RlOjUzNDM3,OVERUNDER_1.5,1,-154,,Over 1.5 rounds,Under 1.5 rounds
RmlnaHROb2RlOjUzNDM3,OVERUNDER_1.5,0,114,,Over 1.5 rounds,Under 1.5 rounds
RmlnaHROb2RlOjUzNTA2,STRAIGHT,0,-1238,2041.0,,
RmlnaHROb2RlOjUzNTA2,STRAIGHT,0,615,56773.0,,
RmlnaHROb2RlOjUzNTA2,OVERUNDER_1.5,0,125,,Over 1.5 rounds,Under 1.5 rounds
RmlnaHROb2RlOjUzNTA2,OVERUNDER_1.5,1,-165,,Over 1.5 rounds,Under 1.5 rounds
RmlnaHROb2RlOjUzNDM5,OVERUNDER_3.5,1,-125,,Over 3.5 rounds,Under 3.5 rounds
RmlnaHROb2RlOjUzNDM5,STRAIGHT,0,-137,60034.0,,
RmlnaHROb2RlOjUzNDM5,STRAIGHT,0,100,8777.0,,
RmlnaHROb2RlOjUzNDM5,OVERUNDER_3.5,0,-114,,Over 3.5 rounds,Under 3.5 rounds
RmlnaHROb2RlOjUzMjEz,STRAIGHT,0,491,47618.0,,
RmlnaHROb2RlOjUzMjEz,STRAIGHT,0,-919,39446.0,,
RmlnaHROb2RlOjUzNDQx,STRAIGHT,0,-1022,59999.0,,
RmlnaHROb2RlOjUzNDQx,STRAIGHT,0,534,60000.0,,
RmlnaHROb2RlOjUzNDQx,OVERUNDER_1.5,1,-255,,Over 1.5 rounds,Under 1.5 rounds
RmlnaHROb2RlOjUzNDQx,OVERUNDER_1.5,0,179,,Over 1.5 rounds,Under 1.5 rounds
RmlnaHROb2RlOjUzNTI1,OVERUNDER_2.5,1,-154,,Over 2.5 rounds,Under 2.5 rounds
RmlnaHROb2RlOjUzNTI1,STRAIGHT,0,-179,6931.0,,
RmlnaHROb2RlOjUzNTI1,OVERUNDER_2.5,0,114,,Over 2.5 rounds,Under 2.5 rounds
RmlnaHROb2RlOjUzNTI1,STRAIGHT,0,134,830.0,,
RmlnaHROb2RlOjUzNDMz,STRAIGHT,0,-248,7842.0,,
RmlnaHROb2RlOjUzNDMz,STRAIGHT,0,185,11608.0,,
RmlnaHROb2RlOjUzNDMz,OVERUNDER_2.5,1,-140,,Over 2.5 rounds,Under 2.5 rounds
RmlnaHROb2RlOjUzNDMz,OVERUNDER_2.5,0,100,,Over 2.5 rounds,Under 2.5 rounds
RmlnaHROb2RlOjUzNDMw,STRAIGHT,0,161,306.0,,
RmlnaHROb2RlOjUzNDMw,STRAIGHT,0,-198,8759.0,,
RmlnaHROb2RlOjUzNDI4,STRAIGHT,0,-186,45463.0,,
RmlnaHROb2RlOjUzNDI4,STRAIGHT,0,142,1248.0,,
RmlnaHROb2RlOjUzNDI5,STRAIGHT,0,-157,8152.0,,
RmlnaHROb2RlOjUzNDI5,STRAIGHT,0,115,173.0,,
RmlnaHROb2RlOjUzNTI0,STRAIGHT,0,-196,43004.0,,
RmlnaHROb2RlOjUzNTI0,OVERUNDER_3.5,1,-180,,Over 3.5 rounds,Under 3.5 rounds
RmlnaHROb2RlOjUzNTI0,OVERUNDER_3.5,0,140,,Over 3.5 rounds,Under 3.5 rounds
RmlnaHROb2RlOjUzNTI0,STRAIGHT,0,145,138.0,,
RmlnaHROb2RlOjUzNDMx,STRAIGHT,0,-531,9202.0,,
RmlnaHROb2RlOjUzNDMx,OVERUNDER_2.5,1,-195,,Over 2.5 rounds,Under 2.5 rounds
RmlnaHROb2RlOjUzNDMx,OVERUNDER_2.5,0,148,,Over 2.5 rounds,Under 2.5 rounds
RmlnaHROb2RlOjUzNDMx,STRAIGHT,0,353,33621.0,,
RmlnaHROb2RlOjUzNDc4,STRAIGHT,0,-265,49033.0,,
RmlnaHROb2RlOjUzNDc4,OVERUNDER_1.5,0,-125,,Over 1.5 rounds,Under 1.5 rounds
RmlnaHROb2RlOjUzNDc4,OVERUNDER_1.5,1,-114,,Over 1.5 rounds,Under 1.5 rounds
RmlnaHROb2RlOjUzNDc4,STRAIGHT,0,188,20915.0,,
RmlnaHROb2RlOjUzNTQw,STRAIGHT,0,-214,10647.0,,
RmlnaHROb2RlOjUzNTQw,OVERUNDER_1.5,0,148,,Over 1.5 rounds,Under 1.5 rounds
RmlnaHROb2RlOjUzNTQw,STRAIGHT,0,164,60190.0,,
RmlnaHROb2RlOjUzNTQw,OVERUNDER_1.5,1,-195,,Over 1.5 rounds,Under 1.5 rounds
RmlnaHROb2RlOjUzNDMy,STRAIGHT,0,-127,22973.0,,
RmlnaHROb2RlOjUzNDMy,STRAIGHT,0,-106,35476.0,,
RmlnaHROb2RlOjU0MzQ0,STRAIGHT,0,-576,61972.0,,
RmlnaHROb2RlOjU0MzQ0,STRAIGHT,0,355,61971.0,,
RmlnaHROb2RlOjU0MzQz,STRAIGHT,0,120,61970.0,,
RmlnaHROb2RlOjU0MzQz,STRAIGHT,0,-163,61969.0,,
RmlnaHROb2RlOjUzNTM3,STRAIGHT,0,-229,6202.0,,
RmlnaHROb2RlOjUzNTM3,STRAIGHT,0,168,60189.0,,
RmlnaHROb2RlOjU0MzQx,STRAIGHT,0,106,61966.0,,
RmlnaHROb2RlOjU0MzQx,STRAIGHT,0,-141,61965.0,,
RmlnaHROb2RlOjU0MzM5,STRAIGHT,0,-138,61963.0,,
RmlnaHROb2RlOjU0MzM5,STRAIGHT,0,110,48292.0,,
RmlnaHROb2RlOjU0MzM5,STRAIGHT,0,101,61962.0,,
RmlnaHROb2RlOjU0MzIz,STRAIGHT,0,-194,33524.0,,
RmlnaHROb2RlOjU0MzIz,STRAIGHT,0,147,56453.0,,
RmlnaHROb2RlOjU0MTYw,STRAIGHT,0,207,61722.0,,
RmlnaHROb2RlOjU0MTYw,STRAIGHT,0,-292,26778.0,,
RmlnaHROb2RlOjU0MzQw,STRAIGHT,0,-285,59235.0,,
RmlnaHROb2RlOjU0MzQw,STRAIGHT,0,202,61964.0,,
RmlnaHROb2RlOjUzNTIz,STRAIGHT,0,528,56142.0,,
RmlnaHROb2RlOjUzNTIz,STRAIGHT,0,-1017,55877.0,,
RmlnaHROb2RlOjUzNDE3,STRAIGHT,0,430,60140.0,,
RmlnaHROb2RlOjUzNDE3,STRAIGHT,0,-737,35254.0,,
RmlnaHROb2RlOjUzNTM2,STRAIGHT,0,-213,60188.0,,
RmlnaHROb2RlOjUzNTM2,STRAIGHT,0,161,48937.0,,
RmlnaHROb2RlOjU0Mjg4,STRAIGHT,0,118,45677.0,,
RmlnaHROb2RlOjU0Mjg4,OVERUNDER_1.5,0,114,,Over 1.5 rounds,Under 1.5 rounds
RmlnaHROb2RlOjU0Mjg4,STRAIGHT,0,-156,51700.0,,
RmlnaHROb2RlOjU0Mjg4,OVERUNDER_1.5,1,-154,,Over 1.5 rounds,Under 1.5 rounds
RmlnaHROb2RlOjUzNDAx,OVERUNDER_1.5,1,-200,,Over 1.5 rounds,Under 1.5 rounds
RmlnaHROb2RlOjUzNDAx,OVERUNDER_1.5,0,150,,Over 1.5 rounds,Under 1.5 rounds
RmlnaHROb2RlOjUzNDAx,STRAIGHT,0,-160,48936.0,,
RmlnaHROb2RlOjUzNDAx,STRAIGHT,0,124,42237.0,,
RmlnaHROb2RlOjUzNDAy,OVERUNDER_1.5,1,-109,,Over 1.5 rounds,Under 1.5 rounds
RmlnaHROb2RlOjUzNDAy,STRAIGHT,0,336,2973.0,,
RmlnaHROb2RlOjUzNDAy,STRAIGHT,0,-513,5805.0,,
RmlnaHROb2RlOjUzNDAy,OVERUNDER_1.5,0,-130,,Over 1.5 rounds,Under 1.5 rounds
RmlnaHROb2RlOjUzOTUz,OVERUNDER_1.5,1,-154,,Over 1.5 rounds,Under 1.5 rounds
RmlnaHROb2RlOjUzOTUz,OVERUNDER_1.5,0,114,,Over 1.5 rounds,Under 1.5 rounds
RmlnaHROb2RlOjUzOTUz,STRAIGHT,0,488,61553.0,,
RmlnaHROb2RlOjUzOTUz,STRAIGHT,0,-822,41551.0,,
RmlnaHROb2RlOjUzNDE2,STRAIGHT,0,654,55876.0,,
RmlnaHROb2RlOjUzNDE2,STRAIGHT,0,-1343,60139.0,,
RmlnaHROb2RlOjUzNDE4,STRAIGHT,0,187,16350.0,,
RmlnaHROb2RlOjUzNDE4,OVERUNDER_1.5,0,129,,Over 1.5 rounds,Under 1.5 rounds
RmlnaHROb2RlOjUzNDE4,STRAIGHT,0,-261,5307.0,,
RmlnaHROb2RlOjUzNDE4,OVERUNDER_1.5,1,-170,,Over 1.5 rounds,Under 1.5 rounds
RmlnaHROb2RlOjUzNDAz,STRAIGHT,0,112,27914.0,,
RmlnaHROb2RlOjUzNDAz,OVERUNDER_1.5,0,-145,,Over 1.5 rounds,Under 1.5 rounds
RmlnaHROb2RlOjUzNDAz,STRAIGHT,0,-151,2552.0,,
RmlnaHROb2RlOjUzNDAz,OVERUNDER_1.5,1,104,,Over 1.5 rounds,Under 1.5 rounds
RmlnaHROb2RlOjU0Mjgy,OVERUNDER_1.5,1,-154,,Over 1.5 rounds,Under 1.5 rounds
RmlnaHROb2RlOjU0Mjgy,STRAIGHT,0,157,61830.0,,
RmlnaHROb2RlOjU0Mjgy,OVERUNDER_1.5,0,114,,Over 1.5 rounds,Under 1.5 rounds
RmlnaHROb2RlOjU0Mjgy,STRAIGHT,0,-211,61829.0,,
RmlnaHROb2RlOjUzOTQy,STRAIGHT,0,144,59110.0,,
RmlnaHROb2RlOjUzOTQy,STRAIGHT,0,-190,61552.0,,
RmlnaHROb2RlOjU0Mjcz,STRAIGHT,0,343,61818.0,,
RmlnaHROb2RlOjU0Mjcz,OVERUNDER_1.5,0,114,,Over 1.5 rounds,Under 1.5 rounds
RmlnaHROb2RlOjU0Mjcz,OVERUNDER_1.5,1,-154,,Over 1.5 rounds,Under 1.5 rounds
RmlnaHROb2RlOjU0Mjcz,STRAIGHT,0,-546,51705.0,,
RmlnaHROb2RlOjU0Mjc0,OVERUNDER_1.5,0,-135,,Over 1.5 rounds,Under 1.5 rounds
RmlnaHROb2RlOjU0Mjc0,STRAIGHT,0,-153,49031.0,,
RmlnaHROb2RlOjU0Mjc0,OVERUNDER_1.5,1,-105,,Over 1.5 rounds,Under 1.5 rounds
RmlnaHROb2RlOjU0Mjc0,STRAIGHT,0,116,61819.0,,
RmlnaHROb2RlOjU0MjUy,STRAIGHT,0,-524,47574.0,,
RmlnaHROb2RlOjU0MjUy,OVERUNDER_2.5,0,120,,Over 2.5 rounds,Under 2.5 rounds
RmlnaHROb2RlOjU0MjUy,OVERUNDER_2.5,1,-160,,Over 2.5 rounds,Under 2.5 rounds
RmlnaHROb2RlOjU0MjUy,STRAIGHT,0,337,9796.0,,
RmlnaHROb2RlOjU0Mjc5,STRAIGHT,0,191,61824.0,,
RmlnaHROb2RlOjU0Mjc5,STRAIGHT,0,-272,56780.0,,
RmlnaHROb2RlOjU0Mjc5,OVERUNDER_1.5,0,-105,,Over 1.5 rounds,Under 1.5 rounds
RmlnaHROb2RlOjU0Mjc5,OVERUNDER_1.5,1,-135,,Over 1.5 rounds,Under 1.5 rounds
RmlnaHROb2RlOjU0Mjc1,STRAIGHT,0,-102,47124.0,,
RmlnaHROb2RlOjU0Mjc1,STRAIGHT,0,-135,61820.0,,
RmlnaHROb2RlOjU0MzIw,STRAIGHT,0,-247,29797.0,,
RmlnaHROb2RlOjU0MzIw,OVERUNDER_1.5,0,-114,,Over 1.5 rounds,Under 1.5 rounds
RmlnaHROb2RlOjU0MzIw,STRAIGHT,0,177,3669.0,,
RmlnaHROb2RlOjU0MzIw,OVERUNDER_1.5,1,-125,,Over 1.5 rounds,Under 1.5 rounds
RmlnaHROb2RlOjU0Mjc2,STRAIGHT,0,137,61821.0,,
RmlnaHROb2RlOjU0Mjc2,STRAIGHT,0,-180,56662.0,,
RmlnaHROb2RlOjU0Mjc2,OVERUNDER_1.5,0,-120,,Over 1.5 rounds,Under 1.5 rounds
RmlnaHROb2RlOjU0Mjc2,OVERUNDER_1.5,1,-120,,Over 1.5 rounds,Under 1.5 rounds
RmlnaHROb2RlOjU0Mjgx,OVERUNDER_1.5,0,100,,Over 1.5 rounds,Under 1.5 rounds
RmlnaHROb2RlOjU0Mjgx,STRAIGHT,0,-178,61828.0,,
RmlnaHROb2RlOjU0Mjgx,STRAIGHT,0,132,61827.0,,
RmlnaHROb2RlOjU0Mjgx,OVERUNDER_1.5,1,-140,,Over 1.5 rounds,Under 1.5 rounds
RmlnaHROb2RlOjU0MTI2,STRAIGHT,0,146,42832.0,,
RmlnaHROb2RlOjU0MTI2,STRAIGHT,0,-196,50356.0,,
RmlnaHROb2RlOjU0OTg0,STRAIGHT,0,352,6378.0,,
RmlnaHROb2RlOjU0OTg0,STRAIGHT,0,-552,3537.0,,
RmlnaHROb2RlOjU0MDky,STRAIGHT,0,142,36994.0,,
RmlnaHROb2RlOjU0MDky,STRAIGHT,0,-189,55054.0,,
RmlnaHROb2RlOjU0MDkw,STRAIGHT,0,527,2126.0,,
RmlnaHROb2RlOjU0MDkw,STRAIGHT,0,-939,54144.0,,
RmlnaHROb2RlOjU0MDgz,STRAIGHT,0,-145,44762.0,,
RmlnaHROb2RlOjU0MDgz,STRAIGHT,0,111,42230.0,,
RmlnaHROb2RlOjU0MDkx,STRAIGHT,0,179,47316.0,,
RmlnaHROb2RlOjU0MDkx,STRAIGHT,0,-250,43922.0,,
RmlnaHROb2RlOjU0MDg5,STRAIGHT,0,500,59120.0,,
RmlnaHROb2RlOjU0MDg5,STRAIGHT,0,-999,54198.0,,
RmlnaHROb2RlOjU0MDg0,STRAIGHT,0,-162,23140.0,,
RmlnaHROb2RlOjU0MDg0,STRAIGHT,0,121,2736.0,,
RmlnaHROb2RlOjU0MDg2,STRAIGHT,0,-255,49676.0,,
RmlnaHROb2RlOjU0MDg2,STRAIGHT,0,184,43533.0,,
RmlnaHROb2RlOjU0MDg1,STRAIGHT,0,-156,35212.0,,
RmlnaHROb2RlOjU0MDg1,STRAIGHT,0,115,34144.0,,
RmlnaHROb2RlOjU0MDg4,STRAIGHT,0,-515,50712.0,,
RmlnaHROb2RlOjU0MDg4,STRAIGHT,0,328,29709.0,,
RmlnaHROb2RlOjU0MDg3,STRAIGHT,0,237,49351.0,,
RmlnaHROb2RlOjU0MDg3,STRAIGHT,0,-340,43921.0,,
RmlnaHROb2RlOjU0OTgz,STRAIGHT,0,-805,54144.0,,
RmlnaHROb2RlOjU0OTgz,STRAIGHT,0,471,16294.0,,
RmlnaHROb2RlOjU1MjI1,STRAIGHT,0,175,62979.0,,
RmlnaHROb2RlOjU1MjI1,OVERUNDER_3.5,1,-125,,Over 3.5 rounds,Under 3.5 rounds
RmlnaHROb2RlOjU1MjI1,OVERUNDER_3.5,0,-114,,Over 3.5 rounds,Under 3.5 rounds
RmlnaHROb2RlOjU1MjI1,STRAIGHT,0,-232,4900.0,,
RmlnaHROb2RlOjU1MzMz,OVERUNDER_3.5,1,-145,,Over 3.5 rounds,Under 3.5 rounds
RmlnaHROb2RlOjU1MzMz,STRAIGHT,0,-289,17276.0,,
RmlnaHROb2RlOjU1MzMz,OVERUNDER_3.5,0,104,,Over 3.5 rounds,Under 3.5 rounds
RmlnaHROb2RlOjU1MzMz,STRAIGHT,0,208,63020.0,,
RmlnaHROb2RlOjU0NDUy,OVERUNDER_4.5,0,-125,,Over 4.5 rounds,Under 4.5 rounds
RmlnaHROb2RlOjU0NDUy,OVERUNDER_4.5,1,-114,,Over 4.5 rounds,Under 4.5 rounds
RmlnaHROb2RlOjU0NDUy,STRAIGHT,0,179,27952.0,,
RmlnaHROb2RlOjU0NDUy,STRAIGHT,0,-244,1260.0,,
RmlnaHROb2RlOjU0Njk5,OVERUNDER_1.5,1,-154,,Over 1.5 rounds,Under 1.5 rounds
RmlnaHROb2RlOjU0Njk5,STRAIGHT,0,197,42229.0,,
RmlnaHROb2RlOjU0Njk5,STRAIGHT,0,-276,42228.0,,
RmlnaHROb2RlOjU0Njk5,OVERUNDER_1.5,0,114,,Over 1.5 rounds,Under 1.5 rounds
RmlnaHROb2RlOjU0NTkz,OVERUNDER_3.5,1,-165,,Over 3.5 rounds,Under 3.5 rounds
RmlnaHROb2RlOjU0NTkz,STRAIGHT,0,217,36614.0,,
RmlnaHROb2RlOjU0NTkz,OVERUNDER_3.5,0,125,,Over 3.5 rounds,Under 3.5 rounds
RmlnaHROb2RlOjU0NTkz,STRAIGHT,0,-318,60000.0,,
RmlnaHROb2RlOjU1MzIx,STRAIGHT,0,-320,35590.0,,
RmlnaHROb2RlOjU1MzIx,STRAIGHT,0,233,62804.0,,
RmlnaHROb2RlOjU0ODAz,STRAIGHT,0,-265,61679.0,,
RmlnaHROb2RlOjU0ODAz,OVERUNDER_2.5,1,-130,,Over 2.5 rounds,Under 2.5 rounds
RmlnaHROb2RlOjU0ODAz,STRAIGHT,0,195,62640.0,,
RmlnaHROb2RlOjU0ODAz,OVERUNDER_2.5,0,-109,,Over 2.5 rounds,Under 2.5 rounds
RmlnaHROb2RlOjU1MjI0,OVERUNDER_2.5,0,-125,,Over 2.5 rounds,Under 2.5 rounds
RmlnaHROb2RlOjU1MjI0,OVERUNDER_2.5,1,-114,,Over 2.5 rounds,Under 2.5 rounds
RmlnaHROb2RlOjU1MjI0,STRAIGHT,0,101,62978.0,,
RmlnaHROb2RlOjU1MjI0,STRAIGHT,0,-130,62977.0,,
RmlnaHROb2RlOjU1MDA3,STRAIGHT,0,-143,45621.0,,
RmlnaHROb2RlOjU1MDA3,STRAIGHT,0,107,62803.0,,
RmlnaHROb2RlOjU1MzY1,STRAIGHT,0,150,54145.0,,
RmlnaHROb2RlOjU1MzY1,STRAIGHT,0,-180,62639.0,,
RmlnaHROb2RlOjU0Nzky,STRAIGHT,0,-167,20538.0,,
RmlnaHROb2RlOjU0Nzky,STRAIGHT,0,128,21552.0,,
RmlnaHROb2RlOjU0OTYy,OVERUNDER_1.5,1,-114,,Over 1.5 rounds,Under 1.5 rounds
RmlnaHROb2RlOjU0OTYy,STRAIGHT,0,-411,1818.0,,
RmlnaHROb2RlOjU0OTYy,OVERUNDER_1.5,0,-125,,Over 1.5 rounds,Under 1.5 rounds
RmlnaHROb2RlOjU0OTYy,STRAIGHT,0,279,35182.0,,
RmlnaHROb2RlOjU0OTg3,STRAIGHT,0,-360,42234.0,,
RmlnaHROb2RlOjU0OTg3,OVERUNDER_1.5,1,-120,,Over 1.5 rounds,Under 1.5 rounds
RmlnaHROb2RlOjU0OTg3,STRAIGHT,0,242,59077.0,,
RmlnaHROb2RlOjU0OTg3,OVERUNDER_1.5,0,-120,,Over 1.5 rounds,Under 1.5 rounds
RmlnaHROb2RlOjU0OTY0,STRAIGHT,0,258,42162.0,,
RmlnaHROb2RlOjU0OTY0,OVERUNDER_1.5,0,-154,,Over 1.5 rounds,Under 1.5 rounds
RmlnaHROb2RlOjU0OTY0,STRAIGHT,0,-348,39446.0,,
RmlnaHROb2RlOjU0OTY0,OVERUNDER_1.5,1,114,,Over 1.5 rounds,Under 1.5 rounds
RmlnaHROb2RlOjU1MjQ1,OVERUNDER_3.5,1,-165,,Over 3.5 rounds,Under 3.5 rounds
RmlnaHROb2RlOjU1MjQ1,STRAIGHT,0,208,48926.0,,
RmlnaHROb2RlOjU1MjQ1,STRAIGHT,0,-286,44849.0,,
RmlnaHROb2RlOjU1MjQ1,OVERUNDER_3.5,0,125,,Over 3.5 rounds,Under 3.5 rounds
RmlnaHROb2RlOjU0OTg4,STRAIGHT,0,-123,62797.0,,
RmlnaHROb2RlOjU0OTg4,STRAIGHT,0,-105,58327.0,,
RmlnaHROb2RlOjU0OTYz,STRAIGHT,0,240,35583.0,,
RmlnaHROb2RlOjU0OTYz,STRAIGHT,0,-346,54849.0,,
RmlnaHROb2RlOjU0OTYx,STRAIGHT,0,-451,21443.0,,
RmlnaHROb2RlOjU0OTYx,STRAIGHT,0,362,58302.0,,
RmlnaHROb2RlOjU1Nzkz,STRAIGHT,0,-199,42233.0,,
RmlnaHROb2RlOjU1Nzkz,OVERUNDER_1.5,1,104,,Over 1.5 rounds,Under 1.5 rounds
RmlnaHROb2RlOjU1Nzkz,OVERUNDER_1.5,0,-145,,Over 1.5 rounds,Under 1.5 rounds
RmlnaHROb2RlOjU1Nzkz,STRAIGHT,0,149,33033.0,,
RmlnaHROb2RlOjU1ODQ0,STRAIGHT,0,195,50240.0,,
RmlnaHROb2RlOjU1ODQ0,STRAIGHT,0,-268,3704.0,,
RmlnaHROb2RlOjU1ODQ0,OVERUNDER_2.5,1,-134,,Over 2.5 rounds,Under 2.5 rounds
RmlnaHROb2RlOjU1ODQ0,OVERUNDER_2.5,0,-102,,Over 2.5 rounds,Under 2.5 rounds
RmlnaHROb2RlOjU1OTY2,OVERUNDER_2.5,0,100,,Over 2.5 rounds,Under 2.5 rounds
RmlnaHROb2RlOjU1OTY2,STRAIGHT,0,183,49346.0,,
RmlnaHROb2RlOjU1OTY2,STRAIGHT,0,-258,59073.0,,
RmlnaHROb2RlOjU1OTY2,OVERUNDER_2.5,1,-140,,Over 2.5 rounds,Under 2.5 rounds
RmlnaHROb2RlOjU1MjIw,OVERUNDER_1.5,1,105,,Over 1.5 rounds,Under 1.5 rounds
RmlnaHROb2RlOjU1MjIw,STRAIGHT,0,187,50344.0,,
RmlnaHROb2RlOjU1MjIw,STRAIGHT,0,-260,56658.0,,
RmlnaHROb2RlOjU1MjIw,OVERUNDER_1.5,0,-143,,Over 1.5 rounds,Under 1.5 rounds
RmlnaHROb2RlOjU1MjM4,STRAIGHT,0,-571,62981.0,,
RmlnaHROb2RlOjU1MjM4,STRAIGHT,0,365,62982.0,,
RmlnaHROb2RlOjU1MjQw,OVERUNDER_2.5,1,-195,,Over 2.5 rounds,Under 2.5 rounds
RmlnaHROb2RlOjU1MjQw,STRAIGHT,0,-302,50241.0,,
RmlnaHROb2RlOjU1MjQw,STRAIGHT,0,212,31138.0,,
RmlnaHROb2RlOjU1MjQw,OVERUNDER_2.5,0,148,,Over 2.5 rounds,Under 2.5 rounds
RmlnaHROb2RlOjU1OTIx,STRAIGHT,0,-274,35718.0,,
RmlnaHROb2RlOjU1OTIx,STRAIGHT,0,195,63476.0,,
RmlnaHROb2RlOjU1MjQz,STRAIGHT,0,138,62987.0,,
RmlnaHROb2RlOjU1MjQz,STRAIGHT,0,-183,22787.0,,
RmlnaHROb2RlOjU1MjQ0,STRAIGHT,0,136,62988.0,,
RmlnaHROb2RlOjU1MjQ0,STRAIGHT,0,-182,29802.0,,
RmlnaHROb2RlOjU1ODk2,OVERUNDER_3.5,0,100,,Over 3.5 rounds,Under 3.5 rounds
RmlnaHROb2RlOjU1ODk2,OVERUNDER_3.5,1,-140,,Over 3.5 rounds,Under 3.5 rounds
RmlnaHROb2RlOjU1ODk2,STRAIGHT,0,273,62982.0,,
RmlnaHROb2RlOjU1ODk2,STRAIGHT,0,-413,51702.0,,
RmlnaHROb2RlOjU1MjE4,OVERUNDER_2.5,1,-120,,Over 2.5 rounds,Under 2.5 rounds
RmlnaHROb2RlOjU1MjE4,STRAIGHT,0,133,52929.0,,
RmlnaHROb2RlOjU1MjE4,STRAIGHT,0,-176,59073.0,,
RmlnaHROb2RlOjU1MjE4,OVERUNDER_2.5,0,-120,,Over 2.5 rounds,Under 2.5 rounds
RmlnaHROb2RlOjU1MjIx,STRAIGHT,0,-444,51702.0,,
RmlnaHROb2RlOjU1MjIx,STRAIGHT,0,292,39449.0,,
RmlnaHROb2RlOjU1MjQx,STRAIGHT,0,311,50346.0,,
RmlnaHROb2RlOjU1MjQx,STRAIGHT,0,-478,15879.0,,
RmlnaHROb2RlOjU1NjQz,STRAIGHT,0,-260,35718.0,,
RmlnaHROb2RlOjU1NjQz,STRAIGHT,0,200,63304.0,,
RmlnaHROb2RlOjU1MjM5,OVERUNDER_2.5,0,100,,Over 2.5 rounds,Under 2.5 rounds
RmlnaHROb2RlOjU1MjM5,STRAIGHT,0,-172,62985.0,,
RmlnaHROb2RlOjU1MjM5,OVERUNDER_2.5,1,-140,,Over 2.5 rounds,Under 2.5 rounds
RmlnaHROb2RlOjU1MjM5,STRAIGHT,0,131,62984.0,,
RmlnaHROb2RlOjU0Nzk2,STRAIGHT,0,-322,43965.0,,
RmlnaHROb2RlOjU0Nzk2,OVERUNDER_4.5,1,-135,,Over 4.5 rounds,Under 4.5 rounds
RmlnaHROb2RlOjU0Nzk2,OVERUNDER_4.5,0,-105,,Over 4.5 rounds,Under 4.5 rounds
RmlnaHROb2RlOjU0Nzk2,STRAIGHT,0,228,51707.0,,
RmlnaHROb2RlOjU1OTg0,STRAIGHT,0,205,48937.0,,
RmlnaHROb2RlOjU1OTg0,STRAIGHT,0,-290,50179.0,,
RmlnaHROb2RlOjU1MTE5,OVERUNDER_1.5,0,114,,Over 1.5 rounds,Under 1.5 rounds
RmlnaHROb2RlOjU1MTE5,OVERUNDER_1.5,1,-154,,Over 1.5 rounds,Under 1.5 rounds
RmlnaHROb2RlOjU1MTE5,STRAIGHT,0,-161,31248.0,,
RmlnaHROb2RlOjU1MTE5,STRAIGHT,0,124,51353.0,,
RmlnaHROb2RlOjU1NDY1,STRAIGHT,0,-127,63106.0,,
RmlnaHROb2RlOjU1NDY1,STRAIGHT,0,-105,44550.0,,
RmlnaHROb2RlOjU5Mjgw,STRAIGHT,0,-115,2900.0,,
RmlnaHROb2RlOjU5Mjgw,STRAIGHT,0,-117,35476.0,,
RmlnaHROb2RlOjU1NjE4,OVERUNDER_1.5,0,125,,Over 1.5 rounds,Under 1.5 rounds
RmlnaHROb2RlOjU1NjE4,OVERUNDER_1.5,1,-165,,Over 1.5 rounds,Under 1.5 rounds
RmlnaHROb2RlOjU1NjE4,STRAIGHT,0,-144,1796.0,,
RmlnaHROb2RlOjU1NjE4,STRAIGHT,0,106,33452.0,,
RmlnaHROb2RlOjU1OTg1,STRAIGHT,0,142,61787.0,,
RmlnaHROb2RlOjU1OTg1,STRAIGHT,0,-188,13421.0,,
RmlnaHROb2RlOjU1MTIx,STRAIGHT,0,104,19512.0,,
RmlnaHROb2RlOjU1MTIx,STRAIGHT,0,-137,62898.0,,
RmlnaHROb2RlOjU1ODQz,STRAIGHT,0,-184,58297.0,,
RmlnaHROb2RlOjU1ODQz,STRAIGHT,0,141,5124.0,,
RmlnaHROb2RlOjU1OTgz,STRAIGHT,0,267,42236.0,,
RmlnaHROb2RlOjU1OTgz,STRAIGHT,0,-399,57.0,,
RmlnaHROb2RlOjU1OTgz,OVERUNDER_1.5,1,135,,Over 1.5 rounds,Under 1.5 rounds
RmlnaHROb2RlOjU1OTgz,OVERUNDER_1.5,0,-175,,Over 1.5 rounds,Under 1.5 rounds
RmlnaHROb2RlOjU1MTE4,STRAIGHT,0,117,10598.0,,
RmlnaHROb2RlOjU1MTE4,STRAIGHT,0,-157,62896.0,,
RmlnaHROb2RlOjU1MDMy,STRAIGHT,0,-259,2927.0,,
RmlnaHROb2RlOjU1MDMy,OVERUNDER_4.5,1,104,,Over 4.5 rounds,Under 4.5 rounds
RmlnaHROb2RlOjU1MDMy,STRAIGHT,0,185,3467.0,,
RmlnaHROb2RlOjU1MDMy,OVERUNDER_4.5,0,-145,,Over 4.5 rounds,Under 4.5 rounds
RmlnaHROb2RlOjU1NDE3,STRAIGHT,0,312,56295.0,,
RmlnaHROb2RlOjU1NDE3,STRAIGHT,0,-473,58556.0,,
RmlnaHROb2RlOjU1NDE1,STRAIGHT,0,-259,59320.0,,
RmlnaHROb2RlOjU1NDE1,STRAIGHT,0,189,58557.0,,
RmlnaHROb2RlOjU1NDQ5,STRAIGHT,0,-107,26811.0,,
RmlnaHROb2RlOjU1NDQ5,STRAIGHT,0,-128,63099.0,,
RmlnaHROb2RlOjU2MTMy,STRAIGHT,0,111,42340.0,,
RmlnaHROb2RlOjU2MTMy,STRAIGHT,0,-151,63674.0,,
RmlnaHROb2RlOjU1NDUx,STRAIGHT,0,-515,63102.0,,
RmlnaHROb2RlOjU1NDUx,STRAIGHT,0,335,63103.0,,
RmlnaHROb2RlOjU2Mjkz,STRAIGHT,0,356,63880.0,,
RmlnaHROb2RlOjU2Mjkz,STRAIGHT,0,-548,63879.0,,
RmlnaHROb2RlOjU2MTA0,STRAIGHT,0,-374,63104.0,,
RmlnaHROb2RlOjU2MTA0,STRAIGHT,0,273,8933.0,,
RmlnaHROb2RlOjU2Mjk0,STRAIGHT,0,-251,28438.0,,
RmlnaHROb2RlOjU2Mjk0,STRAIGHT,0,198,63881.0,,
RmlnaHROb2RlOjU1NDE4,STRAIGHT,0,-129,55384.0,,
RmlnaHROb2RlOjU1NDE4,STRAIGHT,0,-107,44763.0,,
RmlnaHROb2RlOjU1NjQw,STRAIGHT,0,-416,63299.0,,
RmlnaHROb2RlOjU1NjQw,STRAIGHT,0,300,63300.0,,
RmlnaHROb2RlOjU1NDE2,STRAIGHT,0,-242,58554.0,,
RmlnaHROb2RlOjU1NDE2,STRAIGHT,0,184,51833.0,,
RmlnaHROb2RlOjU1ODM2,STRAIGHT,0,353,16919.0,,
RmlnaHROb2RlOjU1ODM2,STRAIGHT,0,-503,17879.0,,
RmlnaHROb2RlOjU2MzQy,STRAIGHT,0,-108,16628.0,,
RmlnaHROb2RlOjU2MzQy,STRAIGHT,0,-122,56770.0,,
RmlnaHROb2RlOjU1ODU3,STRAIGHT,0,253,30185.0,,
RmlnaHROb2RlOjU1ODU3,STRAIGHT,0,-362,63435.0,,
RmlnaHROb2RlOjU2MTAw,STRAIGHT,0,301,6931.0,,
RmlnaHROb2RlOjU2MTAw,STRAIGHT,0,-415,882.0,,
RmlnaHROb2RlOjU1ODM1,STRAIGHT,0,173,1887.0,,
RmlnaHROb2RlOjU1ODM1,STRAIGHT,0,-225,16350.0,,
RmlnaHROb2RlOjU1ODM3,STRAIGHT,0,172,41266.0,,
RmlnaHROb2RlOjU1ODM3,STRAIGHT,0,-235,8673.0,,
RmlnaHROb2RlOjU1NjE2,STRAIGHT,0,-419,55875.0,,
RmlnaHROb2RlOjU1NjE2,STRAIGHT,0,294,33056.0,,
RmlnaHROb2RlOjU2MTMx,STRAIGHT,0,-434,22018.0,,
RmlnaHROb2RlOjU2MTMx,STRAIGHT,0,337,63673.0,,
RmlnaHROb2RlOjU2MjY4,STRAIGHT,0,-237,63247.0,,
RmlnaHROb2RlOjU2MjY4,STRAIGHT,0,178,31193.0,,
RmlnaHROb2RlOjU2MTAz,STRAIGHT,0,214,41928.0,,
RmlnaHROb2RlOjU2MTAz,STRAIGHT,0,-290,33023.0,,
RmlnaHROb2RlOjU1NjM5,STRAIGHT,0,-157,63298.0,,
RmlnaHROb2RlOjU1NjM5,STRAIGHT,0,120,49441.0,,
RmlnaHROb2RlOjU1Mjk1,STRAIGHT,0,237,41868.0,,
RmlnaHROb2RlOjU1Mjk1,STRAIGHT,0,-323,14332.0,,
RmlnaHROb2RlOjYyODY0,STRAIGHT,0,-307,50712.0,,
RmlnaHROb2RlOjYyODY0,STRAIGHT,0,225,36115.0,,
RmlnaHROb2RlOjU1MzUz,STRAIGHT,0,323,45128.0,,
RmlnaHROb2RlOjU1MzUz,STRAIGHT,0,-479,23140.0,,
RmlnaHROb2RlOjU1NjM2,STRAIGHT,0,-204,37501.0,,
RmlnaHROb2RlOjU1NjM2,STRAIGHT,0,156,43920.0,,
RmlnaHROb2RlOjU1NjEw,STRAIGHT,0,-136,42806.0,,
RmlnaHROb2RlOjU1NjEw,STRAIGHT,0,103,20672.0,,
RmlnaHROb2RlOjU1NjA5,STRAIGHT,0,-182,42832.0,,
RmlnaHROb2RlOjU1NjA5,STRAIGHT,0,141,59311.0,,
RmlnaHROb2RlOjYyODY1,STRAIGHT,0,-166,42828.0,,
RmlnaHROb2RlOjYyODY1,STRAIGHT,0,126,59312.0,,
RmlnaHROb2RlOjU2Mjg4,STRAIGHT,0,425,59961.0,,
RmlnaHROb2RlOjU2Mjg4,STRAIGHT,0,-575,63876.0,,
RmlnaHROb2RlOjU1NjEz,STRAIGHT,0,-569,59314.0,,
RmlnaHROb2RlOjU1NjEz,STRAIGHT,0,373,56902.0,,
RmlnaHROb2RlOjU1NjEy,STRAIGHT,0,-142,75.0,,
RmlnaHROb2RlOjU1NjEy,STRAIGHT,0,107,54145.0,,
RmlnaHROb2RlOjU1NjEx,STRAIGHT,0,-1716,54144.0,,
RmlnaHROb2RlOjU1NjEx,STRAIGHT,0,860,2126.0,,
RmlnaHROb2RlOjU2NDEz,STRAIGHT,0,272,47574.0,,
RmlnaHROb2RlOjU2NDEz,STRAIGHT,0,-394,11038.0,,
RmlnaHROb2RlOjU2NjYz,STRAIGHT,0,1075,64343.0,,
RmlnaHROb2RlOjU2NjYz,STRAIGHT,0,-2122,64342.0,,
RmlnaHROb2RlOjU2NjQx,STRAIGHT,0,274,39253.0,,
RmlnaHROb2RlOjU2NjQx,STRAIGHT,0,-410,27786.0,,
RmlnaHROb2RlOjU2NjY2,STRAIGHT,0,-225,64346.0,,
RmlnaHROb2RlOjU2NjY2,STRAIGHT,0,163,64347.0,,
RmlnaHROb2RlOjU2NjY0,STRAIGHT,0,-175,55414.0,,
RmlnaHROb2RlOjU2NjY0,STRAIGHT,0,134,64344.0,,
RmlnaHROb2RlOjU2NjY1,STRAIGHT,0,315,21578.0,,
RmlnaHROb2RlOjU2NjY1,STRAIGHT,0,-483,64345.0,,
RmlnaHROb2RlOjU1NTQ2,STRAIGHT,0,-117,14441.0,,
RmlnaHROb2RlOjU1NTQ2,STRAIGHT,0,-116,41263.0,,
RmlnaHROb2RlOjU2NjY3,STRAIGHT,0,159,64348.0,,
RmlnaHROb2RlOjU2NjY3,STRAIGHT,0,-219,36824.0,,
RmlnaHROb2RlOjU1NTQ3,STRAIGHT,0,321,18382.0,,
RmlnaHROb2RlOjU1NTQ3,STRAIGHT,0,-501,50233.0,,
RmlnaHROb2RlOjU2NzI5,STRAIGHT,0,128,1493.0,,
RmlnaHROb2RlOjU2NzI5,STRAIGHT,0,-164,16352.0,,
RmlnaHROb2RlOjU2NzMy,STRAIGHT,0,-355,29379.0,,
RmlnaHROb2RlOjU2NzMy,STRAIGHT,0,250,51719.0,,
RmlnaHROb2RlOjU2NjM0,STRAIGHT,0,170,33242.0,,
RmlnaHROb2RlOjU2NjM0,STRAIGHT,0,-220,55877.0,,
RmlnaHROb2RlOjU2NjMz,STRAIGHT,0,-253,5805.0,,
RmlnaHROb2RlOjU2NjMz,STRAIGHT,0,184,35590.0,,
RmlnaHROb2RlOjU2NzMw,STRAIGHT,0,234,24900.0,,
RmlnaHROb2RlOjU2NzMw,STRAIGHT,0,-324,7271.0,,
RmlnaHROb2RlOjU2OTIw,STRAIGHT,0,-575,58554.0,,
RmlnaHROb2RlOjU2OTIw,STRAIGHT,0,380,64574.0,,
RmlnaHROb2RlOjU2NzMx,STRAIGHT,0,101,60140.0,,
RmlnaHROb2RlOjU2NzMx,STRAIGHT,0,-135,63881.0,,
RmlnaHROb2RlOjU2NjYy,STRAIGHT,0,-671,64339.0,,
RmlnaHROb2RlOjU2NjYy,STRAIGHT,0,410,64340.0,,
RmlnaHROb2RlOjU2NjMx,STRAIGHT,0,-707,989.0,,
RmlnaHROb2RlOjU2NjMx,STRAIGHT,0,457,42237.0,,
RmlnaHROb2RlOjU2NjM1,STRAIGHT,0,-530,35254.0,,
RmlnaHROb2RlOjU2NjM1,STRAIGHT,0,355,35583.0,,
RmlnaHROb2RlOjU3Mjk1,STRAIGHT,0,123,49348.0,,
RmlnaHROb2RlOjU3Mjk1,STRAIGHT,0,-160,52929.0,,
RmlnaHROb2RlOjU3Mjk2,STRAIGHT,0,109,57236.0,,
RmlnaHROb2RlOjU3Mjk2,STRAIGHT,0,-146,3704.0,,
RmlnaHROb2RlOjU3Mjk5,STRAIGHT,0,-4999,50348.0,,
RmlnaHROb2RlOjU3Mjk5,STRAIGHT,0,1406,17463.0,,
RmlnaHROb2RlOjU3Mjk4,STRAIGHT,0,211,47034.0,,
RmlnaHROb2RlOjU3Mjk4,STRAIGHT,0,-289,49029.0,,
RmlnaHROb2RlOjU3MzM5,STRAIGHT,0,214,64910.0,,
RmlnaHROb2RlOjU3MzM5,STRAIGHT,0,-297,51705.0,,
RmlnaHROb2RlOjU3MzM4,STRAIGHT,0,166,64909.0,,
RmlnaHROb2RlOjU3MzM4,STRAIGHT,0,-219,52932.0,,
RmlnaHROb2RlOjU3Mjk3,STRAIGHT,0,-336,49682.0,,
RmlnaHROb2RlOjU3Mjk3,STRAIGHT,0,234,50350.0,,
RmlnaHROb2RlOjU3MzAx,STRAIGHT,0,277,49346.0,,
RmlnaHROb2RlOjU3MzAx,STRAIGHT,0,-402,52928.0,,
RmlnaHROb2RlOjU3MzAw,STRAIGHT,0,-168,4595.0,,
RmlnaHROb2RlOjU3MzAw,STRAIGHT,0,129,61828.0,,
RmlnaHROb2RlOjU3MzAy,STRAIGHT,0,-326,61819.0,,
RmlnaHROb2RlOjU3MzAy,STRAIGHT,0,224,4655.0,,
RmlnaHROb2RlOjU3Mzkw,STRAIGHT,0,-429,64911.0,,
RmlnaHROb2RlOjU3Mzkw,STRAIGHT,0,296,10749.0,,
RmlnaHROb2RlOjU3MzQw,STRAIGHT,0,-170,64911.0,,
RmlnaHROb2RlOjU3MzQw,STRAIGHT,0,127,50242.0,,
RmlnaHROb2RlOjU3NDc2,STRAIGHT,0,206,9051.0,,
RmlnaHROb2RlOjU3NDc2,STRAIGHT,0,-274,42238.0,,
RmlnaHROb2RlOjU3NDk3,STRAIGHT,0,-152,65115.0,,
RmlnaHROb2RlOjU3NDk3,STRAIGHT,0,113,63861.0,,
RmlnaHROb2RlOjU3MzIy,STRAIGHT,0,134,1835.0,,
RmlnaHROb2RlOjU3MzIy,STRAIGHT,0,-175,60072.0,,
RmlnaHROb2RlOjU3MzI0,STRAIGHT,0,-426,42233.0,,
RmlnaHROb2RlOjU3MzI0,STRAIGHT,0,293,28697.0,,
RmlnaHROb2RlOjU3MzIz,STRAIGHT,0,-374,41268.0,,
RmlnaHROb2RlOjU3MzIz,STRAIGHT,0,264,44849.0,,
RmlnaHROb2RlOjU3MzI1,STRAIGHT,0,182,3539.0,,
RmlnaHROb2RlOjU3MzI1,STRAIGHT,0,-258,45463.0,,
RmlnaHROb2RlOjU3MzIx,STRAIGHT,0,226,62.0,,
RmlnaHROb2RlOjU3MzIx,STRAIGHT,0,-319,42230.0,,
RmlnaHROb2RlOjU3MzI2,STRAIGHT,0,342,52937.0,,
RmlnaHROb2RlOjU3MzI2,STRAIGHT,0,-508,16294.0,,
RmlnaHROb2RlOjU3MzI3,STRAIGHT,0,-164,60034.0,,
RmlnaHROb2RlOjU3MzI3,STRAIGHT,0,122,52059.0,,
RmlnaHROb2RlOjU3MzU4,STRAIGHT,0,-334,52922.0,,
RmlnaHROb2RlOjU3MzU4,STRAIGHT,0,234,51024.0,,
RmlnaHROb2RlOjU3MzEz,STRAIGHT,0,-175,60155.0,,
RmlnaHROb2RlOjU3MzEz,STRAIGHT,0,129,46721.0,,
RmlnaHROb2RlOjU3MzEy,STRAIGHT,0,-188,53440.0,,
RmlnaHROb2RlOjU3MzEy,STRAIGHT,0,148,63880.0,,
RmlnaHROb2RlOjU3MzEx,STRAIGHT,0,-116,8933.0,,
RmlnaHROb2RlOjU3MzEx,STRAIGHT,0,-114,62979.0,,
RmlnaHROb2RlOjU3MzE0,STRAIGHT,0,133,56142.0,,
RmlnaHROb2RlOjU3MzE0,STRAIGHT,0,-163,20538.0,,
RmlnaHROb2RlOjU3NDg3,STRAIGHT,0,217,65112.0,,
RmlnaHROb2RlOjU3NDg3,STRAIGHT,0,-291,1079.0,,
RmlnaHROb2RlOjU3MzA4,STRAIGHT,0,-145,27952.0,,
RmlnaHROb2RlOjU3MzA4,STRAIGHT,0,110,50987.0,,
RmlnaHROb2RlOjU3MzEw,STRAIGHT,0,-133,62797.0,,
RmlnaHROb2RlOjU3MzEw,STRAIGHT,0,102,60156.0,,
RmlnaHROb2RlOjU3MzUx,STRAIGHT,0,-103,29923.0,,
RmlnaHROb2RlOjU3MzUx,STRAIGHT,0,-129,64915.0,,
RmlnaHROb2RlOjU3NzIy,STRAIGHT,0,-498,1131.0,,
RmlnaHROb2RlOjU3NzIy,STRAIGHT,0,340,33452.0,,
RmlnaHROb2RlOjU3NDYy,STRAIGHT,0,-271,2736.0,,
RmlnaHROb2RlOjU3NDYy,STRAIGHT,0,194,54849.0,,
RmlnaHROb2RlOjU3NDYz,STRAIGHT,0,-105,41551.0,,
RmlnaHROb2RlOjU3NDYz,STRAIGHT,0,-125,1776.0,,
RmlnaHROb2RlOjU3NDY0,STRAIGHT,0,-1066,27984.0,,
RmlnaHROb2RlOjU3NDY0,STRAIGHT,0,559,7591.0,,
RmlnaHROb2RlOjU3NDgy,STRAIGHT,0,-211,58802.0,,
RmlnaHROb2RlOjU3NDgy,STRAIGHT,0,154,17865.0,,
RmlnaHROb2RlOjU3NDY4,STRAIGHT,0,382,59120.0,,
RmlnaHROb2RlOjU3NDY4,STRAIGHT,0,-663,36065.0,,
RmlnaHROb2RlOjU3NDg0,STRAIGHT,0,-1126,51717.0,,
RmlnaHROb2RlOjU3NDg0,STRAIGHT,0,602,55072.0,,
RmlnaHROb2RlOjU3NDgz,STRAIGHT,0,101,65100.0,,
RmlnaHROb2RlOjU3NDgz,STRAIGHT,0,-135,52967.0,,
RmlnaHROb2RlOjU3NDY1,STRAIGHT,0,157,36994.0,,
RmlnaHROb2RlOjU3NDY1,STRAIGHT,0,-208,33033.0,,
RmlnaHROb2RlOjU3NDY2,STRAIGHT,0,372,36115.0,,
RmlnaHROb2RlOjU3NDY2,STRAIGHT,0,-574,56771.0,,
RmlnaHROb2RlOjU3NDY5,STRAIGHT,0,109,44371.0,,
RmlnaHROb2RlOjU3NDY5,STRAIGHT,0,-148,41349.0,,
RmlnaHROb2RlOjU3NjQy,STRAIGHT,0,197,46614.0,,
RmlnaHROb2RlOjU3NjQy,STRAIGHT,0,-260,49676.0,,
RmlnaHROb2RlOjU3NjY2,STRAIGHT,0,-772,35217.0,,
RmlnaHROb2RlOjU3NjY2,STRAIGHT,0,493,48580.0,,
RmlnaHROb2RlOjU3MzA0,STRAIGHT,0,169,1965.0,,
RmlnaHROb2RlOjU3MzA0,STRAIGHT,0,-228,35212.0,,
RmlnaHROb2RlOjU3MzA1,STRAIGHT,0,200,43921.0,,
RmlnaHROb2RlOjU3MzA1,STRAIGHT,0,-278,14332.0,,
RmlnaHROb2RlOjU3NTQw,STRAIGHT,0,899,11598.0,,
RmlnaHROb2RlOjU3NTQw,STRAIGHT,0,-2265,54144.0,,
RmlnaHROb2RlOjU4MDkx,STRAIGHT,0,-216,44762.0,,
RmlnaHROb2RlOjU4MDkx,STRAIGHT,0,165,42216.0,,
RmlnaHROb2RlOjU3OTYw,STRAIGHT,0,-562,65458.0,,
RmlnaHROb2RlOjU3OTYw,STRAIGHT,0,361,65457.0,,
RmlnaHROb2RlOjU3NjQz,STRAIGHT,0,-2851,50712.0,,
RmlnaHROb2RlOjU3NjQz,STRAIGHT,0,1152,35583.0,,
RmlnaHROb2RlOjU4MDE3,STRAIGHT,0,-346,2082.0,,
RmlnaHROb2RlOjU4MDE3,STRAIGHT,0,297,35476.0,,
RmlnaHROb2RlOjU3NjQ0,STRAIGHT,0,-449,42807.0,,
RmlnaHROb2RlOjU3NjQ0,STRAIGHT,0,349,54791.0,,
RmlnaHROb2RlOjU3OTA5,STRAIGHT,0,-1879,43922.0,,
RmlnaHROb2RlOjU3OTA5,STRAIGHT,0,792,10526.0,,
RmlnaHROb2RlOjU4MDYw,STRAIGHT,0,-201,42229.0,,
RmlnaHROb2RlOjU4MDYw,STRAIGHT,0,150,48317.0,,
RmlnaHROb2RlOjU4NDkx,STRAIGHT,0,358,44550.0,,
RmlnaHROb2RlOjU4NDkx,STRAIGHT,0,-536,62977.0,,
RmlnaHROb2RlOjU4MDEw,STRAIGHT,0,-175,48946.0,,
RmlnaHROb2RlOjU4MDEw,STRAIGHT,0,138,3467.0,,
RmlnaHROb2RlOjU4MDEx,STRAIGHT,0,-750,1260.0,,
RmlnaHROb2RlOjU4MDEx,STRAIGHT,0,468,35590.0,,
RmlnaHROb2RlOjU4NDkw,STRAIGHT,0,-226,28438.0,,
RmlnaHROb2RlOjU4NDkw,STRAIGHT,0,172,53440.0,,
RmlnaHROb2RlOjU4MDMy,STRAIGHT,0,289,42840.0,,
RmlnaHROb2RlOjU4MDMy,STRAIGHT,0,-406,62979.0,,
RmlnaHROb2RlOjU4MTQ5,STRAIGHT,0,-223,24872.0,,
RmlnaHROb2RlOjU4MTQ5,STRAIGHT,0,172,63880.0,,
RmlnaHROb2RlOjU4MDU5,STRAIGHT,0,-495,62639.0,,
RmlnaHROb2RlOjU4MDU5,STRAIGHT,0,350,65112.0,,
RmlnaHROb2RlOjU4MTYx,STRAIGHT,0,-286,65687.0,,
RmlnaHROb2RlOjU4MTYx,STRAIGHT,0,211,40505.0,,
RmlnaHROb2RlOjU4MDU4,STRAIGHT,0,-206,4900.0,,
RmlnaHROb2RlOjU4MDU4,STRAIGHT,0,151,30073.0,,
RmlnaHROb2RlOjU4MzU5,STRAIGHT,0,129,65844.0,,
RmlnaHROb2RlOjU4MzU5,STRAIGHT,0,-168,28940.0,,
RmlnaHROb2RlOjU3NjM4,STRAIGHT,0,-168,882.0,,
RmlnaHROb2RlOjU3NjM4,STRAIGHT,0,128,1646.0,,
RmlnaHROb2RlOjU4MjQw,STRAIGHT,0,649,2126.0,,
RmlnaHROb2RlOjU4MjQw,STRAIGHT,0,-1309,65735.0,,
RmlnaHROb2RlOjU4MTcx,STRAIGHT,0,158,39446.0,,
RmlnaHROb2RlOjU4MTcx,STRAIGHT,0,-210,51026.0,,
RmlnaHROb2RlOjYzNTIx,STRAIGHT,0,160,33619.0,,
RmlnaHROb2RlOjYzNTIx,STRAIGHT,0,-199,6141.0,,
RmlnaHROb2RlOjU4MzQ1,STRAIGHT,0,-2626,28174.0,,
RmlnaHROb2RlOjU4MzQ1,STRAIGHT,0,1039,58298.0,,
RmlnaHROb2RlOjU3OTk2,STRAIGHT,0,-181,39445.0,,
RmlnaHROb2RlOjU3OTk2,STRAIGHT,0,135,20.0,,
RmlnaHROb2RlOjU4MzQ3,STRAIGHT,0,-374,36945.0,,
RmlnaHROb2RlOjU4MzQ3,STRAIGHT,0,251,49441.0,,
RmlnaHROb2RlOjU4MzU4,STRAIGHT,0,398,65843.0,,
RmlnaHROb2RlOjU4MzU4,STRAIGHT,0,-634,65842.0,,
RmlnaHROb2RlOjU4MzQ2,STRAIGHT,0,612,22973.0,,
RmlnaHROb2RlOjU4MzQ2,STRAIGHT,0,-1125,34054.0,,
RmlnaHROb2RlOjU4MTcy,STRAIGHT,0,260,56295.0,,
RmlnaHROb2RlOjU4MTcy,STRAIGHT,0,-376,35194.0,,
RmlnaHROb2RlOjU4MTgy,STRAIGHT,0,-651,1248.0,,
RmlnaHROb2RlOjU4MTgy,STRAIGHT,0,450,65708.0,,
RmlnaHROb2RlOjU4MzU3,STRAIGHT,0,-119,55875.0,,
RmlnaHROb2RlOjU4MzU3,STRAIGHT,0,-111,65841.0,,
RmlnaHROb2RlOjU4Mjg0,STRAIGHT,0,419,42236.0,,
RmlnaHROb2RlOjU4Mjg0,STRAIGHT,0,-647,1501.0,,
RmlnaHROb2RlOjU4MTk4,STRAIGHT,0,189,8014.0,,
RmlnaHROb2RlOjU4MTk4,STRAIGHT,0,-258,173.0,,
RmlnaHROb2RlOjU4MTI2,STRAIGHT,0,163,16352.0,,
RmlnaHROb2RlOjU4MTI2,STRAIGHT,0,-222,1835.0,,
RmlnaHROb2RlOjU4MzU2,STRAIGHT,0,-176,64340.0,,
RmlnaHROb2RlOjU4MzU2,STRAIGHT,0,133,65840.0,,
RmlnaHROb2RlOjU4Mjg1,STRAIGHT,0,164,11907.0,,
RmlnaHROb2RlOjU4Mjg1,STRAIGHT,0,-227,38081.0,,
RmlnaHROb2RlOjU4MTQy,STRAIGHT,0,-1199,43966.0,,
RmlnaHROb2RlOjU4MTQy,STRAIGHT,0,541,42212.0,,
RmlnaHROb2RlOjU4MjAw,STRAIGHT,0,510,3650.0,,
RmlnaHROb2RlOjU4MjAw,STRAIGHT,0,-826,23981.0,,
RmlnaHROb2RlOjU4Mjg2,STRAIGHT,0,-290,2003.0,,
RmlnaHROb2RlOjU4Mjg2,STRAIGHT,0,212,1079.0,,
RmlnaHROb2RlOjU4MzQ0,STRAIGHT,0,-344,55877.0,,
RmlnaHROb2RlOjU4MzQ0,STRAIGHT,0,252,42807.0,,
RmlnaHROb2RlOjU4MTk5,STRAIGHT,0,324,51587.0,,
RmlnaHROb2RlOjU4MTk5,STRAIGHT,0,-463,2044.0,,
RmlnaHROb2RlOjU4Mjkw,STRAIGHT,0,209,60000.0,,
RmlnaHROb2RlOjU4Mjkw,STRAIGHT,0,-282,65775.0,,
RmlnaHROb2RlOjU4Njgz,STRAIGHT,0,146,66018.0,,
RmlnaHROb2RlOjU4Njgz,STRAIGHT,0,-190,4595.0,,
RmlnaHROb2RlOjU4MDIz,STRAIGHT,0,165,61818.0,,
RmlnaHROb2RlOjU4MDIz,STRAIGHT,0,-223,65574.0,,
RmlnaHROb2RlOjU4NDc3,STRAIGHT,0,-254,49682.0,,
RmlnaHROb2RlOjU4NDc3,STRAIGHT,0,185,63475.0,,
RmlnaHROb2RlOjU4NDc5,STRAIGHT,0,-316,50346.0,,
RmlnaHROb2RlOjU4NDc5,STRAIGHT,0,227,65683.0,,
RmlnaHROb2RlOjU4NDc4,STRAIGHT,0,-120,56662.0,,
RmlnaHROb2RlOjU4NDc4,STRAIGHT,0,-113,65655.0,,
RmlnaHROb2RlOjU4Njg0,STRAIGHT,0,123,66020.0,,
RmlnaHROb2RlOjU4Njg0,STRAIGHT,0,-161,66019.0,,
RmlnaHROb2RlOjU4NDgw,STRAIGHT,0,-2666,49033.0,,
RmlnaHROb2RlOjU4NDgw,STRAIGHT,0,1056,17463.0,,
RmlnaHROb2RlOjU4MTU3,STRAIGHT,0,181,65682.0,,
RmlnaHROb2RlOjU4MTU3,STRAIGHT,0,-251,64911.0,,
RmlnaHROb2RlOjU4OTM5,STRAIGHT,0,-171,3971.0,,
RmlnaHROb2RlOjU4OTM5,STRAIGHT,0,129,66182.0,,
RmlnaHROb2RlOjU4MDk1,STRAIGHT,0,218,62986.0,,
RmlnaHROb2RlOjU4MDk1,STRAIGHT,0,-310,65652.0,,
RmlnaHROb2RlOjU4NDk4,STRAIGHT,0,-122,65915.0,,
RmlnaHROb2RlOjU4NDk4,STRAIGHT,0,-107,65914.0,,
RmlnaHROb2RlOjU4MDk3,STRAIGHT,0,244,49031.0,,
RmlnaHROb2RlOjU4MDk3,STRAIGHT,0,-356,65654.0,,
RmlnaHROb2RlOjU4MDA2,STRAIGHT,0,-162,59073.0,,
RmlnaHROb2RlOjU4MDA2,STRAIGHT,0,123,52932.0,,
RmlnaHROb2RlOjU4NzU4,STRAIGHT,0,144,46617.0,,
RmlnaHROb2RlOjU4NzU4,STRAIGHT,0,-194,2736.0,,
RmlnaHROb2RlOjU4OTc4,STRAIGHT,0,447,65488.0,,
RmlnaHROb2RlOjU4OTc4,STRAIGHT,0,-710,1630.0,,
RmlnaHROb2RlOjU4Nzg4,STRAIGHT,0,-255,66090.0,,
RmlnaHROb2RlOjU4Nzg4,STRAIGHT,0,181,48887.0,,
RmlnaHROb2RlOjU4OTc5,STRAIGHT,0,-101,1670.0,,
RmlnaHROb2RlOjU4OTc5,STRAIGHT,0,-135,41551.0,,
RmlnaHROb2RlOjU4NzYw,STRAIGHT,0,263,36614.0,,
RmlnaHROb2RlOjU4NzYw,STRAIGHT,0,-393,47316.0,,
RmlnaHROb2RlOjU4NzYz,STRAIGHT,0,254,44550.0,,
RmlnaHROb2RlOjU4NzYz,STRAIGHT,0,-368,62978.0,,
RmlnaHROb2RlOjU4NzY0,STRAIGHT,0,-792,10074.0,,
RmlnaHROb2RlOjU4NzY0,STRAIGHT,0,466,59106.0,,
RmlnaHROb2RlOjU4NzYx,STRAIGHT,0,-737,20559.0,,
RmlnaHROb2RlOjU4NzYx,STRAIGHT,0,446,1876.0,,
RmlnaHROb2RlOjU4NzY1,STRAIGHT,0,262,42228.0,,
RmlnaHROb2RlOjU4NzY1,STRAIGHT,0,-386,58302.0,,
RmlnaHROb2RlOjU4NzU5,STRAIGHT,0,-193,59728.0,,
RmlnaHROb2RlOjU4NzU5,STRAIGHT,0,147,60140.0,,
RmlnaHROb2RlOjU4NzY2,STRAIGHT,0,-511,14700.0,,
RmlnaHROb2RlOjU4NzY2,STRAIGHT,0,327,41266.0,,
RmlnaHROb2RlOjU4OTgw,STRAIGHT,0,-791,35583.0,,
RmlnaHROb2RlOjU4OTgw,STRAIGHT,0,463,59120.0,,
RmlnaHROb2RlOjU5Mzk2,STRAIGHT,0,-250,66046.0,,
RmlnaHROb2RlOjU5Mzk2,STRAIGHT,0,184,47618.0,,
RmlnaHROb2RlOjU4ODY4,STRAIGHT,0,-108,45147.0,,
RmlnaHROb2RlOjU4ODY4,STRAIGHT,0,-125,1248.0,,
RmlnaHROb2RlOjU5MDAz,STRAIGHT,0,157,38081.0,,
RmlnaHROb2RlOjU5MDAz,STRAIGHT,0,-209,66205.0,,
RmlnaHROb2RlOjYwMzI5,STRAIGHT,0,332,65115.0,,
RmlnaHROb2RlOjYwMzI5,STRAIGHT,0,-518,35194.0,,
RmlnaHROb2RlOjU5MDc2,STRAIGHT,0,175,41928.0,,
RmlnaHROb2RlOjU5MDc2,STRAIGHT,0,-234,21221.0,,
RmlnaHROb2RlOjU4OTc2,STRAIGHT,0,323,29923.0,,
RmlnaHROb2RlOjU4OTc2,STRAIGHT,0,-483,62797.0,,
RmlnaHROb2RlOjU5MDc1,STRAIGHT,0,-259,65844.0,,
RmlnaHROb2RlOjU5MDc1,STRAIGHT,0,187,7591.0,,
RmlnaHROb2RlOjU5MDg5,STRAIGHT,0,278,66294.0,,
RmlnaHROb2RlOjU5MDg5,STRAIGHT,0,-394,66293.0,,
RmlnaHROb2RlOjYwMzM5,STRAIGHT,0,619,51353.0,,
RmlnaHROb2RlOjYwMzM5,STRAIGHT,0,-1031,67685.0,,
RmlnaHROb2RlOjU5MDAy,STRAIGHT,0,213,66204.0,,
RmlnaHROb2RlOjU5MDAy,STRAIGHT,0,-301,66203.0,,
RmlnaHROb2RlOjYwMzI4,STRAIGHT,0,-2727,28174.0,,
RmlnaHROb2RlOjYwMzI4,STRAIGHT,0,984,31470.0,,
RmlnaHROb2RlOjU4OTMy,STRAIGHT,0,163,1899.0,,
RmlnaHROb2RlOjU4OTMy,STRAIGHT,0,-220,42806.0,,
RmlnaHROb2RlOjU4OTYw,STRAIGHT,0,642,45132.0,,
RmlnaHROb2RlOjU4OTYw,STRAIGHT,0,-1305,54198.0,,
RmlnaHROb2RlOjU4OTU5,STRAIGHT,0,-2334,59314.0,,
RmlnaHROb2RlOjU4OTU5,STRAIGHT,0,953,64843.0,,
RmlnaHROb2RlOjYwNTUx,STRAIGHT,0,-524,43922.0,,
RmlnaHROb2RlOjYwNTUx,STRAIGHT,0,333,39448.0,,
RmlnaHROb2RlOjU5Mzc5,STRAIGHT,0,-510,49725.0,,
RmlnaHROb2RlOjU5Mzc5,STRAIGHT,0,326,36115.0,,
RmlnaHROb2RlOjU4OTU4,STRAIGHT,0,-1526,50712.0,,
RmlnaHROb2RlOjU4OTU4,STRAIGHT,0,705,9115.0,,
RmlnaHROb2RlOjU5Mzc4,STRAIGHT,0,-5999,54144.0,,
RmlnaHROb2RlOjU5Mzc4,STRAIGHT,0,1573,51552.0,,
RmlnaHROb2RlOjU4OTYx,STRAIGHT,0,-198,42832.0,,
RmlnaHROb2RlOjU4OTYx,STRAIGHT,0,148,55875.0,,
RmlnaHROb2RlOjU4OTk5,STRAIGHT,0,387,66199.0,,
RmlnaHROb2RlOjU4OTk5,STRAIGHT,0,-602,65458.0,,
RmlnaHROb2RlOjU5MDAw,STRAIGHT,0,-101,66200.0,,
RmlnaHROb2RlOjU5MDAw,STRAIGHT,0,-131,43533.0,,
RmlnaHROb2RlOjYwNjEw,STRAIGHT,0,110,68112.0,,
RmlnaHROb2RlOjYwNjEw,STRAIGHT,0,-140,3971.0,,
RmlnaHROb2RlOjYwNTcw,STRAIGHT,0,101,56782.0,,
RmlnaHROb2RlOjYwNTcw,STRAIGHT,0,-135,66270.0,,
RmlnaHROb2RlOjU5MDU0,STRAIGHT,0,-139,64909.0,,
RmlnaHROb2RlOjU5MDU0,STRAIGHT,0,104,66269.0,,
RmlnaHROb2RlOjU5Mzc2,STRAIGHT,0,-121,61819.0,,
RmlnaHROb2RlOjU5Mzc2,STRAIGHT,0,-112,57236.0,,
RmlnaHROb2RlOjYwNTY4,STRAIGHT,0,-272,51705.0,,
RmlnaHROb2RlOjYwNTY4,STRAIGHT,0,196,29802.0,,
RmlnaHROb2RlOjU5Mzc0,STRAIGHT,0,-159,3704.0,,
RmlnaHROb2RlOjU5Mzc0,STRAIGHT,0,117,61823.0,,
RmlnaHROb2RlOjU5MDQ0,STRAIGHT,0,-295,56658.0,,
RmlnaHROb2RlOjU5MDQ0,STRAIGHT,0,206,50348.0,,
RmlnaHROb2RlOjYwNjA5,STRAIGHT,0,183,68111.0,,
RmlnaHROb2RlOjYwNjA5,STRAIGHT,0,-255,3727.0,,
RmlnaHROb2RlOjYwNTY5,STRAIGHT,0,-279,52929.0,,
RmlnaHROb2RlOjYwNTY5,STRAIGHT,0,194,59110.0,,
RmlnaHROb2RlOjU5MDU1,STRAIGHT,0,114,4660.0,,
RmlnaHROb2RlOjU5MDU1,STRAIGHT,0,-145,66270.0,,
RmlnaHROb2RlOjU5MDUz,STRAIGHT,0,262,66268.0,,
RmlnaHROb2RlOjU5MDUz,STRAIGHT,0,-392,3981.0,,
RmlnaHROb2RlOjYwNjU2,STRAIGHT,0,306,43339.0,,
RmlnaHROb2RlOjYwNjU2,STRAIGHT,0,-448,2082.0,,
RmlnaHROb2RlOjYwNjY1,STRAIGHT,0,185,68150.0,,
RmlnaHROb2RlOjYwNjY1,STRAIGHT,0,-253,25490.0,,
RmlnaHROb2RlOjYwNjU0,STRAIGHT,0,285,45463.0,,
RmlnaHROb2RlOjYwNjU0,STRAIGHT,0,-433,50233.0,,
RmlnaHROb2RlOjYwNjYx,STRAIGHT,0,-443,55413.0,,
RmlnaHROb2RlOjYwNjYx,STRAIGHT,0,296,63090.0,,
RmlnaHROb2RlOjYwNjU1,STRAIGHT,0,397,48440.0,,
RmlnaHROb2RlOjYwNjU1,STRAIGHT,0,-652,35181.0,,
RmlnaHROb2RlOjYwNjU5,STRAIGHT,0,-149,1441.0,,
RmlnaHROb2RlOjYwNjU5,STRAIGHT,0,113,10695.0,,
RmlnaHROb2RlOjYwNjY2,STRAIGHT,0,-139,68152.0,,
RmlnaHROb2RlOjYwNjY2,STRAIGHT,0,159,49787.0,,
RmlnaHROb2RlOjYwNjYy,STRAIGHT,0,359,57600.0,,
RmlnaHROb2RlOjYwNjYy,STRAIGHT,0,-459,68147.0,,
RmlnaHROb2RlOjYwNjYw,STRAIGHT,0,-214,36824.0,,
RmlnaHROb2RlOjYwNjYw,STRAIGHT,0,160,9959.0,,
RmlnaHROb2RlOjYwNjYz,STRAIGHT,0,-421,68149.0,,
RmlnaHROb2RlOjYwNjYz,STRAIGHT,0,278,68148.0,,
RmlnaHROb2RlOjU4OTU3,STRAIGHT,0,-949,42230.0,,
RmlnaHROb2RlOjU4OTU3,STRAIGHT,0,521,49033.0,,
RmlnaHROb2RlOjU5Mzky,STRAIGHT,0,-490,17875.0,,
RmlnaHROb2RlOjU5Mzky,STRAIGHT,0,318,47127.0,,
RmlnaHROb2RlOjU5Mzcx,STRAIGHT,0,-223,5206.0,,
RmlnaHROb2RlOjU5Mzcx,STRAIGHT,0,162,18817.0,,
RmlnaHROb2RlOjU5NTcw,STRAIGHT,0,-103,66472.0,,
RmlnaHROb2RlOjU5NTcw,STRAIGHT,0,-129,66473.0,,
RmlnaHROb2RlOjU5Mzkz,STRAIGHT,0,-127,27091.0,,
RmlnaHROb2RlOjU5Mzkz,STRAIGHT,0,-105,66423.0,,
RmlnaHROb2RlOjU5NTcx,STRAIGHT,0,-166,66475.0,,
RmlnaHROb2RlOjU5NTcx,STRAIGHT,0,132,66474.0,,
RmlnaHROb2RlOjU5Mzcw,STRAIGHT,0,274,1178.0,,
RmlnaHROb2RlOjU5Mzcw,STRAIGHT,0,-400,3915.0,,
RmlnaHROb2RlOjU5NTY5,STRAIGHT,0,-4090,66470.0,,
RmlnaHROb2RlOjU5NTY5,STRAIGHT,0,1059,66471.0,,
RmlnaHROb2RlOjU5MDc0,STRAIGHT,0,-125,64346.0,,
RmlnaHROb2RlOjU5MDc0,STRAIGHT,0,-107,31683.0,,
RmlnaHROb2RlOjYwOTU4,STRAIGHT,0,-532,31252.0,,
RmlnaHROb2RlOjYwOTU4,STRAIGHT,0,409,16639.0,,
RmlnaHROb2RlOjYwOTU3,STRAIGHT,0,-116,138.0,,
RmlnaHROb2RlOjYwOTU3,STRAIGHT,0,-114,51720.0,,
RmlnaHROb2RlOjYwOTUy,STRAIGHT,0,-110,7271.0,,
RmlnaHROb2RlOjYwOTUy,STRAIGHT,0,-125,173.0,,
RmlnaHROb2RlOjYwOTUz,STRAIGHT,0,644,41551.0,,
RmlnaHROb2RlOjYwOTUz,STRAIGHT,0,-1279,50275.0,,
RmlnaHROb2RlOjYwOTU5,STRAIGHT,0,222,22980.0,,
RmlnaHROb2RlOjYwOTU5,STRAIGHT,0,-315,41349.0,,
RmlnaHROb2RlOjYwOTU1,STRAIGHT,0,153,22973.0,,
RmlnaHROb2RlOjYwOTU1,STRAIGHT,0,-204,8759.0,,
RmlnaHROb2RlOjYwOTg1,STRAIGHT,0,197,9354.0,,
RmlnaHROb2RlOjYwOTg1,STRAIGHT,0,-277,33621.0,,
RmlnaHROb2RlOjYwOTU0,STRAIGHT,0,-202,11608.0,,
RmlnaHROb2RlOjYwOTU0,STRAIGHT,0,152,48937.0,,
RmlnaHROb2RlOjYwOTYw,STRAIGHT,0,183,35590.0,,
RmlnaHROb2RlOjYwOTYw,STRAIGHT,0,-254,306.0,,
RmlnaHROb2RlOjYwOTU2,STRAIGHT,0,-139,60139.0,,
RmlnaHROb2RlOjYwOTU2,STRAIGHT,0,103,20672.0,,
RmlnaHROb2RlOjYxMTMw,STRAIGHT,0,-268,68529.0,,
RmlnaHROb2RlOjYxMTMw,STRAIGHT,0,191,40446.0,,
RmlnaHROb2RlOjU5NTY0,STRAIGHT,0,-137,66465.0,,
RmlnaHROb2RlOjU5NTY0,STRAIGHT,0,104,59114.0,,
RmlnaHROb2RlOjYxMTI4,STRAIGHT,0,-201,64345.0,,
RmlnaHROb2RlOjYxMTI4,STRAIGHT,0,150,68527.0,,
RmlnaHROb2RlOjYxMTI5,STRAIGHT,0,197,68528.0,,
RmlnaHROb2RlOjYxMTI5,STRAIGHT,0,-272,36856.0,,
RmlnaHROb2RlOjYxMTAw,STRAIGHT,0,204,62987.0,,
RmlnaHROb2RlOjYxMTAw,STRAIGHT,0,-281,59113.0,,
RmlnaHROb2RlOjYwOTcy,STRAIGHT,0,-777,989.0,,
RmlnaHROb2RlOjYwOTcy,STRAIGHT,0,456,47313.0,,
RmlnaHROb2RlOjU5NTY2,STRAIGHT,0,-196,66468.0,,
RmlnaHROb2RlOjU5NTY2,STRAIGHT,0,148,66467.0,,
RmlnaHROb2RlOjU5NTM4,STRAIGHT,0,-126,55418.0,,
RmlnaHROb2RlOjU5NTM4,STRAIGHT,0,-106,55412.0,,
RmlnaHROb2RlOjU5NTM3,STRAIGHT,0,229,29405.0,,
RmlnaHROb2RlOjU5NTM3,STRAIGHT,0,-332,56903.0,,
RmlnaHROb2RlOjU5MDUw,STRAIGHT,0,-164,66267.0,,
RmlnaHROb2RlOjU5MDUw,STRAIGHT,0,125,18382.0,,
RmlnaHROb2RlOjU5NTY1,STRAIGHT,0,-395,66466.0,,
RmlnaHROb2RlOjU5NTY1,STRAIGHT,0,275,2126.0,,
RmlnaHROb2RlOjU5NTM1,STRAIGHT,0,169,20757.0,,
RmlnaHROb2RlOjU5NTM1,STRAIGHT,0,-228,59108.0,,
RmlnaHROb2RlOjYwNjAz,STRAIGHT,0,-290,54849.0,,
RmlnaHROb2RlOjYwNjAz,STRAIGHT,0,215,36065.0,,
RmlnaHROb2RlOjYxMjEx,STRAIGHT,0,-280,54145.0,,
RmlnaHROb2RlOjYxMjEx,STRAIGHT,0,202,52922.0,,
RmlnaHROb2RlOjYwMjA5,STRAIGHT,0,-627,56771.0,,
RmlnaHROb2RlOjYwMjA5,STRAIGHT,0,405,10526.0,,
RmlnaHROb2RlOjYwMjA4,STRAIGHT,0,-142,42235.0,,
RmlnaHROb2RlOjYwMjA4,STRAIGHT,0,104,33525.0,,
RmlnaHROb2RlOjYwNjIx,STRAIGHT,0,-189,66415.0,,
RmlnaHROb2RlOjYwNjIx,STRAIGHT,0,144,68136.0,,
RmlnaHROb2RlOjYwMjEw,STRAIGHT,0,-184,11809.0,,
RmlnaHROb2RlOjYwMjEw,STRAIGHT,0,138,38572.0,,
RmlnaHROb2RlOjYwMjI0,STRAIGHT,0,-137,67586.0,,
RmlnaHROb2RlOjYwMjI0,STRAIGHT,0,102,21552.0,,
RmlnaHROb2RlOjYwMjA2,STRAIGHT,0,154,14700.0,,
RmlnaHROb2RlOjYwMjA2,STRAIGHT,0,-207,34144.0,,
RmlnaHROb2RlOjYwMjA1,STRAIGHT,0,131,33033.0,,
RmlnaHROb2RlOjYwMjA1,STRAIGHT,0,-174,35212.0,,
RmlnaHROb2RlOjYwMjA3,STRAIGHT,0,506,61787.0,,
RmlnaHROb2RlOjYwMjA3,STRAIGHT,0,-904,45128.0,,
RmlnaHROb2RlOjYwOTQz,STRAIGHT,0,-195,29379.0,,
RmlnaHROb2RlOjYwOTQz,STRAIGHT,0,153,67479.0,,
RmlnaHROb2RlOjYxMDk3,STRAIGHT,0,-505,31193.0,,
RmlnaHROb2RlOjYxMDk3,STRAIGHT,0,341,30073.0,,
RmlnaHROb2RlOjYxNDA4,STRAIGHT,0,150,16919.0,,
RmlnaHROb2RlOjYxNDA4,STRAIGHT,0,-193,59312.0,,
RmlnaHROb2RlOjYxMDk4,STRAIGHT,0,-307,16628.0,,
RmlnaHROb2RlOjYxMDk4,STRAIGHT,0,229,45621.0,,
RmlnaHROb2RlOjYwOTQw,STRAIGHT,0,-594,28330.0,,
RmlnaHROb2RlOjYwOTQw,STRAIGHT,0,404,3650.0,,
RmlnaHROb2RlOjYxNDQx,STRAIGHT,0,-103,21443.0,,
RmlnaHROb2RlOjYxNDQx,STRAIGHT,0,-132,1965.0,,
RmlnaHROb2RlOjYxMTI2,STRAIGHT,0,-102,45021.0,,
RmlnaHROb2RlOjYxMTI2,STRAIGHT,0,-128,68525.0,,
RmlnaHROb2RlOjYwMzA4,STRAIGHT,0,100,67652.0,,
RmlnaHROb2RlOjYwMzA4,STRAIGHT,0,-128,1965.0,,
RmlnaHROb2RlOjYxMTI1,STRAIGHT,0,-333,68524.0,,
RmlnaHROb2RlOjYxMTI1,STRAIGHT,0,275,48394.0,,
RmlnaHROb2RlOjYwOTQy,STRAIGHT,0,120,1806.0,,
RmlnaHROb2RlOjYwOTQy,STRAIGHT,0,-152,11005.0,,
RmlnaHROb2RlOjYwOTcx,STRAIGHT,0,227,68349.0,,
RmlnaHROb2RlOjYwOTcx,STRAIGHT,0,-311,33056.0,,
RmlnaHROb2RlOjYxNzY0,STRAIGHT,0,-134,62978.0,,
RmlnaHROb2RlOjYxNzY0,STRAIGHT,0,107,56142.0,,
RmlnaHROb2RlOjYyMDY4,STRAIGHT,0,117,52967.0,,
RmlnaHROb2RlOjYyMDY4,STRAIGHT,0,-153,31593.0,,
RmlnaHROb2RlOjYyMDY5,STRAIGHT,0,793,24746.0,,
RmlnaHROb2RlOjYyMDY5,STRAIGHT,0,-1428,69453.0,,
RmlnaHROb2RlOjYxNzYy,STRAIGHT,0,-123,42236.0,,
RmlnaHROb2RlOjYxNzYy,STRAIGHT,0,-109,1670.0,,
RmlnaHROb2RlOjYxNzYz,STRAIGHT,0,-189,58302.0,,
RmlnaHROb2RlOjYxNzYz,STRAIGHT,0,147,41266.0,,
RmlnaHROb2RlOjYxODcx,STRAIGHT,0,416,69360.0,,
RmlnaHROb2RlOjYxODcx,STRAIGHT,0,-599,66090.0,,
RmlnaHROb2RlOjYyMTMy,STRAIGHT,0,525,41928.0,,
RmlnaHROb2RlOjYyMTMy,STRAIGHT,0,-705,1670.0,,
RmlnaHROb2RlOjYxNzYx,STRAIGHT,0,136,29709.0,,
RmlnaHROb2RlOjYxNzYx,STRAIGHT,0,-175,35583.0,,
RmlnaHROb2RlOjYxMDk2,STRAIGHT,0,-597,11038.0,,
RmlnaHROb2RlOjYxMDk2,STRAIGHT,0,443,1630.0,,
RmlnaHROb2RlOjYyMDY3,STRAIGHT,0,-663,20559.0,,
RmlnaHROb2RlOjYyMDY3,STRAIGHT,0,466,16294.0,,
RmlnaHROb2RlOjYxMjE3,STRAIGHT,0,175,24900.0,,
RmlnaHROb2RlOjYxMjE3,STRAIGHT,0,-234,1120.0,,
RmlnaHROb2RlOjYxMTc1,STRAIGHT,0,323,9494.0,,
RmlnaHROb2RlOjYxMTc1,STRAIGHT,0,-472,2003.0,,
RmlnaHROb2RlOjYxNzUy,STRAIGHT,0,-923,2041.0,,
RmlnaHROb2RlOjYxNzUy,STRAIGHT,0,550,61553.0,,
RmlnaHROb2RlOjYxMjE2,STRAIGHT,0,-299,43966.0,,
RmlnaHROb2RlOjYxMjE2,STRAIGHT,0,217,51587.0,,
RmlnaHROb2RlOjYxMzIz,STRAIGHT,0,422,7591.0,,
RmlnaHROb2RlOjYxMzIz,STRAIGHT,0,-655,29982.0,,
RmlnaHROb2RlOjYxMjE4,STRAIGHT,0,234,63881.0,,
RmlnaHROb2RlOjYxMjE4,STRAIGHT,0,-332,11958.0,,
RmlnaHROb2RlOjYxMjE5,STRAIGHT,0,-292,65775.0,,
RmlnaHROb2RlOjYxMjE5,STRAIGHT,0,214,64872.0,,
RmlnaHROb2RlOjYxMjQx,STRAIGHT,0,-248,68597.0,,
RmlnaHROb2RlOjYxMjQx,STRAIGHT,0,181,52937.0,,
RmlnaHROb2RlOjYxMjE1,STRAIGHT,0,486,56295.0,,
RmlnaHROb2RlOjYxMjE1,STRAIGHT,0,-810,2044.0,,
RmlnaHROb2RlOjYxMjE0,STRAIGHT,0,-1639,1501.0,,
RmlnaHROb2RlOjYxMjE0,STRAIGHT,0,850,59725.0,,
RmlnaHROb2RlOjYxNzUz,STRAIGHT,0,391,62979.0,,
RmlnaHROb2RlOjYxNzUz,STRAIGHT,0,-611,7869.0,,
RmlnaHROb2RlOjYxMjEz,STRAIGHT,0,-317,23981.0,,
RmlnaHROb2RlOjYxMjEz,STRAIGHT,0,229,42234.0,,
RmlnaHROb2RlOjYyNDEz,STRAIGHT,0,105,27952.0,,
RmlnaHROb2RlOjYyNDEz,STRAIGHT,0,-138,69770.0,,
RmlnaHROb2RlOjYyMzM2,STRAIGHT,0,283,50350.0,,
RmlnaHROb2RlOjYyMzM2,STRAIGHT,0,-401,41263.0,,
RmlnaHROb2RlOjYxNDY1,STRAIGHT,0,-146,64915.0,,
RmlnaHROb2RlOjYxNDY1,STRAIGHT,0,110,68833.0,,
RmlnaHROb2RlOjYyMDg4,STRAIGHT,0,-321,48317.0,,
RmlnaHROb2RlOjYyMDg4,STRAIGHT,0,227,22650.0,,
RmlnaHROb2RlOjYxNzgy,STRAIGHT,0,-477,48887.0,,
RmlnaHROb2RlOjYxNzgy,STRAIGHT,0,342,15312.0,,
RmlnaHROb2RlOjYyMDg3,STRAIGHT,0,-104,69451.0,,
RmlnaHROb2RlOjYyMDg3,STRAIGHT,0,-124,69452.0,,
RmlnaHROb2RlOjYxNDQ5,STRAIGHT,0,-258,45723.0,,
RmlnaHROb2RlOjYxNDQ5,STRAIGHT,0,190,2188.0,,
RmlnaHROb2RlOjYyMzg2,STRAIGHT,0,-1493,3240.0,,
RmlnaHROb2RlOjYyMzg2,STRAIGHT,0,717,10137.0,,
RmlnaHROb2RlOjYxNzU3,STRAIGHT,0,241,28152.0,,
RmlnaHROb2RlOjYxNzU3,STRAIGHT,0,-335,66415.0,,
RmlnaHROb2RlOjYxNTcy,STRAIGHT,0,-148,68913.0,,
RmlnaHROb2RlOjYxNTcy,STRAIGHT,0,114,33452.0,,
RmlnaHROb2RlOjYxNDY0,STRAIGHT,0,612,65155.0,,
RmlnaHROb2RlOjYxNDY0,STRAIGHT,0,-1021,68832.0,,
RmlnaHROb2RlOjYxNTMy,STRAIGHT,0,-200,21742.0,,
RmlnaHROb2RlOjYxNTMy,STRAIGHT,0,159,1051.0,,
RmlnaHROb2RlOjYyMTY4,STRAIGHT,0,-269,10.0,,
RmlnaHROb2RlOjYyMTY4,STRAIGHT,0,196,6096.0,,
RmlnaHROb2RlOjYyNDk2,STRAIGHT,0,-129,69824.0,,
RmlnaHROb2RlOjYyNDk2,STRAIGHT,0,100,69823.0,,
RmlnaHROb2RlOjYyNDg5,STRAIGHT,0,-241,49029.0,,
RmlnaHROb2RlOjYyNDg5,STRAIGHT,0,185,69812.0,,
RmlnaHROb2RlOjYyNDkz,STRAIGHT,0,-141,69819.0,,
RmlnaHROb2RlOjYyNDkz,STRAIGHT,0,108,50344.0,,
RmlnaHROb2RlOjYyNDk0,STRAIGHT,0,-266,69820.0,,
RmlnaHROb2RlOjYyNDk0,STRAIGHT,0,201,62984.0,,
RmlnaHROb2RlOjYyNDg3,STRAIGHT,0,-125,62985.0,,
RmlnaHROb2RlOjYyNDg3,STRAIGHT,0,-104,50241.0,,
RmlnaHROb2RlOjYyNDg2,STRAIGHT,0,148,64909.0,,
RmlnaHROb2RlOjYyNDg2,STRAIGHT,0,-185,1770.0,,
RmlnaHROb2RlOjYyNDkx,STRAIGHT,0,117,69815.0,,
RmlnaHROb2RlOjYyNDkx,STRAIGHT,0,-150,69816.0,,
RmlnaHROb2RlOjYyNDkw,STRAIGHT,0,157,69814.0,,
RmlnaHROb2RlOjYyNDkw,STRAIGHT,0,-202,69813.0,,
RmlnaHROb2RlOjYyNDky,STRAIGHT,0,-176,69817.0,,
RmlnaHROb2RlOjYyNDky,STRAIGHT,0,144,69818.0,,
RmlnaHROb2RlOjYyNDg4,STRAIGHT,0,478,64348.0,,
RmlnaHROb2RlOjYyNDg4,STRAIGHT,0,-778,27786.0,,
RmlnaHROb2RlOjYyNDg1,STRAIGHT,0,-574,47569.0,,
RmlnaHROb2RlOjYyNDg1,STRAIGHT,0,380,47034.0,,
RmlnaHROb2RlOjYyNDg0,STRAIGHT,0,-257,43965.0,,
RmlnaHROb2RlOjYyNDg0,STRAIGHT,0,195,47574.0,,
RmlnaHROb2RlOjYyMDQx,STRAIGHT,0,-381,44762.0,,
RmlnaHROb2RlOjYyMDQx,STRAIGHT,0,263,1260.0,,
RmlnaHROb2RlOjYxMjk0,STRAIGHT,0,-3076,54144.0,,
RmlnaHROb2RlOjYxMjk0,STRAIGHT,0,985,13845.0,,
RmlnaHROb2RlOjYxNDQ1,STRAIGHT,0,121,49676.0,,
RmlnaHROb2RlOjYxNDQ1,STRAIGHT,0,-159,55877.0,,
RmlnaHROb2RlOjYyMDQ4,STRAIGHT,0,240,44550.0,,
RmlnaHROb2RlOjYyMDQ4,STRAIGHT,0,-352,49725.0,,
RmlnaHROb2RlOjYyMDQ2,STRAIGHT,0,-134,59962.0,,
RmlnaHROb2RlOjYyMDQ2,STRAIGHT,0,102,6017.0,,
RmlnaHROb2RlOjYyMDQ3,STRAIGHT,0,-772,43921.0,,
RmlnaHROb2RlOjYyMDQ3,STRAIGHT,0,503,8777.0,,
RmlnaHROb2RlOjYxNzQ1,STRAIGHT,0,-412,35217.0,,
RmlnaHROb2RlOjYxNzQ1,STRAIGHT,0,272,42238.0,,
RmlnaHROb2RlOjYyMDQy,STRAIGHT,0,443,45132.0,,
RmlnaHROb2RlOjYyMDQy,STRAIGHT,0,-759,50712.0,,
RmlnaHROb2RlOjYyMDQz,STRAIGHT,0,-249,42806.0,,
RmlnaHROb2RlOjYyMDQz,STRAIGHT,0,181,17879.0,,
RmlnaHROb2RlOjYyMDQ1,STRAIGHT,0,204,45465.0,,
RmlnaHROb2RlOjYyMDQ1,STRAIGHT,0,-286,59314.0,,
RmlnaHROb2RlOjYyMDQ0,STRAIGHT,0,357,68596.0,,
RmlnaHROb2RlOjYyMDQ0,STRAIGHT,0,-584,6254.0,,
RmlnaHROb2RlOjYxNzQ2,STRAIGHT,0,177,60156.0,,
RmlnaHROb2RlOjYxNzQ2,STRAIGHT,0,-236,43920.0,,
RmlnaHROb2RlOjYyNDA0,STRAIGHT,0,-164,29923.0,,
RmlnaHROb2RlOjYyNDA0,STRAIGHT,0,124,66205.0,,
RmlnaHROb2RlOjYzMjI1,STRAIGHT,0,-313,844.0,,
RmlnaHROb2RlOjYzMjI1,STRAIGHT,0,226,30073.0,,
RmlnaHROb2RlOjYzMjI2,STRAIGHT,0,438,9354.0,,
RmlnaHROb2RlOjYzMjI2,STRAIGHT,0,-681,65841.0,,
RmlnaHROb2RlOjYyMzUx,STRAIGHT,0,251,69705.0,,
RmlnaHROb2RlOjYyMzUx,STRAIGHT,0,-353,66203.0,,
RmlnaHROb2RlOjYyMzI3,STRAIGHT,0,248,1887.0,,
RmlnaHROb2RlOjYyMzI3,STRAIGHT,0,-351,66046.0,,
RmlnaHROb2RlOjYyMzI0,STRAIGHT,0,189,53440.0,,
RmlnaHROb2RlOjYyMzI0,STRAIGHT,0,-255,1248.0,,
RmlnaHROb2RlOjYzMjI0,STRAIGHT,0,936,44850.0,,
RmlnaHROb2RlOjYzMjI0,STRAIGHT,0,-2406,28174.0,,
RmlnaHROb2RlOjYyMzI1,STRAIGHT,0,534,52059.0,,
RmlnaHROb2RlOjYyMzI1,STRAIGHT,0,-964,55053.0,,
RmlnaHROb2RlOjYyMzEw,STRAIGHT,0,-242,39446.0,,
RmlnaHROb2RlOjYyMzEw,STRAIGHT,0,181,51024.0,,
RmlnaHROb2RlOjYzODQw,STRAIGHT,0,200,22973.0,,
RmlnaHROb2RlOjYzODQw,STRAIGHT,0,-275,3467.0,,
RmlnaHROb2RlOjYzMjE4,STRAIGHT,0,261,30535.0,,
RmlnaHROb2RlOjYzMjE4,STRAIGHT,0,-369,67515.0,,
RmlnaHROb2RlOjYyNDM4,STRAIGHT,0,254,69773.0,,
RmlnaHROb2RlOjYyNDM4,STRAIGHT,0,-358,49684.0,,
RmlnaHROb2RlOjYyMzA5,STRAIGHT,0,-380,62797.0,,
RmlnaHROb2RlOjYyMzA5,STRAIGHT,0,262,36994.0,,
RmlnaHROb2RlOjYzODQy,STRAIGHT,0,225,65115.0,,
RmlnaHROb2RlOjYzODQy,STRAIGHT,0,-333,44849.0,,
RmlnaHROb2RlOjYyMzEx,STRAIGHT,0,350,60000.0,,
RmlnaHROb2RlOjYyMzEx,STRAIGHT,0,-537,33049.0,,
RmlnaHROb2RlOjYyMzEy,STRAIGHT,0,265,60140.0,,
RmlnaHROb2RlOjYyMzEy,STRAIGHT,0,-339,63880.0,,
RmlnaHROb2RlOjYzODQz,STRAIGHT,0,225,10137.0,,
RmlnaHROb2RlOjYzODQz,STRAIGHT,0,-333,63880.0,,
RmlnaHROb2RlOjYzNzA3,STRAIGHT,0,269,20915.0,,
RmlnaHROb2RlOjYzNzA3,STRAIGHT,0,-344,44849.0,,
RmlnaHROb2RlOjYyNzQ1,STRAIGHT,0,114,33619.0,,
RmlnaHROb2RlOjYyNzQ1,STRAIGHT,0,-147,67479.0,,
RmlnaHROb2RlOjYyMzA4,STRAIGHT,0,273,1835.0,,
RmlnaHROb2RlOjYyMzA4,STRAIGHT,0,-388,44855.0,,
RmlnaHROb2RlOjYzOTI4,STRAIGHT,0,284,56295.0,,
RmlnaHROb2RlOjYzOTI4,STRAIGHT,0,-430,58554.0,,
RmlnaHROb2RlOjYzMjE2,STRAIGHT,0,109,33033.0,,
RmlnaHROb2RlOjYzMjE2,STRAIGHT,0,-150,63299.0,,
RmlnaHROb2RlOjYzMjEz,STRAIGHT,0,147,28438.0,,
RmlnaHROb2RlOjYzMjEz,STRAIGHT,0,-205,63104.0,,
RmlnaHROb2RlOjYzMjEy,STRAIGHT,0,227,65100.0,,
RmlnaHROb2RlOjYzMjEy,STRAIGHT,0,-337,63102.0,,
RmlnaHROb2RlOjYzMjEx,STRAIGHT,0,176,52922.0,,
RmlnaHROb2RlOjYzMjEx,STRAIGHT,0,-252,63099.0,,
RmlnaHROb2RlOjYzMjE0,STRAIGHT,0,-119,38081.0,,
RmlnaHROb2RlOjYzMjE0,STRAIGHT,0,-114,69360.0,,
RmlnaHROb2RlOjYzMzk4,STRAIGHT,0,-579,54282.0,,
RmlnaHROb2RlOjYzMzk4,STRAIGHT,0,349,70212.0,,
RmlnaHROb2RlOjYzMjE1,STRAIGHT,0,330,63893.0,,
RmlnaHROb2RlOjYzMjE1,STRAIGHT,0,-549,63879.0,,
RmlnaHROb2RlOjYzOTgy,STRAIGHT,0,-537,58556.0,,
RmlnaHROb2RlOjYzOTgy,STRAIGHT,0,324,4572.0,,
RmlnaHROb2RlOjYzOTI3,STRAIGHT,0,-445,59320.0,,
RmlnaHROb2RlOjYzOTI3,STRAIGHT,0,278,8014.0,,
RmlnaHROb2RlOjYzOTYx,STRAIGHT,0,296,3652.0,,
RmlnaHROb2RlOjYzOTYx,STRAIGHT,0,-450,70591.0,,
RmlnaHROb2RlOjY2MDM1,STRAIGHT,0,-179,71214.0,,
RmlnaHROb2RlOjY2MDM1,STRAIGHT,0,140,71213.0,,
RmlnaHROb2RlOjYzOTY1,STRAIGHT,0,-330,55926.0,,
RmlnaHROb2RlOjYzOTY1,STRAIGHT,0,236,70597.0,,
RmlnaHROb2RlOjYzOTY0,STRAIGHT,0,-693,59108.0,,
RmlnaHROb2RlOjYzOTY0,STRAIGHT,0,428,70596.0,,
RmlnaHROb2RlOjYzOTE5,STRAIGHT,0,231,55410.0,,
RmlnaHROb2RlOjYzOTE5,STRAIGHT,0,-321,15800.0,,
RmlnaHROb2RlOjYzOTYz,STRAIGHT,0,-212,70594.0,,
RmlnaHROb2RlOjYzOTYz,STRAIGHT,0,162,70595.0,,
RmlnaHROb2RlOjY2MDMz,STRAIGHT,0,-281,66469.0,,
RmlnaHROb2RlOjY2MDMz,STRAIGHT,0,206,71211.0,,
RmlnaHROb2RlOjYzOTE4,STRAIGHT,0,299,22479.0,,
RmlnaHROb2RlOjYzOTE4,STRAIGHT,0,-450,8282.0,,
RmlnaHROb2RlOjYzOTYy,STRAIGHT,0,-463,70592.0,,
RmlnaHROb2RlOjYzOTYy,STRAIGHT,0,311,70593.0,,
RmlnaHROb2RlOjYzOTEx,STRAIGHT,0,1097,13845.0,,
RmlnaHROb2RlOjYzOTEx,STRAIGHT,0,-3261,54144.0,,
RmlnaHROb2RlOjY1ODEx,STRAIGHT,0,-906,43922.0,,
RmlnaHROb2RlOjY1ODEx,STRAIGHT,0,503,50348.0,,
RmlnaHROb2RlOjYzOTEz,STRAIGHT,0,-996,50356.0,,
RmlnaHROb2RlOjYzOTEz,STRAIGHT,0,517,63438.0,,
RmlnaHROb2RlOjY1ODEz,STRAIGHT_LIVE,0,-370,,,
RmlnaHROb2RlOjY1ODEz,STRAIGHT,0,-364,11910.0,,
RmlnaHROb2RlOjY1ODEz,STRAIGHT,0,252,35583.0,,
RmlnaHROb2RlOjY1ODEz,STRAIGHT_LIVE,0,233,35583.0,,
RmlnaHROb2RlOjYzOTEy,STRAIGHT,0,-860,54198.0,,
RmlnaHROb2RlOjYzOTEy,STRAIGHT,0,511,54791.0,,
RmlnaHROb2RlOjYzOTQ5,STRAIGHT,0,427,70588.0,,
RmlnaHROb2RlOjYzOTQ5,STRAIGHT,0,-701,69453.0,,
RmlnaHROb2RlOjY1ODEy,STRAIGHT,0,117,37501.0,,
RmlnaHROb2RlOjY1ODEy,STRAIGHT,0,-150,36994.0,,
RmlnaHROb2RlOjYzOTQ4,STRAIGHT,0,-5091,1294.0,,
RmlnaHROb2RlOjYzOTQ4,STRAIGHT,0,1353,70587.0,,
RmlnaHROb2RlOjY3OTI0,STRAIGHT,0,608,69773.0,,
RmlnaHROb2RlOjY3OTI0,STRAIGHT,0,-1183,65458.0,,
RmlnaHROb2RlOjY3OTI1,STRAIGHT,0,684,62978.0,,
RmlnaHROb2RlOjY3OTI1,STRAIGHT,0,-1526,66200.0,,
RmlnaHROb2RlOjY1ODE0,STRAIGHT,0,183,44371.0,,
RmlnaHROb2RlOjY1ODE0,STRAIGHT,0,-247,59729.0,,
RmlnaHROb2RlOjY1ODAy,STRAIGHT,0,-111,56658.0,,
RmlnaHROb2RlOjY1ODAy,STRAIGHT,0,-118,65655.0,,
RmlnaHROb2RlOjY1NTg2,STRAIGHT,0,-256,71074.0,,
RmlnaHROb2RlOjY1NTg2,STRAIGHT,0,187,71075.0,,
RmlnaHROb2RlOjY1NTg3,STRAIGHT,0,176,71076.0,,
RmlnaHROb2RlOjY1NTg3,STRAIGHT,0,-243,17875.0,,
RmlnaHROb2RlOjY1NTIz,STRAIGHT,0,194,51707.0,,
RmlnaHROb2RlOjY1NTIz,STRAIGHT,0,-269,66465.0,,
RmlnaHROb2RlOjY1ODA2,STRAIGHT,0,103,68111.0,,
RmlnaHROb2RlOjY1ODA2,STRAIGHT,0,-139,65915.0,,
RmlnaHROb2RlOjY1ODA0,STRAIGHT,0,-118,52928.0,,
RmlnaHROb2RlOjY1ODA0,STRAIGHT,0,-110,56785.0,,
RmlnaHROb2RlOjY1ODA1,STRAIGHT,0,-289,66269.0,,
RmlnaHROb2RlOjY1ODA1,STRAIGHT,0,201,61819.0,,
RmlnaHROb2RlOjY2MDIz,STRAIGHT,0,-402,51705.0,,
RmlnaHROb2RlOjY2MDIz,STRAIGHT,0,275,71201.0,,
RmlnaHROb2RlOjY1ODAz,STRAIGHT,0,-223,52929.0,,
RmlnaHROb2RlOjY1ODAz,STRAIGHT,0,159,66019.0,,
RmlnaHROb2RlOjY2MDI0,STRAIGHT,0,160,71202.0,,
RmlnaHROb2RlOjY2MDI0,STRAIGHT,0,-216,65654.0,,
RmlnaHROb2RlOjY5MjU1,STRAIGHT,0,183,64909.0,,
RmlnaHROb2RlOjY5MjU1,STRAIGHT,0,-250,66424.0,,
RmlnaHROb2RlOjY0ODQ3,STRAIGHT,0,273,882.0,,
RmlnaHROb2RlOjY0ODQ3,STRAIGHT,0,-407,10893.0,,
RmlnaHROb2RlOjY0ODQ4,STRAIGHT,0,-115,14332.0,,
RmlnaHROb2RlOjY0ODQ4,STRAIGHT,0,-116,31683.0,,
RmlnaHROb2RlOjY5NDUz,STRAIGHT,0,316,64872.0,,
RmlnaHROb2RlOjY5NDUz,STRAIGHT,0,-487,36929.0,,
RmlnaHROb2RlOjY5NDk1,STRAIGHT,0,409,72765.0,,
RmlnaHROb2RlOjY5NDk1,STRAIGHT,0,-680,64457.0,,
RmlnaHROb2RlOjY3NjA3,STRAIGHT,0,-250,28940.0,,
RmlnaHROb2RlOjY3NjA3,STRAIGHT,0,172,62292.0,,
RmlnaHROb2RlOjY5NDU2,STRAIGHT,0,-140,20659.0,,
RmlnaHROb2RlOjY5NDU2,STRAIGHT,0,104,65841.0,,
RmlnaHROb2RlOjY1NDEz,STRAIGHT,0,225,640.0,,
RmlnaHROb2RlOjY1NDEz,STRAIGHT,0,-325,62.0,,
RmlnaHROb2RlOjY3NjA0,STRAIGHT,0,-334,20583.0,,
RmlnaHROb2RlOjY3NjA0,STRAIGHT,0,229,7726.0,,
RmlnaHROb2RlOjY5NDU0,STRAIGHT,0,-375,21221.0,,
RmlnaHROb2RlOjY5NDU0,STRAIGHT,0,250,6585.0,,
RmlnaHROb2RlOjY5NDU1,STRAIGHT,0,207,69770.0,,
RmlnaHROb2RlOjY5NDU1,STRAIGHT,0,-293,23153.0,,
RmlnaHROb2RlOjY5NDky,STRAIGHT,0,149,46614.0,,
RmlnaHROb2RlOjY5NDky,STRAIGHT,0,-196,72762.0,,
RmlnaHROb2RlOjY1Nzk5,STRAIGHT,0,-341,36406.0,,
RmlnaHROb2RlOjY1Nzk5,STRAIGHT,0,240,30261.0,,
RmlnaHROb2RlOjY5NDUy,STRAIGHT,0,338,42807.0,,
RmlnaHROb2RlOjY5NDUy,STRAIGHT,0,-515,27984.0,,
RmlnaHROb2RlOjY5NDkx,STRAIGHT,0,657,72761.0,,
RmlnaHROb2RlOjY5NDkx,STRAIGHT,0,-1023,28152.0,,
RmlnaHROb2RlOjY2MDEy,STRAIGHT,0,-173,20299.0,,
RmlnaHROb2RlOjY2MDEy,STRAIGHT,0,133,10261.0,,
RmlnaHROb2RlOjY2MDEx,STRAIGHT,0,-485,71197.0,,
RmlnaHROb2RlOjY2MDEx,STRAIGHT,0,335,30535.0,,
RmlnaHROb2RlOjY2MDEw,STRAIGHT,0,-210,71196.0,,
RmlnaHROb2RlOjY2MDEw,STRAIGHT,0,160,40505.0,,
RmlnaHROb2RlOjY5NDkz,STRAIGHT,0,250,72763.0,,
RmlnaHROb2RlOjY5NDkz,STRAIGHT,0,-347,72764.0,,
RmlnaHROb2RlOjY1Nzk4,STRAIGHT,0,-296,16352.0,,
RmlnaHROb2RlOjY1Nzk4,STRAIGHT,0,215,41551.0,,
RmlnaHROb2RlOjY1Nzgw,STRAIGHT,0,-121,14441.0,,
RmlnaHROb2RlOjY1Nzgw,STRAIGHT,0,-108,50350.0,,
RmlnaHROb2RlOjYzOTAx,STRAIGHT,0,-400,989.0,,
RmlnaHROb2RlOjYzOTAx,STRAIGHT,0,272,844.0,,
RmlnaHROb2RlOjY5NDUw,STRAIGHT,0,-188,35217.0,,
RmlnaHROb2RlOjY5NDUw,STRAIGHT,0,145,66468.0,,
RmlnaHROb2RlOjY1Nzgy,STRAIGHT,0,-367,45463.0,,
RmlnaHROb2RlOjY1Nzgy,STRAIGHT,0,254,66267.0,,
RmlnaHROb2RlOjY1Nzgx,STRAIGHT,0,-301,68146.0,,
RmlnaHROb2RlOjY1Nzgx,STRAIGHT,0,225,47943.0,,
RmlnaHROb2RlOjY2MDA5,STRAIGHT,0,-249,49930.0,,
RmlnaHROb2RlOjY2MDA5,STRAIGHT,0,188,24942.0,,
RmlnaHROb2RlOjY1Nzg1,STRAIGHT,0,100,40446.0,,
RmlnaHROb2RlOjY1Nzg1,STRAIGHT,0,-134,9105.0,,
RmlnaHROb2RlOjY1Nzg0,STRAIGHT,0,142,36856.0,,
RmlnaHROb2RlOjY1Nzg0,STRAIGHT,0,-183,47313.0,,
RmlnaHROb2RlOjY4NTIx,STRAIGHT,0,-240,66466.0,,
RmlnaHROb2RlOjY4NTIx,STRAIGHT,0,191,69822.0,,
RmlnaHROb2RlOjY1Nzgz,STRAIGHT,0,-150,52932.0,,
RmlnaHROb2RlOjY1Nzgz,STRAIGHT,0,113,29405.0,,
RmlnaHROb2RlOjY1Nzg2,STRAIGHT,0,135,20672.0,,
RmlnaHROb2RlOjY1Nzg2,STRAIGHT,0,-175,64342.0,,
RmlnaHROb2RlOjY5NDUx,STRAIGHT,0,331,63845.0,,
RmlnaHROb2RlOjY5NDUx,STRAIGHT,0,-517,20757.0,,
RmlnaHROb2RlOjcwNzY4,STRAIGHT,0,-408,56771.0,,
RmlnaHROb2RlOjcwNzY4,STRAIGHT,0,284,49033.0,,
RmlnaHROb2RlOjcwNzcx,STRAIGHT,0,-233,63673.0,,
RmlnaHROb2RlOjcwNzcx,STRAIGHT,0,172,68833.0,,
RmlnaHROb2RlOjY4NjQ1,STRAIGHT,0,-186,45465.0,,
RmlnaHROb2RlOjY4NjQ1,STRAIGHT,0,144,31193.0,,
RmlnaHROb2RlOjY5NDQ5,STRAIGHT,0,-229,36115.0,,
RmlnaHROb2RlOjY5NDQ5,STRAIGHT,0,175,65115.0,,
RmlnaHROb2RlOjcwNzY5,STRAIGHT,0,-273,30073.0,,
RmlnaHROb2RlOjcwNzY5,STRAIGHT,0,204,65112.0,,
RmlnaHROb2RlOjY5NDQ3,STRAIGHT,0,-193,33033.0,,
RmlnaHROb2RlOjY5NDQ3,STRAIGHT,0,149,42340.0,,
RmlnaHROb2RlOjcwNzkx,STRAIGHT,0,100,49973.0,,
RmlnaHROb2RlOjcwNzkx,STRAIGHT,0,-134,70590.0,,
RmlnaHROb2RlOjcwNzkz,STRAIGHT,0,-304,73470.0,,
RmlnaHROb2RlOjcwNzkz,STRAIGHT,0,221,73469.0,,
RmlnaHROb2RlOjcwNzky,STRAIGHT,0,-190,60188.0,,
RmlnaHROb2RlOjcwNzky,STRAIGHT,0,145,73468.0,,
RmlnaHROb2RlOjY5OTMw,STRAIGHT,0,250,60140.0,,
RmlnaHROb2RlOjY5OTMw,STRAIGHT,0,-340,73021.0,,
RmlnaHROb2RlOjcwNzcw,STRAIGHT,0,-258,6546.0,,
RmlnaHROb2RlOjcwNzcw,STRAIGHT,0,185,21879.0,,
RmlnaHROb2RlOjcxMjky,STRAIGHT,0,132,29923.0,,
RmlnaHROb2RlOjcxMjky,STRAIGHT,0,-173,36994.0,,
RmlnaHROb2RlOjcwNzYx,STRAIGHT,0,-500,6818.0,,
RmlnaHROb2RlOjcwNzYx,STRAIGHT,0,375,73448.0,,
RmlnaHROb2RlOjcxNTgw,STRAIGHT,0,346,48937.0,,
RmlnaHROb2RlOjcxNTgw,STRAIGHT,0,-550,59320.0,,
RmlnaHROb2RlOjcwMjQ0,STRAIGHT,0,158,21443.0,,
RmlnaHROb2RlOjcwMjQ0,STRAIGHT,0,-212,17895.0,,
RmlnaHROb2RlOjcwMzIx,STRAIGHT,0,-1050,65687.0,,
RmlnaHROb2RlOjcwMzIx,STRAIGHT,0,553,64843.0,,
RmlnaHROb2RlOjcxMjkz,STRAIGHT,0,-156,53440.0,,
RmlnaHROb2RlOjcxMjkz,STRAIGHT,0,119,62462.0,,
RmlnaHROb2RlOjcwMzI0,STRAIGHT,0,-271,38600.0,,
RmlnaHROb2RlOjcwMzI0,STRAIGHT,0,200,44550.0,,
RmlnaHROb2RlOjcxMzIz,STRAIGHT,0,212,1079.0,,
RmlnaHROb2RlOjcxMzIz,STRAIGHT,0,-292,73748.0,,
RmlnaHROb2RlOjcxMjg0,STRAIGHT,0,-601,6254.0,,
RmlnaHROb2RlOjcxMjg0,STRAIGHT,0,369,64574.0,,
RmlnaHROb2RlOjcxNDM5,STRAIGHT,0,267,45128.0,,
RmlnaHROb2RlOjcxNDM5,STRAIGHT,0,-411,50712.0,,
RmlnaHROb2RlOjcxNDQz,STRAIGHT,0,315,42828.0,,
RmlnaHROb2RlOjcxNDQz,STRAIGHT,0,-490,42832.0,,
RmlnaHROb2RlOjcxMjgy,STRAIGHT,0,-263,59314.0,,
RmlnaHROb2RlOjcxMjgy,STRAIGHT,0,191,43920.0,,
RmlnaHROb2RlOjcxNDQy,STRAIGHT,0,-375,42806.0,,
RmlnaHROb2RlOjcxNDQy,STRAIGHT,0,255,60139.0,,
RmlnaHROb2RlOjcxNDQw,STRAIGHT,0,-641,49676.0,,
RmlnaHROb2RlOjcxNDQw,STRAIGHT,0,385,33242.0,,
RmlnaHROb2RlOjcxMjgx,STRAIGHT,0,1027,51024.0,,
RmlnaHROb2RlOjcxMjgx,STRAIGHT,0,-2993,54144.0,,
RmlnaHROb2RlOjcxMjgz,STRAIGHT,0,503,5116.0,,
RmlnaHROb2RlOjcxMjgz,STRAIGHT,0,-968,43921.0,,
RmlnaHROb2RlOjY5OTA0,STRAIGHT,0,341,1899.0,,
RmlnaHROb2RlOjY5OTA0,STRAIGHT,0,-542,50233.0,,
RmlnaHROb2RlOjcyMjUz,STRAIGHT,0,150,74610.0,,
RmlnaHROb2RlOjcyMjUz,STRAIGHT,0,-200,74609.0,,
RmlnaHROb2RlOjcyMjM3,STRAIGHT,0,276,36065.0,,
RmlnaHROb2RlOjcyMjM3,STRAIGHT,0,-402,49725.0,,
RmlnaHROb2RlOjcxNDQx,STRAIGHT,0,407,49249.0,,
RmlnaHROb2RlOjcxNDQx,STRAIGHT,0,-736,44855.0,,
RmlnaHROb2RlOjcyMDM3,STRAIGHT,0,208,74424.0,,
RmlnaHROb2RlOjcyMDM3,STRAIGHT,0,-279,74425.0,,
RmlnaHROb2RlOjcyMDIz,STRAIGHT,0,110,29802.0,,
RmlnaHROb2RlOjcyMDIz,STRAIGHT,0,-145,64911.0,,
RmlnaHROb2RlOjcxNDM1,STRAIGHT,0,-190,3704.0,,
RmlnaHROb2RlOjcxNDM1,STRAIGHT,0,149,49029.0,,
RmlnaHROb2RlOjcxNjIx,STRAIGHT,0,207,3665.0,,
RmlnaHROb2RlOjcxNjIx,STRAIGHT,0,-280,56780.0,,
RmlnaHROb2RlOjcxNDM2,STRAIGHT,0,-124,4595.0,,
RmlnaHROb2RlOjcxNDM2,STRAIGHT,0,-105,64910.0,,
RmlnaHROb2RlOjcyMDM2,STRAIGHT,0,200,74423.0,,
RmlnaHROb2RlOjcyMDM2,STRAIGHT,0,-273,69817.0,,
RmlnaHROb2RlOjcxNjIy,STRAIGHT,0,122,74011.0,,
RmlnaHROb2RlOjcxNjIy,STRAIGHT,0,-158,3971.0,,
RmlnaHROb2RlOjcyMDM5,STRAIGHT,0,-116,74427.0,,
RmlnaHROb2RlOjcyMDM5,STRAIGHT,0,-112,54190.0,,
RmlnaHROb2RlOjcyMDM4,STRAIGHT,0,-202,74426.0,,
RmlnaHROb2RlOjcyMDM4,STRAIGHT,0,159,65914.0,,
RmlnaHROb2RlOjcyMDM1,STRAIGHT,0,160,74422.0,,
RmlnaHROb2RlOjcyMDM1,STRAIGHT,0,-206,58842.0,,
RmlnaHROb2RlOjcyMDE5,STRAIGHT,0,197,72765.0,,
RmlnaHROb2RlOjcyMDE5,STRAIGHT,0,-280,6434.0,,
RmlnaHROb2RlOjcyNDgx,STRAIGHT,0,-744,7869.0,,
RmlnaHROb2RlOjcyNDgx,STRAIGHT,0,516,69360.0,,
RmlnaHROb2RlOjcyNDc5,STRAIGHT,0,197,63673.0,,
RmlnaHROb2RlOjcyNDc5,STRAIGHT,0,-263,24900.0,,
RmlnaHROb2RlOjcyMDIw,STRAIGHT,0,234,38616.0,,
RmlnaHROb2RlOjcyMDIw,STRAIGHT,0,-308,44010.0,,
RmlnaHROb2RlOjcyMDg0,STRAIGHT,0,-138,74421.0,,
RmlnaHROb2RlOjcyMDg0,STRAIGHT,0,110,68597.0,,
RmlnaHROb2RlOjcyNDgw,STRAIGHT,0,460,74723.0,,
RmlnaHROb2RlOjcyNDgw,STRAIGHT,0,-769,11958.0,,
RmlnaHROb2RlOjcyNDc4,STRAIGHT,0,-542,1079.0,,
RmlnaHROb2RlOjcyNDc4,STRAIGHT,0,370,74722.0,,
RmlnaHROb2RlOjcyMDE4,STRAIGHT,0,-531,2044.0,,
RmlnaHROb2RlOjcyMDE4,STRAIGHT,0,345,70588.0,,
RmlnaHROb2RlOjcyMDE2,STRAIGHT,0,276,44761.0,,
RmlnaHROb2RlOjcyMDE2,STRAIGHT,0,-385,43966.0,,
RmlnaHROb2RlOjcyNDUw,STRAIGHT,0,-226,2003.0,,
RmlnaHROb2RlOjcyNDUw,STRAIGHT,0,176,33452.0,,
RmlnaHROb2RlOjcyMDE3,STRAIGHT,0,-148,52967.0,,
RmlnaHROb2RlOjcyMDE3,STRAIGHT,0,113,52059.0,,
RmlnaHROb2RlOjcyNTYz,STRAIGHT_LIVE,0,-999,74744.0,,
RmlnaHROb2RlOjcyNTYz,STRAIGHT,0,-701,74744.0,,
RmlnaHROb2RlOjcyNTYz,STRAIGHT,0,450,61787.0,,
RmlnaHROb2RlOjcyNTYz,STRAIGHT_LIVE,0,412,61787.0,,
RmlnaHROb2RlOjcyNTY3,STRAIGHT_LIVE,0,266,,,
RmlnaHROb2RlOjcyNTY3,STRAIGHT_LIVE,0,254,67586.0,,
RmlnaHROb2RlOjcyNTY3,STRAIGHT_LIVE,0,-444,65775.0,,
RmlnaHROb2RlOjcyNTY3,STRAIGHT,0,-393,65775.0,,
RmlnaHROb2RlOjcyNTY3,STRAIGHT,0,289,67586.0,,
RmlnaHROb2RlOjczMDIw,STRAIGHT_LIVE,0,533,38616.0,,
RmlnaHROb2RlOjczMDIw,STRAIGHT,0,597,38616.0,,
RmlnaHROb2RlOjczMDIw,STRAIGHT,0,-1081,2044.0,,
RmlnaHROb2RlOjczMDIw,STRAIGHT_LIVE,0,-1429,2044.0,,
RmlnaHROb2RlOjcyMjc2,STRAIGHT_LIVE,0,-133,1248.0,,
RmlnaHROb2RlOjcyMjc2,STRAIGHT,0,-131,1248.0,,
RmlnaHROb2RlOjcyMjc2,STRAIGHT_LIVE,0,-108,1835.0,,
RmlnaHROb2RlOjcyMjc2,STRAIGHT,0,101,1835.0,,
RmlnaHROb2RlOjczMDIx,STRAIGHT,0,-1283,6434.0,,
RmlnaHROb2RlOjczMDIx,STRAIGHT,0,619,73982.0,,
RmlnaHROb2RlOjczMDIx,STRAIGHT_LIVE,0,450,,,
RmlnaHROb2RlOjczMDIx,STRAIGHT_LIVE,0,-999,6434.0,,
RmlnaHROb2RlOjczMDIx,STRAIGHT,0,850,65930.0,,
RmlnaHROb2RlOjczMDE5,STRAIGHT_LIVE,0,-104,66203.0,,
RmlnaHROb2RlOjczMDE5,STRAIGHT,0,116,66203.0,,
RmlnaHROb2RlOjczMDE5,STRAIGHT,0,-144,60139.0,,
RmlnaHROb2RlOjczMDE5,STRAIGHT_LIVE,0,-137,60139.0,,
RmlnaHROb2RlOjczMDIz,STRAIGHT_LIVE,0,200,,,
RmlnaHROb2RlOjczMDIz,STRAIGHT,0,-250,21221.0,,
RmlnaHROb2RlOjczMDIz,STRAIGHT,0,187,42125.0,,
RmlnaHROb2RlOjczMDIz,STRAIGHT_LIVE,0,-312,21221.0,,
RmlnaHROb2RlOjczMDIy,STRAIGHT_LIVE,0,-244,45723.0,,
RmlnaHROb2RlOjczMDIy,STRAIGHT,0,191,56295.0,,
RmlnaHROb2RlOjczMDIy,STRAIGHT,0,-241,45723.0,,
RmlnaHROb2RlOjczMDIy,STRAIGHT_LIVE,0,162,56295.0,,
RmlnaHROb2RlOjcyNTY0,STRAIGHT_LIVE,0,164,51720.0,,
RmlnaHROb2RlOjcyNTY0,STRAIGHT_LIVE,0,-244,1071.0,,
RmlnaHROb2RlOjcyNTY0,STRAIGHT,0,170,51720.0,,
RmlnaHROb2RlOjcyNTY0,STRAIGHT,0,-215,1071.0,,
RmlnaHROb2RlOjczMDkx,STRAIGHT,0,-854,33809.0,,
RmlnaHROb2RlOjczMDkx,STRAIGHT_LIVE,0,560,75002.0,,
RmlnaHROb2RlOjczMDkx,STRAIGHT_LIVE,0,-1667,33809.0,,
RmlnaHROb2RlOjczMDkx,STRAIGHT,0,530,75002.0,,
RmlnaHROb2RlOjcyNTY1,STRAIGHT,0,130,25724.0,,
RmlnaHROb2RlOjcyNTY1,STRAIGHT_LIVE,0,129,25724.0,,
RmlnaHROb2RlOjcyNTY1,STRAIGHT_LIVE,0,-189,17051.0,,
RmlnaHROb2RlOjcyNTY1,STRAIGHT,0,-165,17051.0,,
RmlnaHROb2RlOjczODg3,STRAIGHT,0,110,31146.0,,
RmlnaHROb2RlOjczODg3,STRAIGHT,0,-145,35194.0,,
RmlnaHROb2RlOjczMDA4,STRAIGHT,0,-1252,1965.0,,
RmlnaHROb2RlOjczMDA4,STRAIGHT,0,606,1776.0,,
RmlnaHROb2RlOjcyNTAy,STRAIGHT,0,-108,50350.0,,
RmlnaHROb2RlOjcyNTAy,STRAIGHT,0,-120,41263.0,,
RmlnaHROb2RlOjczMDA3,STRAIGHT,0,836,55875.0,,
RmlnaHROb2RlOjczMDA3,STRAIGHT,0,-2028,28174.0,,
RmlnaHROb2RlOjczNTY5,STRAIGHT,0,-207,17895.0,,
RmlnaHROb2RlOjczNTY5,STRAIGHT,0,157,11038.0,,
RmlnaHROb2RlOjczMDEw,STRAIGHT,0,246,66199.0,,
RmlnaHROb2RlOjczMDEw,STRAIGHT,0,-332,51026.0,,
RmlnaHROb2RlOjczMDEx,STRAIGHT,0,-184,34054.0,,
RmlnaHROb2RlOjczMDEx,STRAIGHT,0,142,22973.0,,
RmlnaHROb2RlOjczMDEy,STRAIGHT,0,241,39446.0,,
RmlnaHROb2RlOjczMDEy,STRAIGHT,0,-339,66046.0,,
RmlnaHROb2RlOjczODg2,STRAIGHT,0,225,6326.0,,
RmlnaHROb2RlOjczODg2,STRAIGHT,0,-333,74993.0,,
RmlnaHROb2RlOjczODg1,STRAIGHT,0,596,65488.0,,
RmlnaHROb2RlOjczODg1,STRAIGHT,0,-773,65842.0,,
RmlnaHROb2RlOjczMDA5,STRAIGHT,0,514,2222.0,,
RmlnaHROb2RlOjczMDA5,STRAIGHT,0,-760,65841.0,,
RmlnaHROb2RlOjcyNTAw,STRAIGHT,0,171,10.0,,
RmlnaHROb2RlOjcyNTAw,STRAIGHT,0,-228,20.0,,
RmlnaHROb2RlOjcyNTAz,STRAIGHT,0,290,42235.0,,
RmlnaHROb2RlOjcyNTAz,STRAIGHT,0,-422,41868.0,,
RmlnaHROb2RlOjczNzEw,STRAIGHT,0,-606,65654.0,,
RmlnaHROb2RlOjczNzEw,STRAIGHT,0,378,75294.0,,
RmlnaHROb2RlOjczNjg4,STRAIGHT,0,425,69812.0,,
RmlnaHROb2RlOjczNjg4,STRAIGHT,0,-703,71200.0,,
RmlnaHROb2RlOjczNjg5,STRAIGHT,0,113,71201.0,,
RmlnaHROb2RlOjczNjg5,STRAIGHT,0,-155,49682.0,,
RmlnaHROb2RlOjczODc4,STRAIGHT,0,-210,6507.0,,
RmlnaHROb2RlOjczODc4,STRAIGHT,0,157,75461.0,,
RmlnaHROb2RlOjczNjg3,STRAIGHT,0,-104,57236.0,,
RmlnaHROb2RlOjczNjg3,STRAIGHT,0,-127,71202.0,,
RmlnaHROb2RlOjczNzA5,STRAIGHT,0,-247,39445.0,,
RmlnaHROb2RlOjczNzA5,STRAIGHT,0,179,75293.0,,
RmlnaHROb2RlOjczNjkw,STRAIGHT,0,204,50240.0,,
RmlnaHROb2RlOjczNjkw,STRAIGHT,0,-274,66424.0,,
RmlnaHROb2RlOjc0ODYz,STRAIGHT,0,-283,75295.0,,
RmlnaHROb2RlOjc0ODYz,STRAIGHT,0,209,56662.0,,
RmlnaHROb2RlOjc0NjI0,STRAIGHT,0,-731,65652.0,,
RmlnaHROb2RlOjc0NjI0,STRAIGHT,0,415,66020.0,,
RmlnaHROb2RlOjczNjg2,STRAIGHT,0,137,72766.0,,
RmlnaHROb2RlOjczNjg2,STRAIGHT,0,-180,65655.0,,
RmlnaHROb2RlOjczNjkx,STRAIGHT,0,123,66270.0,,
RmlnaHROb2RlOjczNjkx,STRAIGHT,0,-163,65915.0,,
RmlnaHROb2RlOjc0NDgx,STRAIGHT,0,307,59962.0,,
RmlnaHROb2RlOjc0NDgx,STRAIGHT,0,-483,2082.0,,
RmlnaHROb2RlOjc0NDgy,STRAIGHT,0,502,33242.0,,
RmlnaHROb2RlOjc0NDgy,STRAIGHT,0,-971,54198.0,,
RmlnaHROb2RlOjc0NDc4,STRAIGHT,0,-4324,54144.0,,
RmlnaHROb2RlOjc0NDc4,STRAIGHT,0,1146,6447.0,,
RmlnaHROb2RlOjc0NDc5,STRAIGHT,0,244,67479.0,,
RmlnaHROb2RlOjc0NDc5,STRAIGHT,0,-359,55053.0,,
RmlnaHROb2RlOjc0NDgw,STRAIGHT,0,144,37501.0,,
RmlnaHROb2RlOjc0NDgw,STRAIGHT,0,-192,1630.0,,
RmlnaHROb2RlOjc0NTE3,STRAIGHT,0,193,75866.0,,
RmlnaHROb2RlOjc0NTE3,STRAIGHT,0,-264,74609.0,,
RmlnaHROb2RlOjczOTAy,STRAIGHT,0,118,68146.0,,
RmlnaHROb2RlOjczOTAy,STRAIGHT,0,-156,42230.0,,
RmlnaHROb2RlOjczMzEw,STRAIGHT,0,-393,67444.0,,
RmlnaHROb2RlOjczMzEw,STRAIGHT,0,273,44849.0,,
RmlnaHROb2RlOjc0NDY5,STRAIGHT,0,444,21221.0,,
RmlnaHROb2RlOjc0NDY5,STRAIGHT,0,-793,2044.0,,
RmlnaHROb2RlOjc0NDY4,STRAIGHT,0,-581,2003.0,,
RmlnaHROb2RlOjc0NDY4,STRAIGHT,0,376,68913.0,,
RmlnaHROb2RlOjc0NTEy,STRAIGHT,0,212,68172.0,,
RmlnaHROb2RlOjc0NTEy,STRAIGHT,0,-297,75863.0,,
RmlnaHROb2RlOjczMzMy,STRAIGHT,0,-241,28484.0,,
RmlnaHROb2RlOjczMzMy,STRAIGHT,0,174,75110.0,,
RmlnaHROb2RlOjc0NDcx,STRAIGHT,0,-642,6434.0,,
RmlnaHROb2RlOjc0NDcx,STRAIGHT,0,401,54145.0,,
RmlnaHROb2RlOjc0NTEz,STRAIGHT,0,-103,75865.0,,
RmlnaHROb2RlOjc0NTEz,STRAIGHT,0,-127,75864.0,,
RmlnaHROb2RlOjc0NDcw,STRAIGHT,0,354,38081.0,,
RmlnaHROb2RlOjc0NDcw,STRAIGHT,0,-564,7869.0,,
RmlnaHROb2RlOjczMzA5,STRAIGHT,0,198,48937.0,,
RmlnaHROb2RlOjczMzA5,STRAIGHT,0,-283,24900.0,,
RmlnaHROb2RlOjc1Mjk4,STRAIGHT,0,174,63673.0,,
RmlnaHROb2RlOjc1Mjk4,STRAIGHT,0,-227,74421.0,,
RmlnaHROb2RlOjczNjc2,STRAIGHT,0,118,66205.0,,
RmlnaHROb2RlOjczNjc2,STRAIGHT,0,-159,68597.0,,
RmlnaHROb2RlOjc1MTgx,STRAIGHT,0,-103,46662.0,,
RmlnaHROb2RlOjc1MTgx,STRAIGHT,0,-126,9958.0,,
RmlnaHROb2RlOjc0OTMy,STRAIGHT,0,123,2222.0,,
RmlnaHROb2RlOjc0OTMy,STRAIGHT,0,-155,16769.0,,
RmlnaHROb2RlOjc0OTMw,STRAIGHT,0,142,50179.0,,
RmlnaHROb2RlOjc0OTMw,STRAIGHT,0,-186,16150.0,,
RmlnaHROb2RlOjc1MjM3,STRAIGHT,0,-111,76363.0,,
RmlnaHROb2RlOjc1MjM3,STRAIGHT,0,-107,29345.0,,
RmlnaHROb2RlOjc1MjM5,STRAIGHT,0,-125,76365.0,,
RmlnaHROb2RlOjc1MjM5,STRAIGHT,0,-106,76366.0,,
RmlnaHROb2RlOjc1MjM4,STRAIGHT,0,-102,76364.0,,
RmlnaHROb2RlOjc1MjM4,STRAIGHT,0,-122,43789.0,,
RmlnaHROb2RlOjc1NjY3,STRAIGHT,0,-109,76367.0,,
RmlnaHROb2RlOjc1NjY3,STRAIGHT,0,-120,33951.0,,
RmlnaHROb2RlOjc1MjQy,STRAIGHT,0,320,76370.0,,
RmlnaHROb2RlOjc1MjQy,STRAIGHT,0,-494,76369.0,,
RmlnaHROb2RlOjc1MTgy,STRAIGHT,0,-175,66884.0,,
RmlnaHROb2RlOjc1MTgy,STRAIGHT,0,129,1550.0,,
RmlnaHROb2RlOjc1MjM1,STRAIGHT,0,153,28671.0,,
RmlnaHROb2RlOjc1MjM1,STRAIGHT,0,-198,76360.0,,
RmlnaHROb2RlOjc0OTMx,STRAIGHT,0,-485,33033.0,,
RmlnaHROb2RlOjc0OTMx,STRAIGHT,0,317,30208.0,,
RmlnaHROb2RlOjc1MjM2,STRAIGHT,0,-102,76361.0,,
RmlnaHROb2RlOjc1MjM2,STRAIGHT,0,-128,76362.0,,
RmlnaHROb2RlOjc1MjQx,STRAIGHT,0,-141,76368.0,,
RmlnaHROb2RlOjc1MjQx,STRAIGHT,0,108,36916.0,,
RmlnaHROb2RlOjc0NjM4,STRAIGHT,0,-1480,23149.0,,
RmlnaHROb2RlOjc0NjM4,STRAIGHT,0,789,10080.0,,
RmlnaHROb2RlOjc0NjM2,STRAIGHT,0,-292,60139.0,,
RmlnaHROb2RlOjc0NjM2,STRAIGHT,0,209,3467.0,,
RmlnaHROb2RlOjc0NjM1,STRAIGHT,0,-165,989.0,,
RmlnaHROb2RlOjc0NjM1,STRAIGHT,0,124,45465.0,,
RmlnaHROb2RlOjc0NjM3,STRAIGHT,0,-166,6096.0,,
RmlnaHROb2RlOjc0NjM3,STRAIGHT,0,125,51024.0,,
RmlnaHROb2RlOjc1NzEz,STRAIGHT,0,149,30073.0,,
RmlnaHROb2RlOjc1NzEz,STRAIGHT,0,-189,17152.0,,
RmlnaHROb2RlOjc1NzE0,STRAIGHT,0,-178,21552.0,,
RmlnaHROb2RlOjc1NzE0,STRAIGHT,0,130,11503.0,,
RmlnaHROb2RlOjc0NjYy,STRAIGHT,0,-355,72762.0,,
RmlnaHROb2RlOjc0NjYy,STRAIGHT,0,246,75937.0,,
RmlnaHROb2RlOjc0NjQw,STRAIGHT,0,164,60140.0,,
RmlnaHROb2RlOjc0NjQw,STRAIGHT,0,-223,51700.0,,
RmlnaHROb2RlOjc1NzE4,STRAIGHT,0,315,7591.0,,
RmlnaHROb2RlOjc1NzE4,STRAIGHT,0,-456,76866.0,,
RmlnaHROb2RlOjc0NjM5,STRAIGHT,0,-192,66415.0,,
RmlnaHROb2RlOjc0NjM5,STRAIGHT,0,138,5805.0,,
RmlnaHROb2RlOjc1NzI3,STRAIGHT,0,145,76870.0,,
RmlnaHROb2RlOjc1NzI3,STRAIGHT,0,-192,76869.0,,
RmlnaHROb2RlOjc1NzIy,STRAIGHT,0,105,76862.0,,
RmlnaHROb2RlOjc1NzIy,STRAIGHT,0,-141,76861.0,,
RmlnaHROb2RlOjc1NzE5,STRAIGHT,0,-132,70592.0,,
RmlnaHROb2RlOjc1NzE5,STRAIGHT,0,108,76858.0,,
RmlnaHROb2RlOjc1MTcy,STRAIGHT,0,-173,66466.0,,
RmlnaHROb2RlOjc1MTcy,STRAIGHT,0,129,69822.0,,
RmlnaHROb2RlOjc1NzIx,STRAIGHT,0,-128,76868.0,,
RmlnaHROb2RlOjc1NzIx,STRAIGHT,0,-103,76867.0,,
RmlnaHROb2RlOjc1NzIw,STRAIGHT,0,163,76859.0,,
RmlnaHROb2RlOjc1NzIw,STRAIGHT,0,-223,76860.0,,
RmlnaHROb2RlOjc1NzIz,STRAIGHT,0,151,76864.0,,
RmlnaHROb2RlOjc1NzIz,STRAIGHT,0,-205,76863.0,,
RmlnaHROb2RlOjc1Njkx,STRAIGHT,0,258,61787.0,,
RmlnaHROb2RlOjc1Njkx,STRAIGHT,0,-370,11809.0,,
RmlnaHROb2RlOjc0NDU3,STRAIGHT,0,-420,41268.0,,
RmlnaHROb2RlOjc0NDU3,STRAIGHT,0,294,67508.0,,
RmlnaHROb2RlOjc1NzA1,STRAIGHT,0,-197,76851.0,,
RmlnaHROb2RlOjc1NzA1,STRAIGHT,0,149,64847.0,,
RmlnaHROb2RlOjc0NDU2,STRAIGHT,0,-420,56772.0,,
RmlnaHROb2RlOjc0NDU2,STRAIGHT,0,300,66204.0,,
RmlnaHROb2RlOjc1ODgz,STRAIGHT,0,-134,69705.0,,
RmlnaHROb2RlOjc1ODgz,STRAIGHT,0,101,51587.0,,
RmlnaHROb2RlOjc0NTAw,STRAIGHT,0,-182,75856.0,,
RmlnaHROb2RlOjc0NTAw,STRAIGHT,0,139,67586.0,,
RmlnaHROb2RlOjc0NTAx,STRAIGHT,0,-181,75857.0,,
RmlnaHROb2RlOjc0NTAx,STRAIGHT,0,139,75858.0,,
RmlnaHROb2RlOjc1ODgy,STRAIGHT,0,420,69360.0,,
RmlnaHROb2RlOjc1ODgy,STRAIGHT,0,-564,38613.0,,
RmlnaHROb2RlOjc0NDU1,STRAIGHT,0,172,52967.0,,
RmlnaHROb2RlOjc0NDU1,STRAIGHT,0,-236,29379.0,,
RmlnaHROb2RlOjc0NDU0,STRAIGHT,0,-100,31146.0,,
RmlnaHROb2RlOjc0NDU0,STRAIGHT,0,-129,45128.0,,
RmlnaHROb2RlOjc1NzA2,STRAIGHT,0,-166,17865.0,,
RmlnaHROb2RlOjc1NzA2,STRAIGHT,0,125,76852.0,,
