id,pk,slug,name,nickname,date_of_birth,height_centimeters,reach_inches,leg_reach_inches,fighting_style,stance,nationality
RmlnaHRlck5vZGU6MTA0MA==,1040,todd-duffee-1040,Todd Duffee,Duff Man,1985-12-06,191.0,78.0,,Striker,Orthodox,United States
RmlnaHRlck5vZGU6MTA0MjA=,10420,tomar-washington-10420,Tomar Washington,T-Bo,1978-02-26,177.8,,,,,United States
RmlnaHRlck5vZGU6MTA1MQ==,1051,jessica-eye-1051,Jessica Eye,Evil,1986-07-27,168.0,63.5,,Striker,Orthodox,United States
RmlnaHRlck5vZGU6MTA1MjY=,10526,alex-castro-10526,Alex Castro,OG,,,,,,,United States
RmlnaHRlck5vZGU6MTA1OTI=,10592,kenny-licea-10592,Kenny Licea,Hella,1987-10-22,182.9,,,,,United States
RmlnaHRlck5vZGU6MTA1OTQ=,10594,herbert-morgan-10594,Herbert Morgan,Coach Killa,1988-10-14,178.0,,,,,United States
RmlnaHRlck5vZGU6MTA1OTg=,10598,tyler-jones-10598,Tyler Jones,Beowulf,1994-12-05,185.0,,,,,United States
RmlnaHRlck5vZGU6MTA2NDc=,10647,ryan-braun-10647,Ryan Braun,,1987-05-26,180.3,,,,,United States
RmlnaHRlck5vZGU6MTA2OTU=,10695,geronimo-dos-santos-10695,Geronimo dos Santos,Mondragon,1980-08-18,188.0,,,,,Brazil
RmlnaHRlck5vZGU6MTA3MQ==,1071,joey-gambino-1071,Joey Gambino,The Raging Warrior,1988-10-26,171.0,70.0,,Wrestling,Orthodox,United States
RmlnaHRlck5vZGU6MTA3NDk=,10749,will-cairns-10749,Will Cairns,Carnage,,173.0,68.0,,,,"
England
"
RmlnaHRlck5vZGU6MTA3NTY=,10756,gilberto-aguilar-10756,Gilberto Aguilar,El Azteca,1980-05-26,152.4,71.0,,,,Mexico
RmlnaHRlck5vZGU6MTA3Ng==,1076,louis-gaudinot-1076,Louis Gaudinot,GoodNight,1984-08-28,161.0,63.0,,Striker,Orthodox,United States
RmlnaHRlck5vZGU6MTA3OQ==,1079,chase-gormley-1079,Chase Gormley,,1983-08-11,191.0,77.0,,,Orthodox,United States
RmlnaHRlck5vZGU6MTA4MDk=,10809,joshua-ofiu-10809,Joshua Ofiu,The Silent Monster,,188.0,,,,,"
United States
"
RmlnaHRlck5vZGU6MTA4NDU=,10845,sean-santella-10845,Sean Santella,Shorty Rock,1984-10-25,165.1,,,,,United States
RmlnaHRlck5vZGU6MTA4NjQ=,10864,maia-kahaunaele-stevenson-10864,Maia Kahaunaele-Stevenson,,1982-03-19,162.6,62.0,36.0,Striker / BJJ Grappler,Orthodox,United States
RmlnaHRlck5vZGU6MTA4OTM=,10893,mike-perry-10893,Mike Perry,Platinum,1991-09-15,178.0,71.0,39.0,Striker,Orthodox,United States
RmlnaHRlck5vZGU6MTA5Mjk=,10929,kevin-brooks-10929,Kevin Brooks,,1977-08-10,188.0,,,,,United States
RmlnaHRlck5vZGU6MTA=,10,andrei-arlovski-10,Andrei Arlovski,The Pitbull,1979-02-04,193.0,77.0,44.0,Striker,Orthodox,Belarus
RmlnaHRlck5vZGU6MTAwNzI=,10072,justin-thornton-10072,Justin Thornton,,1982-12-07,185.4,,,,,United States
RmlnaHRlck5vZGU6MTAwNzM=,10073,chris-jensen-10073,Chris Jensen,Big Boy,1980-12-27,188.0,,,,,United States
RmlnaHRlck5vZGU6MTAwNzQ=,10074,braxton-smith-10074,Braxton Smith,The Beautiful Monster,1990-01-01,175.0,72.0,,Striker,Orthodox,United States
RmlnaHRlck5vZGU6MTAwODA=,10080,jared-torgeson-10080,Jared Torgeson,,1986-10-27,188.0,,,,,United States
RmlnaHRlck5vZGU6MTAxMzc=,10137,jeremiah-castillo-10137,Jeremiah Castillo,Paco,1981-11-23,165.1,,,,,United States
RmlnaHRlck5vZGU6MTAyNjE=,10261,travis-smith-10261,Travis Smith,The Hybrid,,168.0,,,,,United States
RmlnaHRlck5vZGU6MTAzMTI=,10312,brittany-horton-10312,Brittany Horton,,1992-08-05,167.6,,,,,United States
RmlnaHRlck5vZGU6MTAzNQ==,1035,john-dodson-1035,John Dodson,The Magician,1984-09-26,160.0,66.0,35.0,Striker,Southpaw,United States
RmlnaHRlck5vZGU6MTE1MDM=,11503,angelo-trujillo-11503,Angelo Trujillo,,1997-10-15,163.0,,,,,United States
RmlnaHRlck5vZGU6MTE1MDU=,11505,brok-weaver-11505,Brok Weaver,Chata Tuska,1991-12-05,183.0,73.0,,Striker,Southpaw,United States
RmlnaHRlck5vZGU6MTE1OA==,1158,frank-lester-1158,Frank Lester,The Tank,1984-06-10,180.0,71.0,,,Orthodox,United States
RmlnaHRlck5vZGU6MTE1OTg=,11598,levi-da-costa-11598,Levi da Costa,Pitbull,,,,,,,Brazil
RmlnaHRlck5vZGU6MTE2MDg=,11608,dionisio-ramirez-11608,Dionisio Ramirez,,1986-10-29,170.2,,,,,United States
RmlnaHRlck5vZGU6MTE2MTA=,11610,kerry-lattimer-11610,Kerry Lattimer,The Batterer,1985-03-20,172.7,,,,,United States
RmlnaHRlck5vZGU6MTE2Mg==,1162,hector-lombard-1162,Hector Lombard,Shango,1978-02-02,175.0,73.0,38.0,Striker,Southpaw,Cuba
RmlnaHRlck5vZGU6MTE2Mjg=,11628,boban-simic-11628,Boban Simic,,1982-04-09,178.0,,,,,United States
RmlnaHRlck5vZGU6MTE2NzA=,11670,renat-lyatifov-11670,Renat Lyatifov,The Genghis Khan,1989-07-02,172.7,,,,,Ukraine
RmlnaHRlck5vZGU6MTE2ODg=,11688,nick-gonzalez-11688,Nick Gonzalez,The Ghost,1981-03-03,167.6,,,,,United States
RmlnaHRlck5vZGU6MTE3OA==,1178,fabio-maldonado-1178,Fabio Maldonado,Caipira de Aço,1980-03-17,185.0,75.0,,Striker,Orthodox,Brazil
RmlnaHRlck5vZGU6MTE4MDk=,11809,quentin-gaskins-11809,Quentin Gaskins,Q.G.,1989-09-17,172.7,,,,,United States
RmlnaHRlck5vZGU6MTE4NDg=,11848,georgi-valentinov-11848,Georgi Valentinov,,1993-04-01,180.0,73.6,,,,Bulgaria
RmlnaHRlck5vZGU6MTE4OTc=,11897,frank-tate-11897,Frank Tate,Big,1976-04-22,188.0,83.0,,,,United States
RmlnaHRlck5vZGU6MTE5MA==,1190,bubba-mcdaniel-1190,Bubba McDaniel,The Menace,1983-05-03,190.5,75.0,,,,United States
RmlnaHRlck5vZGU6MTE5MDc=,11907,kastriot-xhema-11907,Kastriot Xhema,Slaughterhouse,1992-01-22,183.0,68.5,,,,United States
RmlnaHRlck5vZGU6MTE5MTA=,11910,kevin-ferguson-jr-11910,Kevin Ferguson Jr.,Baby Slice,1992-01-01,180.0,71.5,,,,United States
RmlnaHRlck5vZGU6MTE5MzE=,11931,sterling-lenz-11931,Sterling Lenz,,1986-06-03,168.0,,,,,United States
RmlnaHRlck5vZGU6MTE5NTg=,11958,peter-barrett-11958,Peter Barrett,Slippery Pete,1986-08-10,175.3,73.0,,,Southpaw,United States
RmlnaHRlck5vZGU6MTEwMDU=,11005,josenaldo-silva-11005,Josenaldo Silva,Naldo,1986-08-26,172.7,,,,,Brazil
RmlnaHRlck5vZGU6MTEwMzg=,11038,david-mundell-11038,David Mundell,Redneck,1991-08-01,175.3,75.0,,,,United States
RmlnaHRlck5vZGU6MTEyMA==,1120,john-howard-1120,John Howard,Doomsday,1983-03-01,170.0,72.0,,Striker,Orthodox,United States
RmlnaHRlck5vZGU6MTEzMQ==,1131,lavar-johnson-1131,Lavar Johnson,Big,1977-03-09,193.0,81.0,,Striker,Orthodox,United States
RmlnaHRlck5vZGU6MTI0OA==,1248,dustin-pague-1248,Dustin Pague,The Disciple,1987-08-05,176.0,74.0,,Striker,Orthodox,United States
RmlnaHRlck5vZGU6MTI2MA==,1260,robbie-peralta-1260,Robbie Peralta,Problems,1986-01-01,172.7,71.0,,,,United States
RmlnaHRlck5vZGU6MTI4MDk=,12809,eddie-hoch-12809,Eddie Hoch,,,172.0,,,,,"
United States
"
RmlnaHRlck5vZGU6MTI5MA==,1290,luke-rockhold-1290,Luke Rockhold,,1984-10-17,191.0,77.0,,Well Rounded,Orthodox,United States
RmlnaHRlck5vZGU6MTI5MjU=,12925,angela-danzig-12925,Angela Danzig,Momma,1978-06-08,160.0,,,,,United States
RmlnaHRlck5vZGU6MTI5NA==,1294,yoel-romero-1294,Yoel Romero,Soldier of God,1977-04-30,178.0,73.0,42.0,Striker / Wrestler,Southpaw,United States
RmlnaHRlck5vZGU6MTIwNQ==,1205,chad-mendes-1205,Chad Mendes,Money,1985-05-01,168.0,66.0,,Wrestler,Orthodox,United States
RmlnaHRlck5vZGU6MTIyMjU=,12225,micah-terrill-12225,Micah Terrill,See Me,1984-01-20,182.9,74.5,,,,United States
RmlnaHRlck5vZGU6MTIyMzg=,12238,haim-gozali-12238,Haim Gozali,,1973-05-06,188.0,72.0,,,,Israel
RmlnaHRlck5vZGU6MTIyOTA=,12290,josh-griggs-12290,Josh Griggs,,,180.3,,,,,"
United States
"
RmlnaHRlck5vZGU6MTIzNDE=,12341,travis-lerchen-12341,Travis Lerchen,The Villain,,188.0,,,,,United States
RmlnaHRlck5vZGU6MTM0MjE=,13421,jacob-akin-13421,Jacob Akin,The Rosedale Strangler,1985-06-02,170.2,,,,,United States
RmlnaHRlck5vZGU6MTM0ODc=,13487,kendrick-latchman-13487,Kendrick Latchman,The Uprising,1993-06-14,170.2,70.5,,,,United States
RmlnaHRlck5vZGU6MTM0OTY=,13496,fred-pierce-13496,Fred Pierce,,,183.0,,,,,United States
RmlnaHRlck5vZGU6MTM1NzE=,13571,eric-thompson-13571,Eric Thompson,The Genetic Freak,1985-10-07,170.2,,,,,United States
RmlnaHRlck5vZGU6MTM3Nw==,1377,isaac-vallie-flagg-1377,Isaac Vallie-Flagg,,1978-04-08,177.8,70.0,,Striker / Wrestler,Orthodox,United States
RmlnaHRlck5vZGU6MTM4,138,alonzo-martinez-138,Alonzo Martinez,Zo Diddy,1984-04-22,178.0,69.0,,,,United States
RmlnaHRlck5vZGU6MTM4MDU=,13805,brian-maronek-13805,Brian Maronek,Quicksand,,188.0,,,,,United States
RmlnaHRlck5vZGU6MTM4NDU=,13845,arnold-adams-13845,Arnold Adams,,1985-07-09,190.5,,,,,United States
RmlnaHRlck5vZGU6MTM5NTg=,13958,warren-thompson-13958,Warren Thompson,Destroyer,1985-12-12,188.0,,,,,United States
RmlnaHRlck5vZGU6MTMyMw==,1323,antonio-silva-1323,Antonio Silva,Bigfoot,1979-09-14,194.0,83.0,,Striker / BJJ Grappler,Orthodox,Brazil
RmlnaHRlck5vZGU6MTQ0MQ==,1441,alexey-oleinik-1441,Alexey Oleinik,The Boa Constrictor,1977-06-25,187.0,80.0,45.0,Grappler,Orthodox,Russia
RmlnaHRlck5vZGU6MTQ0NDE=,14441,franco-tenaglia-14441,Franco Tenaglia,El Rey de la Calle,,175.0,,,,,Argentina
RmlnaHRlck5vZGU6MTQ1MzY=,14536,veselin-ivanov-14536,Veselin Ivanov,The Madman,,168.0,,,,,"
Bulgaria
"
RmlnaHRlck5vZGU6MTQ1Nzg=,14578,nolan-mclaughlin-14578,Nolan McLaughlin,,,182.9,,,,,United States
RmlnaHRlck5vZGU6MTQ1OTI=,14592,katharina-lehner-14592,Katharina Lehner,The German Gypsy,1990-04-09,165.1,67.0,,,,Germany
RmlnaHRlck5vZGU6MTQ2Njc=,14667,mike-lee-14667,Mike Lee,,1977-11-30,180.3,,,,,United States
RmlnaHRlck5vZGU6MTQ3MDA=,14700,jay-jackson-14700,Jay Jackson,Action,1989-07-05,180.3,75.2,,,,United States
RmlnaHRlck5vZGU6MTQ4OTY=,14896,rosen-dimitrov-14896,Rosen Dimitrov,,1982-05-10,175.3,,,,,Bulgaria
RmlnaHRlck5vZGU6MTQ5Mw==,1493,brandon-girtz-1493,Brandon Girtz,,1985-03-06,170.2,69.0,,Wrestler,Southpaw,United States
RmlnaHRlck5vZGU6MTQyNTI=,14252,heather-hardy-14252,Heather Hardy,The Heat,1982-01-25,165.0,64.0,,,,United States
RmlnaHRlck5vZGU6MTQzMzI=,14332,christine-ferea-14332,Christine Ferea,Misfit,1982-09-10,165.1,,,,,United States
RmlnaHRlck5vZGU6MTU0MzY=,15436,jordan-pedreia-15436,Jordan Pedreia,,,,,,,,"
N/A
"
RmlnaHRlck5vZGU6MTU0NDA=,15440,linc-battee-15440,Linc Battee,Bulldog,1982-09-11,178.0,,,,,"Tiptonville, Tennessee, United States"
RmlnaHRlck5vZGU6MTU1MA==,1550,chris-cisneros-1550,Chris Cisneros,The Maverick,1979-12-24,181.0,68.5,,,,United States
RmlnaHRlck5vZGU6MTU3MTQ=,15714,jc-llamas-15714,JC Llamas,The Leg Lock Monster,1984-12-18,175.0,72.0,,,,United States
RmlnaHRlck5vZGU6MTU4MDA=,15800,donovan-desmae-15800,Donovan Desmae,Vegas,,180.0,71.3,,,,Belgium
RmlnaHRlck5vZGU6MTU4Nzk=,15879,alec-connelly-15879,Alec Connelly,,,,,,,,England
RmlnaHRlck5vZGU6MTU4OA==,1588,dan-spohn-1588,Dan Spohn,Dragon,1984-10-12,191.0,76.0,,Striker,Southpaw,United States
RmlnaHRlck5vZGU6MTU5NA==,1594,daniel-straus-1594,Daniel Straus,,1984-07-27,173.0,67.0,,Grappler,Southpaw,United States
RmlnaHRlck5vZGU6MTUwMQ==,1501,brennan-ward-1501,Brennan Ward,The Irish Bad Boy,1986-06-28,178.0,71.0,,Striker / Wrestler,Orthodox,United States
RmlnaHRlck5vZGU6MTUwNTA=,15050,scott-heston-15050,Scott Heston,,1978-06-16,180.0,,,,,United States
RmlnaHRlck5vZGU6MTUwNjU=,15065,adam-valcourt-15065,Adam Valcourt,,1991-01-24,,,,,,United States
RmlnaHRlck5vZGU6MTUwNzA=,15070,helen-peralta-15070,Helen Peralta,Iansã,1950-07-10,155.0,65.0,,,,United States
RmlnaHRlck5vZGU6MTUwNzg=,15078,drew-lipton-15078,Drew Lipton,God's Warrior,1988-10-10,170.2,,,,,United States
RmlnaHRlck5vZGU6MTUwODM=,15083,shaine-moffitt-15083,Shaine Moffitt,Skeletor,1990-02-20,177.8,,,,,United States
RmlnaHRlck5vZGU6MTUyNDU=,15245,tony-jenkins-15245,Tony Jenkins,The Way,1979-05-18,196.0,75.0,,,,United States
RmlnaHRlck5vZGU6MTUzMTI=,15312,james-gray-15312,James Gray,,,,,,,,United States
RmlnaHRlck5vZGU6MTY0Ng==,1646,eddie-alvarez-1646,Eddie Alvarez,The Silent Assassin,1984-01-11,173.0,68.0,40.0,Well Rounded,Orthodox,United States
RmlnaHRlck5vZGU6MTY1OTE=,16591,adam-wilson-16591,Adam Wilson,,,180.3,,,,,England
RmlnaHRlck5vZGU6MTY2Mjg=,16628,mike-jones-16628,Mike Jones,,1990-04-09,188.0,75.0,,,,United States
RmlnaHRlck5vZGU6MTY2Mzk=,16639,valeria-mejia-16639,Valeria Mejia,Galactika,1987-03-05,160.0,,,,,Peru
RmlnaHRlck5vZGU6MTY3MA==,1670,felipe-chavez-1670,Felipe Chavez,Flip,,,,,,,United States
RmlnaHRlck5vZGU6MTY3Njk=,16769,toby-misech-16769,Toby Misech,2 Quick,1988-03-07,172.7,68.0,,,,United States
RmlnaHRlck5vZGU6MTY4,168,cliff-wright-168,Cliff Wright,The Goblin,1979-01-22,180.3,71.0,,,,United States
RmlnaHRlck5vZGU6MTY5MTk=,16919,trever-bradshaw-16919,Trever Bradshaw,,1987-07-26,178.0,,,,,United States
RmlnaHRlck5vZGU6MTYwMw==,1603,dave-morgan-1603,Dave Morgan,,1985-06-22,162.6,,,,Orthodox,United States
RmlnaHRlck5vZGU6MTYwOA==,1608,david-rickels-1608,David Rickels,The Caveman,1989-01-05,180.3,72.0,,Striker / BJJ Grappler,Southpaw,United States
RmlnaHRlck5vZGU6MTYxNTA=,16150,maki-pitolo-16150,Maki Pitolo,Coconut Bombz,1990-11-24,175.3,73.5,,Striker,Orthodox,United States
RmlnaHRlck5vZGU6MTYxOQ==,1619,derek-campos-1619,Derek Campos,The Stallion,1988-04-01,175.3,68.0,,,,United States
RmlnaHRlck5vZGU6MTYyMjM=,16223,tom-shoaff-16223,Tom Shoaff,Your Local Ninja,,183.0,74.0,,,,United States
RmlnaHRlck5vZGU6MTYyNQ==,1625,diego-garijo-1625,Diego Garijo,Dos Pistolas,,175.0,,,,,United States
RmlnaHRlck5vZGU6MTYyOTQ=,16294,leo-bercier-16294,Leo Bercier,Bushido,1981-04-27,180.3,71.0,,,,United States
RmlnaHRlck5vZGU6MTYzMA==,1630,donald-sanchez-1630,Donald Sanchez,,1984-08-18,177.8,70.0,,,Orthodox,United States
RmlnaHRlck5vZGU6MTYzNTA=,16350,jeremy-morrison-16350,Jeremy Morrison,Mormon Meteor,,185.4,,,,,"
United States
"
RmlnaHRlck5vZGU6MTYzNTI=,16352,cameron-vancamp-16352,Cameron VanCamp,The Invader,1993-04-27,185.4,74.0,,Striker / BJJ Grappler,Orthodox,United States
RmlnaHRlck5vZGU6MTc0NjM=,17463,john-spencer-17463,John Spencer,,,,,,,,England
RmlnaHRlck5vZGU6MTc1MQ==,1751,jeremiah-riggs-1751,Jeremiah Riggs,Mississippi,1982-12-17,182.9,74.5,,,,United States
RmlnaHRlck5vZGU6MTc1NjY=,17566,vladislav-kanchev-17566,Vladislav Kanchev,C-4,1990-02-17,175.3,,,,,Bulgaria
RmlnaHRlck5vZGU6MTc3MA==,1770,jim-wallhead-1770,Jim Wallhead,Judo,1984-03-14,178.0,73.0,40.0,Striker / Bjj Grappler,Orthodox,England
RmlnaHRlck5vZGU6MTc3MTI=,17712,dustin-long-17712,Dustin Long,,1982-08-02,196.0,,,,,United States
RmlnaHRlck5vZGU6MTc3MTY=,17716,idrees-wasi-17716,Idrees Wasi,Grumpy Bear,1989-12-11,180.3,72.0,,,,United States
RmlnaHRlck5vZGU6MTc3Ng==,1776,joe-elmore-1776,Joe Elmore,Hitman,1982-09-23,175.3,68.0,,Striker,Orthodox,United States
RmlnaHRlck5vZGU6MTc4NjU=,17865,dexter-carthon-17865,Dexter Carthon,Bolo,1984-04-05,183.0,,,,,United States
RmlnaHRlck5vZGU6MTc4NzU=,17875,aaron-chalmers-17875,Aaron Chalmers,The Joker,1987-05-26,177.8,71.0,,,,England
RmlnaHRlck5vZGU6MTc4Nzk=,17879,drako-rodriguez-17879,Drako Rodriguez,The Great Drakolini,1996-06-16,175.0,69.5,,Striker / BJJ Grappler,Orthodox,"Eagle Pass, Texas"
RmlnaHRlck5vZGU6MTc4OTU=,17895,lorenzo-hunt-17895,Lorenzo Hunt,The Juggernaut,1982-09-09,191.0,,,,,"Elyria, Ohio"
RmlnaHRlck5vZGU6MTc5Ng==,1796,john-orr-1796,John Orr,BIG,1983-12-02,187.0,,,,,United States
RmlnaHRlck5vZGU6MTcw,170,cody-land-170,Cody Land,Locked and Loaded,1990-08-23,170.2,,,,,United States
RmlnaHRlck5vZGU6MTcwNTE=,17051,branko-busick-17051,Branko Busick,,1990-07-15,185.4,74.0,,,,United States
RmlnaHRlck5vZGU6MTcwNzA=,17070,solon-staley-17070,Solon Staley,Solo,1983-12-09,165.1,,,,,United States
RmlnaHRlck5vZGU6MTcwODk=,17089,joshua-morales-17089,Joshua Morales,,,,,,,,United States
RmlnaHRlck5vZGU6MTcxNTI=,17152,deron-winn-17152,Deron Winn,,1989-06-13,167.6,71.0,,Wrestler,Orthodox,"Liberty, Missouri"
RmlnaHRlck5vZGU6MTcyNzY=,17276,victor-rosas-17276,Victor Rosas,,1988-09-27,170.2,,,,,United States
RmlnaHRlck5vZGU6MTcyOTE=,17291,danny-hilton-17291,Danny Hilton,,1987-02-11,183.0,,,,,United States
RmlnaHRlck5vZGU6MTcz,173,dakota-cochrane-173,Dakota Cochrane,,1986-05-01,172.7,70.0,,Wrestler,Orthodox,United States
RmlnaHRlck5vZGU6MTczNA==,1734,jason-fish-1734,Jason Fish,Hook 'em,,177.8,71.0,,Striker,Orthodox,United States
RmlnaHRlck5vZGU6MTczNDI=,17342,kevin-benson-17342,Kevin Benson,Bad Boy,1990-04-13,175.3,70.0,,,,United States
RmlnaHRlck5vZGU6MTg3Ng==,1876,lamont-stafford-1876,Lamont Stafford,KO Kid,1984-06-19,199.0,,,,,United States
RmlnaHRlck5vZGU6MTg4MTc=,18817,hasan-yousefi-18817,Hasan Yousefi,,,182.9,,,,,Iran
RmlnaHRlck5vZGU6MTg4Nw==,1887,lewis-rumsey-1887,Lewis Rumsey,The Beast,1989-11-12,178.0,69.5,,,,United States
RmlnaHRlck5vZGU6MTg5,189,dillard-pegg-189,Dillard Pegg,Joe,1983-11-30,172.7,69.0,,,,United States
RmlnaHRlck5vZGU6MTg5Mg==,1892,lloyd-woodard-1892,Lloyd Woodard,Cupcake,1984-11-12,181.0,69.0,,,Orthodox,United States
RmlnaHRlck5vZGU6MTg5NzQ=,18974,chris-drummond-18974,Chris Drummond,The Albatross,,178.0,,,,,Australia
RmlnaHRlck5vZGU6MTg5OQ==,1899,luis-palomino-1899,Luis Palomino,Baboon,1980-10-09,173.0,69.0,,,,Peru
RmlnaHRlck5vZGU6MTgwNg==,1806,jordan-smith-1806,Jordan Smith,Mata Ele,1984-12-25,183.0,73.0,,Striker,Southpaw,United States
RmlnaHRlck5vZGU6MTgxNzI=,18172,ryan-lilley-18172,Ryan Lilley,The Lion,1989-11-17,167.6,68.0,,,,United States
RmlnaHRlck5vZGU6MTgxOA==,1818,josh-burns-1818,Josh Burns,The Hammer,1978-05-15,183.0,72.0,,,,United States
RmlnaHRlck5vZGU6MTgzNQ==,1835,julian-lane-1835,Julian Lane,Nitrane,1987-07-24,177.8,70.5,,,,United States
RmlnaHRlck5vZGU6MTgzNw==,1837,justin-baesman-1837,Justin Baesman,Raw Deal,1981-06-03,177.8,,,,,United States
RmlnaHRlck5vZGU6MTgzODI=,18382,rico-franco-18382,Rico Franco,Rico,,173.0,,,,,England
RmlnaHRlck5vZGU6MTk0MTU=,19415,juan-adams-19415,Juan Adams,The Kraken,1992-01-16,196.0,81.0,,Striker,Orthodox,United States
RmlnaHRlck5vZGU6MTk0NA==,1944,maurice-jackson-1944,Maurice Jackson,The Gorilla,1981-01-07,206.0,,,,,United States
RmlnaHRlck5vZGU6MTk0OA==,1948,michael-page-1948,Michael Page,Venom,1987-04-07,190.0,77.0,,Striker,Orthodox,England
RmlnaHRlck5vZGU6MTk1MTI=,19512,devon-schwan-19512,Devon Schwan,The Savage,,185.4,,,,,United States
RmlnaHRlck5vZGU6MTk2NQ==,1965,mike-richman-1965,Mike Richman,The Marine,1985-06-23,176.0,68.5,,Striker,Southpaw,United States
RmlnaHRlck5vZGU6MTk3Ng==,1976,muhammed-lawal-1976,Muhammed Lawal,King Mo,1981-01-11,183.0,78.0,,Wrestler,Southpaw,United States
RmlnaHRlck5vZGU6MTk4MTM=,19813,kory-moegenburg-19813,Kory Moegenburg,The Monster,1991-10-19,178.0,70.0,,,,United States
RmlnaHRlck5vZGU6MTk4MTY=,19816,ray-lopez-19816,Ray Lopez,,1986-01-30,180.3,,,,,United States
RmlnaHRlck5vZGU6MTk4MTk=,19819,harris-stephenson-19819,Harris Stephenson,Sandman,1989-03-24,183.0,,,,,"
United States
"
RmlnaHRlck5vZGU6MTk5MDM=,19903,louis-king-19903,Louis King,K.O.,1984-12-27,,,,,,England
RmlnaHRlck5vZGU6MTkyNg==,1926,martin-brown-1926,Martin Brown,Trey,1984-08-17,180.3,73.0,,,,United States
RmlnaHRlck5vZGU6MTkzMDI=,19302,nikolai-alexiev-19302,Nikolai Alexiev,,1986-04-24,180.3,,,,,Bulgaria
RmlnaHRlck5vZGU6MjA0MQ==,2041,rick-hawn-2041,Rick Hawn,Genghis,1976-09-15,176.0,71.0,,Striker,Orthodox,United States
RmlnaHRlck5vZGU6MjA0NA==,2044,rico-disciullo-2044,Rico DiSciullo,,1986-10-12,172.7,71.0,,,Orthodox,United States
RmlnaHRlck5vZGU6MjA1Mzg=,20538,mike-hansen-20538,Mike Hansen,Mighty Mouse,1989-10-05,165.1,,,,,United States
RmlnaHRlck5vZGU6MjA1NDI=,20542,stephon-reese-20542,Stephon Reese,Slugga,1991-01-17,172.7,,,,,United States
RmlnaHRlck5vZGU6MjA1NTk=,20559,murat-kilimetov-20559,Murat Kilimetov,SamBeast,1991-08-10,188.0,,,,,Russia
RmlnaHRlck5vZGU6MjA1ODM=,20583,karl-roberson-20583,Karl Roberson,Baby K,1990-10-04,183.0,75.0,,Striker,Southpaw,United States
RmlnaHRlck5vZGU6MjA2Mg==,2062,ronnie-rogers-2062,Ronnie Rogers,Bam Bam,1984-12-31,173.0,65.0,,Striker,Orthodox,United States
RmlnaHRlck5vZGU6MjA2NTc=,20657,jeremiah-scott-20657,Jeremiah Scott,The Prophet,1993-10-20,175.0,,,,,United States
RmlnaHRlck5vZGU6MjA2NTg=,20658,kenny-hill-20658,Kenny Hill,The Suntan Superman,1985-04-28,165.1,,,,,United States
RmlnaHRlck5vZGU6MjA2NTk=,20659,brandon-bushaw-20659,Brandon Bushaw,,1981-05-17,177.8,,,,,United States
RmlnaHRlck5vZGU6MjA2NjQ=,20664,reginald-barnett-jr-20664,Reginald Barnett Jr.,,1986-07-04,165.1,,,,,United States
RmlnaHRlck5vZGU6MjA2NzI=,20672,james-brown-20672,James Brown,The Pound,1993-09-09,188.0,,,,,United States
RmlnaHRlck5vZGU6MjA3NTc=,20757,ernesto-papa-20757,Ernesto Papa,,1982-06-11,184.0,,,,,Italy
RmlnaHRlck5vZGU6MjA4Mg==,2082,sabah-homasi-2082,Sabah Homasi,The Punisher,1988-10-19,183.0,72.0,,,Orthodox,United States
RmlnaHRlck5vZGU6MjA4NTk=,20859,jayme-hinshaw-20859,Jayme Hinshaw,ATOMBOMB,1989-10-16,157.5,61.0,,,,United States
RmlnaHRlck5vZGU6MjA5,209,houston-alexander-209,Houston Alexander,The Assassin,1972-03-22,183.0,72.0,,Striker,Orthodox,United States
RmlnaHRlck5vZGU6MjA5MDc=,20907,randy-hedderick-20907,Randy Hedderick,,1984-06-25,175.0,,,,,United States
RmlnaHRlck5vZGU6MjA5MTU=,20915,corey-roberts-20915,Corey Roberts,Pitbull,1988-01-05,167.6,,,,,United States
RmlnaHRlck5vZGU6MjA5Ng==,2096,scott-oshaughnessy-2096,Scott O'Shaughnessy,The Irish Spartan,1985-07-25,177.8,,,,,United States
RmlnaHRlck5vZGU6MjA=,20,ben-rothwell-20,Ben Rothwell,Big Ben,1981-10-17,196.0,80.0,,Striker,Orthodox,United States
RmlnaHRlck5vZGU6MjAwMw==,2003,parker-porter-2003,Parker Porter,,1985-04-22,182.9,74.0,,Striker,Orthodox,United States
RmlnaHRlck5vZGU6MjAyOTk=,20299,tom-angeloff-20299,Tom Angeloff,The Spider Monkey,,188.0,,,,,United States
RmlnaHRlck5vZGU6MjAzNTA=,20350,sheena-brandenburg-20350,Sheena Brandenburg,Star,1983-06-28,165.1,,,,,United States
RmlnaHRlck5vZGU6MjAzNzY=,20376,billy-martin-20376,Billy Martin,The Kid,1990-04-22,180.3,,,,,United States
RmlnaHRlck5vZGU6MjE0NDM=,21443,josh-dyer-21443,Josh Dyer,Ken Doll,,170.2,,,,,United States
RmlnaHRlck5vZGU6MjE0OA==,2148,tony-lopez-2148,Tony Lopez,Kryptonite,1973-11-28,197.0,79.0,,,Southpaw,United States
RmlnaHRlck5vZGU6MjE1NTI=,21552,anthony-yost-21552,Anthony Yost,The Devils Advocate,1993-09-18,165.0,,,,,United States
RmlnaHRlck5vZGU6MjE1Nzg=,21578,daniel-toledo-21578,Daniel Toledo,Jacare,,190.0,,,,,Spain
RmlnaHRlck5vZGU6MjE3NDI=,21742,mariya-agapova-21742,Mariya Agapova,Demonslayer,,168.0,68.5,,Striker,Southpaw,Kazakhstan
RmlnaHRlck5vZGU6MjE4Nzk=,21879,antonio-castillo-jr-21879,Antonio Castillo Jr.,Mexican Muscle,1987-02-27,170.2,,,,,United States
RmlnaHRlck5vZGU6MjE4OA==,2188,willie-gates-2188,Willie Gates,Whoop Ass,1987-01-21,172.7,72.0,,,,United States
RmlnaHRlck5vZGU6MjEwMTg=,21018,chris-garcia-21018,Chris Garcia,,,,,,,,United States
RmlnaHRlck5vZGU6MjEyMjE=,21221,elijah-harris-21221,Elijah Harris,The Buffalo Soldier,1995-10-03,168.0,,,,,United States
RmlnaHRlck5vZGU6MjEyNg==,2126,steven-banks-2126,Steven Banks,The Panda,1981-03-14,195.6,,,,,United States
RmlnaHRlck5vZGU6MjI0Nzk=,22479,wilhelm-ott-22479,Wilhelm Ott,The Amazing,1982-06-19,180.3,,,,,Austria
RmlnaHRlck5vZGU6MjI1NDc=,22547,florin-lupu-22547,Florin Lupu,,,160.0,64.2,,,,Romania
RmlnaHRlck5vZGU6MjI2NTA=,22650,israel-rodriguez-22650,Israel Rodriguez,Rooster,1985-07-02,175.3,,,,,United States
RmlnaHRlck5vZGU6MjI3NDQ=,22744,billy-swanson-22744,Billy Swanson,Big Sexy,1994-03-23,188.0,70.0,,,,United States
RmlnaHRlck5vZGU6MjI3NTc=,22757,marcel-stamps-22757,Marcel Stamps,Swift,1985-04-12,191.0,,,,,United States
RmlnaHRlck5vZGU6MjI3ODc=,22787,yamila-sanchez-22787,Yamila Sanchez,,,,,,,,"
Argentina
"
RmlnaHRlck5vZGU6MjI5,229,jett-jones-229,Jett Jones,,1987-02-16,188.0,,,,,United States
RmlnaHRlck5vZGU6MjI5NzM=,22973,brandon-meyer-22973,Brandon Meyer,,,175.0,,,,,United States
RmlnaHRlck5vZGU6MjI5ODA=,22980,jeff-souder-22980,Jeff Souder,,,183.0,,,,,United States
RmlnaHRlck5vZGU6MjI5ODQ=,22984,keilen-fantroy-22984,Keilen Fantroy,Krash,1991-07-25,168.0,,,,,United States
RmlnaHRlck5vZGU6MjIwMTg=,22018,ben-robinson-22018,Ben Robinson,,1989-05-27,182.9,,,,,United States
RmlnaHRlck5vZGU6MjIyMg==,2222,charles-bennett-2222,Charles Bennett,Krazy Horse,1979-11-23,166.0,67.3,,,Orthodox,United States
RmlnaHRlck5vZGU6MjM0Mg==,2342,shannon-ritch-2342,Shannon Ritch,The Cannon,1970-09-27,175.0,,,,Orthodox,United States
RmlnaHRlck5vZGU6MjM2,236,joey-angelo-236,Joey Angelo,The Cinderella Man,1989-04-04,177.8,,,,,United States
RmlnaHRlck5vZGU6MjM3NDE=,23741,toni-markulev-23741,Toni Markulev,,,180.0,,,,,Austria
RmlnaHRlck5vZGU6MjM5ODE=,23981,yorgan-decastro-23981,Yorgan Decastro,The Mad Titan,1987-12-20,180.0,74.0,,Striker,Orthodox,United States
RmlnaHRlck5vZGU6MjMwMzA=,23030,terry-janoski-23030,Terry Janoski,The Experiment,1990-07-04,,,,,,United States
RmlnaHRlck5vZGU6MjMxNDA=,23140,alberto-blas-23140,Alberto Blas,El Indio,1994-10-08,170.0,70.0,,,,Cuba
RmlnaHRlck5vZGU6MjMxNDk=,23149,joshua-fremd-23149,Joshua Fremd,The Big Yinz,1994-01-15,193.0,76.5,,Striker,Orthodox,"Connellsville, Pennsylvania"
RmlnaHRlck5vZGU6MjMxNTM=,23153,michael-trizano-23153,Michael Trizano,The Lone Wolf,1991-12-31,180.0,71.0,,Striker,Orthodox,United States
RmlnaHRlck5vZGU6MjQ0Mzk=,24439,joshua-moreno-24439,Joshua Moreno,,,183.0,73.0,,,,United States
RmlnaHRlck5vZGU6MjQ3NDY=,24746,kasey-yates-24746,Kasey Yates,,,180.0,69.0,,,,"
United States
"
RmlnaHRlck5vZGU6MjQ4NzI=,24872,mike-andaya-24872,Mike Andaya,,,175.3,,,,,United States
RmlnaHRlck5vZGU6MjQ5MDA=,24900,pat-casey-24900,Pat Casey,The Gorilla Ninja,1990-10-17,173.0,70.0,,,,United States
RmlnaHRlck5vZGU6MjQ5NDI=,24942,paolo-zorzi-24942,Paolo Zorzi,,,,,,,,Italy
RmlnaHRlck5vZGU6MjQzNTg=,24358,greg-hardy-24358,Greg Hardy,The Prince of War,1988-07-28,195.6,80.5,,Striker,Orthodox,United States
RmlnaHRlck5vZGU6MjU0ODQ=,25484,gustavo-trujillo-25484,Gustavo Trujillo,Cuban Assassin,1993-02-28,188.0,78.5,,,,United States
RmlnaHRlck5vZGU6MjU0OTA=,25490,islam-sizbulatov-25490,Islam Sizbulatov,,1988-03-01,178.0,,,,,Austria
RmlnaHRlck5vZGU6MjU1Mg==,2552,cassie-robb-2552,Cassie Robb,The Hulk,1990-08-03,165.1,,,,,United States
RmlnaHRlck5vZGU6MjU2Mw==,2563,paige-vanzant-2563,Paige VanZant,12 Gauge,1994-03-26,158.0,65.0,37.0,Striker / Wrestler,Orthodox,United States
RmlnaHRlck5vZGU6MjU3MjQ=,25724,ras-hylton-25724,Ras Hylton,Ras-squatch / The Jamaican Shamrock,1988-02-09,198.1,83.0,,,,United States
RmlnaHRlck5vZGU6MjU3Njk=,25769,andre-kase-25769,Andre Kase,The Bull,1972-12-23,180.3,,,,,United States
RmlnaHRlck5vZGU6MjUz,253,justin-grizzard-253,Justin Grizzard,,,195.6,,,,,United States
RmlnaHRlck5vZGU6MjUzNTg=,25358,ivana-coleman-25358,Ivana Coleman,,,165.1,,,,,United States
RmlnaHRlck5vZGU6MjY0,264,kevin-croom-264,Kevin Croom,The Kremlin,1987-07-15,180.3,73.0,,Striker / BJJ Grappler,Orthodox,United States
RmlnaHRlck5vZGU6MjY3Nzg=,26778,julian-fernandez-26778,Julian Fernandez,Pit Bull Jr,1985-06-24,191.0,80.3,,,,"
Tijuana, Mexico
"
RmlnaHRlck5vZGU6MjY4MTE=,26811,jonathan-miller-26811,Jonathan Miller,Big Baby,1992-07-06,182.9,,,,,United States
RmlnaHRlck5vZGU6MjY5MjA=,26920,andrew-potter-26920,Andrew Potter,,1992-07-08,,,,,,United States
RmlnaHRlck5vZGU6MjYwMQ==,2601,bruce-lutchmedial-2601,Bruce Lutchmedial,The Iron Lion,1991-07-22,178.0,76.0,,,,United States
RmlnaHRlck5vZGU6MjYxMDM=,26103,rob-morrow-26103,Rob Morrow,The Destroyer,1985-09-03,191.0,77.0,,,,United States
RmlnaHRlck5vZGU6Mjc0NzA=,27470,jivko-stoimenov-27470,Jivko Stoimenov,The Bulgarian Ripper,1996-07-16,179.0,69.7,,,,"
Sofia, Bulgaria
"
RmlnaHRlck5vZGU6Mjc3MTQ=,27714,mehdi-barghi-27714,Mehdi Barghi,,,182.9,72.0,,,,Iran
RmlnaHRlck5vZGU6Mjc3NjY=,27766,brian-maxwell-27766,Brian Maxwell,,1987-08-16,183.0,,,,,United States
RmlnaHRlck5vZGU6Mjc3Njc=,27767,donelei-benedetto-27767,Donelei Benedetto,King Kong,1992-01-01,188.0,,,,,United States
RmlnaHRlck5vZGU6Mjc3ODY=,27786,james-lilley-27786,James Lilley,Lights Out,1986-11-14,175.3,,,,,Wales
RmlnaHRlck5vZGU6Mjc4MjA=,27820,anton-larsson-27820,Anton Larsson,Crazy Thai,1990-03-21,167.6,,,,,"
Bankok
"
RmlnaHRlck5vZGU6Mjc4Mw==,2783,pearl-gonzalez-2783,Pearl Gonzalez,The Chi-Town Princess,1986-08-12,162.6,68.0,,Striker / Bjj Grappler,,United States
RmlnaHRlck5vZGU6Mjc4Ng==,2786,reggie-pena-2786,Reggie Pena,The Regulator,1983-04-09,182.9,80.0,,,,United States
RmlnaHRlck5vZGU6Mjc5MTQ=,27914,cristina-crist-27914,Cristina Crist,Crazy,1990-04-17,157.5,62.5,,,,United States
RmlnaHRlck5vZGU6Mjc5NTI=,27952,ruben-warr-27952,Ruben Warr,Bad Boy,1988-11-05,172.7,,,,,United States
RmlnaHRlck5vZGU6Mjc5ODQ=,27984,nathan-maness-27984,Nathan Maness,Mayhem,1991-06-27,177.8,72.0,,Striker,Orthodox,United States
RmlnaHRlck5vZGU6MjcwOTE=,27091,shamil-dzhakhbarov-27091,Shamil Dzhakhbarov,Hunter,,163.0,,,,,Moscow
RmlnaHRlck5vZGU6MjczNg==,2736,keith-richardson-2736,Keith Richardson,The Rockstar,1983-11-29,167.6,70.0,,,,United States
RmlnaHRlck5vZGU6MjczNjg=,27368,matthew-semelsberger-27368,Matthew Semelsberger,Semi,1992-11-23,185.0,73.0,,Striker,Orthodox,United States
RmlnaHRlck5vZGU6Mjg0Mzg=,28438,matt-socholotiuk-28438,Matt Socholotiuk,,,,,,,,Canada
RmlnaHRlck5vZGU6Mjg0NDU=,28445,alan-stephenson-28445,Alan Stephenson,A-Train,1988-06-16,180.3,,,,,United States
RmlnaHRlck5vZGU6Mjg0NTA=,28450,chris-johnson-28450,Chris Johnson,The Jungle,1994-05-09,170.2,,,,,United States
RmlnaHRlck5vZGU6Mjg0ODQ=,28484,alexandra-ballou-28484,Alexandra Ballou,The Great,1992-01-21,170.0,,,,,United States
RmlnaHRlck5vZGU6Mjg2NzE=,28671,chris-inocencio-28671,Chris Inocencio,,,175.3,71.0,,,,United States
RmlnaHRlck5vZGU6Mjg2OTc=,28697,scott-roberts-28697,Scott Roberts,The Mad Poet,,183.0,75.0,,,,"
N/A
"
RmlnaHRlck5vZGU6Mjg5NDA=,28940,phil-caracappa-28940,Phil Caracappa,The Hitman,1992-06-05,173.0,70.0,,,,United States
RmlnaHRlck5vZGU6MjgwMTk=,28019,jennifer-tate-28019,Jennifer Tate,Rosebud,1985-09-02,165.1,,,,,United States
RmlnaHRlck5vZGU6MjgxNTI=,28152,darren-whitney-28152,Darren Whitney,D-Day,1990-06-06,165.0,75.0,,,,Maine
RmlnaHRlck5vZGU6MjgxNzQ=,28174,john-garbarino-28174,John Garbarino,Johnny Garb,1995-08-15,178.0,,,,,United States
RmlnaHRlck5vZGU6MjgyMDM=,28203,samuel-romero-28203,Samuel Romero,,,178.0,,,,,"San Jose, California"
RmlnaHRlck5vZGU6MjgzMzA=,28330,ben-moa-28330,Ben Moa,,1981-04-22,188.0,,,,,"San Bernardino, United States"
RmlnaHRlck5vZGU6MjgzMzI=,28332,joey-munoz-28332,Joey Munoz,,1992-06-25,165.0,,,,,United States
RmlnaHRlck5vZGU6Mjk0MDU=,29405,walter-pugliesi-29405,Walter Pugliesi,Kraken,,177.8,,,,,Italy
RmlnaHRlck5vZGU6Mjk2MQ==,2961,john-hollis-2961,John Hollis,,,173.0,,,,,United States
RmlnaHRlck5vZGU6Mjk3MDk=,29709,rick-caruso-29709,Rick Caruso,Slick,1988-03-13,182.9,,,,,United States
RmlnaHRlck5vZGU6Mjk3Mw==,2973,josh-huber-2973,Josh Huber,The Hellboy,1985-08-23,175.3,70.5,,,,United States
RmlnaHRlck5vZGU6Mjk3OTc=,29797,cameron-hardy-29797,Cameron Hardy,Party,1994-12-06,,,,,,England
RmlnaHRlck5vZGU6Mjk4MDE=,29801,kyle-wright-29801,Kyle Wright,Super Savage,1995-11-16,180.0,,,,,"
United States
"
RmlnaHRlck5vZGU6Mjk4MDI=,29802,simeon-otley-29802,Simeon Otley,,,,,,,,England
RmlnaHRlck5vZGU6Mjk5MjM=,29923,cody-vidal-29923,Cody Vidal,,,178.0,71.5,,,,"Pottsville, Pennsylvania"
RmlnaHRlck5vZGU6Mjk5NQ==,2995,leo-pla-2995,Leo Pla,,1982-05-05,180.3,,,,,United States
RmlnaHRlck5vZGU6Mjk5ODI=,29982,randy-costa-29982,Randy Costa,The Zohan,1994-07-06,178.0,73.0,,Striker,Orthodox,United States
RmlnaHRlck5vZGU6MjkwMA==,2900,deron-carlis-2900,Deron Carlis,Kryptonian Pharaoh,1986-10-01,165.1,70.0,,,,United States
RmlnaHRlck5vZGU6MjkxNDM=,29143,adam-cook-29143,Adam Cook,The Smiling Assassin,,177.8,,,,,Australia
RmlnaHRlck5vZGU6MjkxNjQ=,29164,adalberto-serrano-29164,Adalberto Serrano,,1980-10-10,180.3,,,,,"
United States
"
RmlnaHRlck5vZGU6MjkyNw==,2927,jake-lindsey-2927,Jake Lindsey,The Librarian,1986-06-21,180.3,72.5,,,,United States
RmlnaHRlck5vZGU6MjkyNzY=,29276,freddy-sandoval-29276,Freddy Sandoval,,,175.0,69.0,,,,United States
RmlnaHRlck5vZGU6MjkzMzU=,29335,anthony-retic-29335,Anthony Retic,,1988-04-30,185.4,79.1,,,,United States
RmlnaHRlck5vZGU6MjkzNDU=,29345,fatu-tuitasi-29345,Fatu Tuitasi,,,,,,,,United States
RmlnaHRlck5vZGU6MjkzNzk=,29379,kathryn-paprocki-29379,Kathryn Paprocki,,,165.0,65.0,,,,United States
RmlnaHRlck5vZGU6MzA0ODM=,30483,isaac-matamoros-30483,Isaac Matamoros,Ice,1994-10-28,168.0,,,,,"Mission, Texas"
RmlnaHRlck5vZGU6MzA1MTI=,30512,charisa-sigala-30512,Charisa Sigala,,1984-03-25,163.0,,,,,United States
RmlnaHRlck5vZGU6MzA1Mw==,3053,theo-brown-3053,Theo Brown,,,180.0,,,,,United States
RmlnaHRlck5vZGU6MzA1MzU=,30535,marisol-ruelas-30535,Marisol Ruelas,,1997-02-20,163.0,64.7,,,,United States
RmlnaHRlck5vZGU6MzA1NzM=,30573,alejandro-solorzano-30573,Alejandro Solorzano,Goliath,,210.0,,,,,Mexico
RmlnaHRlck5vZGU6MzA2,306,sean-wilson-306,Sean Wilson,P-Town,1982-10-20,172.7,68.5,,,,United States
RmlnaHRlck5vZGU6MzA4MzI=,30832,tony-giles-30832,Tony Giles,Rhino,,180.0,70.1,,,,England
RmlnaHRlck5vZGU6MzA5MDQ=,30904,andrew-miller-30904,Andrew Miller,Maddog Fairtex,,180.0,,,,,"
Scotland
"
RmlnaHRlck5vZGU6MzAwNzM=,30073,erick-lozano-30073,Erick Lozano,El Travieso,1982-09-10,177.8,,,,,United States
RmlnaHRlck5vZGU6MzAxODU=,30185,alex-davison-30185,Alex Davison,,,,,,,,"
N/A
"
RmlnaHRlck5vZGU6MzAyMDg=,30208,kealii-kanekoa-30208,Kealii Kanekoa,The Saint,,183.0,,,,,United States
RmlnaHRlck5vZGU6MzAyNjE=,30261,julian-valencia-30261,Julian Valencia,,,165.0,,,,,United States
RmlnaHRlck5vZGU6MzE0NzA=,31470,michael-jones-31470,Michael Jones,Murc,,178.0,74.0,,,,"
Orlando, Florida
"
RmlnaHRlck5vZGU6MzE1OTM=,31593,jenny-clausius-31593,Jenny Clausius,Savage,1993-04-10,152.0,62.5,,,,United States
RmlnaHRlck5vZGU6MzE2ODM=,31683,jessica-borga-31683,Jessica Borga,The Black Widow,1989-12-18,170.0,70.0,,,,"Lakeland, Florida"
RmlnaHRlck5vZGU6MzE3NTU=,31755,juan-carlos-de-leon-31755,Juan Carlos De Leon,Corazon,,180.0,,,,,"
United States
"
RmlnaHRlck5vZGU6MzE4MzI=,31832,jared-tallent-31832,Jared Tallent,The Natural,1996-08-02,170.0,,,,,"
United States
"
RmlnaHRlck5vZGU6MzE4NjI=,31862,cody-schieve-31862,Cody Schieve,Lightning,,180.0,,,,,"Winslow, Indiana"
RmlnaHRlck5vZGU6MzExMzg=,31138,conan-barbaru-31138,Conan Barbaru,,,,,,,,Romania
RmlnaHRlck5vZGU6MzExNDY=,31146,joshua-oxendine-31146,Joshua Oxendine,The Oxman,1994-03-11,175.0,,,,,"Lumberton, North Carolina, United States"
RmlnaHRlck5vZGU6MzExOTM=,31193,zac-cavender-31193,Zac Cavender,,1994-08-14,196.0,79.0,,,,United States
RmlnaHRlck5vZGU6MzEyNDg=,31248,jw-kiser-31248,JW Kiser,Mad Cannons,1979-01-01,180.0,71.0,,,,"
United States
"
RmlnaHRlck5vZGU6MzEyNTI=,31252,sarah-shell-31252,Sarah Shell,TNT,1987-12-21,170.0,,,,,United States
RmlnaHRlck5vZGU6MzI0MA==,3240,jake-heffernan-3240,Jake Heffernan,The Grinder,1989-11-21,175.0,,,,,United States
RmlnaHRlck5vZGU6MzM0NTI=,33452,anthony-garrett-33452,Anthony Garrett,Lionheart,1989-11-10,196.0,80.0,,,,United States
RmlnaHRlck5vZGU6MzM1MjQ=,33524,dony-matos-33524,Dony Matos,Terrier,1988-01-02,170.0,,,,,"Serrinha, Bahia, Brazil"
RmlnaHRlck5vZGU6MzM1MjU=,33525,claudia-zamora-33525,Claudia Zamora,The Phoenix,1986-04-05,152.0,66.0,,,,United States
RmlnaHRlck5vZGU6MzM2MTk=,33619,taylor-starling-33619,Taylor Starling,Killa Bee,1996-02-27,170.0,67.0,,,,"
United States
"
RmlnaHRlck5vZGU6MzM2MjE=,33621,josh-krejci-33621,Josh Krejci,,1988-01-28,170.0,,,,,United States
RmlnaHRlck5vZGU6MzM2NTM=,33653,rob-fuller-33653,Rob Fuller,The One-Percenter,1980-07-30,170.0,,,,,United States
RmlnaHRlck5vZGU6MzM3MTI=,33712,emanuel-rivero-33712,Emanuel Rivero,12/70,1989-01-06,170.0,,,,,Argentina
RmlnaHRlck5vZGU6MzM4MDk=,33809,nathan-ghareeb-33809,Nathan Ghareeb,Nasty,1993-07-14,173.0,69.0,,,,United States
RmlnaHRlck5vZGU6MzM5NTE=,33951,kaylan-gorospe-33951,Kaylan Gorospe,,,,,,,,United States
RmlnaHRlck5vZGU6MzM5OTI=,33992,florian-reitz-33992,Florian Reitz,,,,,,,,Germany
RmlnaHRlck5vZGU6MzMwMjM=,33023,troy-dennison-33023,Troy Dennison,,1988-12-06,183.0,,,,,"
Salt Lake City, Utah
"
RmlnaHRlck5vZGU6MzMwMzM=,33033,joseph-creer-33033,Joseph Creer,Dark Knight,1981-12-28,191.0,75.0,,,,"Detroit, Michigan, United States"
RmlnaHRlck5vZGU6MzMwNDk=,33049,traevon-kroger-33049,Traevon Kroger,Kid Cobra,2000-01-28,191.0,77.0,,,,"
United States
"
RmlnaHRlck5vZGU6MzMwNTY=,33056,dominico-salas-33056,Dominico Salas,,1988-05-13,170.0,,,,,United States
RmlnaHRlck5vZGU6MzMyMDk=,33209,heriberto-tovar-33209,Heriberto Tovar,El Rudo,,180.0,,,,,"Pachuca, Hidalgo, Mexico"
RmlnaHRlck5vZGU6MzMyNDI=,33242,chancey-wilson-33242,Chancey Wilson,Superfly,,157.5,,,,,United States
RmlnaHRlck5vZGU6MzMyNjk=,33269,shawn-moffett-33269,Shawn Moffett,,,183.0,,,,,United States
RmlnaHRlck5vZGU6MzQ0OQ==,3449,allen-arzeno-3449,Allen Arzeno,The Rebel,1979-07-06,175.3,,,,,United States
RmlnaHRlck5vZGU6MzQ2MzM=,34633,dany-gonzalez-34633,Dany Gonzalez,,1993-03-28,168.0,,,,,United States
RmlnaHRlck5vZGU6MzQ2NDk=,34649,james-rodriguez-34649,James Rodriguez,The Scarecrow,1989-06-11,200.7,,,,,"
United States
"
RmlnaHRlck5vZGU6MzQ2Nw==,3467,elvin-brito-3467,Elvin Brito,El Bandido,1985-07-21,183.0,70.1,,,,Puerto Rico
RmlnaHRlck5vZGU6MzQ3Nw==,3477,jacob-brunnell-3477,Jacob Brunnell,The Caveman,1977-10-02,172.7,,,,,United States
RmlnaHRlck5vZGU6MzQwMw==,3403,ryan-benoit-3403,Ryan Benoit,Baby Face,1989-08-25,165.1,71.0,38.0,Striker / Wrestler,Switch,United States
RmlnaHRlck5vZGU6MzQwMzE=,34031,ulysses-diaz-34031,Ulysses Diaz,,1981-03-14,185.0,,,,,"
Cuba
"
RmlnaHRlck5vZGU6MzQwNTQ=,34054,zedekiah-montanez-34054,Zedekiah Montanez,King,1992-05-18,173.0,,,,,United States
RmlnaHRlck5vZGU6MzQxNDQ=,34144,john-michael-escoboza-34144,John Michael Escoboza,JoMi Archangel,1990-07-17,191.0,77.0,,,,United States
RmlnaHRlck5vZGU6MzQxNTU=,34155,monica-franco-34155,Monica Franco,Fearless,,167.6,63.0,,,,United States
RmlnaHRlck5vZGU6MzU0NzY=,35476,eduardo-peralta-35476,Eduardo Peralta,,,170.0,,,,,United States
RmlnaHRlck5vZGU6MzU1ODM=,35583,derek-perez-35583,Derek Perez,,1992-03-18,178.0,70.1,,,,United States
RmlnaHRlck5vZGU6MzU1ODk=,35589,alvin-davis-35589,Alvin Davis,Dangerous,1985-10-27,180.0,70.0,,,,"Bessemer, Alabama, United States"
RmlnaHRlck5vZGU6MzU1OTA=,35590,jordan-christensen-35590,JorDan Christensen,Haymaker,1986-01-01,183.0,,,,,"Clear Lake, Washington"
RmlnaHRlck5vZGU6MzU2MTU=,35615,jarod-grant-35615,Jarod Grant,Kid Gatti,,168.0,,,,,"
N/A
"
RmlnaHRlck5vZGU6MzU2MTc=,35617,kenmon-evans-35617,Kenmon Evans,,1992-03-02,180.0,,,,,"
Florida, United States
"
RmlnaHRlck5vZGU6MzU2MTg=,35618,robert-washington-35618,Robert Washington,,1984-07-26,180.0,,,,,"
United States
"
RmlnaHRlck5vZGU6MzU3MTg=,35718,james-dixon-35718,James Dixon,The Lionheart,1994-05-28,168.0,,,,,"Coventry, England"
RmlnaHRlck5vZGU6MzU4MTU=,35815,isaac-doolittle-35815,Isaac Doolittle,,,170.0,,,,,"
United States
"
RmlnaHRlck5vZGU6MzU4MjE=,35821,joshua-marer-35821,Joshua Marer,Danger,1990-10-09,173.0,,,,,United States
RmlnaHRlck5vZGU6MzU4NDU=,35845,sebastian-temesi-35845,Sebastian Temesi,,1990-04-24,,,,,,Australia
RmlnaHRlck5vZGU6MzU4NzI=,35872,jeff-bailey-35872,Jeff Bailey,,,168.0,,,,,United States
RmlnaHRlck5vZGU6MzU5Njc=,35967,randine-eckholm-35967,Randine Eckholm,,,,,,,,"
United States
"
RmlnaHRlck5vZGU6MzU5ODU=,35985,paulo-machado-35985,Paulo Machado,Zé Doido,1987-07-13,175.0,,,,,"Itapemirim, Espirito Santo, Brazil"
RmlnaHRlck5vZGU6MzUwMg==,3502,leo-valdivia-3502,Leo Valdivia,,1988-03-17,180.3,,,,,United States
RmlnaHRlck5vZGU6MzUwNTA=,35050,jeremy-rogers-35050,Jeremy Rogers,Lil Rowdy,1978-07-07,170.0,,,,,United States
RmlnaHRlck5vZGU6MzUwNTQ=,35054,kobe-bowen-35054,Kobe Bowen,,1998-05-12,180.0,,,,,Barbados
RmlnaHRlck5vZGU6MzUxODE=,35181,britain-hart-35181,Britain Hart,,1990-02-02,170.0,66.1,,,,"Layton, Utah, USA"
RmlnaHRlck5vZGU6MzUxODI=,35182,sam-shewmaker-35182,Sam Shewmaker,Hillbilly Hammer,1984-06-13,191.0,76.0,,,,"
Missouri
"
RmlnaHRlck5vZGU6MzUxODM=,35183,bruce-abramski-35183,Bruce Abramski,,1984-09-13,191.0,76.0,,,,"
United States
"
RmlnaHRlck5vZGU6MzUxODY=,35186,clay-burns-35186,Clay Burns,3rd Degree,,168.0,,,,,"Fort Worth, Texas"
RmlnaHRlck5vZGU6MzUxODc=,35187,jorge-gonzalez-rolon-35187,Jorge Gonzalez-Rolon,,1985-03-02,178.0,,,,,"
Indiana
"
RmlnaHRlck5vZGU6MzUxODg=,35188,jimmy-jennett-35188,Jimmy Jennett,,,198.0,,,,,United States
RmlnaHRlck5vZGU6MzUxOTE=,35191,cecilia-ulloa-35191,Cecilia Ulloa,Csy,1986-02-15,155.0,,,,,"
México
"
RmlnaHRlck5vZGU6MzUxOTI=,35192,joel-parades-35192,Joel Parades,,,,,,,,United States
RmlnaHRlck5vZGU6MzUxOTM=,35193,erik-leander-35193,Erik Leander,,,,,,,,
RmlnaHRlck5vZGU6MzUxOTQ=,35194,travis-thompson-35194,Travis Thompson,The Animal,,168.0,,,,,United States
RmlnaHRlck5vZGU6MzUxOTY=,35196,sergio-herrera-35196,Sergio Herrera,,,,,,,,Mexico
RmlnaHRlck5vZGU6MzUxOTc=,35197,jesus-quevedo-35197,Jesús Quevedo,Boy,,,,,,,Mexico
RmlnaHRlck5vZGU6MzUxOTg=,35198,jose-ruelas-soto-35198,Jose Ruelas Soto,,,178.0,,,,,"Rosarita, Baja California, Mexico"
RmlnaHRlck5vZGU6MzUxOTk=,35199,omar-molina-35199,Omar Molina,Rocky,,,,,,,Mexico
RmlnaHRlck5vZGU6MzUyMDA=,35200,kaleb-harris-35200,Kaleb Harris,Lionheart,1993-09-21,183.0,,,,,United States
RmlnaHRlck5vZGU6MzUyMDI=,35202,bobo-obannon-35202,Bobo O'Bannon,The Bible Belt Brawler,1985-07-13,188.0,77.6,,,,"
United States
"
RmlnaHRlck5vZGU6MzUyMDQ=,35204,paulie-malignaggi-35204,Paulie Malignaggi,Magic Man,1980-11-23,173.0,71.0,,,,"
Brooklyn, New York
"
RmlnaHRlck5vZGU6MzUyMDY=,35206,adam-pellerano-35206,Adam Pellerano,,,,,,,,"
N/A
"
RmlnaHRlck5vZGU6MzUyMDc=,35207,josh-boudreaux-35207,Josh Boudreaux,,1982-09-06,175.3,,,,,"
Ocean Springs, Mississippi
"
RmlnaHRlck5vZGU6MzUyMDk=,35209,dat-nguyen-35209,Dat Nguyen,Dat Be Dat,1982-10-11,170.0,66.9,,,,Hawaii
RmlnaHRlck5vZGU6MzUyMTA=,35210,travis-thompson-35210,Travis Thompson,,,,,,,,United States
RmlnaHRlck5vZGU6MzUyMTI=,35212,jared-warren-35212,Jared Warren,,,185.0,,,,,"
United States
"
RmlnaHRlck5vZGU6MzUyMTQ=,35214,chris-sarro-35214,Chris Sarro,Golden Gloves,,185.0,,,,,"Blue Hill, Maine, United States"
RmlnaHRlck5vZGU6MzUyMTU=,35215,john-mcallister-35215,John McAllister,The Great One,1983-04-09,175.0,,,,,United States
RmlnaHRlck5vZGU6MzUyMTY=,35216,jeff-chiffens-35216,Jeff Chiffens,Hungry,,175.0,,,,,"
United States
"
RmlnaHRlck5vZGU6MzUyMTc=,35217,francesco-ricchi-35217,Francesco Ricchi,,1994-02-24,,,,,,"
Italy
"
RmlnaHRlck5vZGU6MzUyMTg=,35218,louis-hernandez-35218,Louis Hernandez,,1994-09-12,,,,,,
RmlnaHRlck5vZGU6MzUyMTk=,35219,tee-cummins-35219,Tee Cummins,The Experiment,1992-08-23,180.0,72.0,,,,United States
RmlnaHRlck5vZGU6MzUyMjA=,35220,detrailous-webster-35220,Detrailous Webster,Teddy,1988-05-17,,,,,,"
N/A
"
RmlnaHRlck5vZGU6MzUyMjE=,35221,jeff-denton-35221,Jeff Denton,,1991-06-25,178.0,,,,,United States
RmlnaHRlck5vZGU6MzUyNTQ=,35254,dylan-schulte-35254,Dylan Schulte,The Villain,1991-04-09,175.0,,,,,United States
RmlnaHRlck5vZGU6MzUzMDI=,35302,dan-bunyan-35302,Dan Bunyan,,,,,,,,"
United States
"
RmlnaHRlck5vZGU6MzUzNw==,3537,yosdenis-cedeno-3537,Yosdenis Cedeno,the pink panther,1985-02-12,14.7,69.5,,Striker / BJJ Grappler,Orthodox,Cuba
RmlnaHRlck5vZGU6MzUzOQ==,3539,zach-juusola-3539,Zach Juusola,The Juice,1987-08-23,188.0,74.5,,,,United States
RmlnaHRlck5vZGU6MzY0MDY=,36406,ronny-hauser-36406,Ronny Hauser,,1993-10-24,168.0,,,,,United States
RmlnaHRlck5vZGU6MzY1MA==,3650,bob-brents-3650,Bob Brents,Zombie,1982-04-14,176.0,,,,,United States
RmlnaHRlck5vZGU6MzY1Mg==,3652,bojan-kosednar-3652,Bojan Kosednar,Zelva,1983-07-21,173.0,,,,,Slovenia
RmlnaHRlck5vZGU6MzY1NDE=,36541,hannah-guy-36541,Hannah Guy,The Hurricane,1995-05-04,163.0,63.0,,,,United States
RmlnaHRlck5vZGU6MzY1NDc=,36547,greg-bono-36547,Greg Bono,Rockhard,,168.0,,,,,
RmlnaHRlck5vZGU6MzY1NDg=,36548,john-chalbeck-36548,John Chalbeck,Florida Keys Kid,1982-07-08,,,,,,"Marathon, Florida"
RmlnaHRlck5vZGU6MzY2MTQ=,36614,van-vo-36614,Van Vo,Tactic,1984-01-09,175.0,,,,,"
Beavercreek, Ohio
"
RmlnaHRlck5vZGU6MzY2NQ==,3665,brian-hyslop-3665,Brian Hyslop,,,168.0,,,,,Scotland
RmlnaHRlck5vZGU6MzY2OQ==,3669,bryan-creighton-3669,Bryan Creighton,The Big Bad Wolf,1986-04-26,165.0,,,,,England
RmlnaHRlck5vZGU6MzY4MjQ=,36824,david-mora-36824,David Mora,,1995-03-19,184.0,,,,,Madrid
RmlnaHRlck5vZGU6MzY4NTY=,36856,tomas-bolo-36856,Tomas Bolo,Bolo,,177.8,,,,,Slovakia
RmlnaHRlck5vZGU6MzY4OA==,3688,chris-fishgold-3688,Chris Fishgold,,1992-06-06,172.7,68.0,,Striker / Grappler,Orthodox,England
RmlnaHRlck5vZGU6MzY4ODg=,36888,tomas-lejsek-36888,Tomáš Lejsek,,,184.0,,,,,"
Liberec, Czech Republic
"
RmlnaHRlck5vZGU6MzY5MDc=,36907,richard-brooks-36907,Richard Brooks,,1984-12-26,178.0,,,,,United States
RmlnaHRlck5vZGU6MzY5MTY=,36916,jerome-macalino-36916,Jerome Macalino,The Phenom,1995-05-10,183.0,,,,,United States
RmlnaHRlck5vZGU6MzY5Mjk=,36929,justin-clarke-36929,Justin Clarke,,1991-01-11,,,,,,United States
RmlnaHRlck5vZGU6MzY5NDU=,36945,itso-babulaidze-36945,Itso Babulaidze,,,183.0,73.0,,,,United States
RmlnaHRlck5vZGU6MzY5NDk=,36949,nathan-mitchell-36949,Nathan Mitchell,Flawless,,188.0,77.2,,,,United States
RmlnaHRlck5vZGU6MzY5OTQ=,36994,david-simpson-36994,David Simpson,,1989-11-12,178.0,,,,,United States
RmlnaHRlck5vZGU6MzYw,360,chris-lytle-360,Chris Lytle,Lights out,1974-08-18,180.0,68.0,,,Orthodox,United States
RmlnaHRlck5vZGU6MzYwNjU=,36065,samuel-samples-36065,Samuel Samples,Ace,1990-03-29,173.0,,,,,"Athens, Georgia"
RmlnaHRlck5vZGU6MzYxMTU=,36115,justin-street-36115,Justin Street,The Nightmare,1992-11-18,173.0,,,,,United States
RmlnaHRlck5vZGU6MzYxOA==,3618,artem-lobov-3618,Artem Lobov,The Prospect Killer,1986-08-11,175.3,65.0,38.0,Striker,Orthodox,"Nizhny Novgorod, Russia"
RmlnaHRlck5vZGU6MzYzMDk=,36309,brandon-lambert-36309,Brandon Lambert,Malo,,,,,,,
RmlnaHRlck5vZGU6Mzc1MDE=,37501,jeremy-smith-37501,Jeremy Smith,Pitbull,,178.0,,,,,South Africa
RmlnaHRlck5vZGU6MzcwNA==,3704,conor-cooke-3704,Conor Cooke,Da Crook,,188.0,,,,,Northern Ireland
RmlnaHRlck5vZGU6MzcxOA==,3718,dan-edwards-3718,Dan Edwards,,1987-08-04,188.0,,,,,United Kingdom
RmlnaHRlck5vZGU6MzcyNw==,3727,danny-mitchell-3727,Danny Mitchell,The Cheesecake Assassin,1986-08-08,188.0,74.5,,Striker / BJJ Grappler,Orthodox,England
RmlnaHRlck5vZGU6Mzg1Ng==,3856,ivica-truscek-3856,Ivica Truscek,Terror,1987-12-15,171.0,66.9,,,,Croatia
RmlnaHRlck5vZGU6Mzg1NzI=,38572,logan-speyrer-38572,Logan Speyrer,Mat Monkey,1997-07-12,175.0,66.0,,,,"Louisiana, United States"
RmlnaHRlck5vZGU6Mzg1OTg=,38598,ryan-jones-38598,Ryan Jones,,,180.0,,,,,"
United States
"
RmlnaHRlck5vZGU6Mzg1OTk=,38599,spencer-ruggeri-38599,Spencer Ruggeri,,,,,,,,"
N/A
"
RmlnaHRlck5vZGU6Mzg2MDA=,38600,david-diaz-38600,David Diaz,El Perro Necio,1989-06-15,166.0,,,,,"
South central Los Angeles
"
RmlnaHRlck5vZGU6Mzg2MDE=,38601,zion-tomlinson-sr-38601,"Zion Tomlinson, Sr.",Z-Man,1999-09-23,185.0,77.2,,,,United States
RmlnaHRlck5vZGU6Mzg2MTM=,38613,tony-murphy-38613,Tony Murphy,TMURF,1991-10-07,183.0,,,,,"Largo, Florida, United States"
RmlnaHRlck5vZGU6Mzg2MTY=,38616,ashton-caniglia-38616,Ashton Caniglia,No Chance,1992-02-27,165.0,,,,,"
United States
"
RmlnaHRlck5vZGU6MzgwNDI=,38042,kristof-kirsch-38042,Kristof Kirsch,,,,,,,,"
Germany
"
RmlnaHRlck5vZGU6MzgwODE=,38081,adam-de-freitas-38081,Adam De Freitas,Clooney,1988-02-05,185.0,,,,,Canada
RmlnaHRlck5vZGU6MzgyMjk=,38229,sedric-johnson-38229,Sedric Johnson,,1984-09-04,185.0,,,,,United States
RmlnaHRlck5vZGU6Mzk0NDU=,39445,mick-terrill-39445,Mick Terrill,,,191.0,,,,,N/A
RmlnaHRlck5vZGU6Mzk0NDY=,39446,zachary-calmus-39446,Zachary Calmus,Shark Attack,,183.0,72.0,,,,"
Marblehead, Massachusetts, United States
"
RmlnaHRlck5vZGU6Mzk0NDc=,39447,ehsanullah-kakar-39447,Ehsanullah Kakar,,,183.0,,,,,Afghanistan
RmlnaHRlck5vZGU6Mzk0NDg=,39448,louie-lopez-39448,Louie Lopez,El Loco,,178.0,70.0,,,,"
United States
"
RmlnaHRlck5vZGU6Mzk0NDk=,39449,dimitri-angelini-39449,Dimitri Angelini,The modern gladiator,,178.0,68.9,,,,"
Verona
"
RmlnaHRlck5vZGU6Mzk3MQ==,3971,leigh-cohoon-3971,Leigh Cohoon,The Boom,,185.4,,,,,England
RmlnaHRlck5vZGU6Mzk3Mzk=,39739,andy-locker-39739,Andy Locker,The Bluegrass Kid,1982-10-06,170.0,66.1,,,,"
United States
"
RmlnaHRlck5vZGU6Mzk3NTE=,39751,tyler-goodjohn-39751,Tyler Goodjohn,Tornado,1991-05-17,175.0,,,,,"
N/A
"
RmlnaHRlck5vZGU6Mzk4MQ==,3981,liam-cullen-3981,Liam Cullen,,,,,,,,England
RmlnaHRlck5vZGU6Mzk4Njg=,39868,mike-seymour-39868,Mike Seymour,,1978-01-27,173.0,,,,,United States
RmlnaHRlck5vZGU6MzkwMQ==,3901,jim-alers-3901,Jim Alers,The Beast,1986-10-14,175.3,73.0,,,,United States
RmlnaHRlck5vZGU6MzkwNw==,3907,john-redmond-3907,John Redmond,The Baby-Faced Assassin,,191.0,76.0,,,,Ireland
RmlnaHRlck5vZGU6MzkxNQ==,3915,john-phillips-3915,John Phillips,The White Mike Tyson,1985-06-09,181.0,75.0,42.0,Striker,Southpaw,Wales
RmlnaHRlck5vZGU6MzkyNTM=,39253,felipe-maia-39253,Felipe Maia,Praguinha,,175.0,,,,,Brazil
RmlnaHRlck5vZGU6NDA0NDY=,40446,enzo-tobbia-40446,Enzo Tobbia,O Brigante,1990-12-13,175.3,,,,,Italy
RmlnaHRlck5vZGU6NDA1MDU=,40505,gabriel-mota-40505,Gabriel Mota,Hands of Stone,,175.0,,,,,"
United States
"
RmlnaHRlck5vZGU6NDA1MQ==,4051,michael-holmes-4051,Michael Holmes,Rocky,,,,,,,"
England
"
RmlnaHRlck5vZGU6NDA2NzE=,40671,jonathan-michael-porter-40671,Jonathan Michael Porter,Blueface,1997-01-20,,,,,,"
Los Angeles, California
"
RmlnaHRlck5vZGU6NDA2NzI=,40672,austin-sprinz-40672,Austin Sprinz,,,,,,,,"
N/A
"
RmlnaHRlck5vZGU6NDA2NzM=,40673,evil-hero-40673,Evil Hero,,,,,,,,"
N/A
"
RmlnaHRlck5vZGU6NDA2NzQ=,40674,dakota-olave-40674,Dakota Olave,,,,,,,,"
N/A
"
RmlnaHRlck5vZGU6NDA2NzU=,40675,dk-moneyy-40675,DK Moneyy,,,,,,,,"
N/A
"
RmlnaHRlck5vZGU6NDA2NzY=,40676,nick-ireland-40676,Nick Ireland,,,,,,,,"
N/A
"
RmlnaHRlck5vZGU6NDA2OA==,4068,mohamed-ali-4068,Mohamed Ali,Felx,1984-01-01,180.3,,,,,Egypt
RmlnaHRlck5vZGU6NDA4ODY=,40886,kody-allen-murray-40886,Kody Allen Murray,The Black Rose,,,,,,,United States
RmlnaHRlck5vZGU6NDAyNjk=,40269,kaloyan-kolev-40269,Kaloyan Kolev,,,187.0,73.0,,,,"
Sliven, Bulgaria
"
RmlnaHRlck5vZGU6NDE0Mjk=,41429,noah-cutter-41429,Noah Cutter,,1989-07-25,185.0,73.0,,,,"
United States
"
RmlnaHRlck5vZGU6NDE1MjU=,41525,frankie-shugart-41525,Frankie Shugart,FourFingers,1989-10-01,191.0,,,,,"
Oxford, Mississippi
"
RmlnaHRlck5vZGU6NDE1NTE=,41551,derrick-findley-41551,Derrick Findley,Superman,1984-05-05,168.0,74.0,,,,"
Chicago, Illinois
"
RmlnaHRlck5vZGU6NDE3ODY=,41786,ravon-baxter-41786,Ravon Baxter,Big Shot,1996-03-01,185.0,,,,,"
Nashville, Tennessee
"
RmlnaHRlck5vZGU6NDE4Njg=,41868,jade-masson-wong-41868,Jade Masson-Wong,Evil Smile,1992-10-05,163.0,63.0,,,,Canada
RmlnaHRlck5vZGU6NDE5Mjg=,41928,brandon-honsvick-41928,Brandon Honsvick,Warrior,1986-02-06,178.0,,,,,"
United States
"
RmlnaHRlck5vZGU6NDEyNjM=,41263,tony-soto-41263,Tony Soto,Loco,1987-09-25,175.0,69.5,,,,"
N/A
"
RmlnaHRlck5vZGU6NDEyNjQ=,41264,joshua-sikes-41264,Joshua Sikes,,1990-10-26,183.0,73.6,,,,"
United States
"
RmlnaHRlck5vZGU6NDEyNjU=,41265,damon-bell-41265,Damon Bell,The DEMON,1991-08-30,175.0,69.0,,,,"
United States
"
RmlnaHRlck5vZGU6NDEyNjY=,41266,kyle-mcelroy-41266,Kyle McElroy,The Irishman,,191.0,78.0,,,,"
N/A
"
RmlnaHRlck5vZGU6NDEyNjc=,41267,jordan-nash-41267,Jordan Nash,,1997-01-14,183.0,,,,,"
United States
"
RmlnaHRlck5vZGU6NDEyNjg=,41268,brandon-allen-41268,Brandon Allen,,1989-12-24,,,,,,"
United States
"
RmlnaHRlck5vZGU6NDEyODU=,41285,brad-kelly-41285,Brad Kelly,Machine Gun,1982-02-22,175.3,,,,,"
United States
"
RmlnaHRlck5vZGU6NDEzNDk=,41349,daniel-cooper-41349,Daniel Cooper,,,182.0,,,,,"
United States
"
RmlnaHRlck5vZGU6NDEzODQ=,41384,kaine-tomlinson-sr-41384,"Kaine Tomlinson, Sr.",The Beast,1974-09-19,180.0,,,,,"
United States
"
RmlnaHRlck5vZGU6NDEzODU=,41385,julio-garcia-41385,Julio Garcia,,1990-03-26,,,,,,"
San Jose De Gracia, Puebla, Mexico
"
RmlnaHRlck5vZGU6NDI2MTI=,42612,chevvy-bridges-42612,Chevvy Bridges,Wild Man,1992-05-29,173.0,,,,,"
United States
"
RmlnaHRlck5vZGU6NDI2MTc=,42617,andru-davis-henry-42617,Andru Davis-Henry,,,165.0,,,,,United States
RmlnaHRlck5vZGU6NDI4MDY=,42806,howard-davis-42806,Howard Davis,HD,,188.0,77.0,,,,"
Fort Lauderdale, Florida, United States
"
RmlnaHRlck5vZGU6NDI4MDc=,42807,tyler-randall-42807,Tyler Randall,,1994-12-09,,,,,,"
United States
"
RmlnaHRlck5vZGU6NDI4MDg=,42808,anthony-prater-42808,Anthony Prater,Apex Predator,,178.0,,,,,"Nevada, USA"
RmlnaHRlck5vZGU6NDI4Mjg=,42828,joshuah-alvarez-42828,Joshuah Alvarez,Famez,,,,,,,N/A
RmlnaHRlck5vZGU6NDI4Mjk=,42829,arthur-walcott-ceesay-42829,Arthur Walcott-Ceesay,,1989-09-10,175.0,,,,,"
United States
"
RmlnaHRlck5vZGU6NDI4MzA=,42830,montaser-aboughaly-42830,Montaser Aboughaly,The Boy King,,175.0,,,,,"Miami, Florida, USA"
RmlnaHRlck5vZGU6NDI4MzE=,42831,cage-noah-42831,Cage Noah,2 Smooth,1990-05-01,183.0,,,,,"
United States
"
RmlnaHRlck5vZGU6NDI4MzI=,42832,peter-peraza-42832,Peter Peraza,,,,,,,,"
N/A
"
RmlnaHRlck5vZGU6NDI4Mzg=,42838,gabe-saccheti-42838,Gabe Saccheti,,,168.0,,,,,"
United States
"
RmlnaHRlck5vZGU6NDI4Mzk=,42839,devin-gibson-42839,Devin Gibson,Dreamy,,168.0,65.0,,,,"
Canada
"
RmlnaHRlck5vZGU6NDI4NDA=,42840,art-driscoll-42840,Art Driscoll,,,,,,,,"
N/A
"
RmlnaHRlck5vZGU6NDI5NDY=,42946,dillion-winemiller-42946,Dillion Winemiller,The Dog,1992-12-11,180.3,,,,,United States
RmlnaHRlck5vZGU6NDI5OTU=,42995,manuel-moreira-42995,Manuel Moreira,,,183.0,,,,,
RmlnaHRlck5vZGU6NDI5OTY=,42996,darwin-bonilla-42996,Darwin Bonilla,,,165.0,,,,,
RmlnaHRlck5vZGU6NDIxMjU=,42125,jair-junior-42125,Jair Junior,JJ,1991-06-01,178.0,73.2,,,,"
Brazil
"
RmlnaHRlck5vZGU6NDIxNjI=,42162,ryan-shough-42162,Ryan Shough,Superman,1993-02-16,191.0,74.5,,,,"
United States
"
RmlnaHRlck5vZGU6NDIyMTE=,42211,jake-young-42211,Jake Young,,,,,,,,"
N/A
"
RmlnaHRlck5vZGU6NDIyMTI=,42212,jack-grady-42212,Jack Grady,,1986-11-22,175.0,68.9,,,,"
Buffalo, New York, United States
"
RmlnaHRlck5vZGU6NDIyMTM=,42213,matt-phillips-42213,Matt Phillips,Babyface,1997-09-27,,,,,,"
United States
"
RmlnaHRlck5vZGU6NDIyMTQ=,42214,derek-greene-42214,Derek Greene,,1995-09-29,168.0,66.1,,,,"
Buffalo, New York, United States
"
RmlnaHRlck5vZGU6NDIyMTY=,42216,kasim-ruffin-42216,Ka'Sim Ruffin,Caution,1994-01-12,175.0,,,,,United States
RmlnaHRlck5vZGU6NDIyMTc=,42217,marciano-hernandez-42217,Marciano Hernandez,,1999-09-01,168.0,69.7,,,,"
N/A
"
RmlnaHRlck5vZGU6NDIyMTk=,42219,nick-villar-42219,Nick Villar,,,,,,,,"
N/A
"
RmlnaHRlck5vZGU6NDIyMjQ=,42224,mark-irwin-42224,Mark Irwin,The Shark,,173.0,66.1,,,,"
United States
"
RmlnaHRlck5vZGU6NDIyMjY=,42226,joshua-richey-42226,Joshua Richey,,,183.0,,,,,"
United States
"
RmlnaHRlck5vZGU6NDIyMjc=,42227,calista-silgado-42227,Calista Silgado,Cali,1988-04-13,163.0,61.5,,,,"
Santiago de Tolu, Columbia
"
RmlnaHRlck5vZGU6NDIyMjg=,42228,brett-fields-42228,Brett Fields,,,183.0,,,,,"
United States
"
RmlnaHRlck5vZGU6NDIyMjk=,42229,luis-villasenor-42229,Luis Villasenor,El Jefe,1980-05-31,173.0,71.0,,,,"
N/A
"
RmlnaHRlck5vZGU6NDIyMzA=,42230,kai-stewart-42230,Kai Stewart,Hefty Bag,,173.0,69.5,,,,"
United States
"
RmlnaHRlck5vZGU6NDIyMzE=,42231,darrick-gates-42231,Darrick Gates,The Buck,,175.0,71.5,,,,"
United States
"
RmlnaHRlck5vZGU6NDIyMzI=,42232,josh-wright-42232,Josh Wright,Tha Prodigy,1992-04-27,170.0,,,,,"
United States
"
RmlnaHRlck5vZGU6NDIyMzM=,42233,bryant-acheson-42233,Bryant Acheson,Defiant,,188.0,,,,,"
United States
"
RmlnaHRlck5vZGU6NDIyMzQ=,42234,josh-watson-42234,Josh Watson,Stay Down,1982-10-29,183.0,,,,,"
Portland, Maine
"
RmlnaHRlck5vZGU6NDIyMzU=,42235,crystal-pittman-42235,Crystal Pittman,,,,,,,,"
N/A
"
RmlnaHRlck5vZGU6NDIyMzY=,42236,james-dennis-42236,James Dennis,Knucklehead,,,,,,,"
United States
"
RmlnaHRlck5vZGU6NDIyMzc=,42237,sawyer-depee-42237,Sawyer Depee,Diesel,1993-12-15,183.0,,,,,"
United States
"
RmlnaHRlck5vZGU6NDIyMzg=,42238,dallas-davison-42238,Dallas Davison,,,183.0,,,,,"
United States
"
RmlnaHRlck5vZGU6NDIzNDA=,42340,taylor-bull-42340,Taylor Bull,The Ragin',1986-09-02,180.0,,,,,"
Hobbema, Alberta, Canada
"
RmlnaHRlck5vZGU6NDM1Mjc=,43527,martyna-krol-43527,Martyna Krol,,,,,,,,"
Poland
"
RmlnaHRlck5vZGU6NDM1MzM=,43533,albert-inclan-43533,Albert Inclan,,,165.0,,,,,"
N/A
"
RmlnaHRlck5vZGU6NDM1MzU=,43535,audra-cummings-43535,Audra Cummings,,,,,,,,"
N/A
"
RmlnaHRlck5vZGU6NDM1NDU=,43545,marian-dimitrov-43545,Marian Dimitrov,,,180.0,,,,,"
Bulgaria
"
RmlnaHRlck5vZGU6NDM3ODk=,43789,maika-samson-43789,Maika Samson,,,173.0,,,,,"
N/A
"
RmlnaHRlck5vZGU6NDM4NDU=,43845,ahmed-el-tayeb-43845,Ahmed El Tayeb,Koko Hammer,,173.0,,,,,"
Egypt
"
RmlnaHRlck5vZGU6NDM4NTM=,43853,robbie-kennedy-43853,Robbie Kennedy,TNT,,,,,,,"
England
"
RmlnaHRlck5vZGU6NDM5MjA=,43920,stephen-townsel-43920,Stephen Townsel,Tomahawk,1980-03-23,,,,,,"
United States
"
RmlnaHRlck5vZGU6NDM5MjE=,43921,christine-vicens-43921,Christine Vicens,,,,,,,,"
N/A
"
RmlnaHRlck5vZGU6NDM5MjI=,43922,edgard-plazaola-43922,Edgard Plazaola,The Dreamkiller,1988-03-01,170.0,,,,,"
Nicaragua
"
RmlnaHRlck5vZGU6NDM5MjQ=,43924,mario-vargas-43924,Mario Vargas,El Terrible,,,,,,,Ecuador
RmlnaHRlck5vZGU6NDM5NjU=,43965,connor-tierney-43965,Connor Tierney,Brum Town Bomber,,191.0,73.0,,,,"
N/A
"
RmlnaHRlck5vZGU6NDM5NjY=,43966,lardy-navarro-43966,Lardy Navarro,Sito Navarro,,178.0,72.4,,,,"
N/A
"
RmlnaHRlck5vZGU6NDMwMDQ=,43004,stanislav-grosu-43004,Stanislav Grosu,,,,,,,,"
Moldova
"
RmlnaHRlck5vZGU6NDMwMDU=,43005,rynell-riley-43005,Rynell Riley,,,,,,,,"
N/A
"
RmlnaHRlck5vZGU6NDMwMDY=,43006,trukon-carson-43006,Trukon Carson,The Carolina Gamedog,1995-04-13,180.0,,,,,"
United States
"
RmlnaHRlck5vZGU6NDMwMDc=,43007,stevo-morris-43007,Stevo Morris,The Blessed,1995-06-08,178.0,,,,,"
United States
"
RmlnaHRlck5vZGU6NDMwMDg=,43008,michael-stripling-43008,Michael Stripling,,1986-02-21,178.0,,,,,"
Miami, Florida
"
RmlnaHRlck5vZGU6NDMxNzU=,43175,jr-ridge-43175,JR Ridge,The Lion,1985-08-12,,,,,,"
Philippines
"
RmlnaHRlck5vZGU6NDMxNzY=,43176,jerald-gregori-43176,Jerald Gregori,The Grim Reaper,,165.0,65.0,,,,"
Great Falls, Montana
"
RmlnaHRlck5vZGU6NDMzMjE=,43321,josh-sanchez-43321,Josh Sanchez,,,,,,,,"
N/A
"
RmlnaHRlck5vZGU6NDMzMzY=,43336,thomas-newton-43336,Thomas Newton,Tee Jay Chang,1988-08-12,,,,,,"
United Kingdom
"
RmlnaHRlck5vZGU6NDMzMzk=,43339,jonny-tello-43339,Jonny Tello,El Toro,,173.0,,,,,"
Canada
"
RmlnaHRlck5vZGU6NDMzNDE=,43341,pongpisan-chunyong-43341,Pongpisan Chunyong,,,,,,,,"
N/A
"
RmlnaHRlck5vZGU6NDMzNDc=,43347,sarun-srioumboo-43347,Sarun Srioumboo,,,,,,,,"
N/A
"
RmlnaHRlck5vZGU6NDQ0MjU=,44425,loren-thibodeaux-44425,Loren Thibodeaux,Gator,1995-06-13,180.0,,,,,"
United States
"
RmlnaHRlck5vZGU6NDQ1NTA=,44550,justyn-martinez-44550,Justyn Martinez,,,168.0,,,,,"
United States
"
RmlnaHRlck5vZGU6NDQ3NDQ=,44744,mikhail-vertrila-44744,Mikhail Vertrila,,,185.0,,,,,"
Russia
"
RmlnaHRlck5vZGU6NDQ3NDU=,44745,fani-peloumpi-44745,Fani Peloumpi,Warrior Princess,,163.0,,,,,"
Albania
"
RmlnaHRlck5vZGU6NDQ3NTA=,44750,maseng-kantiphong-44750,Maseng Kantiphong,,,,,,,,"
N/A
"
RmlnaHRlck5vZGU6NDQ3NjA=,44760,vinny-turiello-44760,Vinny Turiello,,,,,,,,
RmlnaHRlck5vZGU6NDQ3NjE=,44761,anthony-sanchez-44761,Anthony Sanchez,,,170.0,68.1,,,,"
Midland, Texas
"
RmlnaHRlck5vZGU6NDQ3NjI=,44762,bryan-duran-44762,Bryan Duran,El Gallo,,170.0,72.0,,,,"Miami, Florida"
RmlnaHRlck5vZGU6NDQ3NjM=,44763,glendel-futrell-44763,Glendel Futrell,The Berserker,1990-07-20,183.0,74.0,,,,"
Lakeland, Florida
"
RmlnaHRlck5vZGU6NDQ4NDk=,44849,timmy-mason-44849,Timmy Mason,,1993-08-28,180.0,,,,,"
Hillsboro, Oregon
"
RmlnaHRlck5vZGU6NDQ4NTA=,44850,erik-lopez-44850,Erik Lopez,,,170.0,70.1,,,,"
N/A
"
RmlnaHRlck5vZGU6NDQ4NTI=,44852,leonel-carerra-44852,Leonel Carerra,,,,,,,,"
N/A
"
RmlnaHRlck5vZGU6NDQ4NTM=,44853,juston-stills-44853,Juston Stills,,,173.0,,,,,"
Atlanta, Georgia
"
RmlnaHRlck5vZGU6NDQ4NTU=,44855,gorjan-slaveski-44855,Gorjan Slaveski,Gogo,1994-05-30,175.0,71.0,,,,"
Skopje, Macedonia
"
RmlnaHRlck5vZGU6NDQ5NzA=,44970,nikola-arsov-44970,Nikola Arsov,,,,,,,,"
Macedonia
"
RmlnaHRlck5vZGU6NDQwMTA=,44010,travis-demko-44010,Travis Demko,The Terminator,,172.7,,,,,United States
RmlnaHRlck5vZGU6NDQzNzE=,44371,louis-brewington-44371,Louis Brewington,Real Deal,,188.0,73.0,,,,United States
RmlnaHRlck5vZGU6NDU0NjM=,45463,carlos-trinidad-45463,Carlos Trinidad,,1996-03-21,183.0,,,,,"
United States
"
RmlnaHRlck5vZGU6NDU0NjU=,45465,esteban-rodriguez-45465,Esteban Rodriguez,Mohawk,1992-01-19,193.0,,,,,"
United States
"
RmlnaHRlck5vZGU6NDU1Mzg=,45538,joseph-brett-williams-45538,Joseph Brett Williams,The Widowmaker,1993-10-18,175.0,,,,,"
United States
"
RmlnaHRlck5vZGU6NDU1Mzk=,45539,tim-hester-45539,Tim Hester,,1994-11-18,,,,,,"
United States
"
RmlnaHRlck5vZGU6NDU2MjE=,45621,sean-hotusing-45621,Sean Hotusing,,1988-12-11,183.0,,,,,"
United States
"
RmlnaHRlck5vZGU6NDU2Nzc=,45677,jessie-stalder-45677,Jessie Stalder,,,185.0,,,,,"
United States
"
RmlnaHRlck5vZGU6NDU3Mg==,4572,tim-tamaki-4572,Tim Tamaki,Chin,1983-08-18,173.0,,,,,Canada
RmlnaHRlck5vZGU6NDU3MjM=,45723,brandon-meneses-45723,Brandon Meneses,Los Arcanjel,,178.0,,,,,"
United States
"
RmlnaHRlck5vZGU6NDU4Mjk=,45829,micah-white-45829,Micah White,Dynamite,2002-12-02,163.0,,,,,"
United States
"
RmlnaHRlck5vZGU6NDU5NQ==,4595,paul-cook-4595,Paul Cook,Cookie,,,,,,,England
RmlnaHRlck5vZGU6NDU5OQ==,4599,thomas-denham-4599,Thomas Denham,,,180.0,,,,,England
RmlnaHRlck5vZGU6NDUwMTk=,45019,william-dunkle-45019,William Dunkle,The 208 Underdog,,183.0,70.9,,,,United States
RmlnaHRlck5vZGU6NDUwMjE=,45021,shane-fichter-45021,Shane Fichter,Havoc,,,,,,,"
Billings, Montana
"
RmlnaHRlck5vZGU6NDUwNDk=,45049,paul-teague-45049,Paul Teague,,1989-01-10,180.0,,,,,"
United States
"
RmlnaHRlck5vZGU6NDUxMjU=,45125,tofan-pirani-45125,Tofan Pirani,The Persian Warrior,1980-08-30,191.0,,,,,"
Sweden
"
RmlnaHRlck5vZGU6NDUxMjY=,45126,jack-claffey-45126,Jack Claffey,Captain,1990-01-07,173.0,,,,,"
England
"
RmlnaHRlck5vZGU6NDUxMjg=,45128,ryan-reber-45128,Ryan Reber,,,,,,,,"
N/A
"
RmlnaHRlck5vZGU6NDUxMjk=,45129,micah-mitchell-45129,Micah Mitchell,Interstate5ive,,170.0,,,,,"
United States
"
RmlnaHRlck5vZGU6NDUxMzA=,45130,frank-alvarez-45130,Frank Alvarez,Machete,,,,,,,"
N/A
"
RmlnaHRlck5vZGU6NDUxMzI=,45132,robert-armas-45132,Robert Armas,,,,,,,,"
N/A
"
RmlnaHRlck5vZGU6NDUxNDU=,45145,billy-wagner-45145,Billy Wagner,,1993-02-01,,,,,,"
Browning, Montana
"
RmlnaHRlck5vZGU6NDUxNDY=,45146,jacob-kreitel-45146,Jacob Kreitel,,,185.0,,,,,"
United States
"
RmlnaHRlck5vZGU6NDUxNDc=,45147,andrew-angelcor-45147,Andrew Angelcor,,1990-05-04,175.0,68.0,,,,"
Las Vegas, Nevada
"
RmlnaHRlck5vZGU6NDUxNDg=,45148,braeden-tovey-45148,Braeden Tovey,Bad Intentions,,,,,,,"
United States
"
RmlnaHRlck5vZGU6NDY1NQ==,4655,kyle-redfern-4655,Kyle Redfern,,1990-07-08,182.9,,,,,England
RmlnaHRlck5vZGU6NDY2MA==,4660,david-round-4660,David Round,One More,,180.3,,,,,Wales
RmlnaHRlck5vZGU6NDY2MTQ=,46614,cary-caprio-46614,Cary Caprio,,1994-04-25,170.0,,,,,"
United States
"
RmlnaHRlck5vZGU6NDY2MTc=,46617,bekhzod-usmonov-46617,Bekhzod Usmonov,Lion,1995-08-10,170.0,67.0,,,,"
Kurkat, Tajikistan
"
RmlnaHRlck5vZGU6NDY2NjI=,46662,justin-cornell-46662,Justin Cornell,,1995-03-10,178.0,,,,,"
United States
"
RmlnaHRlck5vZGU6NDY3MjE=,46721,michael-manno-46721,Michael Manno,,1995-12-22,180.0,,,,,"
United States
"
RmlnaHRlck5vZGU6NDY3MjQ=,46724,freddy-masabo-46724,Freddy Masabo,,1985-09-30,,,,,,"
Cuba
"
RmlnaHRlck5vZGU6NDY3Mjk=,46729,tyler-sammis-46729,Tyler Sammis,Cat-5,2003-06-23,,67.5,,,,"
United States
"
RmlnaHRlck5vZGU6NDY3MzA=,46730,phil-ramer-46730,Phil Ramer,,,180.0,,,,,"
Cincinnati, Ohio, United States
"
RmlnaHRlck5vZGU6NDYzNTk=,46359,ismail-israilov-46359,Ismail Israilov,Berti,,177.8,,,,,"
Russia
"
RmlnaHRlck5vZGU6NDc1MjM=,47523,heinrich-caceres-47523,Heinrich Caceres,Enrique Coorseen,,180.0,,,,,"Asuncion, Paraguay"
RmlnaHRlck5vZGU6NDc1Njk=,47569,jamie-cox-47569,Jamie Cox,James Russan,1986-08-24,180.0,,,,,"
Swindon, Wiltshire, United Kingdom
"
RmlnaHRlck5vZGU6NDc1NzQ=,47574,danny-christie-47574,Danny Christie,,,,,,,,"
N/A
"
RmlnaHRlck5vZGU6NDc2MTg=,47618,connor-mckenna-47618,Connor McKenna,The Irish Warrior,,178.0,,,,,"
United States
"
RmlnaHRlck5vZGU6NDc2OTY=,47696,buakaw-banchamek-47696,Buakaw Banchamek,,1982-05-08,174.0,,,,,"
Surin, Thailand
"
RmlnaHRlck5vZGU6NDc5NDM=,47943,jelle-zeegers-47943,Jelle Zeegers,Barbarious,,167.6,68.0,,,,Netherlands
RmlnaHRlck5vZGU6NDcwMzQ=,47034,chaz-wasserman-47034,Chaz Wasserman,Bad News,1987-01-23,187.0,,,,,"
South Africa
"
RmlnaHRlck5vZGU6NDcxMjQ=,47124,rob-cunningham-47124,Rob Cunningham,The Beast,1989-11-05,193.0,80.0,,,,"
Scotland
"
RmlnaHRlck5vZGU6NDcxMjU=,47125,john-hick-47125,John Hick,,,,,,,,"
N/A
"
RmlnaHRlck5vZGU6NDcxMjY=,47126,ellis-shepherd-47126,Ellis Shepherd,,,,,,,,"
N/A
"
RmlnaHRlck5vZGU6NDcxMjc=,47127,chas-symonds-47127,Chas Symonds,,,,,,,,"
N/A
"
RmlnaHRlck5vZGU6NDcyOTg=,47298,henry-williams-47298,Henry Williams,,1994-09-12,,,,,,"
United States
"
RmlnaHRlck5vZGU6NDcyOTk=,47299,alex-tierney-47299,Alex Tierney,,,,,,,,United States
RmlnaHRlck5vZGU6NDczMTM=,47313,andrea-bicchi-47313,Andrea Bicchi,Italian Thunder,1996-09-13,178.0,,,,,"
Italy
"
RmlnaHRlck5vZGU6NDczMTY=,47316,eric-dodson-47316,Eric Dodson,,,170.0,,,,,"
United States
"
RmlnaHRlck5vZGU6NDczODM=,47383,jordan-weeks-47383,Jordan Weeks,,1991-11-29,188.0,,,,,"
Lexington, South Carolina, United States
"
RmlnaHRlck5vZGU6NDg0MzM=,48433,chaloemporn-sawatsuk-48433,Chaloemporn Sawatsuk,Chaloemporn Singwancha,1988-08-30,168.0,66.1,,,,"
Nakhon Sawan, Thailand
"
RmlnaHRlck5vZGU6NDg0NDA=,48440,tai-emery-48440,Tai Emery,,1987-01-03,163.0,,,,,"
United States
"
RmlnaHRlck5vZGU6NDg0ODI=,48482,dakota-highpine-48482,Dakota Highpine,,,178.0,72.8,,,,"
N/A
"
RmlnaHRlck5vZGU6NDg1Nzc=,48577,aaron-sutterfield-48577,Aaron Sutterfield,The Joker,1994-12-13,193.0,,,,,"
United States
"
RmlnaHRlck5vZGU6NDg1Nzg=,48578,dennis-labruzza-48578,Dennis LaBruzza,,,,,,,,"
United States
"
RmlnaHRlck5vZGU6NDg1Nzk=,48579,duke-sensley-48579,Duke Sensley,The Nuke,1995-07-02,193.0,80.0,,,,"
United States
"
RmlnaHRlck5vZGU6NDg1ODA=,48580,blake-lacaze-48580,Blake LaCaze,Anthony LaCaze,1995-07-14,198.0,80.3,,,,N/A
RmlnaHRlck5vZGU6NDg2ODk=,48689,cory-madden-48689,Cory Madden,Guns,,,,,,,
RmlnaHRlck5vZGU6NDg3Njg=,48768,nermin-hajdarpasic-48768,Nermin Hajdarpasic,,,198.1,,,,,Sweden
RmlnaHRlck5vZGU6NDg3Njk=,48769,diamond-long-48769,Diamond Long,In The Rough,1991-04-23,160.0,66.5,,,,"
United States
"
RmlnaHRlck5vZGU6NDg4ODU=,48885,will-worley-48885,Will Worley,The Wolverine,1993-09-11,173.0,,,,,"
United States
"
RmlnaHRlck5vZGU6NDg4ODc=,48887,roderick-stewart-48887,Roderick Stewart,Icewater,,185.0,,,,,"
United States
"
RmlnaHRlck5vZGU6NDg5MjY=,48926,gabriel-freyre-48926,Gabriel Freyre,Warrior of God,1992-06-03,173.0,,,,,"
Tampa, Florida, United States
"
RmlnaHRlck5vZGU6NDg5MzY=,48936,keegan-vandermeer-48936,Keegan Vandermeer,,,193.0,,,,,"
Cedar City, Utah
"
RmlnaHRlck5vZGU6NDg5Mzc=,48937,zeb-vincent-48937,Zeb Vincent,CWB,1995-03-22,183.0,,,,,United States
RmlnaHRlck5vZGU6NDg5Mzk=,48939,khortni-kamyron-48939,Khortni Kamyron,The Head Hunter,1985-09-29,165.0,,,,,"
Oklahoma
"
RmlnaHRlck5vZGU6NDg5NDY=,48946,evgeny-kurdanov-48946,Evgeny Kurdanov,The Sailor,,171.0,,,,,"
Sevastopol, Russia
"
RmlnaHRlck5vZGU6NDgwNDA=,48040,brandon-johnson-48040,Brandon Johnson,BossHogg,1979-01-24,183.0,77.0,,,,"
United States
"
RmlnaHRlck5vZGU6NDgxOTI=,48192,ronnie-forney-48192,Ronnie Forney,Reckless,1993-11-23,180.0,,,,,"
United States
"
RmlnaHRlck5vZGU6NDgzMTc=,48317,jeremy-sauceda-48317,Jeremy Sauceda,,,,,,,,"
N/A
"
RmlnaHRlck5vZGU6NDgzOTQ=,48394,cody-beierle-48394,Cody Beierle,BearKiller,,188.0,,,,,"
N/A
"
RmlnaHRlck5vZGU6NDgzOTc=,48397,nekah-dmitriyeva-48397,Nekah Dmitriyeva,Russian Bomb,,163.0,,,,,"Opochka, Russia"
RmlnaHRlck5vZGU6NDgzOTk=,48399,koda-greenwood-48399,Koda Greenwood,The Gladiator,1994-12-15,178.0,,,,,"
United States
"
RmlnaHRlck5vZGU6NDk0NDE=,49441,bryan-mcdowell-49441,Bryan McDowell,The Iceman,1995-01-22,191.0,,,,,"
Maysville, Kentucky, United States
"
RmlnaHRlck5vZGU6NDk1Mzc=,49537,cody-beck-49537,Cody Beck,Nasty Native,1993-12-08,183.0,,,,,"
United States
"
RmlnaHRlck5vZGU6NDk1ODk=,49589,ruel-panales-49589,Ruel Panales,Bagsik,1996-12-07,165.1,67.0,,,,Philippines
RmlnaHRlck5vZGU6NDk2NzQ=,49674,blake-davis-49674,Blake Davis,BAD,1994-12-16,196.0,,,,,"
Cooper City, Florida, USA
"
RmlnaHRlck5vZGU6NDk2NzU=,49675,rene-rodriguez-49675,Rene Rodriguez,White Boy,,180.0,72.0,,,,"
N/A
"
RmlnaHRlck5vZGU6NDk2NzY=,49676,gee-perez-49676,Gee Perez,The Cutman,,170.0,72.0,,,,N/A
RmlnaHRlck5vZGU6NDk2ODI=,49682,lewis-keen-49682,Lewis Keen,,,,,,,,"
N/A
"
RmlnaHRlck5vZGU6NDk2ODQ=,49684,jay-kerr-49684,Jay Kerr,,,,,,,,"
N/A
"
RmlnaHRlck5vZGU6NDk2ODU=,49685,darren-godfrey-49685,Darren Godfrey,The Tarantula,,,,,,,"
England
"
RmlnaHRlck5vZGU6NDk2ODg=,49688,chisakan-ariphipat-49688,Chisakan Ariphipat,Po Denman,1997-01-23,,,,,,"
N/A
"
RmlnaHRlck5vZGU6NDk2OTI=,49692,gustaf-cedermalm-49692,Gustaf Cedermalm,Forehead Forward,1986-01-18,179.0,,,,,"
Sweden
"
RmlnaHRlck5vZGU6NDk2OTQ=,49694,krisana-sirsang-49694,Krisana Sirsang,,,,,,,,"
N/A
"
RmlnaHRlck5vZGU6NDk2OTY=,49696,joemil-miado-49696,Joemil Miado,,,,,,,,"
Philippines
"
RmlnaHRlck5vZGU6NDk3MjU=,49725,matt-russo-49725,Matt Russo,Rambo,,173.0,70.1,,,,"
N/A
"
RmlnaHRlck5vZGU6NDk3Mjc=,49727,jeremiah-potts-49727,Jeremiah Potts,2Swift,,170.0,70.1,,,,"
United States
"
RmlnaHRlck5vZGU6NDk3ODc=,49787,leandro-martins-oliveira-49787,Leandro Martins Oliveira,,1986-09-24,180.0,,,,,"
Brazil
"
RmlnaHRlck5vZGU6NDk5MzA=,49930,marian-iovita-49930,Marian Iovita,Il Padrino,,185.0,,,,,Italy
RmlnaHRlck5vZGU6NDk5NzM=,49973,oleg-magkeev-49973,Oleg Magkeev,,1995-08-11,190.0,,,,,Russia
RmlnaHRlck5vZGU6NDkwMA==,4900,fernando-gonzalez-4900,Fernando Gonzalez,The Menifee Maniac,1983-09-15,172.7,68.0,,,,United States
RmlnaHRlck5vZGU6NDkwMjg=,49028,darren-hendry-49028,Darren Hendry,,,183.0,,,,,"
N/A
"
RmlnaHRlck5vZGU6NDkwMjk=,49029,anthony-holmes-49029,Anthony Holmes,,,,,,,,"
England
"
RmlnaHRlck5vZGU6NDkwMzA=,49030,tom-scott-49030,Tom Scott,KONG,,183.0,,,,,Blackpool
RmlnaHRlck5vZGU6NDkwMzE=,49031,john-ferguson-49031,John Ferguson,Big Bad,,,,,,,"
N/A
"
RmlnaHRlck5vZGU6NDkwMzM=,49033,tommy-strydom-49033,Tommy Strydom,,1986-01-14,,,,,,"
South Africa
"
RmlnaHRlck5vZGU6NDkwMzQ=,49034,shane-stapp-49034,Shane Stapp,,,,,,,,
RmlnaHRlck5vZGU6NDkyNDg=,49248,chris-cornelius-49248,Chris Cornelius,,1983-01-30,175.0,,,,,"
United States
"
RmlnaHRlck5vZGU6NDkyNDk=,49249,jafar-fortt-49249,Ja'Far Fortt,Knox,1990-06-19,180.0,,,,,"Florida, United States"
RmlnaHRlck5vZGU6NDkyNjk=,49269,saenchai-saenpong-49269,Saenchai Saenpong,King Star,1980-07-30,166.0,,,,,"
Mahasarakham, Thailand
"
RmlnaHRlck5vZGU6NDkzNDY=,49346,lee-browne-49346,Lee Browne,,,,,,,,"
N/A
"
RmlnaHRlck5vZGU6NDkzNDc=,49347,nathan-owens-49347,Nathan Owens,,,,,,,,"
N/A
"
RmlnaHRlck5vZGU6NDkzNDg=,49348,anthony-faulkner-49348,Anthony Faulkner,AGI,,,,,,,"
England
"
RmlnaHRlck5vZGU6NDkzNTA=,49350,mathilda-wilson-49350,Mathilda Wilson,,,,,,,,"
N/A
"
RmlnaHRlck5vZGU6NDkzNTE=,49351,melanie-shah-49351,Melanie Shah,,,,,,,,"
N/A
"
RmlnaHRlck5vZGU6NDkzNTM=,49353,wain-morgan-49353,Wain Morgan,,,,,,,,
RmlnaHRlck5vZGU6NTA0NjY=,50466,nick-kohring-50466,Nick Kohring,Killshot,1990-06-28,185.0,,,,,"
Valley Springs, California
"
RmlnaHRlck5vZGU6NTA3MTI=,50712,justin-sanchez-50712,Justin Sanchez,,,170.0,,,,,"
Boca Raton, Florida
"
RmlnaHRlck5vZGU6NTA4MzA=,50830,philip-ryan-carroll-50830,Philip Ryan Carroll,,1980-09-18,173.0,,,,,"
United States
"
RmlnaHRlck5vZGU6NTA4MzM=,50833,cedric-severac-50833,Cédric Severac,Boom Boom,,178.0,,,,,France
RmlnaHRlck5vZGU6NTA4MzQ=,50834,jamie-hendry-50834,Jamie Hendry,The Madman,,,,,,,England
RmlnaHRlck5vZGU6NTA5ODQ=,50984,cody-mitchell-50984,Cody Mitchell,,1987-09-12,168.0,,,,,"
United States
"
RmlnaHRlck5vZGU6NTA5ODY=,50986,trevor-morris-50986,Trevor Morris,Monster,,,,,,,"
United States
"
RmlnaHRlck5vZGU6NTA5ODc=,50987,bovar-khanakov-50987,Bovar Khanakov,The Gladiator,1991-10-15,176.0,68.5,,,,"
Mariupol, Ukraine
"
RmlnaHRlck5vZGU6NTAwNTU=,50055,trevor-loken-50055,Trevor Loken,,1997-09-05,173.0,,,,,"
United States
"
RmlnaHRlck5vZGU6NTAwNTY=,50056,jakobi-lowery-50056,Jakobi Lowery,,,,,,,,
RmlnaHRlck5vZGU6NTAxNzg=,50178,willie-sears-50178,Willie Sears,,1984-05-24,,,,,,United States
RmlnaHRlck5vZGU6NTAxNzk=,50179,doug-coltrane-50179,Doug Coltrane,ColdRed,1986-04-21,185.0,,,,,"
United States
"
RmlnaHRlck5vZGU6NTAxODA=,50180,brian-jackson-50180,Brian Jackson,Action,1981-08-08,178.0,,,,,"
United States
"
RmlnaHRlck5vZGU6NTAy,502,phil-baroni-502,Phil Baroni,New York Bad Ass,1976-04-16,175.0,72.0,,,Orthodox,United States
RmlnaHRlck5vZGU6NTAyMzM=,50233,austin-trout-50233,Austin Trout,No Doubt,1985-09-18,177.0,72.0,,,,"
Las Cruces, New Mexico
"
RmlnaHRlck5vZGU6NTAyNDA=,50240,mason-shaw-50240,Mason Shaw,,,,,,,,"
England
"
RmlnaHRlck5vZGU6NTAyNDE=,50241,george-thorpe-50241,George Thorpe,,,,,,,,"
N/A
"
RmlnaHRlck5vZGU6NTAyNDI=,50242,luke-haigh-50242,Luke Haigh,Cool Hand Luke,1992-03-20,,,,,,"
Worksop, Nottinghamshire, UK
"
RmlnaHRlck5vZGU6NTAyNzU=,50275,bryce-henry-50275,Bryce Henry,Baby Yaga,2001-01-13,191.0,,,,,"
Florida, United States
"
RmlnaHRlck5vZGU6NTAzMTA=,50310,ilyas-sadykov-50310,Ilyas Sadykov,Bad Boy,,185.0,,,,,"
Kazakhstan
"
RmlnaHRlck5vZGU6NTAzMzc=,50337,daishaun-middleton-50337,Daishaun Middleton,Raging Demon,,175.0,,,,,United States
RmlnaHRlck5vZGU6NTAzNDQ=,50344,toby-bindon-50344,Toby Bindon,Wardog,,,,,,,"
N/A
"
RmlnaHRlck5vZGU6NTAzNDU=,50345,corey-harrison-50345,Corey Harrison,,,,,,,,England
RmlnaHRlck5vZGU6NTAzNDY=,50346,ryan-carmichael-50346,Ryan Carmichael,,,,,,,,"
N/A
"
RmlnaHRlck5vZGU6NTAzNDc=,50347,jack-draper-50347,Jack Draper,,,,,,,,"
N/A
"
RmlnaHRlck5vZGU6NTAzNDg=,50348,gary-fox-50348,Gary Fox,,,170.0,,,,,"
N/A
"
RmlnaHRlck5vZGU6NTAzNDk=,50349,nathan-hind-50349,Nathan Hind,,,,,,,,"
N/A
"
RmlnaHRlck5vZGU6NTAzNTA=,50350,ben-bonner-50350,Ben Bonner,,,,,,,,"
N/A
"
RmlnaHRlck5vZGU6NTAzNTE=,50351,kyle-cassidy-50351,Kyle Cassidy,The Canvas,,183.0,,,,,Scotland
RmlnaHRlck5vZGU6NTAzNTY=,50356,wayna-reid-50356,Wayna Reid,,1995-12-30,180.0,,,,,"
Florida, United States
"
RmlnaHRlck5vZGU6NTE1NTI=,51552,steve-herelius-51552,Steve Herelius,,,,,,,,"
N/A
"
RmlnaHRlck5vZGU6NTE1ODY=,51586,cody-jenkins-51586,Cody Jenkins,Jenks,1993-01-25,178.0,72.0,,,,"
United States
"
RmlnaHRlck5vZGU6NTE1ODc=,51587,anthony-foye-51587,Anthony Foye,The Hitman,1991-10-10,170.0,,,,,"
United States
"
RmlnaHRlck5vZGU6NTE2MjM=,51623,mitch-seybold-51623,Mitch Seybold,,1986-12-08,183.0,,,,,"
United States
"
RmlnaHRlck5vZGU6NTE2MjQ=,51624,jack-willoughby-51624,Jack Willoughby,The Ripper,1993-03-16,191.0,72.8,,,,"
Lexington, Kentucky, United States
"
RmlnaHRlck5vZGU6NTE3MDA=,51700,matthew-maestas-51700,Matthew Maestas,,,180.0,72.0,,,,"
N/A
"
RmlnaHRlck5vZGU6NTE3MDE=,51701,axel-birbes-51701,Axel Birbes,,,,,,,,
RmlnaHRlck5vZGU6NTE3MDI=,51702,luke-nevin-51702,Luke Nevin,,,,,,,,"
N/A
"
RmlnaHRlck5vZGU6NTE3MDM=,51703,damian-gorski-51703,Damian Górski,Góral,,181.0,,,,,Poland
RmlnaHRlck5vZGU6NTE3MDU=,51705,bart-krol-51705,Bart Król,,,,,,,,Poland
RmlnaHRlck5vZGU6NTE3MDc=,51707,jonny-graham-51707,Jonny Graham,,,,,,,,"
N/A
"
RmlnaHRlck5vZGU6NTE3MDg=,51708,morgan-starkey-51708,Morgan Starkey,Pitbull,,,,,,,"
England
"
RmlnaHRlck5vZGU6NTE3MTE=,51711,marius-radoi-51711,Marius Radoi,,,,,,,,
RmlnaHRlck5vZGU6NTE3MTI=,51712,arron-blakey-51712,Arron Blakey,,,,,,,,England
RmlnaHRlck5vZGU6NTE3MTM=,51713,naff-higson-51713,Naff Higson,,,,,,,,
RmlnaHRlck5vZGU6NTE3MTc=,51717,cole-ferrell-51717,Cole Ferrell,,1992-11-30,175.0,,,,,"
United States
"
RmlnaHRlck5vZGU6NTE3MTg=,51718,john-barnard-51718,John Barnard,,,178.0,,,,,"
United States
"
RmlnaHRlck5vZGU6NTE3MTk=,51719,sydney-smith-51719,Sydney Smith,Sundance,1991-12-25,173.0,69.0,,,,"
United States
"
RmlnaHRlck5vZGU6NTE3MjA=,51720,kurtis-ellis-51720,Kurtis Ellis,The Universal Artist,1993-05-01,180.0,74.0,,,,"
United States
"
RmlnaHRlck5vZGU6NTE4MzM=,51833,ryan-ibsen-51833,Ryan Ibsen,Skinny,,,,,,,"
United States
"
RmlnaHRlck5vZGU6NTE4NDg=,51848,mike-alvarado-51848,Mike Alvarado,Mile High,1980-07-28,175.0,69.5,,,,"
Denver, Colorado
"
RmlnaHRlck5vZGU6NTEwMjQ=,51024,corey-willis-51024,Corey Willis,WhatChuTalkingBout,,,,,,,"
United States
"
RmlnaHRlck5vZGU6NTEwMjY=,51026,patrick-brady-51026,Patrick Brady,The Brick,1984-02-12,182.9,,,,,United States
RmlnaHRlck5vZGU6NTExMTQ=,51114,trai-santos-51114,Trai Santos,,1992-05-21,178.0,,,,,"
United States
"
RmlnaHRlck5vZGU6NTExNg==,5116,carina-damm-5116,Carina Damm,Beauty But The Beast,1979-02-17,163.0,64.0,,,,Brazil
RmlnaHRlck5vZGU6NTEyNA==,5124,charlene-gellner-5124,Charlene Gellner,Princess,,157.5,,,,,United States
RmlnaHRlck5vZGU6NTEzNTM=,51353,mikey-furnier-51353,Mikey Furnier,The American Gangster,1994-07-30,178.0,,,,,"
Portsmouth, Ohio
"
RmlnaHRlck5vZGU6NTEzNTU=,51355,mark-johnson-51355,Mark Johnson,,,,,,,,"
N/A
"
RmlnaHRlck5vZGU6NTI1NzQ=,52574,antwion-mccollough-52574,Antwion McCollough,,,175.0,,,,,"
Kalamazoo, Michigan
"
RmlnaHRlck5vZGU6NTI1NzU=,52575,robert-madrid-52575,Robert Madrid,,1984-01-17,165.0,,,,,United States
RmlnaHRlck5vZGU6NTI3MTI=,52712,randy-yellowhair-52712,Randy Yellowhair,The Desert Demon,1985-12-16,175.0,,,,,"
Chinle, Arizona
"
RmlnaHRlck5vZGU6NTI5MjE=,52921,dorian-long-52921,Dorian Long,,,,,,,,"
N/A
"
RmlnaHRlck5vZGU6NTI5MjI=,52922,brady-meister-52922,Brady Meister,,,,,,,,"
United States
"
RmlnaHRlck5vZGU6NTI5MjQ=,52924,david-loureiro-52924,David Loureiro,Immortal Goat,1990-11-21,175.0,,,,,"
Fort Lauderdale, Florida, United States
"
RmlnaHRlck5vZGU6NTI5Mjc=,52927,luke-kelly-52927,Luke Kelly,,1996-12-23,,,,,,"
Leeds, Yorkshire, United Kingdom
"
RmlnaHRlck5vZGU6NTI5Mjg=,52928,matty-hill-52928,Matty Hill,,,,,,,,"
N/A
"
RmlnaHRlck5vZGU6NTI5Mjk=,52929,dawid-oskar-52929,Dawid Oskar,,,,,,,,Poland
RmlnaHRlck5vZGU6NTI5MzA=,52930,robert-barry-52930,Robert Barry,,,,,,,,"
England
"
RmlnaHRlck5vZGU6NTI5MzE=,52931,goscha-krautwald-52931,Goscha Krautwald,Goscha,,,,,,,"
N/A
"
RmlnaHRlck5vZGU6NTI5MzI=,52932,karl-thompson-52932,Karl Thompson,The Beast from the East,,183.0,73.0,,,,"
N/A
"
RmlnaHRlck5vZGU6NTI5MzM=,52933,dustin-rabiega-52933,Dustin Rabiega,,,,,,,,"
N/A
"
RmlnaHRlck5vZGU6NTI5MzQ=,52934,hayden-sherriff-52934,Hayden Sherriff,,,183.0,72.8,,,,"
England
"
RmlnaHRlck5vZGU6NTI5MzU=,52935,patryk-sagan-52935,Patryk Sagan,,,,,,,,"
Poland
"
RmlnaHRlck5vZGU6NTI5MzY=,52936,krystian-nadolski-52936,Krystian Nadolski,The Lunatic,,,,,,,"
Poland
"
RmlnaHRlck5vZGU6NTI5Mzc=,52937,drew-nolan-52937,Drew Nolan,,1990-07-24,178.0,,,,,"
United States
"
RmlnaHRlck5vZGU6NTI5Mzk=,52939,dre-coles-52939,Dre Coles,,,168.0,,,,,"
United States
"
RmlnaHRlck5vZGU6NTI5Njc=,52967,crystal-van-wyk-52967,Crystal Van Wyk,The Lovely,1987-05-27,157.0,63.0,,,,United States
RmlnaHRlck5vZGU6NTIwNTk=,52059,gabrielle-roman-52059,Gabrielle Roman,,,160.0,,,,,"
N/A
"
RmlnaHRlck5vZGU6NTIwNg==,5206,guto-inocente-5206,Guto Inocente,Guto Inocente,1986-05-29,191.0,76.0,,,,"Brasilia, Brazil"
RmlnaHRlck5vZGU6NTM0NDA=,53440,ryan-peterson-53440,Ryan Peterson,Ryu,,175.0,,,,,"
United States
"
RmlnaHRlck5vZGU6NTM1ODI=,53582,desmond-johnson-53582,Desmond Johnson,,1979-08-06,183.0,,,,,"
Winnipeg, Manitoba, Canada
"
RmlnaHRlck5vZGU6NTM2OTg=,53698,ramadan-noaman-53698,Ramadan Noaman,The Assassin,1991-04-24,175.0,,,,,"
Alexandria, Egypt
"
RmlnaHRlck5vZGU6NTM3MQ==,5371,rocky-long-5371,Rocky Long,,1978-02-18,172.7,,,,,United States
RmlnaHRlck5vZGU6NTM4NzY=,53876,matt-adams-53876,Matt Adams,Bad,1997-09-07,178.0,73.0,,,,United States
RmlnaHRlck5vZGU6NTMwNw==,5307,lumumba-sayers-5307,Lumumba Sayers,Heavy Hands,1978-06-30,182.0,73.0,,,,United States
RmlnaHRlck5vZGU6NTMzNg==,5336,nick-rossborough-5336,Nick Rossborough,Leatherface,1981-11-18,196.0,79.0,,,,United States
RmlnaHRlck5vZGU6NTQ1MTE=,54511,bryce-hall-54511,Bryce Hall,,1999-08-14,175.0,,,,,"
Ellicott City, Maryland, USA
"
RmlnaHRlck5vZGU6NTQ2ODc=,54687,aaron-foster-54687,Aaron Foster,,,,,,,,"
N/A
"
RmlnaHRlck5vZGU6NTQ3OTA=,54790,marc-entenberg-54790,Marc Entenberg,,,183.0,,,,,"
United States
"
RmlnaHRlck5vZGU6NTQ3OTE=,54791,austin-lewis-54791,Austin Lewis,,,170.0,,,,,"
Albuquerque, New Mexico, United States
"
RmlnaHRlck5vZGU6NTQ4NDk=,54849,michael-larrimore-54849,Michael Larrimore,,1998-04-30,,,,,,"
United States
"
RmlnaHRlck5vZGU6NTQwNDI=,54042,denis-gondzala-54042,Denis Gondžala,Denkobosss,,188.0,,,,,"Nové Zámky, Slovakia"
RmlnaHRlck5vZGU6NTQxNDA=,54140,seth-shaffer-54140,Seth Shaffer,,1993-03-31,175.0,,,,,"
United States
"
RmlnaHRlck5vZGU6NTQxNDE=,54141,zdenek-pernica-54141,Zdeněk Pernica,Gauny,1986-08-23,175.0,,,,,"
Czech Republic
"
RmlnaHRlck5vZGU6NTQxNDQ=,54144,leonardo-perdomo-54144,Leonardo Perdomo,,,180.0,,,,,"
N/A
"
RmlnaHRlck5vZGU6NTQxNDU=,54145,joseph-white-54145,Joseph White,The Punisher,1991-10-28,188.0,,,,,"
Fort Lauderdale, Florida, United States
"
RmlnaHRlck5vZGU6NTQxODk=,54189,adrian-galvez-54189,Adrian Galvez,,,,,,,,"
Spain
"
RmlnaHRlck5vZGU6NTQxOTA=,54190,robbie-brown-54190,Robbie Brown,,1995-03-23,,,,,,"
Hartlepool, England
"
RmlnaHRlck5vZGU6NTQxOTE=,54191,ben-hatchett-54191,Ben Hatchett,,,,,,,,"
N/A
"
RmlnaHRlck5vZGU6NTQxOTg=,54198,chris-garcia-54198,Chris Garcia,,,,,,,,"
N/A
"
RmlnaHRlck5vZGU6NTQyMDc=,54207,jake-craig-54207,Jake Craig,Bronson,,187.0,,,,,"
Canada
"
RmlnaHRlck5vZGU6NTQyODI=,54282,nick-felber-54282,Nick Felber,The Fury,1995-10-11,175.0,,,,,"
Canada
"
RmlnaHRlck5vZGU6NTU0MDc=,55407,todor-zhelyazkov-55407,Todor Zhelyazkov,,,,,,,,"
Bulgaria
"
RmlnaHRlck5vZGU6NTU0MDg=,55408,bojan-kosendar-55408,Bojan Kosendar,,,,,,,,"
N/A
"
RmlnaHRlck5vZGU6NTU0MDk=,55409,amer-abdulnabi-55409,Amer Abdulnabi,The Machete,,183.0,,,,,"
Lebanon
"
RmlnaHRlck5vZGU6NTU0MTA=,55410,jedrzej-durski-55410,Jędrzej Durski,,,185.0,70.1,,,,"
Poland
"
RmlnaHRlck5vZGU6NTU0MTE=,55411,delqn-iliev-55411,Delqn Iliev,,,,,,,,"
N/A
"
RmlnaHRlck5vZGU6NTU0MTI=,55412,marco-giustarini-55412,Marco Giustarini,,,,,,,,"
Italy
"
RmlnaHRlck5vZGU6NTU0MTM=,55413,mladen-iliev-55413,Mladen Iliev,,,,,,,,"
N/A
"
RmlnaHRlck5vZGU6NTU0MTQ=,55414,yunus-emre-batan-55414,Yunus Emre Batan,,,180.3,,,,,"
N/A
"
RmlnaHRlck5vZGU6NTU0MTU=,55415,kristian-kirilov-55415,Kristian Kirilov,,1991-07-17,,,,,,"
Sofia, Bulgaria
"
RmlnaHRlck5vZGU6NTU0MTY=,55416,angel-petkov-55416,Angel Petkov,,,,,,,,"
N/A
"
RmlnaHRlck5vZGU6NTU0MTc=,55417,martin-stoichkov-55417,Martin Stoichkov,,,,,,,,"
Bulgaria
"
RmlnaHRlck5vZGU6NTU0MTg=,55418,zdravko-dimitrov-55418,Zdravko Dimitrov,,,175.0,,,,,"
Bulgaria
"
RmlnaHRlck5vZGU6NTU0MTk=,55419,tomas-vojtela-55419,Tomas Vojtela,Dragon,2003-08-21,,,,,,"
Nové Zámky
"
RmlnaHRlck5vZGU6NTU1ODY=,55586,daniel-dorrer-55586,Daniel Dörrer,The Peaceful Warrior,1984-12-28,188.0,,,,,"
Germany
"
RmlnaHRlck5vZGU6NTU1ODc=,55587,kievan-solemani-55587,Kievan Solemani,,,,,,,,"
N/A
"
RmlnaHRlck5vZGU6NTU1ODg=,55588,pouriya-rokhneh-55588,Pouriya Rokhneh,,,,,,,,"
Tehran, Iran
"
RmlnaHRlck5vZGU6NTU1ODk=,55589,yohann-marin-55589,Yohann Marin,,,,,,,,"
N/A
"
RmlnaHRlck5vZGU6NTU1OTA=,55590,allen-wycoco-55590,Allen Wycoco,,,,,,,,"
Philippines
"
RmlnaHRlck5vZGU6NTU1OTE=,55591,tumba-55591,Tumba,,,,,,,,"
N/A
"
RmlnaHRlck5vZGU6NTU3NjU=,55765,ali-elkhatib-55765,Ali Elkhatib,The Destroyer,,,,,,,"
Egypt
"
RmlnaHRlck5vZGU6NTU3NzU=,55775,travis-floyd-55775,Travis Floyd,Flo,1987-06-10,173.0,70.0,,,,"
United States
"
RmlnaHRlck5vZGU6NTU3NzY=,55776,daniel-gary-55776,Daniel Gary,Black Mamba,1993-11-29,163.0,60.0,,,,"
United States
"
RmlnaHRlck5vZGU6NTU4NzU=,55875,kaine-tomlinson-jr-55875,"Kaine Tomlinson, Jr.",,2000-10-10,178.0,71.0,,,,"
United States
"
RmlnaHRlck5vZGU6NTU4NzY=,55876,brett-hudson-55876,Brett Hudson,,,,,,,,"
N/A
"
RmlnaHRlck5vZGU6NTU4Nzc=,55877,andrew-strode-55877,Andrew Strode,,1996-12-05,173.0,,,,,"
Denver, Colorado, United States
"
RmlnaHRlck5vZGU6NTU5MTc=,55917,joao-guerra-55917,Joao Guerra,Sem Amor,1993-10-02,,,,,,"
United States
"
RmlnaHRlck5vZGU6NTU5MTk=,55919,jaymes-hyder-55919,Jaymes Hyder,the shark,1994-07-07,183.0,,,,,"
United States
"
RmlnaHRlck5vZGU6NTU5MjY=,55926,nadja-milijancevic-55926,Nadja Milijancevic,The Serbian Princess,2000-10-23,170.0,,,,,"
Serbia
"
RmlnaHRlck5vZGU6NTUwNTM=,55053,rosalinda-rodriguez-55053,Rosalinda Rodriguez,,1986-10-02,160.0,,,,,"
N/A
"
RmlnaHRlck5vZGU6NTUwNTQ=,55054,markus-suarez-55054,Markus Suarez,,,,,,,,"
N/A
"
RmlnaHRlck5vZGU6NTUwNjk=,55069,harry-cruz-55069,Harry Cruz,Dragon Fly,1995-04-20,173.0,,,,,"
Puerto Rico
"
RmlnaHRlck5vZGU6NTUwNzA=,55070,leandro-torres-55070,Leandro Torres,Quero Quero,,,,,,,"
Argentina
"
RmlnaHRlck5vZGU6NTUwNzE=,55071,dameko-labon-55071,Dameko Labon,,,,,,,,"
N/A
"
RmlnaHRlck5vZGU6NTUwNzI=,55072,justin-watson-55072,Justin Watson,,1987-03-29,170.0,,,,,"
United States
"
RmlnaHRlck5vZGU6NTUxMDQ=,55104,justin-williams-55104,Justin Williams,Pretty Boy Ju,,,,,,,United States
RmlnaHRlck5vZGU6NTUxNzc=,55177,jessica-link-davis-55177,Jessica Link-Davis,,,175.3,,,,,United States
RmlnaHRlck5vZGU6NTUzODQ=,55384,robert-desharnais-55384,Robert Desharnais,The Slim Reaper,,183.0,75.0,,,,"
Crowsnest Pass, Alberta
"
RmlnaHRlck5vZGU6NTY0MTc=,56417,mehmet-ozer-56417,Mehmet Ozer,,,,,,,,"
Turkey
"
RmlnaHRlck5vZGU6NTY0MTg=,56418,wongaon-teerawat-56418,Wongaon Teerawat,,,,,,,,"
N/A
"
RmlnaHRlck5vZGU6NTY0NTM=,56453,roman-cordoba-56453,Román Córdoba,Gallo Negro,1992-09-28,175.0,,,,,"
Mexico
"
RmlnaHRlck5vZGU6NTY2NTg=,56658,jonno-chipchase-56658,Jonno Chipchase,JCB,,175.0,73.0,,,,"
N/A
"
RmlnaHRlck5vZGU6NTY2NTk=,56659,taryn-turner-56659,Taryn Turner,,,,,,,,"
N/A
"
RmlnaHRlck5vZGU6NTY2NjA=,56660,terry-needham-56660,Terry Needham,,1987-06-19,,,,,,"
N/A
"
RmlnaHRlck5vZGU6NTY2NjE=,56661,shaun-kissane-56661,Shaun Kissane,,,,,,,,"
N/A
"
RmlnaHRlck5vZGU6NTY2NjI=,56662,bartek-kanabey-56662,Bartek Kanabey,,,,,,,,"
N/A
"
RmlnaHRlck5vZGU6NTY3NzA=,56770,diego-romo-56770,Diego Romo,Psicopata,1992-02-05,,,,,,"
Ecuador
"
RmlnaHRlck5vZGU6NTY3NzE=,56771,nathan-rivera-56771,Nathan Rivera,,1997-05-11,178.0,,,,,"
United States
"
RmlnaHRlck5vZGU6NTY3NzI=,56772,mike-heckert-56772,Mike Heckert,Marvelous,1995-02-25,183.0,,,,,"
Pittsburgh, Kansas
"
RmlnaHRlck5vZGU6NTY3NzM=,56773,scott-lampert-56773,Scott Lampert,Scotty Bombs,1984-11-15,173.0,,,,,"
Poplar Bluff, Missouri, United States
"
RmlnaHRlck5vZGU6NTY3Nzk=,56779,harry-cain-56779,Harry Cain,,,,,,,,"
N/A
"
RmlnaHRlck5vZGU6NTY3ODA=,56780,brad-taylor-56780,Brad Taylor,,,,,,,,"
N/A
"
RmlnaHRlck5vZGU6NTY3ODE=,56781,ryan-harris-56781,Ryan Harris,,,,,,,,"
N/A
"
RmlnaHRlck5vZGU6NTY3ODI=,56782,marcus-pond-56782,Marcus Pond,,,,,,,,"
N/A
"
RmlnaHRlck5vZGU6NTY3ODM=,56783,ray-putterill-56783,Ray Putterill,,,,,,,,"
N/A
"
RmlnaHRlck5vZGU6NTY3ODQ=,56784,george-buckell-56784,George Buckell,,,,,,,,"
N/A
"
RmlnaHRlck5vZGU6NTY3ODU=,56785,andy-thornton-56785,Andy Thornton,,,,,,,,"
N/A
"
RmlnaHRlck5vZGU6NTY3ODY=,56786,peter-hayes-56786,Peter Hayes,,,,,,,,"
N/A
"
RmlnaHRlck5vZGU6NTY3ODc=,56787,dean-hunt-56787,Dean Hunt,,,,,,,,"
N/A
"
RmlnaHRlck5vZGU6NTY3ODg=,56788,micky-pedersen-56788,Micky Pedersen,,,,,,,,"
N/A
"
RmlnaHRlck5vZGU6NTY3ODk=,56789,marti-barnes-56789,Marti Barnes,,,,,,,,"
N/A
"
RmlnaHRlck5vZGU6NTY3OTA=,56790,jonny-ramsay-56790,Jonny Ramsay,,,,,,,,"
N/A
"
RmlnaHRlck5vZGU6NTY3OTM=,56793,andy-walsh-56793,Andy Walsh,,,,,,,,"
N/A
"
RmlnaHRlck5vZGU6NTY3OTQ=,56794,ben-bradley-56794,Ben Bradley,,,,,,,,"
England
"
RmlnaHRlck5vZGU6NTY4OTg=,56898,miach-lail-56898,Miach Lail,,,,,,,,"
N/A
"
RmlnaHRlck5vZGU6NTY4OTk=,56899,dagoberto-aguero-56899,Dagoberto Aguero,,1993-02-21,173.0,68.5,,,,"
San Cristobal, Dominican Republic
"
RmlnaHRlck5vZGU6NTY5MDA=,56900,jordan-raulston-56900,Jordan Raulston,Jnasty,1993-01-21,165.0,,,,,"
United States
"
RmlnaHRlck5vZGU6NTY5MDE=,56901,jeff-janvier-56901,Jeff Janvier,,,,,,,,"
N/A
"
RmlnaHRlck5vZGU6NTY5MDI=,56902,devonte-jeffery-56902,Devonte Jeffery,,,,,,,,"
N/A
"
RmlnaHRlck5vZGU6NTY5MDM=,56903,dominik-herold-56903,Dominik Herold,,,,,,,,"
N/A
"
RmlnaHRlck5vZGU6NTYxNDI=,56142,dominick-carey-56142,Dominick Carey,The Bomb,2000-10-14,178.0,,,,,"
United States
"
RmlnaHRlck5vZGU6NTYyMDE=,56201,roberto-armas-56201,Roberto Armas,,1988-09-06,,,,,,"
United States
"
RmlnaHRlck5vZGU6NTYyMjE=,56221,crystal-lawson-56221,Crystal Lawson,Bear,1989-01-29,157.0,,,,,"
United States
"
RmlnaHRlck5vZGU6NTYyOTM=,56293,mark-culp-56293,Mark Culp,,,185.0,,,,,"
N/A
"
RmlnaHRlck5vZGU6NTYyOTQ=,56294,ronnie-glass-56294,Ronnie Glass,The Unbreakable,1987-03-03,173.0,,,,,"
N/A
"
RmlnaHRlck5vZGU6NTYyOTU=,56295,zachary-pannell-56295,Zachary Pannell,,1994-04-24,170.0,,,,,"
United States
"
RmlnaHRlck5vZGU6NTYyOTY=,56296,landon-williams-56296,Landon Williams,,,,,,,,"
United States
"
RmlnaHRlck5vZGU6NTYyOTc=,56297,daniel-fenske-56297,Daniel Fenske,,,,,,,,"
United States
"
RmlnaHRlck5vZGU6NTc1OTg=,57598,hynek-hospodarsky-57598,Hynek Hospodářský,Shelby,,,,,,,"
N/A
"
RmlnaHRlck5vZGU6NTc1OTk=,57599,ilyas-sadykov-57599,Ilyas Sadykov,,,,,,,,"
N/A
"
RmlnaHRlck5vZGU6NTc2MDA=,57600,mahmoud-ahmed-57600,Mahmoud Ahmed,,,,,,,,"
N/A
"
RmlnaHRlck5vZGU6NTc2MDE=,57601,steve-pasche-57601,Steve Pasche,,,,,,,,"
N/A
"
RmlnaHRlck5vZGU6NTc=,57,jason-high-57,Jason High,The Kansas City Bandit,1981-10-12,176.0,71.0,,Striker / BJJ Grappler,Southpaw,United States
RmlnaHRlck5vZGU6NTcyMzY=,57236,matt-hodgson-57236,Matt Hodgson,The Hammer,,,,,,,"
England
"
RmlnaHRlck5vZGU6NTcyMzc=,57237,luke-atkin-57237,Luke Atkin,,,,,,,,"
N/A
"
RmlnaHRlck5vZGU6NTcyMzg=,57238,antonio-moscatiello-57238,Antonio Moscatiello,Big,1982-09-27,,,,,,"
Milan, Lombardia, Italy
"
RmlnaHRlck5vZGU6NTcyMzk=,57239,abel-radomski-57239,Abel Radomski,,,,,,,,"
N/A
"
RmlnaHRlck5vZGU6NTcz,573,thiago-alves-573,Thiago Alves,Pitbull,1983-10-03,175.0,70.0,37.0,Striker,Orthodox,Brazil
RmlnaHRlck5vZGU6NTczNDE=,57341,sineadh-ni-nuallain-57341,Sinéadh Ní Nualláin,The Grenade,,155.0,,,,,"
United Kingdom
"
RmlnaHRlck5vZGU6NTczNjQ=,57364,bridger-bercier-57364,Bridger Bercier,,,185.0,,,,,"
N/A
"
RmlnaHRlck5vZGU6NTg0Nw==,5847,justin-scoggins-5847,Justin Scoggins,Tank,1992-05-02,165.0,66.0,39.0,Striker,Orthodox,United States
RmlnaHRlck5vZGU6NTg1NTQ=,58554,hasan-alghanim-58554,Hasan Alghanim,,,,,,,,"
N/A
"
RmlnaHRlck5vZGU6NTg1NTU=,58555,dalton-shtybel-58555,Dalton Shtybel,,,,,,,,"
N/A
"
RmlnaHRlck5vZGU6NTg1NTY=,58556,chad-lucanas-58556,Chad Lucanas,,,,,,,,"
N/A
"
RmlnaHRlck5vZGU6NTg1NTc=,58557,sonny-smith-58557,Sonny Smith,The Savage,,,,,,,"
Brighton, UK
"
RmlnaHRlck5vZGU6NTg1NTg=,58558,dustin-thompson-58558,Dustin Thompson,,,,,,,,"
N/A
"
RmlnaHRlck5vZGU6NTg4MDA=,58800,stan-surmacz-58800,Stan Surmacz,,1990-03-30,,,,,,"
Edmonton, Alberta, Canada
"
RmlnaHRlck5vZGU6NTg4MDE=,58801,don-wonch-58801,Don Wonch,The Diamond,1981-10-25,191.0,,,,,"
Wiarton, Ontario, Canada
"
RmlnaHRlck5vZGU6NTg4MDI=,58802,joe-ray-58802,Joe Ray,Ruthless,1988-07-05,178.0,,,,,"
United States
"
RmlnaHRlck5vZGU6NTg4MDM=,58803,shawn-brooks-58803,Shawn Brooks,The MidKnightExpress,1992-10-26,178.0,,,,,"
United States
"
RmlnaHRlck5vZGU6NTg4MDQ=,58804,josh-armstrong-58804,Josh Armstrong,,1988-08-03,173.0,,,,,"
United States
"
RmlnaHRlck5vZGU6NTg4MDU=,58805,dustin-garrett-58805,Dustin Garrett,Elmo,1997-08-03,168.0,,,,,"
United States
"
RmlnaHRlck5vZGU6NTg4NDI=,58842,tommy-hawthorn-58842,Tommy Hawthorn,,,,,,,,"
United Kingdom
"
RmlnaHRlck5vZGU6NTg4NjI=,58862,joshua-freeman-58862,Joshua Freeman,,1991-04-15,183.0,,,,,"
United States
"
RmlnaHRlck5vZGU6NTg4NjM=,58863,mashkhal-ibrahim-58863,Mashkhal Ibrahim,,,,,,,,"
N/A
"
RmlnaHRlck5vZGU6NTg5MTU=,58915,marcello-solinas-58915,Marcello Solinas,,,,,,,,"
Canada
"
RmlnaHRlck5vZGU6NTgwNQ==,5805,andrew-yates-5805,Andrew Yates,The Golden Boy,1989-03-21,175.3,72.0,,,,United States
RmlnaHRlck5vZGU6NTgwNjg=,58068,davian-green-58068,Davian Green,,1993-01-08,188.0,79.9,,,,"
United States
"
RmlnaHRlck5vZGU6NTgxMzA=,58130,tatsuki-shinotsuka-58130,Tatsuki Shinotsuka,Rude Bwoy,1998-05-07,175.0,,,,,"
Ibaraki, Japan
"
RmlnaHRlck5vZGU6NTgy,582,alan-belcher-582,Alan Belcher,The Talent,1984-04-24,188.0,75.0,,Well Rounded,Orthodox,United States
RmlnaHRlck5vZGU6NTgyOTc=,58297,karla-alvarez-58297,Karla Alvarez,God's Child,1988-11-30,160.0,,,,,"
Mexico
"
RmlnaHRlck5vZGU6NTgyOTg=,58298,apostle-spencer-58298,Apostle Spencer,,,180.0,,,,,"
United States
"
RmlnaHRlck5vZGU6NTgzMDI=,58302,will-albrecht-58302,Will Albrecht,,,,,,,,"
N/A
"
RmlnaHRlck5vZGU6NTgzMjY=,58326,tyler-tremblett-58326,Tyler Tremblett,,,191.0,,,,,"
N/A
"
RmlnaHRlck5vZGU6NTgzMjc=,58327,donnie-tice-jr-58327,"Donnie Tice, Jr.",Big Red,1999-04-20,183.0,,,,,"
United States
"
RmlnaHRlck5vZGU6NTk1Njk=,59569,estevan-fuenzalida-59569,Estevan Fuenzalida,,,,,,,,"
N/A
"
RmlnaHRlck5vZGU6NTk1NzA=,59570,pita-tuiloma-59570,Pita Tuiloma,,,175.0,,,,,"
Tuva, Fiji
"
RmlnaHRlck5vZGU6NTk3MjQ=,59724,dallas-manspile-59724,Dallas Manspile,Sallad Manchild,1992-09-19,178.0,,,,,"
United States
"
RmlnaHRlck5vZGU6NTk3MjU=,59725,jr-rumsley-59725,JR Rumsley,,,,,,,,"
United States
"
RmlnaHRlck5vZGU6NTk3Mjg=,59728,lorenzo-coca-59728,Lorenzo Coca,,,170.0,,,,,"
United States
"
RmlnaHRlck5vZGU6NTk3Mjk=,59729,rudy-levocz-59729,Rudy Levocz,,1988-03-04,191.0,,,,,"
N/A
"
RmlnaHRlck5vZGU6NTk3MzA=,59730,luke-rodney-59730,Luke Rodney,,,,,,,,"
N/A
"
RmlnaHRlck5vZGU6NTk4MjU=,59825,marcus-williamson-59825,Marcus Williamson,Lights Out,1991-02-23,173.0,,,,,"
United States
"
RmlnaHRlck5vZGU6NTk4Mjk=,59829,shane-jordan-59829,Shane Jordan,Suga,,,,,,,"
Boston, Massachusetts
"
RmlnaHRlck5vZGU6NTk5NQ==,5995,will-chope-5995,Will Chope,The Kill,1990-09-08,194.0,76.0,,Striker / BJJ Grappler,Orthodox,United States
RmlnaHRlck5vZGU6NTk5NTI=,59952,christopher-gamby-59952,Christopher Gamby,Giant Killer,1996-06-27,168.0,,,,,"
United States
"
RmlnaHRlck5vZGU6NTk5NjE=,59961,rayne-wells-59961,Rayne Wells,,1982-07-24,180.0,,,,,"
United States
"
RmlnaHRlck5vZGU6NTk5NjI=,59962,leonel-carrera-59962,Leonel Carrera,,,188.0,,,,,"
Miami, Florida
"
RmlnaHRlck5vZGU6NTk5Njg=,59968,piotr-cwik-59968,Piotr Ćwik,Bubu,,179.0,,,,,"
Będzin, Poland
"
RmlnaHRlck5vZGU6NTk5OTg=,59998,robinson-perez-59998,Robinson Perez,,,180.0,,,,,"
N/A
"
RmlnaHRlck5vZGU6NTk5OTk=,59999,dylan-felion-59999,Dylan Felion,The Afro Samurai,1997-12-17,191.0,74.0,,,,"
United States
"
RmlnaHRlck5vZGU6NTkwNzI=,59072,danny-mcintosh-59072,Danny McIntosh,,,,,,,,"
N/A
"
RmlnaHRlck5vZGU6NTkwNzM=,59073,rob-boardman-59073,Rob Boardman,,,,,,,,"
N/A
"
RmlnaHRlck5vZGU6NTkwNzQ=,59074,john-walker-59074,John Walker,,,,,,,,"
N/A
"
RmlnaHRlck5vZGU6NTkwNzU=,59075,bakhtyor-kudratov-59075,Bakhtyor Kudratov,,,,,,,,"
N/A
"
RmlnaHRlck5vZGU6NTkwNzc=,59077,reuben-roundstone-59077,Reuben Roundstone,Bam,,,,,,,"
United States
"
RmlnaHRlck5vZGU6NTkwODM=,59083,tre-cook-59083,Tre Cook,,1985-12-18,,,,,,"
United States
"
RmlnaHRlck5vZGU6NTkxMDY=,59106,manuel-otero-59106,Manuel Otero,Mano,,,,,,,"
United States
"
RmlnaHRlck5vZGU6NTkxMDc=,59107,zohrab-azimov-59107,Zohrab Azimov,,,,,,,,"
N/A
"
RmlnaHRlck5vZGU6NTkxMDg=,59108,dominik-estorer-59108,Dominik Estorer,Toni,,187.0,,,,,"Wurselen, Nordrhein-Westfalen"
RmlnaHRlck5vZGU6NTkxMDk=,59109,petr-beranek-59109,Petr Beránek,Bery,1989-08-18,187.0,,,,,"
Czech Republic
"
RmlnaHRlck5vZGU6NTkxMTA=,59110,stanoi-tabakov-59110,Stanoi Tabakov,,,,,,,,"
Bulgaria
"
RmlnaHRlck5vZGU6NTkxMTE=,59111,ilian-adrianov-59111,Ilian Adrianov,,,,,,,,"
N/A
"
RmlnaHRlck5vZGU6NTkxMTI=,59112,daniela-graf-59112,Daniela Graf,,1982-09-11,157.0,,,,,"
Kandel, Germany
"
RmlnaHRlck5vZGU6NTkxMTM=,59113,nicole-schaefer-59113,Nicole Schaefer,,1997-02-25,,,,,,"
Herten, Nordrhein-Westfalen, Germany
"
RmlnaHRlck5vZGU6NTkxMTQ=,59114,ruslan-tokhtarov-59114,Ruslan Tokhtarov,,,,,,,,"
N/A
"
RmlnaHRlck5vZGU6NTkxMTU=,59115,ludwig-wolper-59115,Ludwig Wolper,,,175.0,,,,,"
N/A
"
RmlnaHRlck5vZGU6NTkxMTY=,59116,athanasios-zampelos-59116,Athanasios Zampelos,,1993-10-14,,,,,,"
Greece
"
RmlnaHRlck5vZGU6NTkxMTc=,59117,emil-enchev-59117,Emil Enchev,The Gladiator,,188.0,,,,,"
N/A
"
RmlnaHRlck5vZGU6NTkxMjA=,59120,micah-livingston-59120,Micah Livingston,Savage Mike,1989-09-15,173.0,,,,,"
Missouri
"
RmlnaHRlck5vZGU6NTkxNDY=,59146,samuel-polk-59146,Samuel Polk,Blunt Force Trauma,,188.0,,,,,"
United States
"
RmlnaHRlck5vZGU6NTkyMzU=,59235,cesar-vazquez-59235,Cesar Vazquez,,,170.0,,,,,"
Mexico
"
RmlnaHRlck5vZGU6NTkzMDk=,59309,eduardo-conception-59309,Eduardo Conception,,,,,,,,"
N/A
"
RmlnaHRlck5vZGU6NTkzMTA=,59310,rohan-prado-59310,Rohan Prado,,,,,,,,"
N/A
"
RmlnaHRlck5vZGU6NTkzMTE=,59311,raymond-pell-59311,Raymond Pell,Public Enemy #1,1992-08-04,175.0,,,,,"
United States
"
RmlnaHRlck5vZGU6NTkzMTI=,59312,jim-pulgar-59312,Jim Pulgar,,,170.0,74.0,,,,"
Barquisimeto, Venezuela
"
RmlnaHRlck5vZGU6NTkzMTM=,59313,jorge-bargallo-59313,Jorge Bargallo,,1994-02-22,173.0,,,,,"
Cuba
"
RmlnaHRlck5vZGU6NTkzMTQ=,59314,julio-perez-59314,Julio Perez,The Cuban Horse,,193.0,,,,,"
N/A
"
RmlnaHRlck5vZGU6NTkzMjA=,59320,drew-stuve-59320,Drew Stuve,,,188.0,,,,,"
N/A
"
RmlnaHRlck5vZGU6NTkzMjE=,59321,jason-kelly-59321,Jason Kelly,Lethal,1983-07-03,175.0,,,,,"
Canada
"
RmlnaHRlck5vZGU6NjA5Ng==,6096,josh-copeland-6096,Josh Copeland,Cuddly Bear,1982-10-20,185.4,75.0,,,,United States
RmlnaHRlck5vZGU6NjAwMDA=,60000,danny-pettit-60000,Danny Pettit,Viper,,185.0,71.0,,,,"
N/A
"
RmlnaHRlck5vZGU6NjAwMzQ=,60034,natalie-gage-60034,Natalie Gage,,1994-02-16,168.0,,,,,"
United States
"
RmlnaHRlck5vZGU6NjAwNzI=,60072,alfredo-angulo-60072,Alfredo Angulo,Perro,1982-08-11,177.0,69.0,,,,"
Mexicali, Baja California, Mexico
"
RmlnaHRlck5vZGU6NjAxMzk=,60139,ramiro-figueroa-60139,Ramiro Figueroa,,,180.0,,,,,"
Denver, Colorado
"
RmlnaHRlck5vZGU6NjAxNDA=,60140,ruben-arroyo-60140,Ruben Arroyo,,,170.0,,,,,"
United States
"
RmlnaHRlck5vZGU6NjAxNTU=,60155,vincent-familari-60155,Vincent Familari,The Mexicalian Stallion,,,,,,,"
United States
"
RmlnaHRlck5vZGU6NjAxNTY=,60156,keith-richardson-60156,Keith Richardson,,,185.0,73.0,,,,"
Los Angeles, California
"
RmlnaHRlck5vZGU6NjAxNw==,6017,jake-bostwick-6017,Jake Bostwick,Brutal,1989-10-28,175.0,72.0,,,,England
RmlnaHRlck5vZGU6NjAxODg=,60188,casey-moses-60188,Casey Moses,,,,,,,,"
N/A
"
RmlnaHRlck5vZGU6NjAxODk=,60189,luis-rey-gallegos-60189,Luis Rey Gallegos,Corazón de León,1987-06-24,170.0,,,,,"
Mexico
"
RmlnaHRlck5vZGU6NjAxOTA=,60190,corey-mcintosh-60190,Corey McIntosh,,,178.0,,,,,"
Virginia Beach, Virginia
"
RmlnaHRlck5vZGU6NjAyMzA=,60230,mike-lee-60230,Mike Lee,,1994-09-19,188.0,,,,,"
United States
"
RmlnaHRlck5vZGU6NjE0MQ==,6141,bec-rawlings-6141,Bec Rawlings,Rowdy,1989-02-11,167.6,64.0,38.0,Striker,Orthodox,Australia
RmlnaHRlck5vZGU6NjE1NTI=,61552,paul-venis-61552,Paul Venis,,,,,,,,"
N/A
"
RmlnaHRlck5vZGU6NjE1NTM=,61553,sergio-lopez-61553,Sergio Lopez,The Savage,1979-07-21,178.0,69.0,,,,"
United States
"
RmlnaHRlck5vZGU6NjE2Nzk=,61679,richard-brooks-61679,Richard Brooks,Big Bad Wolf,,,,,,,"
N/A
"
RmlnaHRlck5vZGU6NjE2OTg=,61698,daniel-mitchell-61698,Daniel Mitchell,,1981-01-31,193.0,,,,,"
West Valley City, Utah, United States
"
RmlnaHRlck5vZGU6NjE2OTk=,61699,aj-iriarte-61699,AJ Iriarte,The Biggest,,,,,,,"
N/A
"
RmlnaHRlck5vZGU6NjE3MjI=,61722,lino-sanchez-61722,Lino Sánchez,,,,,,,,"
Mexico
"
RmlnaHRlck5vZGU6NjE3ODc=,61787,matt-guymon-61787,Matt Guymon,,1988-07-08,175.0,,,,,United States
RmlnaHRlck5vZGU6NjE4MTg=,61818,pic-jardine-61818,Pic Jardine,,,,,,,,"
England
"
RmlnaHRlck5vZGU6NjE4MTk=,61819,danny-moir-61819,Danny Moir,,,180.0,,,,,"
Gateshead, Tyne and Wear, United Kingdom
"
RmlnaHRlck5vZGU6NjE4MjA=,61820,gary-slator-61820,Gary Slator,,,,,,,,"
N/A
"
RmlnaHRlck5vZGU6NjE4MjE=,61821,jack-culshaw-61821,Jack Culshaw,Mantis,1997-09-06,180.0,,,,,"
Elmsall, England
"
RmlnaHRlck5vZGU6NjE4MjI=,61822,rafal-pawlowski-61822,Rafal Pawlowski,,,,,,,,"
N/A
"
RmlnaHRlck5vZGU6NjE4MjM=,61823,stevie-taylor-61823,Stevie Taylor,,,,,,,,"
N/A
"
RmlnaHRlck5vZGU6NjE4MjQ=,61824,dan-mohammed-61824,Dan Mohammed,,,170.0,,,,,"
N/A
"
RmlnaHRlck5vZGU6NjE4MjU=,61825,marcus-grubic-61825,Marcus Grubic,,,,,,,,"
England
"
RmlnaHRlck5vZGU6NjE4MjY=,61826,shane-omer-61826,Shane Omer,The Omen,,175.0,,,,,"
United Kingdom
"
RmlnaHRlck5vZGU6NjE4Mjc=,61827,will-rochester-61827,Will Rochester,,,,,,,,"
England
"
RmlnaHRlck5vZGU6NjE4Mjg=,61828,luke-beamish-61828,Luke Beamish,,,185.0,,,,,"
N/A
"
RmlnaHRlck5vZGU6NjE4Mjk=,61829,ryan-sanson-61829,Ryan Sanson,,,185.0,,,,,"
N/A
"
RmlnaHRlck5vZGU6NjE4MzA=,61830,jeremy-waltron-61830,Jeremy Waltron,,,,,,,,"
N/A
"
RmlnaHRlck5vZGU6NjE5NjE=,61961,luis-castaneda-61961,Luis Castañeda,Wicho,,,,,,,"
N/A
"
RmlnaHRlck5vZGU6NjE5NjI=,61962,juan-alvarez-61962,Juan Álvarez,El Mazo,,176.0,,,,,"
Mexico
"
RmlnaHRlck5vZGU6NjE5NjM=,61963,carlos-giner-61963,Carlos Giner,Zurdo,,,,,,,"
N/A
"
RmlnaHRlck5vZGU6NjE5NjQ=,61964,eduardo-meneses-61964,Eduardo Meneses,Chino,,168.0,,,,,"
Mexico
"
RmlnaHRlck5vZGU6NjE5NjU=,61965,sergio-perez-jimenez-61965,Sergio Perez Jimenez,Cachorro,,,,,,,"
N/A
"
RmlnaHRlck5vZGU6NjE5NjY=,61966,mario-martinez-vela-61966,Mario Martinez Vela,,,,,,,,"
N/A
"
RmlnaHRlck5vZGU6NjE5Njc=,61967,alberto-sanchez-61967,Alberto Sánchez,Beto,1982-12-19,170.0,,,,,"
Mexico
"
RmlnaHRlck5vZGU6NjE5Njg=,61968,roberto-uvando-61968,Roberto Uvando,Sinko,,,,,,,"
Mexico
"
RmlnaHRlck5vZGU6NjE5Njk=,61969,jose-juan-lopez-61969,Jose Juan Lopez,Pitbull Kid,,,,,,,"
Mexico
"
RmlnaHRlck5vZGU6NjE5NzA=,61970,juan-campos-61970,Juan Campos,The Pony,1984-12-03,168.0,,,,,"
Venezuela
"
RmlnaHRlck5vZGU6NjE5NzE=,61971,marcelo-antonio-perez-61971,Marcelo Antonio Perez,,,,,,,,"
N/A
"
RmlnaHRlck5vZGU6NjE5NzI=,61972,nicolas-diaz-61972,Nicolás Diaz,Inquebrantable,,,,,,,"
Mexico
"
RmlnaHRlck5vZGU6NjEz,613,wes-combs-613,Wes Combs,Soldier,1973-06-18,188.0,,,,Orthodox,USA
RmlnaHRlck5vZGU6NjI0NjI=,62462,enkhtur-bayartsogt-62462,Enkhtur Bayartsogt,,,173.0,69.5,,,,"
Mongolia
"
RmlnaHRlck5vZGU6NjI1MQ==,6251,delaney-owen-6251,Delaney Owen,Lil Scrappy,1992-11-20,157.5,,,,,United States
RmlnaHRlck5vZGU6NjI1NA==,6254,gaston-reyno-6254,Gaston Reyno,Tonga,1986-11-11,183.0,69.5,,,,Uruguay
RmlnaHRlck5vZGU6NjI2Mzk=,62639,caleb-avila-62639,Caleb Avila,Panda,,180.3,,,,,"
United States
"
RmlnaHRlck5vZGU6NjI2NDA=,62640,squire-redfern-62640,Squire Redfern,Kupa King,,180.0,,,,,"
United States
"
RmlnaHRlck5vZGU6NjI3OTc=,62797,brandon-conley-62797,Brandon Conley,The Bulldog,,173.0,,,,,"
Chillicothe, Ohio
"
RmlnaHRlck5vZGU6NjI4MDM=,62803,luther-paipa-62803,Luther Paipa,Luda,,,,,,,"
United States
"
RmlnaHRlck5vZGU6NjI4MDQ=,62804,riley-pellegrino-62804,Riley Pellegrino,,,175.0,,,,,"
Virginia Beach, Virginia, United States
"
RmlnaHRlck5vZGU6NjI4NA==,6284,miles-mcdonald-6284,Miles McDonald,,1991-08-13,170.2,,,,,United States
RmlnaHRlck5vZGU6NjI4OTY=,62896,ira-johnson-62896,Ira Johnson,,1991-01-01,175.0,,,,,"
Las Vegas, Nevada, United States
"
RmlnaHRlck5vZGU6NjI4OTc=,62897,jack-hughes-62897,Jack Hughes,,,,,,,,"
N/A
"
RmlnaHRlck5vZGU6NjI4OTg=,62898,jesse-pringle-62898,Jesse Pringle,,,193.0,,,,,"
United States
"
RmlnaHRlck5vZGU6NjI5Nzc=,62977,alexander-gutierrez-62977,Alexander Gutierrez,,1993-09-27,165.0,66.0,,,,"
Murrieta, California
"
RmlnaHRlck5vZGU6NjI5Nzg=,62978,isaiah-garcia-62978,Isaiah Garcia,,,,,,,,"
N/A
"
RmlnaHRlck5vZGU6NjI5Nzk=,62979,rodney-thomas-62979,Rodney Thomas,,,,,,,,"
N/A
"
RmlnaHRlck5vZGU6NjI5ODE=,62981,connor-goodchild-62981,Connor Goodchild,,1998-04-23,,,,,,"
N/A
"
RmlnaHRlck5vZGU6NjI5ODI=,62982,sahin-omer-62982,Sahin Omer,,,,,,,,"
N/A
"
RmlnaHRlck5vZGU6NjI5ODM=,62983,jordan-ward-62983,Jordan Ward,,,168.0,67.0,,,,"
N/A
"
RmlnaHRlck5vZGU6NjI5ODQ=,62984,paul-osullivan-62984,Paul O'Sullivan,,,,,,,,"
N/A
"
RmlnaHRlck5vZGU6NjI5ODU=,62985,macaulay-bygraves-62985,Macaulay Bygraves,,,175.0,,,,,N/A
RmlnaHRlck5vZGU6NjI5ODY=,62986,jan-sulecki-62986,Jan Sulecki,Tank,,,,,,,"
Poland
"
RmlnaHRlck5vZGU6NjI5ODc=,62987,sara-bitto-62987,Sara Bitto,,,,,,,,"
N/A
"
RmlnaHRlck5vZGU6NjI5ODg=,62988,connor-warden-62988,Connor Warden,,,,,,,,"
N/A
"
RmlnaHRlck5vZGU6NjI=,62,jimmie-rivera-62,Jimmie Rivera,El Terror,1989-06-29,163.0,68.0,37.0,Striker,Orthodox,United States
RmlnaHRlck5vZGU6NjIwMDk=,62009,jamie-campbell-62009,Jamie Campbell,,,196.0,,,,,United States
RmlnaHRlck5vZGU6NjIwMg==,6202,rodolfo-rubio-perez-6202,Rodolfo Rubio Perez,Fito,1987-01-29,165.1,66.0,,,,Mexico
RmlnaHRlck5vZGU6NjIyOTI=,62292,daniel-alvarez-62292,Daniel Alvarez,Machete,1989-11-13,170.0,,,,,"
United States
"
RmlnaHRlck5vZGU6NjM0MzU=,63435,hayden-brown-63435,Hayden Brown,The Berserker,1998-03-21,183.0,,,,,"
United States
"
RmlnaHRlck5vZGU6NjM0Mzg=,63438,paulo-games-63438,Paulo Games,,,,,,,,"
N/A
"
RmlnaHRlck5vZGU6NjM0NzU=,63475,ryan-mccarthy-63475,Ryan McCarthy,,,,,,,,"
N/A
"
RmlnaHRlck5vZGU6NjM0NzY=,63476,tom-mowbray-63476,Tom Mowbray,,,,,,,,"
N/A
"
RmlnaHRlck5vZGU6NjM1MDA=,63500,drake-heitfield-63500,Drake Heitfield,,1992-04-29,175.0,68.1,,,,"
United States
"
RmlnaHRlck5vZGU6NjM2NzM=,63673,david-sanchez-63673,David Sanchez,,,,,,,,"
N/A
"
RmlnaHRlck5vZGU6NjM2NzQ=,63674,christopher-hamlett-63674,Christopher Hamlett,The Reaper,1995-10-06,188.0,,,,,"
Lynchburg, Virginia
"
RmlnaHRlck5vZGU6NjM3OA==,6378,josh-zuckerman-6378,Josh Zuckerman,Sugarman,1988-03-12,,,,,,United States
RmlnaHRlck5vZGU6NjM4NDU=,63845,fred-sikking-63845,Fred Sikking,Piranha,1980-02-20,188.0,,,,,"
Netherlands
"
RmlnaHRlck5vZGU6NjM4NjE=,63861,elijah-jamerson-63861,Elijah Jamerson,,,178.0,,,,,"
United States
"
RmlnaHRlck5vZGU6NjM4NzY=,63876,almat-jumanov-63876,Almat Jumanov,,,174.0,,,,,"
Uzbekistan
"
RmlnaHRlck5vZGU6NjM4Nzk=,63879,caeden-scott-63879,Caeden Scott,,,,,,,,"
N/A
"
RmlnaHRlck5vZGU6NjM4ODA=,63880,dan-godoy-63880,Dan Godoy,,,,,,,,"
N/A
"
RmlnaHRlck5vZGU6NjM4ODE=,63881,nash-diederichs-63881,Nash Diederichs,,,,,,,,"
N/A
"
RmlnaHRlck5vZGU6NjM4OTM=,63893,justin-kennedy-63893,Justin Kennedy,The Nigerian Black Panther,,,,,,,"
Nigeria
"
RmlnaHRlck5vZGU6NjMwMjA=,63020,luis-iniguez-63020,Luis Iniguez,,1982-08-27,175.0,,,,,"
United States
"
RmlnaHRlck5vZGU6NjMwOTA=,63090,aboubkeur-houari-63090,Aboubkeur Houari,,1998-10-10,175.0,,,,,"
Algeria
"
RmlnaHRlck5vZGU6NjMwOTk=,63099,bohdan-kotok-63099,Bohdan Kotok,The Iron Hammer,,195.6,,,,,"
Poland
"
RmlnaHRlck5vZGU6NjMxMDA=,63100,dan-gadoy-63100,Dan Gadoy,,,,,,,,"
N/A
"
RmlnaHRlck5vZGU6NjMxMDE=,63101,alex-tribe-63101,Alex Tribe,,,,,,,,"
Canada
"
RmlnaHRlck5vZGU6NjMxMDI=,63102,alexandra-lucia-delgado-lopez-63102,Alexandra Lucia Delgado-Lopez,Three Apples,,153.0,,,,,"
Saskatoon, Saskatchewan, Canada
"
RmlnaHRlck5vZGU6NjMxMDM=,63103,jennifer-ruiz-63103,Jennifer Ruiz,,,,,,,,"
N/A
"
RmlnaHRlck5vZGU6NjMxMDQ=,63104,kimani-crawford-63104,Kimani Crawford,,,,,,,,"
N/A
"
RmlnaHRlck5vZGU6NjMxMDY=,63106,blaine-warbritton-63106,Blaine Warbritton,,,178.0,,,,,"
United States
"
RmlnaHRlck5vZGU6NjMyNDc=,63247,conor-bracken-63247,Conor Bracken,,,,,,,,"
United States
"
RmlnaHRlck5vZGU6NjMyNg==,6326,brett-shoenfelt-6326,Brett Shoenfelt,Showtime,1989-07-07,175.3,71.0,,,,United States
RmlnaHRlck5vZGU6NjMyOTg=,63298,justin-mcdonald-63298,Justin McDonald,,,183.0,,,,,"
United States
"
RmlnaHRlck5vZGU6NjMyOTk=,63299,kayden-giroux-63299,Kayden Giroux,,,,,,,,"
N/A
"
RmlnaHRlck5vZGU6NjMzMDA=,63300,trevor-bozniak-63300,Trevor Bozniak,,,,,,,,"
N/A
"
RmlnaHRlck5vZGU6NjMzMDQ=,63304,tommy-galbraith-63304,Tommy Galbraith,,2000-01-14,,,,,,"
United Kingdom
"
RmlnaHRlck5vZGU6NjMzNTc=,63357,christian-hawkins-63357,Christian Hawkins,The Hawk,1997-10-17,163.0,,,,,"
United States
"
RmlnaHRlck5vZGU6NjQ0NTc=,64457,pat-carroll-64457,Pat Carroll,The Bear,,182.9,,,,,N/A
RmlnaHRlck5vZGU6NjQ0Ng==,6446,rafael-carvalho-6446,Rafael Carvalho,,1986-07-27,190.5,78.0,,,,Brazil
RmlnaHRlck5vZGU6NjQ0Nw==,6447,rashad-coulter-6447,Rashad Coulter,Daywalker,1981-11-27,180.3,79.0,,Striker,Orthodox,United States
RmlnaHRlck5vZGU6NjQ1Mw==,6453,adrian-miles-6453,Adrian Miles,Guard Yo Grill,1983-09-14,182.9,74.0,,,,United States
RmlnaHRlck5vZGU6NjQ1NzQ=,64574,dusty-sparks-64574,Dusty Sparks,,,,,,,,"
United States
"
RmlnaHRlck5vZGU6NjQ3Ng==,6476,codie-shuffield-6476,Codie Shuffield,,1988-10-15,175.3,,,,,United States
RmlnaHRlck5vZGU6NjQ4NDI=,64842,justin-howell-64842,Justin Howell,,,152.0,,,,,"
United States
"
RmlnaHRlck5vZGU6NjQ4NDM=,64843,lewis-glover-64843,Lewis Glover,Sweet Lou,1995-09-05,,,,,,"
United States
"
RmlnaHRlck5vZGU6NjQ4NDQ=,64844,jairo-santos-64844,Jairo Santos,,1997-02-05,,,,,,"
United States
"
RmlnaHRlck5vZGU6NjQ4NDU=,64845,cj-dean-64845,CJ Dean,,,,,,,,"
N/A
"
RmlnaHRlck5vZGU6NjQ4NDY=,64846,adrian-delacruz-64846,Adrian Delacruz,,,,,,,,"
N/A
"
RmlnaHRlck5vZGU6NjQ4NDc=,64847,rickie-mcconnico-64847,Rickie McConnico,Crimson King,1997-06-17,,,,,,"
United States
"
RmlnaHRlck5vZGU6NjQ4NDg=,64848,jonathan-davis-64848,Jonathan Davis,,,,,,,,"
N/A
"
RmlnaHRlck5vZGU6NjQ4NDk=,64849,jason-danunzio-64849,Jason Danunzio,,,,,,,,"
N/A
"
RmlnaHRlck5vZGU6NjQ4NTA=,64850,alexander-govea-64850,Alexander Govea,,,,,,,,"
United States
"
RmlnaHRlck5vZGU6NjQ4NTE=,64851,sarry-pierre-64851,Sarry Pierre,,,,,,,,"
N/A
"
RmlnaHRlck5vZGU6NjQ4NTI=,64852,jackson-whitley-64852,Jackson Whitley,,,,,,,,"
N/A
"
RmlnaHRlck5vZGU6NjQ4NTM=,64853,chango-romero-64853,Chango Romero,,,,,,,,"
N/A
"
RmlnaHRlck5vZGU6NjQ4NzI=,64872,ishiah-carson-64872,Ishiah Carson,Hill Country Strangler,1994-10-26,183.0,,,,,"
United States
"
RmlnaHRlck5vZGU6NjQ4NzM=,64873,romero-figueroa-64873,Romero Figueroa,,,,,,,,"
N/A
"
RmlnaHRlck5vZGU6NjQ5MDk=,64909,dawid-chylinski-64909,Dawid Chylinski,,,,,,,,"
N/A
"
RmlnaHRlck5vZGU6NjQ5MTA=,64910,mat-wiwczaryk-64910,Mat Wiwczaryk,The Martyr,,,,,,,"
N/A
"
RmlnaHRlck5vZGU6NjQ5MTE=,64911,oscar-smykiel-64911,Oscar Smykiel,,,,,,,,"
Poland
"
RmlnaHRlck5vZGU6NjQ5MTU=,64915,kevin-buckley-64915,Kevin Buckley,,,,,,,,"
N/A
"
RmlnaHRlck5vZGU6NjQ5MzA=,64930,dallas-davidson-64930,Dallas Davidson,,,,,,,,"
Australia
"
RmlnaHRlck5vZGU6NjQw,640,frankie-edgar-640,Frankie Edgar,The Answer,1981-10-16,168.0,72.0,37.0,Well Rounded,Orthodox,United States
RmlnaHRlck5vZGU6NjQyNw==,6427,walber-brito-de-barros-6427,Walber Brito de Barros,Tete,1985-02-04,182.9,73.5,,,,Brazil
RmlnaHRlck5vZGU6NjQzMzk=,64339,darrian-leu-pierre-64339,Darrian Leu-Pierre,,,193.0,,,,,"
Denver, Colorado
"
RmlnaHRlck5vZGU6NjQzNA==,6434,guilherme-viana-6434,Guilherme Viana,,1986-05-13,193.0,78.0,,,,Brazil
RmlnaHRlck5vZGU6NjQzNDA=,64340,grady-wall-64340,Grady Wall,,,173.0,,,,,"
United States
"
RmlnaHRlck5vZGU6NjQzNDI=,64342,dan-chapman-64342,Dan Chapman,,,,,,,,"
N/A
"
RmlnaHRlck5vZGU6NjQzNDM=,64343,mike-jurik-64343,Mike Jurik,Problem,,165.0,,,,,"
Sokolov, Czech Republic
"
RmlnaHRlck5vZGU6NjQzNDQ=,64344,maxime-bellamy-64344,Maxime Bellamy,Orsu Corsu,,187.0,,,,,"
Bastia ( Corsica , France )
"
RmlnaHRlck5vZGU6NjQzNDU=,64345,arbi-chakaev-64345,Arbi Chakaev,,,,,,,,"
Chechnya, Russia
"
RmlnaHRlck5vZGU6NjQzNDY=,64346,hannah-rankin-64346,Hannah Rankin,The Classical Warrior,,173.0,,,,,"
Luss, Scotland
"
RmlnaHRlck5vZGU6NjQzNDc=,64347,sahel-bayat-64347,Sahel Bayat,,,178.0,,,,,"
Iran
"
RmlnaHRlck5vZGU6NjQzNDg=,64348,fran-suarez-64348,Fran Suarez,,,,,,,,"
Spain
"
RmlnaHRlck5vZGU6NjU0NTc=,65457,brock-walker-65457,Brock Walker,Alphadawg,1985-08-28,152.0,,,,,"
United States
"
RmlnaHRlck5vZGU6NjU0NTg=,65458,nicholas-blume-65458,Nicholas Blume,Chino,,,,,,,"
N/A
"
RmlnaHRlck5vZGU6NjU0Ng==,6546,mike-hernandez-6546,Mike Hernandez,Hurricane,1985-11-22,165.1,67.0,,,,United States
RmlnaHRlck5vZGU6NjU0ODg=,65488,harrison-aiken-65488,Harrison Aiken,The Head Hunter,1989-07-23,175.0,,,,,"
United States
"
RmlnaHRlck5vZGU6NjU1NzQ=,65574,tony-shields-65574,Tony Shields,,,,,,,,"
England
"
RmlnaHRlck5vZGU6NjU2NTI=,65652,james-walker-65652,James Walker,,,,,,,,"
England
"
RmlnaHRlck5vZGU6NjU2NTM=,65653,mpampis-klados-65653,Mpampis Klados,,,,,,,,"
N/A
"
RmlnaHRlck5vZGU6NjU2NTQ=,65654,joe-lister-65654,Joe Lister,,,,,,,,"
N/A
"
RmlnaHRlck5vZGU6NjU2NTU=,65655,lewis-garside-65655,Lewis Garside,,,,,,,,"
England
"
RmlnaHRlck5vZGU6NjU2ODI=,65682,alan-comby-65682,Alan Comby,,,,,,,,"
England
"
RmlnaHRlck5vZGU6NjU2ODM=,65683,brandon-comby-65683,Brandon Comby,,,,,,,,"
England
"
RmlnaHRlck5vZGU6NjU2ODc=,65687,iman-williams-65687,Iman Williams,Stross,,188.0,82.0,,,,"
Long Beach, California
"
RmlnaHRlck5vZGU6NjU3MDg=,65708,jd-burns-65708,JD Burns,The Berserker,1991-07-20,183.0,,,,,"
Lakewood, Washington
"
RmlnaHRlck5vZGU6NjU3MzU=,65735,joey-dawejko-65735,Joey Dawejko,Tank,1990-06-11,178.0,70.1,,,,"
Philadelphia, Pennsylvania
"
RmlnaHRlck5vZGU6NjU3NzU=,65775,jared-lennon-65775,Jared Lennon,Lenny,1995-12-02,178.0,70.0,,,,"
United States
"
RmlnaHRlck5vZGU6NjU3OQ==,6579,geane-herrera-6579,Geane Herrera,La Pulga,1990-05-27,165.1,66.0,,Striker,Orthodox,United States
RmlnaHRlck5vZGU6NjU4Mg==,6582,jaquis-williams-6582,Jaquis Williams,,1991-11-21,193.0,,,,,United States
RmlnaHRlck5vZGU6NjU4NDA=,65840,spencer-meehan-65840,Spencer Meehan,,,,,,,,"
N/A
"
RmlnaHRlck5vZGU6NjU4NDE=,65841,pat-sullivan-65841,Pat Sullivan,,,,,,,,"
N/A
"
RmlnaHRlck5vZGU6NjU4NDI=,65842,cody-russell-65842,Cody Russell,,1995-09-04,178.0,,,,,"
United States
"
RmlnaHRlck5vZGU6NjU4NDM=,65843,logan-tucker-65843,Logan Tucker,,,178.0,,,,,"
United States
"
RmlnaHRlck5vZGU6NjU4NDQ=,65844,noah-norman-65844,Noah Norman,,,168.0,,,,,"
West Chester, Pennsylvania
"
RmlnaHRlck5vZGU6NjU4NQ==,6585,jeff-lentz-6585,Jeff Lentz,,1989-02-26,175.3,,,,,United States
RmlnaHRlck5vZGU6NjU5MTQ=,65914,liam-hutchinson-65914,Liam Hutchinson,,,,,,,,"
N/A
"
RmlnaHRlck5vZGU6NjU5MTU=,65915,mikey-henderson-65915,Mikey Henderson,,,,,,,,"
N/A
"
RmlnaHRlck5vZGU6NjUwNw==,6507,gzim-selmani-6507,Gzim Selmani,The Albanian Psycho,,190.5,79.0,,,,Albania
RmlnaHRlck5vZGU6NjUxMDA=,65100,emma-murray-65100,Emma Murray,,2004-07-07,,,,,,"
United States
"
RmlnaHRlck5vZGU6NjUxMDE=,65101,tamir-johnson-65101,Tamir Johnson,,1994-08-31,180.0,,,,,"
United States
"
RmlnaHRlck5vZGU6NjUxMDI=,65102,eduardo-paz-65102,Eduardo Paz,,1991-08-09,,,,,,"
Brazil
"
RmlnaHRlck5vZGU6NjUxMTE=,65111,steven-sainsbury-65111,Steven Sainsbury,Savage,,,81.0,,,,"
United States
"
RmlnaHRlck5vZGU6NjUxMTI=,65112,tylor-sijohn-65112,Tylor Sijohn,Redbird,,,,,,,"
United States
"
RmlnaHRlck5vZGU6NjUxMTU=,65115,aj-craig-65115,AJ Craig,A-Train,1994-07-08,152.0,,,,,"
United States
"
RmlnaHRlck5vZGU6NjUxNTU=,65155,alex-davis-65155,Alex Davis,Rhino,1994-10-04,185.0,,,,,"
United States
"
RmlnaHRlck5vZGU6NjUzNDI=,65342,gilbert-fuentes-65342,Gilbert Fuentes,G-Money,,,,,,,"
N/A
"
RmlnaHRlck5vZGU6NjY0MTU=,66415,rodney-hinton-66415,Rodney Hinton,,,,,,,,"
N/A
"
RmlnaHRlck5vZGU6NjY0MjE=,66421,danny-mitchell-66421,Danny Mitchell,,1981-01-31,193.0,,,,,"
United States
"
RmlnaHRlck5vZGU6NjY0MjM=,66423,dilshat-nurym-66423,Dilshat Nurym,,1999-10-31,,,,,,"
Zhanaozen, Kazakhstan
"
RmlnaHRlck5vZGU6NjY0MjQ=,66424,dec-spelman-66424,Dec Spelman,Kid Nytro,1992-02-03,180.0,,,,,"
Scunthorpe, Lincolnshire, United Kingdom
"
RmlnaHRlck5vZGU6NjY0NjQ=,66464,nicola-salisci-66464,Nicola Salisci,,,,,,,,"
Cagliari, Sardegna, Italy
"
RmlnaHRlck5vZGU6NjY0NjU=,66465,navid-mansouri-66465,Navid Mansouri,Nav,1989-04-20,,,,,,"
N/A
"
RmlnaHRlck5vZGU6NjY0NjY=,66466,haze-hepi-66466,Haze Hepi,Haze the Huntsman,,189.0,80.7,,,,"
New Zealand
"
RmlnaHRlck5vZGU6NjY0Njc=,66467,giovanni-carpentieri-66467,Giovanni Carpentieri,El Mamba,1990-01-17,,,,,,"
Roma, Lazio, Italy
"
RmlnaHRlck5vZGU6NjY0Njg=,66468,josef-hala-66468,Josef Hála,Berserker,,,,,,,"
N/A
"
RmlnaHRlck5vZGU6NjY0Njk=,66469,emre-akbas-66469,Emre Akbas,,,,,,,,"
N/A
"
RmlnaHRlck5vZGU6NjY0NzA=,66470,vladislav-tuinov-66470,Vladislav Tuinov,The Diamond,1998-02-10,175.0,72.4,,,,"
Orel, Russia
"
RmlnaHRlck5vZGU6NjY0NzE=,66471,sabri-ben-henia-66471,Sabri Ben Henia,,,185.0,,,,,"
Tunisa
"
RmlnaHRlck5vZGU6NjY0NzI=,66472,matin-safari-66472,Matin Safari,Matdog,2000-04-30,180.0,,,,,"
Iran
"
RmlnaHRlck5vZGU6NjY0NzM=,66473,mark-angel-sadang-66473,Mark Angel Sadang,Deadshot,1997-05-15,175.0,,,,,"
N/A
"
RmlnaHRlck5vZGU6NjY0NzQ=,66474,mohd-azahar-66474,Mohd Azahar,Villain,,,,,,,"
N/A
"
RmlnaHRlck5vZGU6NjY0NzU=,66475,muhammad-bilal-66475,Muhammad Bilal,Mehsud,,,,,,,"
Karachi, Pakistan
"
RmlnaHRlck5vZGU6NjY0NzY=,66476,ricardo-bachir-66476,Ricardo Bachir,,,185.0,,,,,"
Lebanon
"
RmlnaHRlck5vZGU6NjY1NA==,6654,dale-sopi-6654,Dale Sopi,,1991-01-25,180.3,74.0,,,,United States
RmlnaHRlck5vZGU6NjY1NzU=,66575,chris-dean-66575,Chris Dean,Mean,,180.0,,,,,United States
RmlnaHRlck5vZGU6NjY5,669,gabriel-gonzaga-669,Gabriel Gonzaga,Napao,1979-05-18,188.0,76.0,,Well Rounded,Orthodox,Brazil
RmlnaHRlck5vZGU6NjYwMTg=,66018,adam-grogan-66018,Adam Grogan,,,,,,,,"
England
"
RmlnaHRlck5vZGU6NjYwMTk=,66019,travis-dickinson-66019,Travis Dickinson,Tasty,1988-03-19,,,,,,"
United Kingdom
"
RmlnaHRlck5vZGU6NjYwMjA=,66020,rowan-gregory-66020,Rowan Gregory,,,,,,,,"
N/A
"
RmlnaHRlck5vZGU6NjYwNDY=,66046,lex-ludlow-66046,Lex Ludlow,,1993-10-09,180.0,,,,,"
United States
"
RmlnaHRlck5vZGU6NjYwOTA=,66090,bryant-mcclain-66090,Bryant McClain,Irish,1992-02-16,185.0,,,,,"
Albuquerque, New Mexico, USA
"
RmlnaHRlck5vZGU6NjYx,661,leonard-garcia-661,Leonard Garcia,Bad Boy,1979-07-14,175.0,69.0,,Striker,Orthodox,United States
RmlnaHRlck5vZGU6NjYxODI=,66182,kane-wilkinson-66182,Kane Wilkinson,,,,,,,,"
N/A
"
RmlnaHRlck5vZGU6NjYxOTk=,66199,bear-hill-66199,Bear Hill,The Last Barbarian,1993-06-07,188.0,,,,,"
United States
"
RmlnaHRlck5vZGU6NjYyMDA=,66200,jancarlos-rivera-66200,Jancarlos Rivera,,,,,,,,"
N/A
"
RmlnaHRlck5vZGU6NjYyMDM=,66203,dalvin-blair-66203,Dalvin Blair,,,,,,,,"
N/A
"
RmlnaHRlck5vZGU6NjYyMDQ=,66204,justin-walters-66204,Justin Walters,The Demon of Muay Thai,1989-09-24,178.0,,,,,"
United States
"
RmlnaHRlck5vZGU6NjYyMDU=,66205,maurice-horne-66205,Maurice Horne,,1987-05-28,183.0,,,,,"
United States
"
RmlnaHRlck5vZGU6NjYyNjc=,66267,jimmy-sweeney-66267,Jimmy Sweeney,The King,1984-07-17,,,,,,"
Sligo, Ireland
"
RmlnaHRlck5vZGU6NjYyNjg=,66268,jakub-kosicki-66268,Jakub Kosicki,,,,,,,,"
Poland
"
RmlnaHRlck5vZGU6NjYyNjk=,66269,gaz-corran-66269,Gaz Corran,,,,,,,,"
England
"
RmlnaHRlck5vZGU6NjYyNzA=,66270,liam-dooley-66270,Liam Dooley,,,175.0,,,,,"
England
"
RmlnaHRlck5vZGU6NjYyOTM=,66293,anthony-pagan-66293,Anthony Pagan,,,,,,,,"
N/A
"
RmlnaHRlck5vZGU6NjYyOTQ=,66294,colin-reeser-66294,Colin Reeser,CPAT,2004-12-13,,,,,,"
United States
"
RmlnaHRlck5vZGU6NjYzNQ==,6635,carl-deaton-iii-6635,Carl Deaton III,Anishinaabe,1989-11-24,168.0,68.5,,,,United States
RmlnaHRlck5vZGU6Njc0,674,kendall-grove-674,Kendall Grove,The Spyder,1982-11-12,198.0,79.0,,,Orthodox,United States
RmlnaHRlck5vZGU6Njc0MjM=,67423,jake-young-67423,Jake Young,,,,,,,,"
Canada
"
RmlnaHRlck5vZGU6Njc0NDQ=,67444,harry-gigliotti-67444,Harry Gigliotti,The Hitman,1995-06-22,178.0,,,,,"
Newburyport, Massachusetts, USA
"
RmlnaHRlck5vZGU6Njc0Nzk=,67479,shelby-cannon-67479,Shelby Cannon,Boom Boom,1991-03-23,155.0,,,,,"
San Diego, California
"
RmlnaHRlck5vZGU6Njc1MDg=,67508,lukas-jones-67508,Lukas Jones,Clown,,,,,,,"
United States
"
RmlnaHRlck5vZGU6Njc1MTU=,67515,shyanna-bintiff-67515,Shyanna Bintiff,,,,,,,,United States
RmlnaHRlck5vZGU6Njc1NDk=,67549,dave-morgan-67549,Dave Morgan,,,,,,,,"
N/A
"
RmlnaHRlck5vZGU6Njc1ODY=,67586,gregorio-gonzalez-67586,Gregorio Gonzalez,Chachi Versace,1988-02-02,168.0,,,,,"
United States
"
RmlnaHRlck5vZGU6Njc2NTI=,67652,joshua-dyer-67652,Joshua Dyer,,,170.0,,,,,"
United States
"
RmlnaHRlck5vZGU6Njc2ODU=,67685,pat-carroll-67685,Pat Carroll,The Bear,1989-07-28,182.0,,,,,"Halifax, Nova Scotia"
RmlnaHRlck5vZGU6Njc3,677,melvin-guillard-677,Melvin Guillard,The Young Assassin,1983-03-30,175.0,71.0,,Power Striker,Orthodox,United States
RmlnaHRlck5vZGU6NjcwNw==,6707,jocelyn-jones-lybarger-6707,Jocelyn Jones-Lybarger,Lights Out,1985-10-04,170.2,63.0,,Striker,Orthodox,United States
RmlnaHRlck5vZGU6Njg1MjQ=,68524,zack-partridge-68524,Zack Partridge,,1988-10-21,183.0,,,,,"
United States
"
RmlnaHRlck5vZGU6Njg1MjU=,68525,daniel-gardner-68525,Daniel Gardner,,,,,,,,"
N/A
"
RmlnaHRlck5vZGU6Njg1Mjc=,68527,jindrich-byrtus-68527,Jindřich Byrtus,,,,,,,,Czech Republic
RmlnaHRlck5vZGU6Njg1Mjg=,68528,jesus-de-nazaret-68528,Jesus De Nazaret,,,,,,,,"
N/A
"
RmlnaHRlck5vZGU6Njg1Mjk=,68529,michael-igwegbe-68529,Michael Igwegbe,,,,,,,,"
Obodoukwu, Nigeria
"
RmlnaHRlck5vZGU6Njg1OTY=,68596,milton-volter-68596,Milton Volter,,,183.0,,,,,"
United States
"
RmlnaHRlck5vZGU6Njg1OTc=,68597,joseph-peters-68597,Joseph Peters,,,,,,,,"
N/A
"
RmlnaHRlck5vZGU6Njg4MzI=,68832,kenzie-morrison-68832,Kenzie Morrison,Kenzie,1990-07-18,191.0,79.0,,,,"
Miami, Oklahoma
"
RmlnaHRlck5vZGU6Njg4MzM=,68833,terryl-johnson-68833,Terryl Johnson,TAJ MAHAL,1982-03-14,180.0,,,,,"
Detroit mi
"
RmlnaHRlck5vZGU6Njg5MTM=,68913,haze-wilson-68913,Haze Wilson,The Hooligan,1986-11-01,,,,,,"
United States
"
RmlnaHRlck5vZGU6NjgxMTE=,68111,benjamin-lowe-68111,Benjamin Lowe,,,,,,,,"
N/A
"
RmlnaHRlck5vZGU6NjgxMTI=,68112,james-obrien-68112,James O'Brien,,,,,,,,
RmlnaHRlck5vZGU6NjgxMzY=,68136,ben-jacobsen-68136,Ben Jacobsen,,,,,,,,"
N/A
"
RmlnaHRlck5vZGU6NjgxNDY=,68146,nicolas-gaffie-68146,Nicolas Gaffie,,1996-03-21,165.0,,,,,"
Marbella, Spain
"
RmlnaHRlck5vZGU6NjgxNDc=,68147,fuad-tarverdi-68147,Fuad Tarverdi,The Flash,1996-01-12,171.0,,,,,"
Germatuk, Azerbaijan
"
RmlnaHRlck5vZGU6NjgxNDg=,68148,lucas-sontgen-68148,Lucas Sontgen,The Dentist,,,,,,,"
N/A
"
RmlnaHRlck5vZGU6NjgxNDk=,68149,elnur-suleymanov-68149,Elnur Suleymanov,The Conqueror,,,,,,,"
Kerimbeyli, Azerbaijan
"
RmlnaHRlck5vZGU6NjgxNTA=,68150,cheng-leang-68150,Cheng Leang,,,,,,,,"
N/A
"
RmlnaHRlck5vZGU6NjgxNTE=,68151,jaskaran-singh-68151,Jaskaran Singh,,,,,,,,"
Saidoke, India
"
RmlnaHRlck5vZGU6NjgxNTI=,68152,ahmed-khairy-68152,Ahmed Khairy,,,,,,,,"
N/A
"
RmlnaHRlck5vZGU6NjgxNzI=,68172,isaiah-williams-68172,Isaiah Williams,,,,,,,,"
N/A
"
RmlnaHRlck5vZGU6NjgxOA==,6818,aspen-ladd-6818,Aspen Ladd,,1995-03-01,167.6,66.0,,Grappler,Orthodox,United States
RmlnaHRlck5vZGU6NjgzMA==,6830,rachael-ostovich-6830,Rachael Ostovich,,1991-02-25,160.0,62.0,,Striker / BJJ Grappler,Orthodox,United States
RmlnaHRlck5vZGU6NjgzNDk=,68349,jeremiah-truhlar-68349,Jeremiah Truhlar,The Gentleman,1992-11-14,175.0,,,,,"
Illinois, USA
"
RmlnaHRlck5vZGU6NjgzNTA=,68350,dominik-horschel-68350,Dominik Horschel,,,,,,,,"
N/A
"
RmlnaHRlck5vZGU6Njk0NDA=,69440,alex-simon-69440,Alex Simon,Godly Strong,,,,,,,"
Australia
"
RmlnaHRlck5vZGU6Njk0NTE=,69451,cameron-delavega-69451,Cameron DeLaVega,,,,,,,,"
N/A
"
RmlnaHRlck5vZGU6Njk0NTI=,69452,jesse-desrosier-69452,Jesse Desrosier,,,,,,,,"
United States
"
RmlnaHRlck5vZGU6Njk0NTM=,69453,bobby-henry-69453,Bobby Henry,Heavy Hands,,188.0,,,,,"
Florida, United States
"
RmlnaHRlck5vZGU6Njk2MA==,6960,charlie-dubray-6960,Charlie DuBray,,1988-08-24,170.2,70.0,,,,United States
RmlnaHRlck5vZGU6Njk2NjE=,69661,james-brooks-69661,James Brooks,,,,,,,,"
N/A
"
RmlnaHRlck5vZGU6Njk2NjI=,69662,will-laporte-69662,Will Laporte,,,,,,,,"
Canada
"
RmlnaHRlck5vZGU6Njk2NjM=,69663,roddy-person-69663,Roddy Person,,,,,,,,"
N/A
"
RmlnaHRlck5vZGU6Njk3MDU=,69705,jason-dinunzio-69705,Jason DiNunzio,,1995-12-12,173.0,,,,,"
United States
"
RmlnaHRlck5vZGU6Njk3NzA=,69770,jaime-deleon-69770,Jaime Deleon,JC,,185.0,,,,,United States
RmlnaHRlck5vZGU6Njk3NzM=,69773,dillon-blaydon-69773,Dillon Blaydon,The Irish thug,1992-05-19,,,,,,"
United States
"
RmlnaHRlck5vZGU6Njk4MTI=,69812,marley-churcher-69812,Marley Churcher,,,,,,,,"
N/A
"
RmlnaHRlck5vZGU6Njk4MTM=,69813,frankie-gavin-69813,Frankie Gavin,'Funtime',1985-09-28,178.0,,,,,"
Birmingham, West Midlands
"
RmlnaHRlck5vZGU6Njk4MTQ=,69814,jack-dugdale-69814,Jack Dugdale,,,,,,,,"
N/A
"
RmlnaHRlck5vZGU6Njk4MTU=,69815,ryan-aston-69815,Ryan Aston,Tank,,,,,,,"
N/A
"
RmlnaHRlck5vZGU6Njk4MTY=,69816,tom-stokes-69816,Tom Stokes,,1994-12-13,,,,,,"
West Bromwich, West Midlands, United Kingdom
"
RmlnaHRlck5vZGU6Njk4MTc=,69817,ricky-nelder-69817,Ricky Nelder,,,,,,,,"
N/A
"
RmlnaHRlck5vZGU6Njk4MTg=,69818,mariusz-siwiak-69818,Mariusz Siwiak,Mario Soo,1987-08-03,,,,,,Poland
RmlnaHRlck5vZGU6Njk4MTk=,69819,tony-lafferty-69819,Tony Lafferty,,,,,,,,"
N/A
"
RmlnaHRlck5vZGU6Njk4MjA=,69820,kris-trezise-69820,Kris Trezise,,,,,,,,"
N/A
"
RmlnaHRlck5vZGU6Njk4MjE=,69821,andrew-anthony-69821,Andrew Anthony,,,,,,,,"
N/A
"
RmlnaHRlck5vZGU6Njk4MjI=,69822,krzysztof-wisniewski-69822,Krzysztof Wiśniewski,Big Man,1992-08-14,191.0,,,,,"
Poland
"
RmlnaHRlck5vZGU6Njk4MjM=,69823,liam-smyth-69823,Liam Smyth,,,,,,,,"
N/A
"
RmlnaHRlck5vZGU6Njk4MjQ=,69824,rafa-witkowski-69824,Rafał Witkowski,,,,,,,,N/A
RmlnaHRlck5vZGU6NjkwMg==,6902,art-parker-6902,Art Parker,The Shark,1993-03-29,183.0,73.0,,,,"Foss, Oklahoma"
RmlnaHRlck5vZGU6NjkyODU=,69285,jeramy-karshner-69285,Jeramy Karshner,,1983-03-22,183.0,,,,,"
United States
"
RmlnaHRlck5vZGU6NjkyODY=,69286,skyler-mauler-69286,Skyler Mauler,,,,,,,,
RmlnaHRlck5vZGU6NjkzMQ==,6931,bobby-taylor-6931,Bobby Taylor,ODB,1978-04-21,173.0,73.0,,,,"San Francisco, California"
RmlnaHRlck5vZGU6NjkzMg==,6932,boris-miroshnichenko-6932,Boris Miroshnichenko,,1990-04-26,188.0,,,,,Belarus
RmlnaHRlck5vZGU6NjkzNjA=,69360,skyler-mauller-69360,Skyler Mauller,The Phoenix,2000-07-26,173.0,,,,,"
United States
"
RmlnaHRlck5vZGU6NzA1NTg=,70558,cody-kerr-70558,Cody Kerr,,,191.0,,,,,"
N/A
"
RmlnaHRlck5vZGU6NzA1ODc=,70587,theo-doukas-70587,Theo Doukas,,,,,,,,"
United States
"
RmlnaHRlck5vZGU6NzA1ODg=,70588,stash-kuykendall-70588,Stash Kuykendall,The Flash,1992-06-20,180.0,,,,,"
United States
"
RmlnaHRlck5vZGU6NzA1ODk=,70589,vincent-alsept-70589,Vincent Alsept,Vincito,2000-12-06,163.0,,,,,"
United States
"
RmlnaHRlck5vZGU6NzA1OTA=,70590,eric-westbury-70590,Eric Westbury,BrotherVibe,1992-01-28,183.0,,,,,"
N/A
"
RmlnaHRlck5vZGU6NzA1OTE=,70591,petar-razov-70591,Petar Ražov,,,,,,,,"
Zadar, Croatia
"
RmlnaHRlck5vZGU6NzA1OTI=,70592,dilan-prasovic-70592,Dilan Prasovic,,1994-12-25,,,,,,"
Kotor, Montenegro
"
RmlnaHRlck5vZGU6NzA1OTM=,70593,lasha-roinishvili-70593,Lasha Roinishvili,,,,,,,,"
Georgia
"
RmlnaHRlck5vZGU6NzA1OTQ=,70594,dusan-radovic-70594,Dusan Radovic,Mecava,,,,,,,"
N/A
"
RmlnaHRlck5vZGU6NzA1OTU=,70595,stefan-dobrijevic-70595,Stefan Dobrijević,,,,,,,,"
N/A
"
RmlnaHRlck5vZGU6NzA1OTY=,70596,damjan-savanovic-70596,Damjan Savanović,,1996-06-02,,,,,,"
Banja Luka, Bosnia And Herzegovina
"
RmlnaHRlck5vZGU6NzA1OTc=,70597,deborah-melhorn-70597,Deborah Melhorn,,,168.0,,,,,"
Baden-Württemberg, Germany
"
RmlnaHRlck5vZGU6NzA1OTg=,70598,hunor-horvath-70598,Hunor Horvath,,,,,,,,"
N/A
"
RmlnaHRlck5vZGU6NzA1OTk=,70599,ahmet-duman-70599,Ahmet Duman,,,,,,,,"
N/A
"
RmlnaHRlck5vZGU6NzA2ODk=,70689,ahmet-duman-70689,Ahmet Duman,,,171.0,,,,,"
Turkey
"
RmlnaHRlck5vZGU6NzA3OA==,7078,gene-perez-7078,Gene Perez,,1990-07-18,162.6,,,,,United States
RmlnaHRlck5vZGU6NzAwNTM=,70053,angel-petkov-emilov-70053,Angel Petkov Emilov,,1991-08-07,175.0,,,,,"
Sofia, Bulgaria
"
RmlnaHRlck5vZGU6NzAyMTI=,70212,james-dalzell-70212,James Dalzell,Flash,,,,,,,"
N/A
"
RmlnaHRlck5vZGU6NzE1NjI=,71562,issam-khadui-71562,Issam Khadui,,,,,,,,
RmlnaHRlck5vZGU6NzE2Mzk=,71639,jamie-oldfield-71639,Jamie Oldfield,,,,,,,,
RmlnaHRlck5vZGU6NzEwNzQ=,71074,james-degale-71074,James DeGale,Chunky,,183.0,,,,,"Hammersmith, London, United Kingdom"
RmlnaHRlck5vZGU6NzEwNzU=,71075,matty-floyd-71075,Matty Floyd,The Jedi,,183.0,,,,,"Bedford Park, South Australia"
RmlnaHRlck5vZGU6NzEwNzY=,71076,jack-fincham-71076,Jack Fincham,,,,,,,,"Kent, United Kingdom"
RmlnaHRlck5vZGU6NzExMg==,7112,igor-egorov-7112,Igor Egorov,,1988-06-09,177.8,,,,,Russia
RmlnaHRlck5vZGU6NzExOTQ=,71194,grigor-saruhanian-71194,Grigor Saruhanian,The Armenian,,177.0,,,,,Armenia
RmlnaHRlck5vZGU6NzExOTU=,71195,krystian-wisniewski-71195,Krystian Wiśniewski,,,185.0,,,,,"Słupsk, Poland"
RmlnaHRlck5vZGU6NzExOTY=,71196,sean-schultz-71196,Sean Schultz,LayKo,,180.0,,,,,"Indianapolis, Indiana"
RmlnaHRlck5vZGU6NzExOTc=,71197,brooke-evans-71197,Brooke Evans,,,165.0,,,,,United States
RmlnaHRlck5vZGU6NzExOTg=,71198,damien-black-71198,Damien Black,,,188.0,,,,,"Rosedale, Indiana"
RmlnaHRlck5vZGU6NzExOTk=,71199,carlos-yanez-71199,Carlos Yanez,The Assassin,,175.0,,,,,United States
RmlnaHRlck5vZGU6NzEyMDA=,71200,jack-cullen-71200,Jack Cullen,Little Lever's Meat Cleaver,,191.0,,,,,"Bolton, Lancashire, England"
RmlnaHRlck5vZGU6NzEyMDE=,71201,jon-telfer-71201,Jon Telfer,The Iron Man,,178.0,,,,,"Edinburgh, Scotland, United Kingdom"
RmlnaHRlck5vZGU6NzEyMDI=,71202,sean-weir-71202,Sean Weir,,,,,,,,Scotland
RmlnaHRlck5vZGU6NzEyMTE=,71211,gorichkhan-rigi-71211,Gorichkhan Rigi,,,,,,,,
RmlnaHRlck5vZGU6NzEyMTI=,71212,emircan-gulsen-71212,Emircan Gulsen,,,,,,,,
RmlnaHRlck5vZGU6NzEyMTM=,71213,alfred-koci-71213,Alfred Koci,,,,,,,,
RmlnaHRlck5vZGU6NzEyMTQ=,71214,kristijan-jevtovic-71214,Kristijan Jevtovic,,,,,,,,
RmlnaHRlck5vZGU6NzEzMzI=,71332,ramal-amanov-71332,Ramal Amanov,,,,,,,,
RmlnaHRlck5vZGU6NzEzNTc=,71357,radek-stadler-71357,Radek Štádler,MAHUSVI,,,,,,,Czech Republic
RmlnaHRlck5vZGU6NzI2MzI=,72632,thai-tetley-72632,Thai Tetley,,,,,,,,
RmlnaHRlck5vZGU6NzI3MQ==,7271,marcus-edwards-7271,Marcus Edwards,Bad Intentions,1989-04-26,175.3,76.0,,,,United States
RmlnaHRlck5vZGU6NzI3NTY=,72756,kieron-sewell-72756,Kieron Sewell,,,,,,,,
RmlnaHRlck5vZGU6NzI3NTc=,72757,patryk-pientnik-72757,Patryk Pientnik,,,,,,,,
RmlnaHRlck5vZGU6NzI3NjE=,72761,adam-brady-72761,Adam Brady,,,178.0,,,,,United States
RmlnaHRlck5vZGU6NzI3NjI=,72762,octavin-turner-72762,Octavin Turner,,,,,,,,
RmlnaHRlck5vZGU6NzI3NjM=,72763,jorge-gonzalez-72763,Jorge Gonzalez,,,,,,,,
RmlnaHRlck5vZGU6NzI3NjQ=,72764,caleb-gall-72764,Caleb Gall,The Gator,,170.0,,,,,United States
RmlnaHRlck5vZGU6NzI3NjU=,72765,aleem-whitfield-72765,Aleem Whitfield,Hammer,,183.0,,,,,"Geneva, New York"
RmlnaHRlck5vZGU6NzI3NjY=,72766,kiran-sewell-72766,Kiran Sewell,,,,,,,,
RmlnaHRlck5vZGU6NzIyOTI=,72292,cameron-delano-72292,Cameron Delano,,,175.0,,,,,United States
RmlnaHRlck5vZGU6NzM0NDg=,73448,shyanne-bitliff-73448,Shyanne Bitliff,,,183.0,,,,,United States
RmlnaHRlck5vZGU6NzM0Njg=,73468,paul-schiller-73468,Paul Schiller,,,,,,,,
RmlnaHRlck5vZGU6NzM0Njk=,73469,junior-hicks-73469,Junior Hicks,The Joker,,188.0,,,,,United States
RmlnaHRlck5vZGU6NzM0NzA=,73470,aubrey-mendonca-73470,Aubrey Mendonca,Merciless,,178.0,,,,,"Fort Madison, Iowa"
RmlnaHRlck5vZGU6NzM3NA==,7374,quentin-henry-7374,Quentin Henry,The Hero,1989-11-05,185.4,76.0,,,,United States
RmlnaHRlck5vZGU6NzM3NDg=,73748,nelson-best-73748,Nelson Best,Nightmare,,180.0,,,,,United States
RmlnaHRlck5vZGU6NzM3NjA=,73760,paul-walters-73760,Paul Walters,,,168.0,,,,,United States
RmlnaHRlck5vZGU6NzM5ODI=,73982,juan-figueroa-73982,Juan Figueroa,,,180.0,,,,,United States
RmlnaHRlck5vZGU6NzMwMTk=,73019,jesse-sparks-73019,Jesse Sparks,,,,,,,,
RmlnaHRlck5vZGU6NzMwMjA=,73020,mario-lopez-73020,Mario Lopez,,,,,,,,
RmlnaHRlck5vZGU6NzMwMjE=,73021,paris-boyd-73021,Paris Boyd,,,,,,,,
RmlnaHRlck5vZGU6NzMx,731,chris-leben-731,Chris Leben,The Crippler,1980-07-21,180.0,71.0,,Striker,Southpaw,United States
RmlnaHRlck5vZGU6NzMyOTI=,73292,andres-parra-73292,Andres Parra,,,173.0,,,,,
RmlnaHRlck5vZGU6NzQ0MjE=,74421,david-burke-74421,David Burke,,,183.0,,,,,United States
RmlnaHRlck5vZGU6NzQ0MjI=,74422,tommy-carus-74422,Tommy Carus,Chaos,,,,,,,"Liverpool, Merseyside, United Kingdom"
RmlnaHRlck5vZGU6NzQ0MjM=,74423,danny-leadbetter-74423,Danny Leadbetter,,,,,,,,
RmlnaHRlck5vZGU6NzQ0MjQ=,74424,meghan-oneill-74424,Meghan O'Neill,,,,,,,,
RmlnaHRlck5vZGU6NzQ0MjU=,74425,terri-diamond-74425,Terri Diamond,,,,,,,,
RmlnaHRlck5vZGU6NzQ0MjY=,74426,luke-brassfield-74426,Luke Brassfield,,,,,,,,
RmlnaHRlck5vZGU6NzQ0Mjc=,74427,lewis-knox-74427,Lewis Knox,,,,,,,,
RmlnaHRlck5vZGU6NzQ2MDk=,74609,ernesto-suarez-74609,Ernesto Suarez,,,,,,,,Cuba
RmlnaHRlck5vZGU6NzQ2MTA=,74610,angelo-colon-74610,Angelo Colon,,,,,,,,
RmlnaHRlck5vZGU6NzQ2ODI=,74682,luke-steele-74682,Luke Steele,,,,,,,,"Wales, United Kingdom"
RmlnaHRlck5vZGU6NzQ2ODM=,74683,will-smith-74683,Will Smith,,,,,,,,
RmlnaHRlck5vZGU6NzQ3MjI=,74722,tracey-johnson-74722,Tracey Johnson,The Titan,,170.0,,,,,"Boston, Massachusetts"
RmlnaHRlck5vZGU6NzQ3MjM=,74723,tony-pike-74723,Tony Pike,The Pistol,,173.0,,,,,United States
RmlnaHRlck5vZGU6NzQ3NDQ=,74744,jamel-herring-74744,Jamel Herring,Semper Fi,,178.0,,,,,"Coram, New York"
RmlnaHRlck5vZGU6NzQ3NzI=,74772,javier-fortuna-74772,Javier Fortuna,El Abejon,,169.0,,,,,"La Romana, Dominican Republic"
RmlnaHRlck5vZGU6NzQ4OA==,7488,wade-johnson-7488,Wade Johnson,The Hammer,1990-11-28,188.0,76.0,,,,United States
RmlnaHRlck5vZGU6NzQ5OTM=,74993,christian-fayne-74993,Christian Fayne,2RawKutt,,,,,,,
RmlnaHRlck5vZGU6NzQwMTE=,74011,cory-hardy-74011,Cory Hardy,,,,,,,,"Pinxton, Derbyshire, United Kingdom"
RmlnaHRlck5vZGU6NzQwNQ==,7405,rusty-crowder-7405,Rusty Crowder,,1990-02-20,175.3,71.0,,,,United States
RmlnaHRlck5vZGU6NzU0NjE=,75461,dan-curtin-75461,Dan Curtin,,,,,,,,
RmlnaHRlck5vZGU6NzU1MQ==,7551,toni-tallman-7551,Toni Tallman,Tigerlily,1984-03-06,168.0,,,,,United States
RmlnaHRlck5vZGU6NzU1Mg==,7552,tyler-hill-7552,Tyler Hill,The Zombie,1991-08-10,188.0,77.0,,,,"Memphis, Tennessee"
RmlnaHRlck5vZGU6NzU4NTY=,75856,gabriel-hernandez-75856,Gabriel Hernandez,,,,,,,,
RmlnaHRlck5vZGU6NzU4NTc=,75857,thomas-jungles-75857,Thomas Jungles,,,,,,,,
RmlnaHRlck5vZGU6NzU4NTg=,75858,anthony-grubbs-75858,Anthony Grubbs,,,,,,,,United States
RmlnaHRlck5vZGU6NzU4NjM=,75863,josh-whiteside-75863,Josh Whiteside,Jigsaw,,,,,,,United States
RmlnaHRlck5vZGU6NzU4NjQ=,75864,sophia-hayes-75864,Sophia Hayes,,,,,,,,United States
RmlnaHRlck5vZGU6NzU4NjU=,75865,nadia-moreno-75865,Nadia Moreno,,,163.0,,,,,
RmlnaHRlck5vZGU6NzU4NjY=,75866,victor-flor-75866,Victor Flor,,,173.0,,,,,Brazil
RmlnaHRlck5vZGU6NzU5MQ==,7591,nick-burgos-7591,Nick Burgos,Nicky No Holdz Barz,1980-02-24,168.0,70.0,,,,United States
RmlnaHRlck5vZGU6NzU5Mzc=,75937,joby-steffensmeier-75937,Joby Steffensmeier,Jobywankenobi,,168.0,,,,,"Burlington, Iowa"
RmlnaHRlck5vZGU6NzU5Mzg=,75938,joseph-schillizzi-75938,Joseph Schillizzi,JoJo,,175.0,,,,,United States
RmlnaHRlck5vZGU6NzU=,75,kendrick-miree-75,Kendrick Miree,Big Problem,1983-04-15,188.0,79.0,,,,United States
RmlnaHRlck5vZGU6NzUwMDI=,75002,tray-martin-75002,Tray Martin,Big Dogg,,165.0,,,,,United States
RmlnaHRlck5vZGU6NzUwNDg=,75048,ivan-rocka-75048,Ivan Rocka,Batalanto,,,,,,,México
RmlnaHRlck5vZGU6NzUxMTA=,75110,taylor-dagner-75110,Taylor Dagner,,,175.0,,,,,"Illinois, United States"
RmlnaHRlck5vZGU6NzUyOTM=,75293,jay-mcfarlane-75293,Jay McFarlane,Ghost,,191.0,,,,,"Glasgow, Scotland, United Kingdom"
RmlnaHRlck5vZGU6NzUyOTQ=,75294,danny-wall-75294,Danny Wall,,,,,,,,"Pegswood, Northumberland, United Kingdom"
RmlnaHRlck5vZGU6NzUyOTU=,75295,jeff-saunders-75295,Jeff Saunders,,,173.0,,,,,"Stockton on Tees, County Durham"
RmlnaHRlck5vZGU6NzUzMzY=,75336,joe-peters-75336,Joe Peters,,,180.0,,,,,United States
RmlnaHRlck5vZGU6NzY4NTE=,76851,frankie-solomon-76851,Frankie Solomon,,,180.0,,,,,"Tampa, Florida, United States"
RmlnaHRlck5vZGU6NzY4NTI=,76852,terry-williams-76852,Terry Williams,,,,,,,,
RmlnaHRlck5vZGU6NzY4NTg=,76858,mark-flanagan-76858,Mark Flanagan,Bam Bam,,183.0,,,,,"Townsville, Queensland, Australia"
RmlnaHRlck5vZGU6NzY4NTk=,76859,josh-kuhne-76859,Josh Kuhne,Kamikaze,,178.0,,,,,Australia
RmlnaHRlck5vZGU6NzY4NjA=,76860,mick-whitehead-76860,Mick Whitehead,,,173.0,,,,,"Darlinghurst, New South Wales, Australia"
RmlnaHRlck5vZGU6NzY4NjE=,76861,luke-bampton-76861,Luke Bampton,,,,,,,,Australia
RmlnaHRlck5vZGU6NzY4NjI=,76862,hunter-ioane-76862,Hunter Ioane,The Coco Samoa,,175.0,,,,,"Apia, Samoa"
RmlnaHRlck5vZGU6NzY4NjM=,76863,patrick-tolone-76863,Patrick Tolone,,,,,,,,
RmlnaHRlck5vZGU6NzY4NjQ=,76864,fetongi-tuinavvai-76864,Fetongi Tuinavvai,,,,,,,,
RmlnaHRlck5vZGU6NzY4NjU=,76865,asher-jack-76865,Asher Jack,,,,,,,,
RmlnaHRlck5vZGU6NzY4NjY=,76866,miguel-noah-aldana-76866,Miguel Noah Aldana,,,170.0,,,,,"Garden City, Kansas"
RmlnaHRlck5vZGU6NzY4Njc=,76867,boaz-kapua-76867,Boaz Kapua,,,,,,,,
RmlnaHRlck5vZGU6NzY4Njg=,76868,brayden-marzona-76868,Brayden Marzona,,,,,,,,
RmlnaHRlck5vZGU6NzY4Njk=,76869,cooper-clarke-76869,Cooper Clarke,,,,,,,,
RmlnaHRlck5vZGU6NzY4NzA=,76870,ryan-winnett-76870,Ryan Winnett,,,,,,,,Australia
RmlnaHRlck5vZGU6NzY4OQ==,7689,murat-kazgan-7689,Murat Kazgan,Lord Pitbull,1986-01-03,175.3,,,,,Turkey
RmlnaHRlck5vZGU6NzY5NzA=,76970,alvin-kanehailua-76970,Alvin Kanehailua,,,175.0,,,,,"Nanakuli , Hawaii"
RmlnaHRlck5vZGU6NzY5NzE=,76971,darcy-braine-76971,Darcy Braine,,,,,,,,
RmlnaHRlck5vZGU6NzY5NzI=,76972,richie-faaoso-76972,Richie Fa'aoso,,,180.0,,,,,"Cairns, Queensland"
RmlnaHRlck5vZGU6NzYxMDc=,76107,yannick-van-dinther-76107,Yannick van Dinther,,,,,,,,The Netherlands
RmlnaHRlck5vZGU6NzYxMDg=,76108,kaseem-saleem-76108,Kaseem Saleem,Kaseem Saleem,,,,,,,
RmlnaHRlck5vZGU6NzYxMDk=,76109,stew-martin-76109,Stew Martin,,,,,,,,
RmlnaHRlck5vZGU6NzYxMTA=,76110,jordan-burnett-76110,Jordan Burnett,The UpSet,,,,,,,
RmlnaHRlck5vZGU6NzYzNjA=,76360,jovan-alayon-76360,Jovan Alayon,,,178.0,,,,,"Honolulu, Hawaii, USA"
RmlnaHRlck5vZGU6NzYzNjE=,76361,randy-kamaiopilli-76361,Randy Kamaiopilli,,,,,,,,
RmlnaHRlck5vZGU6NzYzNjI=,76362,shiro-hitto-76362,Shiro Hitto,,,,,,,,
RmlnaHRlck5vZGU6NzYzNjM=,76363,joseph-calarruda-76363,Joseph Calarruda,,,,,,,,
RmlnaHRlck5vZGU6NzYzNjQ=,76364,nalu-cenal-76364,Nalu Cenal,,,,,,,,United States
RmlnaHRlck5vZGU6NzYzNjU=,76365,hazel-nahienaena-76365,Hazel Nahienaena,,,,,,,,
RmlnaHRlck5vZGU6NzYzNjY=,76366,kat-rabellizsa-76366,Kat Rabellizsa,,,,,,,,
RmlnaHRlck5vZGU6NzYzNjc=,76367,nicholas-saragosa-76367,Nicholas Saragosa,ONE SHOT,,175.0,,,,,"Kaneohe, Hawaii, United States"
RmlnaHRlck5vZGU6NzYzNjg=,76368,pono-enos-76368,Pono Enos,,,,,,,,
RmlnaHRlck5vZGU6NzYzNjk=,76369,vincent-aragona-76369,Vincent Aragona,,,,,,,,
RmlnaHRlck5vZGU6NzYzNzA=,76370,simeon-crawford-76370,Simeon Crawford,,,,,,,,"Hawaii, United States"
RmlnaHRlck5vZGU6Nzc3Mg==,7772,peter-petties-7772,Peter Petties,The Joker,1990-12-20,178.0,71.0,,,,"North Brunswick, New Jersey"
RmlnaHRlck5vZGU6NzcwMg==,7702,tha-pyay-nyo-7702,Tha Pyay Nyo,,,160.0,,,,,Myanmar
RmlnaHRlck5vZGU6NzcyNg==,7726,oluwale-bamgbose-7726,Oluwale Bamgbose,Holy War Angel,1987-08-04,180.3,78.0,42.0,Striker,Orthodox,United States
RmlnaHRlck5vZGU6Nzg0Mg==,7842,kassius-holdorf-7842,Kassius Holdorf,Kayne,1986-08-29,186.0,76.0,,,,United States
RmlnaHRlck5vZGU6Nzg1OA==,7858,jason-knight-7858,Jason Knight,The Kid,1992-07-14,180.3,71.0,39.0,Striker / BJJ Grappler,Orthodox,United States
RmlnaHRlck5vZGU6Nzg2OQ==,7869,gary-balletto-jr-7869,Gary Balletto Jr.,Tiger,1995-01-20,178.0,70.0,,,,United States
RmlnaHRlck5vZGU6ODA2Mw==,8063,ashley-griffiths-8063,Ashley Griffiths,,,,,,,,England
RmlnaHRlck5vZGU6ODAxNA==,8014,will-santiago-8014,Will Santiago,The Brown Bomber,1983-02-08,171.0,70.5,,,,United States
RmlnaHRlck5vZGU6ODAyOQ==,8029,stephen-stengel-8029,Stephen Stengel,,1984-10-28,185.4,,,,,United States
RmlnaHRlck5vZGU6ODE1Mg==,8152,jeremie-holloway-8152,Jeremie Holloway,Hit Em,1984-09-29,182.9,71.5,,,,United States
RmlnaHRlck5vZGU6ODE2OQ==,8169,sam-watford-8169,Sam Watford,Super Saiyan,,178.0,76.0,,,,United States
RmlnaHRlck5vZGU6ODE4Ng==,8186,andy-nguyen-8186,Andy Nguyen,The CrAsian,1982-04-22,163.0,64.0,,,,"California, United States"
RmlnaHRlck5vZGU6ODE5Mg==,8192,chase-sherman-8192,Chase Sherman,Vanilla Gorilla,1989-11-16,180.0,78.0,43.0,Striker,Orthodox,"D'Iberville, Mississippi"
RmlnaHRlck5vZGU6ODE5NQ==,8195,david-bosnick-8195,David Bosnick,Able,,178.0,,,,,United States
RmlnaHRlck5vZGU6ODEwMg==,8102,erick-murray-8102,Erick Murray,Dream Chaser,1993-06-21,193.0,79.5,,Striker,Orthodox,United States
RmlnaHRlck5vZGU6ODI2,826,joe-riggs-826,Joe Riggs,Diesel,1982-09-23,183.0,71.0,,Striker,Southpaw,United States
RmlnaHRlck5vZGU6ODI4Mg==,8282,vaso-bakocevic-8282,Vaso Bakocevic,Psychopath,1989-08-10,170.2,67.7,,,,Montenegro
RmlnaHRlck5vZGU6ODMw,830,ryan-roberts-830,Ryan Roberts,Are You Ready,1978-07-16,168.0,65.0,,,,United States
RmlnaHRlck5vZGU6ODQ0,844,alessio-sakara-844,Alessio Sakara,Legionarius,1981-09-02,185.0,72.0,,Striker,Orthodox,Italy
RmlnaHRlck5vZGU6ODQ4,848,diego-sanchez-848,Diego Sanchez,The Dream,1981-12-31,178.0,72.0,40.0,Striker / Wrestler,Southpaw,United States
RmlnaHRlck5vZGU6ODUwMQ==,8501,tommy-aaron-8501,Tommy Aaron,The Spaniard,1994-09-20,178.0,72.0,,,,Palma de Mallorca
RmlnaHRlck5vZGU6ODUyOA==,8528,brandon-shavers-8528,Brandon Shavers,The Shredder,1994-10-05,191.0,79.0,,,,United States
RmlnaHRlck5vZGU6ODY1Nw==,8657,henry-lindsay-8657,Henry Lindsay,Rome,1984-12-02,178.0,70.0,,,,United States
RmlnaHRlck5vZGU6ODY3Mw==,8673,lehi-dominguez-8673,Lehi Dominguez,,1985-01-23,180.0,,,,,United States
RmlnaHRlck5vZGU6ODY5NA==,8694,rowdy-akers-8694,Rowdy Akers,,1974-11-09,,,,,,United States
RmlnaHRlck5vZGU6ODY5NQ==,8695,shawn-west-8695,Shawn West,The Exception,1989-08-17,178.0,71.0,,,,United States
RmlnaHRlck5vZGU6ODc1OQ==,8759,emeka-ifekandu-8759,Emeka Ifekandu,,1986-08-09,173.0,75.5,,,,United States
RmlnaHRlck5vZGU6ODc3Nw==,8777,sarah-click-8777,Sarah Click,Switch Kick,1991-08-24,163.0,67.0,,,,United States
RmlnaHRlck5vZGU6ODcxOQ==,8719,juan-torres-8719,Juan Torres,,1986-10-22,183.0,,,,,United States
RmlnaHRlck5vZGU6ODczNg==,8736,lj-schultz-8736,LJ Schultz,LJ,1989-03-16,170.0,67.0,,,,United States
RmlnaHRlck5vZGU6ODg2Mw==,8863,terry-brazier-8863,Terry Brazier,The Dominator,,183.0,76.0,,,,England
RmlnaHRlck5vZGU6ODgy,882,jeremy-stephens-882,Jeremy Stephens,Lil' Heathen,1986-05-26,175.0,71.0,38.0,Well Rounded,Orthodox,United States
RmlnaHRlck5vZGU6ODgyMQ==,8821,matt-murphy-8821,Matt Murphy,KO Kid,1992-07-28,,,,,,United States
RmlnaHRlck5vZGU6ODgzNA==,8834,tyler-vogel-8834,Tyler Vogel,The Outlaw,1992-10-07,191.0,72.0,,,,United States
RmlnaHRlck5vZGU6ODkzMw==,8933,danasabe-mohammed-8933,Danasabe Mohammed,Papa Midnight,1990-10-06,175.0,75.0,,,,United States
RmlnaHRlck5vZGU6OTA1MQ==,9051,christian-torres-9051,Christian Torres,The Terminator,1987-01-07,170.0,67.0,,,,United States
RmlnaHRlck5vZGU6OTA=,90,mike-kyle-90,Mike Kyle,MAK,1980-03-31,191.0,76.0,,Striker,Orthodox,United States
RmlnaHRlck5vZGU6OTE1MA==,9150,calie-cutler-9150,Calie Cutler,The Honey Badger,1990-03-24,165.0,62.5,,,,"Gregory, Michigan"
RmlnaHRlck5vZGU6OTEwNQ==,9105,ouadia-tergui-9105,Ouadia Tergui,Tiger,1992-02-16,180.3,,,,,Italy
RmlnaHRlck5vZGU6OTExNQ==,9115,abdiel-velazquez-9115,Abdiel Velazquez,The Nightmare,1993-07-12,163.0,68.5,,,,"Arecibo, Puerto Rico"
RmlnaHRlck5vZGU6OTIwMA==,9200,lj-hermreck-9200,LJ Hermreck,,1989-09-06,178.0,,,,,United States
RmlnaHRlck5vZGU6OTIwMg==,9202,nate-morrow-9202,Nate Morrow,,1995-01-31,173.0,,,,,United States
RmlnaHRlck5vZGU6OTM1NA==,9354,austin-peterson-9354,Austin Peterson,Crazy Eyes,1987-05-21,173.0,,,,,"
United States
"
RmlnaHRlck5vZGU6OTQ5NA==,9494,dillon-cleckler-9494,Dillon Cleckler,Bad Boy,1981-11-20,190.5,77.0,,,,United States
RmlnaHRlck5vZGU6OTQ5OQ==,9499,will-shutt-9499,Will Shutt,,1985-01-21,172.7,,,,,United States
RmlnaHRlck5vZGU6OTU3Nw==,9577,quartus-stitt-9577,Quartus Stitt,Cool Breeze,1986-04-07,182.9,,,,,United States
RmlnaHRlck5vZGU6OTYwOQ==,9609,darin-oler-9609,Darin Oler,,,180.0,,,,,"
United States
"
RmlnaHRlck5vZGU6OTYy,962,johnny-bedford-962,Johnny Bedford,Brutal,1983-01-06,178.0,72.0,,Wrestler,Orthodox,United States
RmlnaHRlck5vZGU6OTYz,963,joey-beltran-963,Joey Beltran,Mexicutioner,1981-12-08,188.0,75.0,,Striker,Orthodox,United States
RmlnaHRlck5vZGU6OTc4,978,marcus-brimage-978,Marcus Brimage,The Bama Beast,1985-04-06,163.0,71.0,,Striker,Southpaw,United States
RmlnaHRlck5vZGU6OTc5Ng==,9796,jimmy-millar-9796,Jimmy Millar,,1983-07-30,177.8,,,,,England
RmlnaHRlck5vZGU6OTg5,989,chris-camozzi-989,Chris Camozzi,Kamikaze,1986-11-20,192.0,76.0,42.0,Striker,Southpaw,United States
RmlnaHRlck5vZGU6OTk1OA==,9958,zach-zane-9958,Zach Zane,The Hurricane,1989-12-14,178.0,69.0,,,,United States
RmlnaHRlck5vZGU6OTk1OQ==,9959,adel-altamimi-9959,Adel Altamimi,Kyokushin,1989-03-07,175.3,72.0,,,,United States
RmlnaHRlck5vZGU6OTk3Nw==,9977,richard-montano-9977,Richard Montano,,,170.2,,,,,United States
