id,bout_id,sportsbook_id,outcome_1_id,fighter_1_odds_open,fighter_1_odds_worst,fighter_1_odds_current,fighter_1_odds_best,outcome_2_id,fighter_2_odds_open,fighter_2_odds_worst,fighter_2_odds_current,fighter_2_odds_best
T2ZmZXJUYWJsZU9mZmVyTm9kZToxMDAxNTM2NjU=,RmlnaHROb2RlOjMyMjg3,U3BvcnRzYm9va05vZGU6Mg==,T3V0Y29tZU5vZGU6NDMzODgz,-200.0,-207.0,-207.0,-200.0,T3V0Y29tZU5vZGU6NDMzODgy,160.0,160.0,165.0,165.0
T2ZmZXJUYWJsZU9mZmVyTm9kZToxMDAzODUwNzc=,RmlnaHROb2RlOjM0ODU3,U3BvcnRzYm9va05vZGU6Ng==,T3V0Y29tZU5vZGU6ODMwMDIx,-145.0,-145.0,-120.0,-120.0,T3V0Y29tZU5vZGU6ODMwMDIw,115.0,-110.0,-110.0,115.0
T2ZmZXJUYWJsZU9mZmVyTm9kZToxMDAzODUyODg=,RmlnaHROb2RlOjM0ODU3,U3BvcnRzYm9va05vZGU6MjE=,T3V0Y29tZU5vZGU6ODMwNDM3,-125.0,-125.0,-125.0,-125.0,T3V0Y29tZU5vZGU6ODMwNDM2,-105.0,-105.0,-105.0,-105.0
T2ZmZXJUYWJsZU9mZmVyTm9kZToxMDAzODUyODk=,RmlnaHROb2RlOjM0ODU4,U3BvcnRzYm9va05vZGU6MjE=,T3V0Y29tZU5vZGU6ODMwNDM4,140.0,140.0,150.0,150.0,T3V0Y29tZU5vZGU6ODMwNDM5,-170.0,-180.0,-180.0,-170.0
T2ZmZXJUYWJsZU9mZmVyTm9kZToxMDAzODUwODA=,RmlnaHROb2RlOjM0ODU4,U3BvcnRzYm9va05vZGU6Ng==,T3V0Y29tZU5vZGU6ODMwMDI2,100.0,100.0,150.0,155.0,T3V0Y29tZU5vZGU6ODMwMDI3,-130.0,-205.0,-195.0,-130.0
T2ZmZXJUYWJsZU9mZmVyTm9kZToxMDAzODUyOTA=,RmlnaHROb2RlOjMzODkw,U3BvcnRzYm9va05vZGU6MjE=,T3V0Y29tZU5vZGU6ODMwNDQw,-140.0,-140.0,-140.0,-140.0,T3V0Y29tZU5vZGU6ODMwNDQx,110.0,110.0,110.0,110.0
T2ZmZXJUYWJsZU9mZmVyTm9kZToxMDAzODUwNzk=,RmlnaHROb2RlOjMzODkw,U3BvcnRzYm9va05vZGU6Ng==,T3V0Y29tZU5vZGU6ODMwMDI0,-165.0,-170.0,-110.0,-110.0,T3V0Y29tZU5vZGU6ODMwMDI1,130.0,-120.0,-120.0,130.0
T2ZmZXJUYWJsZU9mZmVyTm9kZToxMDA0MDU0OTQ=,RmlnaHROb2RlOjM1MzQ5,U3BvcnRzYm9va05vZGU6MjE=,T3V0Y29tZU5vZGU6ODY0MTc3,160.0,160.0,160.0,160.0,T3V0Y29tZU5vZGU6ODY0MTc4,-200.0,-200.0,-200.0,-200.0
T2ZmZXJUYWJsZU9mZmVyTm9kZToxMDA0MDU0OTM=,RmlnaHROb2RlOjM1MzQ4,U3BvcnRzYm9va05vZGU6MjE=,T3V0Y29tZU5vZGU6ODY0MTc1,-115.0,-115.0,-115.0,-115.0,T3V0Y29tZU5vZGU6ODY0MTc2,-115.0,-115.0,-115.0,-115.0
T2ZmZXJUYWJsZU9mZmVyTm9kZToxMDA0MDU0ODk=,RmlnaHROb2RlOjM0ODgz,U3BvcnRzYm9va05vZGU6MjE=,T3V0Y29tZU5vZGU6ODY0MTY3,125.0,125.0,125.0,125.0,T3V0Y29tZU5vZGU6ODY0MTY4,-155.0,-155.0,-155.0,-155.0
T2ZmZXJUYWJsZU9mZmVyTm9kZToxMDA1MDg2NTc=,RmlnaHROb2RlOjM1ODQy,U3BvcnRzYm9va05vZGU6MjE=,T3V0Y29tZU5vZGU6MTA2MzM5OA==,165.0,165.0,165.0,165.0,T3V0Y29tZU5vZGU6MTA2MzM5Nw==,-210.0,-210.0,-210.0,-210.0
T2ZmZXJUYWJsZU9mZmVyTm9kZToxMDA1MDI5MDM=,RmlnaHROb2RlOjM1NzE1,U3BvcnRzYm9va05vZGU6MjE=,T3V0Y29tZU5vZGU6MTA1MjA3NA==,-260.0,-260.0,-260.0,-260.0,T3V0Y29tZU5vZGU6MTA1MjA3NQ==,200.0,200.0,200.0,200.0
T2ZmZXJUYWJsZU9mZmVyTm9kZToxMDA1MDI5MDI=,RmlnaHROb2RlOjM1NzE0,U3BvcnRzYm9va05vZGU6MjE=,T3V0Y29tZU5vZGU6MTA1MjA3Mg==,-215.0,-215.0,-215.0,-215.0,T3V0Y29tZU5vZGU6MTA1MjA3Mw==,170.0,170.0,170.0,170.0
T2ZmZXJUYWJsZU9mZmVyTm9kZToxMDA1MDI5MDE=,RmlnaHROb2RlOjM1MzY4,U3BvcnRzYm9va05vZGU6MjE=,T3V0Y29tZU5vZGU6MTA1MjA3MA==,-200.0,-200.0,-200.0,-200.0,T3V0Y29tZU5vZGU6MTA1MjA3MQ==,160.0,160.0,160.0,160.0
T2ZmZXJUYWJsZU9mZmVyTm9kZToxMDA2NDA3OTQ=,RmlnaHROb2RlOjM1ODUw,U3BvcnRzYm9va05vZGU6MTA=,T3V0Y29tZU5vZGU6MTMyMDkxMg==,-140.0,-220.0,-220.0,-140.0,T3V0Y29tZU5vZGU6MTMyMDkxMw==,120.0,120.0,185.0,185.0
T2ZmZXJUYWJsZU9mZmVyTm9kZToxMDA3MzA5OTg=,RmlnaHROb2RlOjM1ODUw,U3BvcnRzYm9va05vZGU6MjE=,T3V0Y29tZU5vZGU6MTQ5NzQ0NA==,-160.0,-160.0,-160.0,-160.0,T3V0Y29tZU5vZGU6MTQ5NzQ0NQ==,140.0,140.0,140.0,140.0
T2ZmZXJUYWJsZU9mZmVyTm9kZToxMDA2NDA3OTU=,RmlnaHROb2RlOjM2MTIz,U3BvcnRzYm9va05vZGU6MTA=,T3V0Y29tZU5vZGU6MTMyMDkxNA==,-400.0,-400.0,-200.0,-200.0,T3V0Y29tZU5vZGU6MTMyMDkxNQ==,330.0,170.0,170.0,330.0
T2ZmZXJUYWJsZU9mZmVyTm9kZToxMDA3MzA5OTc=,RmlnaHROb2RlOjM2MTIz,U3BvcnRzYm9va05vZGU6MjE=,T3V0Y29tZU5vZGU6MTQ5NzQ0Mg==,-350.0,-350.0,-350.0,-350.0,T3V0Y29tZU5vZGU6MTQ5NzQ0Mw==,285.0,285.0,285.0,285.0
T2ZmZXJUYWJsZU9mZmVyTm9kZToxMDA2NDA3OTE=,RmlnaHROb2RlOjM2MjQ5,U3BvcnRzYm9va05vZGU6MTA=,T3V0Y29tZU5vZGU6MTMyMDkwNg==,-178.0,-235.0,-235.0,-178.0,T3V0Y29tZU5vZGU6MTMyMDkwNw==,153.0,153.0,200.0,200.0
T2ZmZXJUYWJsZU9mZmVyTm9kZToxMDA2NDA3OTM=,RmlnaHROb2RlOjM2MTI0,U3BvcnRzYm9va05vZGU6MTA=,T3V0Y29tZU5vZGU6MTMyMDkxMA==,-300.0,-300.0,-270.0,-255.0,T3V0Y29tZU5vZGU6MTMyMDkxMQ==,250.0,215.0,230.0,250.0
T2ZmZXJUYWJsZU9mZmVyTm9kZToxMDA2NDA3OTI=,RmlnaHROb2RlOjM1ODUx,U3BvcnRzYm9va05vZGU6MTA=,T3V0Y29tZU5vZGU6MTMyMDkwOA==,-210.0,-210.0,130.0,130.0,T3V0Y29tZU5vZGU6MTMyMDkwOQ==,180.0,-150.0,-150.0,180.0
T2ZmZXJUYWJsZU9mZmVyTm9kZToxMDA5NDI4NzQ=,RmlnaHROb2RlOjM2NjQy,U3BvcnRzYm9va05vZGU6Mjc=,T3V0Y29tZU5vZGU6MTkxNzIyNw==,140.0,110.0,110.0,140.0,T3V0Y29tZU5vZGU6MTkxNzIyOA==,-200.0,-200.0,-154.0,-154.0
T2ZmZXJUYWJsZU9mZmVyTm9kZToxMDA5MjIyMDk=,RmlnaHROb2RlOjM2NjQy,U3BvcnRzYm9va05vZGU6MjE=,T3V0Y29tZU5vZGU6MTg3Njg5NQ==,120.0,120.0,160.0,160.0,T3V0Y29tZU5vZGU6MTg3Njg5Ng==,-150.0,-200.0,-200.0,-150.0
T2ZmZXJUYWJsZU9mZmVyTm9kZToxMDA4OTEyODY=,RmlnaHROb2RlOjM2NjQy,U3BvcnRzYm9va05vZGU6MTA=,T3V0Y29tZU5vZGU6MTgxNTk0OQ==,120.0,110.0,155.0,160.0,T3V0Y29tZU5vZGU6MTgxNTk1MA==,-150.0,-200.0,-185.0,-140.0
T2ZmZXJUYWJsZU9mZmVyTm9kZToxMDA5NDI4NzE=,RmlnaHROb2RlOjM2NjM3,U3BvcnRzYm9va05vZGU6Mjc=,T3V0Y29tZU5vZGU6MTkxNzIyMQ==,-143.0,-167.0,-167.0,-143.0,T3V0Y29tZU5vZGU6MTkxNzIyMg==,105.0,105.0,120.0,120.0
T2ZmZXJUYWJsZU9mZmVyTm9kZToxMDA4OTEyODk=,RmlnaHROb2RlOjM2NjM3,U3BvcnRzYm9va05vZGU6MTA=,T3V0Y29tZU5vZGU6MTgxNTk1Ng==,-140.0,-150.0,-150.0,-135.0,T3V0Y29tZU5vZGU6MTgxNTk1NQ==,110.0,105.0,120.0,120.0
T2ZmZXJUYWJsZU9mZmVyTm9kZToxMDA5NDI5NDA=,RmlnaHROb2RlOjM2NjM3,U3BvcnRzYm9va05vZGU6MjE=,T3V0Y29tZU5vZGU6MTkxNzM2MA==,-140.0,-140.0,-140.0,-140.0,T3V0Y29tZU5vZGU6MTkxNzM1OQ==,110.0,110.0,110.0,110.0
T2ZmZXJUYWJsZU9mZmVyTm9kZToxMDA5NDI4NzI=,RmlnaHROb2RlOjM2NjQx,U3BvcnRzYm9va05vZGU6Mjc=,T3V0Y29tZU5vZGU6MTkxNzIyMw==,-250.0,-250.0,-250.0,-250.0,T3V0Y29tZU5vZGU6MTkxNzIyNA==,175.0,175.0,175.0,175.0
T2ZmZXJUYWJsZU9mZmVyTm9kZToxMDA4OTEyODc=,RmlnaHROb2RlOjM2NjQx,U3BvcnRzYm9va05vZGU6MTA=,T3V0Y29tZU5vZGU6MTgxNTk1Mg==,-225.0,-500.0,-500.0,-225.0,T3V0Y29tZU5vZGU6MTgxNTk1MQ==,185.0,185.0,375.0,375.0
T2ZmZXJUYWJsZU9mZmVyTm9kZToxMDA5MTU5ODY=,RmlnaHROb2RlOjM2MTY5,U3BvcnRzYm9va05vZGU6Mjc=,T3V0Y29tZU5vZGU6MTg2NDg3NA==,-250.0,-250.0,-250.0,-250.0,T3V0Y29tZU5vZGU6MTg2NDg3NQ==,175.0,155.0,155.0,300.0
T2ZmZXJUYWJsZU9mZmVyTm9kZToxMDA4OTEyODU=,RmlnaHROb2RlOjM2MTY5,U3BvcnRzYm9va05vZGU6MTA=,T3V0Y29tZU5vZGU6MTgxNTk0OA==,-160.0,-600.0,-460.0,-160.0,T3V0Y29tZU5vZGU6MTgxNTk0Nw==,130.0,130.0,360.0,425.0
T2ZmZXJUYWJsZU9mZmVyTm9kZToxMDA5MjIyMDg=,RmlnaHROb2RlOjM2MTY5,U3BvcnRzYm9va05vZGU6MjE=,T3V0Y29tZU5vZGU6MTg3Njg5NA==,-200.0,-300.0,-300.0,-200.0,T3V0Y29tZU5vZGU6MTg3Njg5Mw==,160.0,160.0,220.0,220.0
T2ZmZXJUYWJsZU9mZmVyTm9kZToxMDA5OTAyNzQ=,RmlnaHROb2RlOjM2OTgz,U3BvcnRzYm9va05vZGU6Mjc=,T3V0Y29tZU5vZGU6MjAwNTY0Ng==,-250.0,-286.0,-286.0,-250.0,T3V0Y29tZU5vZGU6MjAwNTY0OA==,175.0,175.0,195.0,195.0
T2ZmZXJUYWJsZU9mZmVyTm9kZToxMDA5ODA5MDI=,RmlnaHROb2RlOjM2OTg0,U3BvcnRzYm9va05vZGU6MTA=,T3V0Y29tZU5vZGU6MTk4ODUzNQ==,-180.0,-205.0,-205.0,-165.0,T3V0Y29tZU5vZGU6MTk4ODUzNA==,150.0,135.0,165.0,165.0
T2ZmZXJUYWJsZU9mZmVyTm9kZToxMDA5ODk5ODQ=,RmlnaHROb2RlOjM2OTg0,U3BvcnRzYm9va05vZGU6Mjc=,T3V0Y29tZU5vZGU6MjAwNTI5Mw==,-188.0,-188.0,-188.0,-188.0,T3V0Y29tZU5vZGU6MjAwNTI5NA==,138.0,138.0,138.0,138.0
T2ZmZXJUYWJsZU9mZmVyTm9kZToxMDA5ODA4OTk=,RmlnaHROb2RlOjYzMjU1,U3BvcnRzYm9va05vZGU6MTA=,T3V0Y29tZU5vZGU6MTk4ODUyOQ==,-185.0,-280.0,-275.0,-165.0,T3V0Y29tZU5vZGU6MTk4ODUyOA==,155.0,135.0,215.0,220.0
T2ZmZXJUYWJsZU9mZmVyTm9kZToxMDA5OTAzODI=,RmlnaHROb2RlOjYzMjU1,U3BvcnRzYm9va05vZGU6MjE=,T3V0Y29tZU5vZGU6MjAwNTg0Nw==,-200.0,-200.0,-200.0,-200.0,T3V0Y29tZU5vZGU6MjAwNTg0Ng==,160.0,160.0,160.0,160.0
T2ZmZXJUYWJsZU9mZmVyTm9kZToxMDA5ODA4OTg=,RmlnaHROb2RlOjYzMjU0,U3BvcnRzYm9va05vZGU6MTA=,T3V0Y29tZU5vZGU6MTk4ODUyNg==,100.0,100.0,160.0,160.0,T3V0Y29tZU5vZGU6MTk4ODUyNw==,-130.0,-200.0,-200.0,-130.0
T2ZmZXJUYWJsZU9mZmVyTm9kZToxMDA5OTAzODM=,RmlnaHROb2RlOjYzMjU0,U3BvcnRzYm9va05vZGU6MjE=,T3V0Y29tZU5vZGU6MjAwNTg0OA==,140.0,140.0,140.0,140.0,T3V0Y29tZU5vZGU6MjAwNTg0OQ==,-170.0,-170.0,-170.0,-170.0
T2ZmZXJUYWJsZU9mZmVyTm9kZToxMDA5OTAxNDE=,RmlnaHROb2RlOjYzMjU0,U3BvcnRzYm9va05vZGU6Mjc=,T3V0Y29tZU5vZGU6MjAwNTQ5NA==,-105.0,-105.0,120.0,120.0,T3V0Y29tZU5vZGU6MjAwNTQ5NQ==,-133.0,-163.0,-163.0,-133.0
T2ZmZXJUYWJsZU9mZmVyTm9kZToxMDA5OTAxNDI=,RmlnaHROb2RlOjM2ODcw,U3BvcnRzYm9va05vZGU6Mjc=,T3V0Y29tZU5vZGU6MjAwNTQ5Ng==,120.0,120.0,210.0,210.0,T3V0Y29tZU5vZGU6MjAwNTQ5Nw==,-163.0,-300.0,-300.0,-163.0
T2ZmZXJUYWJsZU9mZmVyTm9kZToxMDA5OTAzODU=,RmlnaHROb2RlOjM2ODcw,U3BvcnRzYm9va05vZGU6MjE=,T3V0Y29tZU5vZGU6MjAwNTg1Mw==,190.0,190.0,190.0,190.0,T3V0Y29tZU5vZGU6MjAwNTg1Mg==,-240.0,-240.0,-240.0,-240.0
T2ZmZXJUYWJsZU9mZmVyTm9kZToxMDA5ODA4OTY=,RmlnaHROb2RlOjM2ODcw,U3BvcnRzYm9va05vZGU6MTA=,T3V0Y29tZU5vZGU6MTk4ODUyMw==,-170.0,-170.0,240.0,275.0,T3V0Y29tZU5vZGU6MTk4ODUyMg==,140.0,-350.0,-300.0,140.0
T2ZmZXJUYWJsZU9mZmVyTm9kZToxMDA5OTAxNDU=,RmlnaHROb2RlOjM3MDI5,U3BvcnRzYm9va05vZGU6Mjc=,T3V0Y29tZU5vZGU6MjAwNTUwMg==,-500.0,-699.0,-699.0,-500.0,T3V0Y29tZU5vZGU6MjAwNTUwMw==,300.0,300.0,400.0,400.0
T2ZmZXJUYWJsZU9mZmVyTm9kZToxMDA5ODA4OTQ=,RmlnaHROb2RlOjM3MDI5,U3BvcnRzYm9va05vZGU6MTA=,T3V0Y29tZU5vZGU6MTk4ODUxOQ==,-350.0,-800.0,-800.0,-350.0,T3V0Y29tZU5vZGU6MTk4ODUxOA==,275.0,275.0,500.0,500.0
T2ZmZXJUYWJsZU9mZmVyTm9kZToxMDA5OTAzODc=,RmlnaHROb2RlOjM3MDI5,U3BvcnRzYm9va05vZGU6MjE=,T3V0Y29tZU5vZGU6MjAwNTg1Nw==,-700.0,-700.0,-700.0,-700.0,T3V0Y29tZU5vZGU6MjAwNTg1Ng==,450.0,450.0,450.0,450.0
T2ZmZXJUYWJsZU9mZmVyTm9kZToxMDA5ODA4OTc=,RmlnaHROb2RlOjM2OTg1,U3BvcnRzYm9va05vZGU6MTA=,T3V0Y29tZU5vZGU6MTk4ODUyNQ==,-285.0,-450.0,-450.0,-285.0,T3V0Y29tZU5vZGU6MTk4ODUyNA==,225.0,225.0,350.0,350.0
T2ZmZXJUYWJsZU9mZmVyTm9kZToxMDA5OTAzODQ=,RmlnaHROb2RlOjM2OTg1,U3BvcnRzYm9va05vZGU6MjE=,T3V0Y29tZU5vZGU6MjAwNTg1MQ==,-360.0,-360.0,-360.0,-360.0,T3V0Y29tZU5vZGU6MjAwNTg1MA==,285.0,285.0,285.0,285.0
T2ZmZXJUYWJsZU9mZmVyTm9kZToxMDA5OTAxMzc=,RmlnaHROb2RlOjM2OTg1,U3BvcnRzYm9va05vZGU6Mjc=,T3V0Y29tZU5vZGU6MjAwNTQ4Ng==,-333.0,-450.0,-450.0,-333.0,T3V0Y29tZU5vZGU6MjAwNTQ4Nw==,220.0,220.0,300.0,300.0
T2ZmZXJUYWJsZU9mZmVyTm9kZToxMDA5ODA4OTM=,RmlnaHROb2RlOjM2ODUx,U3BvcnRzYm9va05vZGU6MTA=,T3V0Y29tZU5vZGU6MTk4ODUxNg==,120.0,-120.0,-120.0,155.0,T3V0Y29tZU5vZGU6MTk4ODUxNw==,-150.0,-185.0,-110.0,-110.0
T2ZmZXJUYWJsZU9mZmVyTm9kZToxMDA5OTAzODg=,RmlnaHROb2RlOjM2ODUx,U3BvcnRzYm9va05vZGU6MjE=,T3V0Y29tZU5vZGU6MjAwNTg1OA==,130.0,130.0,130.0,130.0,T3V0Y29tZU5vZGU6MjAwNTg1OQ==,-160.0,-160.0,-160.0,-160.0
T2ZmZXJUYWJsZU9mZmVyTm9kZToxMDA5OTAxODA=,RmlnaHROb2RlOjM2ODUx,U3BvcnRzYm9va05vZGU6Mjc=,T3V0Y29tZU5vZGU6MjAwNTUzOA==,138.0,120.0,120.0,138.0,T3V0Y29tZU5vZGU6MjAwNTUzOQ==,-188.0,-188.0,-167.0,-167.0
T2ZmZXJUYWJsZU9mZmVyTm9kZToxMDA5OTAwNzI=,RmlnaHROb2RlOjM3MDMw,U3BvcnRzYm9va05vZGU6Mjc=,T3V0Y29tZU5vZGU6MjAwNTQwNA==,-105.0,-150.0,-150.0,-105.0,T3V0Y29tZU5vZGU6MjAwNTQwNQ==,-133.0,-133.0,110.0,110.0
T2ZmZXJUYWJsZU9mZmVyTm9kZToxMDA5OTAzMTc=,RmlnaHROb2RlOjM3MDMw,U3BvcnRzYm9va05vZGU6MjE=,T3V0Y29tZU5vZGU6MjAwNTcxNw==,155.0,155.0,155.0,155.0,T3V0Y29tZU5vZGU6MjAwNTcxNg==,-185.0,-185.0,-185.0,-185.0
T2ZmZXJUYWJsZU9mZmVyTm9kZToxMDA5ODA5MDU=,RmlnaHROb2RlOjM3MDMw,U3BvcnRzYm9va05vZGU6MTA=,T3V0Y29tZU5vZGU6MTk4ODU0MQ==,-140.0,-140.0,145.0,155.0,T3V0Y29tZU5vZGU6MTk4ODU0MA==,110.0,-185.0,-175.0,110.0
T2ZmZXJUYWJsZU9mZmVyTm9kZToxMDA5ODA4OTI=,RmlnaHROb2RlOjM2NjQz,U3BvcnRzYm9va05vZGU6MTA=,T3V0Y29tZU5vZGU6MTk4ODUxNQ==,-130.0,-425.0,-400.0,-130.0,T3V0Y29tZU5vZGU6MTk4ODUxNA==,100.0,100.0,300.0,325.0
T2ZmZXJUYWJsZU9mZmVyTm9kZToxMDA5OTAxMzg=,RmlnaHROb2RlOjM2NjQz,U3BvcnRzYm9va05vZGU6Mjc=,T3V0Y29tZU5vZGU6MjAwNTQ4OA==,-163.0,-400.0,-400.0,-163.0,T3V0Y29tZU5vZGU6MjAwNTQ4OQ==,120.0,120.0,275.0,275.0
T2ZmZXJUYWJsZU9mZmVyTm9kZToxMDA5OTAzODk=,RmlnaHROb2RlOjM2NjQz,U3BvcnRzYm9va05vZGU6MjE=,T3V0Y29tZU5vZGU6MjAwNTg2MQ==,-215.0,-215.0,-215.0,-215.0,T3V0Y29tZU5vZGU6MjAwNTg2MA==,175.0,175.0,175.0,175.0
T2ZmZXJUYWJsZU9mZmVyTm9kZToxMDEwMDg4ODM=,RmlnaHROb2RlOjM2OTk1,U3BvcnRzYm9va05vZGU6MTA=,T3V0Y29tZU5vZGU6MjA0MDE5OQ==,-270.0,-270.0,-205.0,-185.0,T3V0Y29tZU5vZGU6MjA0MDE5OA==,210.0,155.0,165.0,210.0
T2ZmZXJUYWJsZU9mZmVyTm9kZToxMDEwMTE2NjM=,RmlnaHROb2RlOjM2OTk1,U3BvcnRzYm9va05vZGU6Mjc=,T3V0Y29tZU5vZGU6MjA0NDc0Mw==,-225.0,-225.0,-225.0,-225.0,T3V0Y29tZU5vZGU6MjA0NDc0NA==,163.0,163.0,163.0,163.0
T2ZmZXJUYWJsZU9mZmVyTm9kZToxMDEwMTE2NjE=,RmlnaHROb2RlOjM2NzQ3,U3BvcnRzYm9va05vZGU6Mjc=,T3V0Y29tZU5vZGU6MjA0NDczOQ==,-300.0,-333.0,-333.0,-275.0,T3V0Y29tZU5vZGU6MjA0NDc0MA==,200.0,188.0,220.0,220.0
T2ZmZXJUYWJsZU9mZmVyTm9kZToxMDEwMDg4ODE=,RmlnaHROb2RlOjM2NzQ3,U3BvcnRzYm9va05vZGU6MTA=,T3V0Y29tZU5vZGU6MjA0MDE5NQ==,-325.0,-325.0,-260.0,-215.0,T3V0Y29tZU5vZGU6MjA0MDE5NA==,250.0,175.0,200.0,250.0
T2ZmZXJUYWJsZU9mZmVyTm9kZToxMDEwOTMwMTY=,RmlnaHROb2RlOjYzMzgw,U3BvcnRzYm9va05vZGU6MTA=,T3V0Y29tZU5vZGU6MjIwMDU5OA==,-150.0,-150.0,150.0,150.0,T3V0Y29tZU5vZGU6MjIwMDU5Nw==,120.0,-180.0,-180.0,120.0
T2ZmZXJUYWJsZU9mZmVyTm9kZToxMDEwOTY0NzU=,RmlnaHROb2RlOjYzMzgw,U3BvcnRzYm9va05vZGU6Mjc=,T3V0Y29tZU5vZGU6MjIwNzQ5OA==,-138.0,-150.0,-150.0,-138.0,T3V0Y29tZU5vZGU6MjIwNzQ5OQ==,-100.0,-100.0,110.0,110.0
T2ZmZXJUYWJsZU9mZmVyTm9kZToxMDEwODc4NjI=,RmlnaHROb2RlOjYzMzc2,U3BvcnRzYm9va05vZGU6Mjc=,T3V0Y29tZU5vZGU6MjE5MTAyNw==,-333.0,-333.0,-333.0,-333.0,T3V0Y29tZU5vZGU6MjE5MTAyOA==,220.0,220.0,220.0,220.0
T2ZmZXJUYWJsZU9mZmVyTm9kZToxMDEwNjc1ODE=,RmlnaHROb2RlOjYzMzc2,U3BvcnRzYm9va05vZGU6MTA=,T3V0Y29tZU5vZGU6MjE1MjMzNg==,-285.0,-285.0,-280.0,-280.0,T3V0Y29tZU5vZGU6MjE1MjMzNQ==,225.0,220.0,220.0,225.0
T2ZmZXJUYWJsZU9mZmVyTm9kZToxMDEwODc1Mjg=,RmlnaHROb2RlOjYzMzc2,U3BvcnRzYm9va05vZGU6MjE=,T3V0Y29tZU5vZGU6MjE5MDM5OA==,-285.0,-285.0,-285.0,-285.0,T3V0Y29tZU5vZGU6MjE5MDM5Nw==,265.0,265.0,265.0,265.0
T2ZmZXJUYWJsZU9mZmVyTm9kZToxMDEwNjc1ODY=,RmlnaHROb2RlOjYzMzgx,U3BvcnRzYm9va05vZGU6MTA=,T3V0Y29tZU5vZGU6MjE1MjM0Ng==,-115.0,-115.0,-115.0,-115.0,T3V0Y29tZU5vZGU6MjE1MjM0NQ==,-115.0,-115.0,-115.0,-115.0
T2ZmZXJUYWJsZU9mZmVyTm9kZToxMDEwODc1MzM=,RmlnaHROb2RlOjYzMzgx,U3BvcnRzYm9va05vZGU6MjE=,T3V0Y29tZU5vZGU6MjE5MDQwOA==,-115.0,-120.0,-120.0,-115.0,T3V0Y29tZU5vZGU6MjE5MDQwNw==,-125.0,-125.0,-120.0,-120.0
T2ZmZXJUYWJsZU9mZmVyTm9kZToxMDEwODc4Njg=,RmlnaHROb2RlOjYzMzgx,U3BvcnRzYm9va05vZGU6Mjc=,T3V0Y29tZU5vZGU6MjE5MTA0MA==,-110.0,-110.0,-110.0,-110.0,T3V0Y29tZU5vZGU6MjE5MTAzOQ==,-125.0,-125.0,-125.0,-125.0
T2ZmZXJUYWJsZU9mZmVyTm9kZToxMDEwODc4NjE=,RmlnaHROb2RlOjYzMzgy,U3BvcnRzYm9va05vZGU6Mjc=,T3V0Y29tZU5vZGU6MjE5MTAyNQ==,-350.0,-350.0,-350.0,-350.0,T3V0Y29tZU5vZGU6MjE5MTAyNg==,240.0,240.0,240.0,240.0
T2ZmZXJUYWJsZU9mZmVyTm9kZToxMDEwODc1Mjk=,RmlnaHROb2RlOjYzMzgy,U3BvcnRzYm9va05vZGU6MjE=,T3V0Y29tZU5vZGU6MjE5MDQwMA==,-300.0,-300.0,-300.0,-300.0,T3V0Y29tZU5vZGU6MjE5MDM5OQ==,280.0,280.0,280.0,280.0
T2ZmZXJUYWJsZU9mZmVyTm9kZToxMDEwNjc1ODI=,RmlnaHROb2RlOjYzMzgy,U3BvcnRzYm9va05vZGU6MTA=,T3V0Y29tZU5vZGU6MjE1MjMzOA==,-260.0,-325.0,-325.0,-260.0,T3V0Y29tZU5vZGU6MjE1MjMzNw==,200.0,200.0,250.0,250.0
T2ZmZXJUYWJsZU9mZmVyTm9kZToxMDEwODc4NjY=,RmlnaHROb2RlOjYzMzc3,U3BvcnRzYm9va05vZGU6Mjc=,T3V0Y29tZU5vZGU6MjE5MTAzNQ==,-225.0,-225.0,-225.0,-225.0,T3V0Y29tZU5vZGU6MjE5MTAzNg==,163.0,163.0,163.0,163.0
T2ZmZXJUYWJsZU9mZmVyTm9kZToxMDEwNjc1Nzc=,RmlnaHROb2RlOjM3NTMw,U3BvcnRzYm9va05vZGU6MTA=,T3V0Y29tZU5vZGU6MjE1MjMyOA==,-240.0,-350.0,-325.0,-210.0,T3V0Y29tZU5vZGU6MjE1MjMyNw==,190.0,170.0,250.0,275.0
T2ZmZXJUYWJsZU9mZmVyTm9kZToxMDEwODc4NjA=,RmlnaHROb2RlOjM3NTMw,U3BvcnRzYm9va05vZGU6Mjc=,T3V0Y29tZU5vZGU6MjE5MTAyMw==,-275.0,-333.0,-286.0,-275.0,T3V0Y29tZU5vZGU6MjE5MTAyNA==,188.0,188.0,195.0,220.0
T2ZmZXJUYWJsZU9mZmVyTm9kZToxMDEwODc1MjQ=,RmlnaHROb2RlOjM3NTMw,U3BvcnRzYm9va05vZGU6MjE=,T3V0Y29tZU5vZGU6MjE5MDM5MA==,-240.0,-275.0,-275.0,-240.0,T3V0Y29tZU5vZGU6MjE5MDM4OQ==,220.0,215.0,215.0,245.0
T2ZmZXJUYWJsZU9mZmVyTm9kZToxMDEwODc1MzI=,RmlnaHROb2RlOjYzMzc5,U3BvcnRzYm9va05vZGU6MjE=,T3V0Y29tZU5vZGU6MjE5MDQwNQ==,190.0,125.0,125.0,190.0,T3V0Y29tZU5vZGU6MjE5MDQwNg==,-210.0,-210.0,-155.0,-155.0
T2ZmZXJUYWJsZU9mZmVyTm9kZToxMDEwNjc1ODU=,RmlnaHROb2RlOjYzMzc5,U3BvcnRzYm9va05vZGU6MTA=,T3V0Y29tZU5vZGU6MjE1MjM0Mw==,170.0,120.0,125.0,170.0,T3V0Y29tZU5vZGU6MjE1MjM0NA==,-210.0,-210.0,-155.0,-150.0
T2ZmZXJUYWJsZU9mZmVyTm9kZToxMDEwODc4NjM=,RmlnaHROb2RlOjYzMzc5,U3BvcnRzYm9va05vZGU6Mjc=,T3V0Y29tZU5vZGU6MjE5MTAyOQ==,163.0,110.0,110.0,163.0,T3V0Y29tZU5vZGU6MjE5MTAzMA==,-225.0,-225.0,-154.0,-154.0
T2ZmZXJUYWJsZU9mZmVyTm9kZToxMDEwOTE0MzI=,RmlnaHROb2RlOjYzMzc1,U3BvcnRzYm9va05vZGU6Mjc=,T3V0Y29tZU5vZGU6MjE5NzQ0Mg==,-275.0,-275.0,-275.0,-275.0,T3V0Y29tZU5vZGU6MjE5NzQ0Mw==,188.0,188.0,188.0,188.0
T2ZmZXJUYWJsZU9mZmVyTm9kZToxMDEwOTY5MDM=,RmlnaHROb2RlOjYzMzc1,U3BvcnRzYm9va05vZGU6MjE=,T3V0Y29tZU5vZGU6MjIwODMzNw==,-270.0,-270.0,-270.0,-270.0,T3V0Y29tZU5vZGU6MjIwODMzNg==,210.0,210.0,210.0,210.0
T2ZmZXJUYWJsZU9mZmVyTm9kZToxMDEwOTMwNTA=,RmlnaHROb2RlOjYzMzc1,U3BvcnRzYm9va05vZGU6MTA=,T3V0Y29tZU5vZGU6MjIwMDY2Ng==,-350.0,-350.0,-325.0,-270.0,T3V0Y29tZU5vZGU6MjIwMDY2NQ==,275.0,210.0,250.0,275.0
T2ZmZXJUYWJsZU9mZmVyTm9kZToxMDExMDU0ODM=,RmlnaHROb2RlOjM3NTI3,U3BvcnRzYm9va05vZGU6MTA=,T3V0Y29tZU5vZGU6MjIyNTQ4NQ==,170.0,-140.0,-140.0,170.0,T3V0Y29tZU5vZGU6MjIyNTQ4NA==,-215.0,-215.0,110.0,110.0
T2ZmZXJUYWJsZU9mZmVyTm9kZToxMDExMzQyODI=,RmlnaHROb2RlOjM3NTI3,U3BvcnRzYm9va05vZGU6MjE=,T3V0Y29tZU5vZGU6MjI4MDc4Mw==,-125.0,-125.0,-125.0,-125.0,T3V0Y29tZU5vZGU6MjI4MDc4Mg==,-105.0,-105.0,-105.0,-105.0
T2ZmZXJUYWJsZU9mZmVyTm9kZToxMDExMzE3NjI=,RmlnaHROb2RlOjM3NTI3,U3BvcnRzYm9va05vZGU6Mjc=,T3V0Y29tZU5vZGU6MjI3NTkzNg==,-133.0,-133.0,-133.0,-133.0,T3V0Y29tZU5vZGU6MjI3NTkzNw==,-105.0,-105.0,-105.0,-105.0
T2ZmZXJUYWJsZU9mZmVyTm9kZToxMDExMzQyODU=,RmlnaHROb2RlOjM3NTI4,U3BvcnRzYm9va05vZGU6MjE=,T3V0Y29tZU5vZGU6MjI4MDc4OQ==,-285.0,-700.0,-700.0,-285.0,T3V0Y29tZU5vZGU6MjI4MDc4OA==,215.0,215.0,450.0,450.0
T2ZmZXJUYWJsZU9mZmVyTm9kZToxMDExMDU0ODY=,RmlnaHROb2RlOjM3NTI4,U3BvcnRzYm9va05vZGU6MTA=,T3V0Y29tZU5vZGU6MjIyNTQ5MQ==,-145.0,-700.0,-700.0,-145.0,T3V0Y29tZU5vZGU6MjIyNTQ5MA==,115.0,115.0,450.0,450.0
T2ZmZXJUYWJsZU9mZmVyTm9kZToxMDExMzE3OTY=,RmlnaHROb2RlOjM3NTI4,U3BvcnRzYm9va05vZGU6Mjc=,T3V0Y29tZU5vZGU6MjI3NTk4MA==,-275.0,-275.0,-275.0,-275.0,T3V0Y29tZU5vZGU6MjI3NTk4MQ==,188.0,188.0,188.0,188.0
T2ZmZXJUYWJsZU9mZmVyTm9kZToxMDExNTQ3MjA=,RmlnaHROb2RlOjYyOTM0,U3BvcnRzYm9va05vZGU6MTA=,T3V0Y29tZU5vZGU6MjMxNzY0Mg==,110.0,-110.0,-110.0,110.0,T3V0Y29tZU5vZGU6MjMxNzY0Mw==,-130.0,-130.0,-120.0,-110.0
T2ZmZXJUYWJsZU9mZmVyTm9kZToxMDExNjkyNzU=,RmlnaHROb2RlOjYyOTM0,U3BvcnRzYm9va05vZGU6Mjc=,T3V0Y29tZU5vZGU6MjM0NDQ4OQ==,-118.0,-118.0,-118.0,-118.0,T3V0Y29tZU5vZGU6MjM0NDQ5MA==,-118.0,-118.0,-118.0,-118.0
T2ZmZXJUYWJsZU9mZmVyTm9kZToxMDExNTQ3MjM=,RmlnaHROb2RlOjM3ODUz,U3BvcnRzYm9va05vZGU6MTA=,T3V0Y29tZU5vZGU6MjMxNzY0OA==,130.0,130.0,165.0,175.0,T3V0Y29tZU5vZGU6MjMxNzY0OQ==,-160.0,-215.0,-205.0,-160.0
T2ZmZXJUYWJsZU9mZmVyTm9kZToxMDExNjcyNDc=,RmlnaHROb2RlOjM3NTI1,U3BvcnRzYm9va05vZGU6Mjc=,T3V0Y29tZU5vZGU6MjM0MDc3OA==,-143.0,-143.0,-125.0,-125.0,T3V0Y29tZU5vZGU6MjM0MDc3OQ==,105.0,-110.0,-110.0,105.0
T2ZmZXJUYWJsZU9mZmVyTm9kZToxMDExNTQ3MTQ=,RmlnaHROb2RlOjM3NTI1,U3BvcnRzYm9va05vZGU6MTA=,T3V0Y29tZU5vZGU6MjMxNzYzMA==,-115.0,-155.0,120.0,120.0,T3V0Y29tZU5vZGU6MjMxNzYzMQ==,-115.0,-150.0,-150.0,125.0
T2ZmZXJUYWJsZU9mZmVyTm9kZToxMDExNjcyNjU=,RmlnaHROb2RlOjYyOTMz,U3BvcnRzYm9va05vZGU6Mjc=,T3V0Y29tZU5vZGU6MjM0MDgxNQ==,105.0,-150.0,-150.0,105.0,T3V0Y29tZU5vZGU6MjM0MDgxNA==,-143.0,-143.0,110.0,110.0
T2ZmZXJUYWJsZU9mZmVyTm9kZToxMDExNTQ3MTk=,RmlnaHROb2RlOjYyOTMz,U3BvcnRzYm9va05vZGU6MTA=,T3V0Y29tZU5vZGU6MjMxNzY0MA==,-115.0,-160.0,-160.0,110.0,T3V0Y29tZU5vZGU6MjMxNzY0MQ==,-115.0,-140.0,130.0,130.0
T2ZmZXJUYWJsZU9mZmVyTm9kZToxMDExODE5MDQ=,RmlnaHROb2RlOjM3Nzcw,U3BvcnRzYm9va05vZGU6Mjg=,T3V0Y29tZU5vZGU6MjM2ODMzNA==,-140.0,-225.0,-225.0,-135.0,T3V0Y29tZU5vZGU6MjM2ODMzMw==,110.0,105.0,180.0,180.0
T2ZmZXJUYWJsZU9mZmVyTm9kZToxMDExODA0NjM=,RmlnaHROb2RlOjM3Nzcw,U3BvcnRzYm9va05vZGU6Mjc=,T3V0Y29tZU5vZGU6MjM2NTg2OA==,-143.0,-175.0,-175.0,-133.0,T3V0Y29tZU5vZGU6MjM2NTg2OQ==,105.0,-105.0,125.0,125.0
T2ZmZXJUYWJsZU9mZmVyTm9kZToxMDExNzc2NjE=,RmlnaHROb2RlOjM3Nzcw,U3BvcnRzYm9va05vZGU6MTA=,T3V0Y29tZU5vZGU6MjM2MDg0Ng==,-300.0,-300.0,-244.0,-115.0,T3V0Y29tZU5vZGU6MjM2MDg0Nw==,240.0,-115.0,194.0,240.0
T2ZmZXJUYWJsZU9mZmVyTm9kZToxMDExODA0NjI=,RmlnaHROb2RlOjM3ODIx,U3BvcnRzYm9va05vZGU6Mjc=,T3V0Y29tZU5vZGU6MjM2NTg2Ng==,140.0,140.0,140.0,163.0,T3V0Y29tZU5vZGU6MjM2NTg2Nw==,-200.0,-225.0,-200.0,-200.0
T2ZmZXJUYWJsZU9mZmVyTm9kZToxMDExNzc2NjI=,RmlnaHROb2RlOjM3ODIx,U3BvcnRzYm9va05vZGU6MTA=,T3V0Y29tZU5vZGU6MjM2MDg0OQ==,130.0,105.0,110.0,185.0,T3V0Y29tZU5vZGU6MjM2MDg0OA==,-160.0,-225.0,-140.0,-135.0
T2ZmZXJUYWJsZU9mZmVyTm9kZToxMDExODE5MDY=,RmlnaHROb2RlOjM3ODUx,U3BvcnRzYm9va05vZGU6Mjg=,T3V0Y29tZU5vZGU6MjM2ODMzOA==,-240.0,-700.0,-650.0,-240.0,T3V0Y29tZU5vZGU6MjM2ODMzNw==,190.0,190.0,425.0,450.0
T2ZmZXJUYWJsZU9mZmVyTm9kZToxMDExODA0NjE=,RmlnaHROb2RlOjM3ODUx,U3BvcnRzYm9va05vZGU6Mjc=,T3V0Y29tZU5vZGU6MjM2NTg2NA==,-333.0,-699.0,-699.0,-333.0,T3V0Y29tZU5vZGU6MjM2NTg2NQ==,220.0,220.0,400.0,400.0
T2ZmZXJUYWJsZU9mZmVyTm9kZToxMDExNzc5MDA=,RmlnaHROb2RlOjM3ODUx,U3BvcnRzYm9va05vZGU6MjE=,T3V0Y29tZU5vZGU6MjM2MTMyNA==,-240.0,-240.0,-240.0,-240.0,T3V0Y29tZU5vZGU6MjM2MTMyNQ==,190.0,190.0,190.0,190.0
T2ZmZXJUYWJsZU9mZmVyTm9kZToxMDExNzc2NjQ=,RmlnaHROb2RlOjM3ODUx,U3BvcnRzYm9va05vZGU6MTA=,T3V0Y29tZU5vZGU6MjM2MDg1Mg==,-225.0,-700.0,-500.0,-225.0,T3V0Y29tZU5vZGU6MjM2MDg1Mw==,185.0,185.0,375.0,450.0
T2ZmZXJUYWJsZU9mZmVyTm9kZToxMDExODE5MDc=,RmlnaHROb2RlOjM3ODM1,U3BvcnRzYm9va05vZGU6Mjg=,T3V0Y29tZU5vZGU6MjM2ODM0MA==,-200.0,-260.0,-260.0,-200.0,T3V0Y29tZU5vZGU6MjM2ODMzOQ==,160.0,160.0,200.0,200.0
T2ZmZXJUYWJsZU9mZmVyTm9kZToxMDExODA0NTg=,RmlnaHROb2RlOjM3ODM1,U3BvcnRzYm9va05vZGU6Mjc=,T3V0Y29tZU5vZGU6MjM2NTg1OA==,-225.0,-225.0,-225.0,-225.0,T3V0Y29tZU5vZGU6MjM2NTg1OQ==,163.0,163.0,163.0,163.0
T2ZmZXJUYWJsZU9mZmVyTm9kZToxMDExNzc5MDI=,RmlnaHROb2RlOjM3ODM1,U3BvcnRzYm9va05vZGU6MjE=,T3V0Y29tZU5vZGU6MjM2MTMyOA==,-120.0,-200.0,-200.0,-120.0,T3V0Y29tZU5vZGU6MjM2MTMyOQ==,-110.0,-110.0,160.0,160.0
T2ZmZXJUYWJsZU9mZmVyTm9kZToxMDExNzc2NjY=,RmlnaHROb2RlOjM3ODM1,U3BvcnRzYm9va05vZGU6MTA=,T3V0Y29tZU5vZGU6MjM2MDg1Ng==,-115.0,-260.0,-260.0,-115.0,T3V0Y29tZU5vZGU6MjM2MDg1Nw==,-115.0,-115.0,200.0,200.0
T2ZmZXJUYWJsZU9mZmVyTm9kZToxMDEyNDQ5MzE=,RmlnaHROb2RlOjM3OTQ3,U3BvcnRzYm9va05vZGU6Mjc=,T3V0Y29tZU5vZGU6MjQ5MDUzNQ==,-200.0,-400.0,-300.0,-188.0,T3V0Y29tZU5vZGU6MjQ5MDUzNg==,140.0,138.0,210.0,275.0
T2ZmZXJUYWJsZU9mZmVyTm9kZToxMDEyMzgwNTM=,RmlnaHROb2RlOjM3OTQ3,U3BvcnRzYm9va05vZGU6MTA=,T3V0Y29tZU5vZGU6MjQ3NzIzNg==,100.0,-350.0,-350.0,100.0,T3V0Y29tZU5vZGU6MjQ3NzIzNw==,-130.0,-130.0,275.0,275.0
T2ZmZXJUYWJsZU9mZmVyTm9kZToxMDEyNDQ5NTM=,RmlnaHROb2RlOjM3OTk4,U3BvcnRzYm9va05vZGU6Mjc=,T3V0Y29tZU5vZGU6MjQ5MDU3OQ==,-175.0,-175.0,-143.0,-143.0,T3V0Y29tZU5vZGU6MjQ5MDU4MA==,125.0,105.0,105.0,125.0
T2ZmZXJUYWJsZU9mZmVyTm9kZToxMDEyNDc0ODA=,RmlnaHROb2RlOjYyODQ5,U3BvcnRzYm9va05vZGU6MTA=,T3V0Y29tZU5vZGU6MjQ5NTE3Mw==,-260.0,-700.0,-700.0,-260.0,T3V0Y29tZU5vZGU6MjQ5NTE3Mg==,200.0,200.0,450.0,450.0
T2ZmZXJUYWJsZU9mZmVyTm9kZToxMDEyNDY3Mjk=,RmlnaHROb2RlOjYyODQ5,U3BvcnRzYm9va05vZGU6Mjc=,T3V0Y29tZU5vZGU6MjQ5Mzg4OQ==,-250.0,-833.0,-833.0,-250.0,T3V0Y29tZU5vZGU6MjQ5Mzg5MA==,175.0,175.0,425.0,425.0
T2ZmZXJUYWJsZU9mZmVyTm9kZToxMDEyMzgwNTQ=,RmlnaHROb2RlOjYyODUw,U3BvcnRzYm9va05vZGU6MTA=,T3V0Y29tZU5vZGU6MjQ3NzIzOQ==,-140.0,-1800.0,-1800.0,-140.0,T3V0Y29tZU5vZGU6MjQ3NzIzOA==,110.0,110.0,900.0,900.0
T2ZmZXJUYWJsZU9mZmVyTm9kZToxMDEyNDQ5Mzg=,RmlnaHROb2RlOjYyODUw,U3BvcnRzYm9va05vZGU6Mjc=,T3V0Y29tZU5vZGU6MjQ5MDU0OQ==,-350.0,-1205.0,-1205.0,-350.0,T3V0Y29tZU5vZGU6MjQ5MDU1MA==,240.0,240.0,600.0,600.0
T2ZmZXJUYWJsZU9mZmVyTm9kZToxMDEyNDQ5NTI=,RmlnaHROb2RlOjYyODUx,U3BvcnRzYm9va05vZGU6Mjc=,T3V0Y29tZU5vZGU6MjQ5MDU3OA==,188.0,188.0,220.0,220.0,T3V0Y29tZU5vZGU6MjQ5MDU3Nw==,-275.0,-333.0,-333.0,-275.0
T2ZmZXJUYWJsZU9mZmVyTm9kZToxMDEyMzgwNTY=,RmlnaHROb2RlOjYyODUx,U3BvcnRzYm9va05vZGU6MTA=,T3V0Y29tZU5vZGU6MjQ3NzI0Mg==,120.0,120.0,280.0,280.0,T3V0Y29tZU5vZGU6MjQ3NzI0Mw==,-150.0,-355.0,-355.0,-150.0
T2ZmZXJUYWJsZU9mZmVyTm9kZToxMDEyNjkwNzQ=,RmlnaHROb2RlOjM4MzM3,U3BvcnRzYm9va05vZGU6Mjg=,T3V0Y29tZU5vZGU6MjUzNDMwMA==,-210.0,-210.0,-210.0,-210.0,T3V0Y29tZU5vZGU6MjUzNDMwMQ==,165.0,165.0,165.0,165.0
T2ZmZXJUYWJsZU9mZmVyTm9kZToxMDEzMzI5OTU=,RmlnaHROb2RlOjM4MzM3,U3BvcnRzYm9va05vZGU6Mjg=,T3V0Y29tZU5vZGU6MjY1OTk2Mg==,-210.0,-210.0,-210.0,-210.0,T3V0Y29tZU5vZGU6MjY1OTk2Mw==,165.0,165.0,165.0,165.0
T2ZmZXJUYWJsZU9mZmVyTm9kZToxMDEyNjU5Njc=,RmlnaHROb2RlOjM4MzM3,U3BvcnRzYm9va05vZGU6MTA=,T3V0Y29tZU5vZGU6MjUyOTQ5OQ==,-200.0,-210.0,-180.0,-180.0,T3V0Y29tZU5vZGU6MjUyOTQ5OA==,160.0,150.0,150.0,170.0
T2ZmZXJUYWJsZU9mZmVyTm9kZToxMDEzMTExMzk=,RmlnaHROb2RlOjM4MzM3,U3BvcnRzYm9va05vZGU6MjE=,T3V0Y29tZU5vZGU6MjYxNjczMQ==,-210.0,-210.0,-210.0,-210.0,T3V0Y29tZU5vZGU6MjYxNjczMA==,165.0,165.0,165.0,165.0
T2ZmZXJUYWJsZU9mZmVyTm9kZToxMDEyODU3MTI=,RmlnaHROb2RlOjM4MzM3,U3BvcnRzYm9va05vZGU6Mjc=,T3V0Y29tZU5vZGU6MjU2NjAwMA==,-225.0,-225.0,-225.0,-225.0,T3V0Y29tZU5vZGU6MjU2NjAwMQ==,163.0,163.0,163.0,163.0
T2ZmZXJUYWJsZU9mZmVyTm9kZToxMDEzMzI5OTA=,RmlnaHROb2RlOjM4MzAw,U3BvcnRzYm9va05vZGU6Mjg=,T3V0Y29tZU5vZGU6MjY1OTk1Mg==,-200.0,-200.0,-200.0,-200.0,T3V0Y29tZU5vZGU6MjY1OTk1Mw==,160.0,160.0,160.0,160.0
T2ZmZXJUYWJsZU9mZmVyTm9kZToxMDEyODU2ODA=,RmlnaHROb2RlOjM4MzAw,U3BvcnRzYm9va05vZGU6Mjc=,T3V0Y29tZU5vZGU6MjU2NTkzNg==,-200.0,-225.0,-225.0,-200.0,T3V0Y29tZU5vZGU6MjU2NTkzNw==,140.0,140.0,163.0,163.0
T2ZmZXJUYWJsZU9mZmVyTm9kZToxMDEyNjU5NjE=,RmlnaHROb2RlOjM4MzAw,U3BvcnRzYm9va05vZGU6MTA=,T3V0Y29tZU5vZGU6MjUyOTQ4Nw==,-200.0,-215.0,-200.0,-200.0,T3V0Y29tZU5vZGU6MjUyOTQ4Ng==,160.0,160.0,160.0,175.0
T2ZmZXJUYWJsZU9mZmVyTm9kZToxMDEzMTExMzM=,RmlnaHROb2RlOjM4MzAw,U3BvcnRzYm9va05vZGU6MjE=,T3V0Y29tZU5vZGU6MjYxNjcxOQ==,-200.0,-200.0,-200.0,-200.0,T3V0Y29tZU5vZGU6MjYxNjcxOA==,160.0,160.0,160.0,160.0
T2ZmZXJUYWJsZU9mZmVyTm9kZToxMDEyNjkwNzM=,RmlnaHROb2RlOjM4MzAw,U3BvcnRzYm9va05vZGU6Mjg=,T3V0Y29tZU5vZGU6MjUzNDI5OA==,-200.0,-210.0,-200.0,-200.0,T3V0Y29tZU5vZGU6MjUzNDI5OQ==,160.0,160.0,160.0,165.0
T2ZmZXJUYWJsZU9mZmVyTm9kZToxMDEzMzI5NTE=,RmlnaHROb2RlOjM4Mzgy,U3BvcnRzYm9va05vZGU6MTA=,T3V0Y29tZU5vZGU6MjY1OTg3NA==,-145.0,-300.0,-300.0,-145.0,T3V0Y29tZU5vZGU6MjY1OTg3NQ==,115.0,115.0,240.0,240.0
T2ZmZXJUYWJsZU9mZmVyTm9kZToxMDEzNjg0MDY=,RmlnaHROb2RlOjM4MzQ3,U3BvcnRzYm9va05vZGU6MjE=,T3V0Y29tZU5vZGU6MjcyNjEzNA==,-300.0,-300.0,-300.0,-300.0,T3V0Y29tZU5vZGU6MjcyNjEzMw==,250.0,250.0,250.0,250.0
T2ZmZXJUYWJsZU9mZmVyTm9kZToxMDEzNDgxODE=,RmlnaHROb2RlOjM4MzQ3,U3BvcnRzYm9va05vZGU6MTA=,T3V0Y29tZU5vZGU6MjY4ODY4OA==,-200.0,-400.0,-290.0,-200.0,T3V0Y29tZU5vZGU6MjY4ODY4Nw==,160.0,160.0,230.0,300.0
T2ZmZXJUYWJsZU9mZmVyTm9kZToxMDEzNjE2NTk=,RmlnaHROb2RlOjM4MzQ3,U3BvcnRzYm9va05vZGU6Mjc=,T3V0Y29tZU5vZGU6MjcxNDE2MA==,-450.0,-450.0,-300.0,-300.0,T3V0Y29tZU5vZGU6MjcxNDE2MQ==,280.0,230.0,230.0,280.0
T2ZmZXJUYWJsZU9mZmVyTm9kZToxMDEzNjE2NjA=,RmlnaHROb2RlOjM4NjQx,U3BvcnRzYm9va05vZGU6Mjc=,T3V0Y29tZU5vZGU6MjcxNDE2Mg==,-105.0,-133.0,-133.0,-105.0,T3V0Y29tZU5vZGU6MjcxNDE2Mw==,-133.0,-133.0,-100.0,-100.0
T2ZmZXJUYWJsZU9mZmVyTm9kZToxMDEzNjg0MDc=,RmlnaHROb2RlOjM4NjQx,U3BvcnRzYm9va05vZGU6MjE=,T3V0Y29tZU5vZGU6MjcyNjEzNg==,-140.0,-140.0,-140.0,-140.0,T3V0Y29tZU5vZGU6MjcyNjEzNQ==,110.0,110.0,110.0,110.0
T2ZmZXJUYWJsZU9mZmVyTm9kZToxMDEzNDgxODI=,RmlnaHROb2RlOjM4NjQx,U3BvcnRzYm9va05vZGU6MTA=,T3V0Y29tZU5vZGU6MjY4ODY5MA==,-115.0,-135.0,-130.0,-105.0,T3V0Y29tZU5vZGU6MjY4ODY4OQ==,-115.0,-125.0,100.0,105.0
T2ZmZXJUYWJsZU9mZmVyTm9kZToxMDEzNjg0MDk=,RmlnaHROb2RlOjM4NjQy,U3BvcnRzYm9va05vZGU6MjE=,T3V0Y29tZU5vZGU6MjcyNjEzOQ==,200.0,200.0,200.0,200.0,T3V0Y29tZU5vZGU6MjcyNjE0MA==,-260.0,-260.0,-260.0,-260.0
T2ZmZXJUYWJsZU9mZmVyTm9kZToxMDEzNDgxODQ=,RmlnaHROb2RlOjM4NjQy,U3BvcnRzYm9va05vZGU6MTA=,T3V0Y29tZU5vZGU6MjY4ODY5Mw==,-105.0,-105.0,200.0,215.0,T3V0Y29tZU5vZGU6MjY4ODY5NA==,-125.0,-275.0,-260.0,-125.0
T2ZmZXJUYWJsZU9mZmVyTm9kZToxMDEzNjE2NTg=,RmlnaHROb2RlOjM4NjQy,U3BvcnRzYm9va05vZGU6Mjc=,T3V0Y29tZU5vZGU6MjcxNDE1OA==,188.0,188.0,188.0,188.0,T3V0Y29tZU5vZGU6MjcxNDE1OQ==,-275.0,-275.0,-275.0,-275.0
T2ZmZXJUYWJsZU9mZmVyTm9kZToxMDEzODg4MjU=,RmlnaHROb2RlOjM5MDg0,U3BvcnRzYm9va05vZGU6MjE=,T3V0Y29tZU5vZGU6Mjc2MzQzNw==,115.0,105.0,105.0,115.0,T3V0Y29tZU5vZGU6Mjc2MzQzOA==,-155.0,-155.0,-155.0,-155.0
T2ZmZXJUYWJsZU9mZmVyTm9kZToxMDEzODUzOTU=,RmlnaHROb2RlOjM5MDg0,U3BvcnRzYm9va05vZGU6MTA=,T3V0Y29tZU5vZGU6Mjc1Njc5Mw==,100.0,-120.0,-120.0,125.0,T3V0Y29tZU5vZGU6Mjc1Njc5NA==,-130.0,-155.0,-110.0,-110.0
T2ZmZXJUYWJsZU9mZmVyTm9kZToxMDEzOTg4Njg=,RmlnaHROb2RlOjM5MDg0,U3BvcnRzYm9va05vZGU6Mjc=,T3V0Y29tZU5vZGU6Mjc4MjQyMw==,115.0,-100.0,-100.0,115.0,T3V0Y29tZU5vZGU6Mjc4MjQyNA==,-150.0,-150.0,-133.0,-133.0
T2ZmZXJUYWJsZU9mZmVyTm9kZToxMDEzOTg4NjY=,RmlnaHROb2RlOjM4ODQz,U3BvcnRzYm9va05vZGU6Mjc=,T3V0Y29tZU5vZGU6Mjc4MjQxOQ==,-200.0,-200.0,-200.0,-200.0,T3V0Y29tZU5vZGU6Mjc4MjQyMA==,150.0,150.0,150.0,150.0
T2ZmZXJUYWJsZU9mZmVyTm9kZToxMDEzODU0MDE=,RmlnaHROb2RlOjM4ODQz,U3BvcnRzYm9va05vZGU6MTA=,T3V0Y29tZU5vZGU6Mjc1NjgwNg==,-225.0,-225.0,-205.0,-205.0,T3V0Y29tZU5vZGU6Mjc1NjgwNQ==,185.0,165.0,165.0,185.0
T2ZmZXJUYWJsZU9mZmVyTm9kZToxMDEzODg4MzE=,RmlnaHROb2RlOjM4ODQz,U3BvcnRzYm9va05vZGU6MjE=,T3V0Y29tZU5vZGU6Mjc2MzQ1MA==,-205.0,-205.0,-205.0,-205.0,T3V0Y29tZU5vZGU6Mjc2MzQ0OQ==,185.0,165.0,165.0,185.0
T2ZmZXJUYWJsZU9mZmVyTm9kZToxMDEzODg4Mjc=,RmlnaHROb2RlOjM4ODMx,U3BvcnRzYm9va05vZGU6MjE=,T3V0Y29tZU5vZGU6Mjc2MzQ0MQ==,115.0,105.0,105.0,115.0,T3V0Y29tZU5vZGU6Mjc2MzQ0Mg==,-155.0,-155.0,-155.0,-155.0
T2ZmZXJUYWJsZU9mZmVyTm9kZToxMDEzOTg4NjM=,RmlnaHROb2RlOjM4ODMx,U3BvcnRzYm9va05vZGU6Mjc=,T3V0Y29tZU5vZGU6Mjc4MjQxMw==,125.0,125.0,125.0,125.0,T3V0Y29tZU5vZGU6Mjc4MjQxNA==,-163.0,-163.0,-163.0,-163.0
T2ZmZXJUYWJsZU9mZmVyTm9kZToxMDEzODUzOTc=,RmlnaHROb2RlOjM4ODMx,U3BvcnRzYm9va05vZGU6MTA=,T3V0Y29tZU5vZGU6Mjc1Njc5Nw==,100.0,100.0,120.0,140.0,T3V0Y29tZU5vZGU6Mjc1Njc5OA==,-130.0,-170.0,-150.0,-130.0
T2ZmZXJUYWJsZU9mZmVyTm9kZToxMDE0NzA2NjE=,RmlnaHROb2RlOjM5MTEx,U3BvcnRzYm9va05vZGU6Mjc=,T3V0Y29tZU5vZGU6MjkyMTQ1MQ==,-225.0,-250.0,-250.0,-225.0,T3V0Y29tZU5vZGU6MjkyMTQ1Mg==,163.0,163.0,175.0,175.0
T2ZmZXJUYWJsZU9mZmVyTm9kZToxMDEzOTY1NDc=,RmlnaHROb2RlOjM5MTEx,U3BvcnRzYm9va05vZGU6MTA=,T3V0Y29tZU5vZGU6Mjc3ODA0MA==,-205.0,-325.0,-205.0,-152.0,T3V0Y29tZU5vZGU6Mjc3ODAzOQ==,165.0,122.0,165.0,250.0
T2ZmZXJUYWJsZU9mZmVyTm9kZToxMDE0NzA2ODY=,RmlnaHROb2RlOjM5MTEy,U3BvcnRzYm9va05vZGU6Mjc=,T3V0Y29tZU5vZGU6MjkyMTUwMQ==,-175.0,-175.0,-175.0,-175.0,T3V0Y29tZU5vZGU6MjkyMTUwMg==,125.0,125.0,125.0,125.0
T2ZmZXJUYWJsZU9mZmVyTm9kZToxMDEzOTY1NTY=,RmlnaHROb2RlOjM5MTEy,U3BvcnRzYm9va05vZGU6MTA=,T3V0Y29tZU5vZGU6Mjc3ODA1OA==,-160.0,-220.0,-220.0,-160.0,T3V0Y29tZU5vZGU6Mjc3ODA1Nw==,130.0,130.0,180.0,180.0
T2ZmZXJUYWJsZU9mZmVyTm9kZToxMDE0MzI0ODg=,RmlnaHROb2RlOjM5Mjg4,U3BvcnRzYm9va05vZGU6MTA=,T3V0Y29tZU5vZGU6Mjg0NzEwOQ==,-185.0,-185.0,-185.0,-185.0,T3V0Y29tZU5vZGU6Mjg0NzEwOA==,155.0,155.0,155.0,155.0
T2ZmZXJUYWJsZU9mZmVyTm9kZToxMDE1MTY0NDU=,RmlnaHROb2RlOjM5Mjg3,U3BvcnRzYm9va05vZGU6Mjc=,T3V0Y29tZU5vZGU6MzAwOTUzNQ==,-275.0,-275.0,-275.0,-275.0,T3V0Y29tZU5vZGU6MzAwOTUzNg==,188.0,188.0,188.0,188.0
T2ZmZXJUYWJsZU9mZmVyTm9kZToxMDE1MTM5ODY=,RmlnaHROb2RlOjM5Mjg2,U3BvcnRzYm9va05vZGU6Mjc=,T3V0Y29tZU5vZGU6MzAwNTIwMg==,-118.0,-225.0,-225.0,-118.0,T3V0Y29tZU5vZGU6MzAwNTIwMw==,-118.0,-118.0,163.0,163.0
T2ZmZXJUYWJsZU9mZmVyTm9kZToxMDE1MTczMjA=,RmlnaHROb2RlOjM5Mjg2,U3BvcnRzYm9va05vZGU6MjE=,T3V0Y29tZU5vZGU6MzAxMDk5OA==,-180.0,-250.0,-250.0,-180.0,T3V0Y29tZU5vZGU6MzAxMDk5OQ==,140.0,140.0,230.0,230.0
T2ZmZXJUYWJsZU9mZmVyTm9kZToxMDE0MzI0ODU=,RmlnaHROb2RlOjM5Mjg2,U3BvcnRzYm9va05vZGU6MTA=,T3V0Y29tZU5vZGU6Mjg0NzEwMg==,-115.0,-245.0,-245.0,-115.0,T3V0Y29tZU5vZGU6Mjg0NzEwMw==,-115.0,-115.0,195.0,195.0
T2ZmZXJUYWJsZU9mZmVyTm9kZToxMDE1MjM5NzQ=,RmlnaHROb2RlOjM5MzYx,U3BvcnRzYm9va05vZGU6Mjc=,T3V0Y29tZU5vZGU6MzAyMjIzMA==,-150.0,-450.0,-450.0,-150.0,T3V0Y29tZU5vZGU6MzAyMjIzMQ==,110.0,110.0,280.0,280.0
T2ZmZXJUYWJsZU9mZmVyTm9kZToxMDE1MjUxMTg=,RmlnaHROb2RlOjM5MzYx,U3BvcnRzYm9va05vZGU6MjE=,T3V0Y29tZU5vZGU6MzAyMzkzMA==,-150.0,-150.0,-150.0,-150.0,T3V0Y29tZU5vZGU6MzAyMzkyOQ==,120.0,120.0,120.0,120.0
T2ZmZXJUYWJsZU9mZmVyTm9kZToxMDE1MjYzNDI=,RmlnaHROb2RlOjM5MzYx,U3BvcnRzYm9va05vZGU6Mjg=,T3V0Y29tZU5vZGU6MzAyNTc3Mw==,-200.0,-200.0,-200.0,-200.0,T3V0Y29tZU5vZGU6MzAyNTc3NA==,160.0,160.0,160.0,160.0
T2ZmZXJUYWJsZU9mZmVyTm9kZToxMDE1Mjc5OTA=,RmlnaHROb2RlOjM5MzYx,U3BvcnRzYm9va05vZGU6Mjg=,T3V0Y29tZU5vZGU6MzAyODk4NA==,-400.0,-400.0,-400.0,-400.0,T3V0Y29tZU5vZGU6MzAyODk4NQ==,300.0,300.0,300.0,300.0
T2ZmZXJUYWJsZU9mZmVyTm9kZToxMDE0NzU0NTA=,RmlnaHROb2RlOjM5MzYx,U3BvcnRzYm9va05vZGU6MTA=,T3V0Y29tZU5vZGU6MjkzMDY0MA==,-140.0,-500.0,-500.0,-140.0,T3V0Y29tZU5vZGU6MjkzMDYzOQ==,110.0,110.0,375.0,375.0
T2ZmZXJUYWJsZU9mZmVyTm9kZToxMDE1MzQxNjM=,RmlnaHROb2RlOjYyODkz,U3BvcnRzYm9va05vZGU6MjE=,T3V0Y29tZU5vZGU6MzA0MDU0Nw==,-120.0,-120.0,-120.0,-120.0,T3V0Y29tZU5vZGU6MzA0MDU0OA==,-110.0,-110.0,-110.0,-110.0
T2ZmZXJUYWJsZU9mZmVyTm9kZToxMDE1MzY5NDg=,RmlnaHROb2RlOjYyODkz,U3BvcnRzYm9va05vZGU6Mjc=,T3V0Y29tZU5vZGU6MzA0NTQ3Mg==,-133.0,-175.0,-175.0,-133.0,T3V0Y29tZU5vZGU6MzA0NTQ3Mw==,-105.0,-105.0,125.0,125.0
T2ZmZXJUYWJsZU9mZmVyTm9kZToxMDE1MjY2MTg=,RmlnaHROb2RlOjYyODkz,U3BvcnRzYm9va05vZGU6MTA=,T3V0Y29tZU5vZGU6MzAyNjMyNQ==,135.0,-160.0,-160.0,135.0,T3V0Y29tZU5vZGU6MzAyNjMyNg==,-165.0,-165.0,130.0,130.0
T2ZmZXJUYWJsZU9mZmVyTm9kZToxMDE1MzYxODE=,RmlnaHROb2RlOjM5NzMz,U3BvcnRzYm9va05vZGU6Mjc=,T3V0Y29tZU5vZGU6MzA0NDI2MQ==,-188.0,-200.0,-175.0,-175.0,T3V0Y29tZU5vZGU6MzA0NDI2Mg==,140.0,125.0,125.0,140.0
T2ZmZXJUYWJsZU9mZmVyTm9kZToxMDE1MjY2MTk=,RmlnaHROb2RlOjM5NzMz,U3BvcnRzYm9va05vZGU6MTA=,T3V0Y29tZU5vZGU6MzAyNjMyOA==,-185.0,-185.0,-160.0,-160.0,T3V0Y29tZU5vZGU6MzAyNjMyNw==,155.0,130.0,130.0,155.0
T2ZmZXJUYWJsZU9mZmVyTm9kZToxMDE1MzQxNjQ=,RmlnaHROb2RlOjM5NzMz,U3BvcnRzYm9va05vZGU6MjE=,T3V0Y29tZU5vZGU6MzA0MDU1MA==,-185.0,-185.0,-185.0,-185.0,T3V0Y29tZU5vZGU6MzA0MDU0OQ==,155.0,155.0,155.0,155.0
T2ZmZXJUYWJsZU9mZmVyTm9kZToxMDE1MzYxODI=,RmlnaHROb2RlOjM5NzQy,U3BvcnRzYm9va05vZGU6Mjc=,T3V0Y29tZU5vZGU6MzA0NDI2Mw==,-150.0,-150.0,-105.0,-105.0,T3V0Y29tZU5vZGU6MzA0NDI2NA==,110.0,-133.0,-133.0,110.0
T2ZmZXJUYWJsZU9mZmVyTm9kZToxMDE1MzQxNjY=,RmlnaHROb2RlOjM5NzQy,U3BvcnRzYm9va05vZGU6MjE=,T3V0Y29tZU5vZGU6MzA0MDU1NA==,-150.0,-150.0,-150.0,-150.0,T3V0Y29tZU5vZGU6MzA0MDU1Mw==,120.0,120.0,120.0,120.0
T2ZmZXJUYWJsZU9mZmVyTm9kZToxMDE1MjY2MjE=,RmlnaHROb2RlOjM5NzQy,U3BvcnRzYm9va05vZGU6MTA=,T3V0Y29tZU5vZGU6MzAyNjMzMg==,-150.0,-150.0,115.0,115.0,T3V0Y29tZU5vZGU6MzAyNjMzMQ==,120.0,-145.0,-145.0,120.0
T2ZmZXJUYWJsZU9mZmVyTm9kZToxMDE1Mzk2ODk=,RmlnaHROb2RlOjU5MzMz,U3BvcnRzYm9va05vZGU6Mjc=,T3V0Y29tZU5vZGU6MzA1MDYwNg==,-150.0,-150.0,-143.0,-143.0,T3V0Y29tZU5vZGU6MzA1MDYwNw==,110.0,105.0,105.0,110.0
T2ZmZXJUYWJsZU9mZmVyTm9kZToxMDE1MzQxNjU=,RmlnaHROb2RlOjU5MzMz,U3BvcnRzYm9va05vZGU6MjE=,T3V0Y29tZU5vZGU6MzA0MDU1Mg==,-165.0,-165.0,-165.0,-165.0,T3V0Y29tZU5vZGU6MzA0MDU1MQ==,135.0,135.0,135.0,135.0
T2ZmZXJUYWJsZU9mZmVyTm9kZToxMDE1MjY2MjA=,RmlnaHROb2RlOjU5MzMz,U3BvcnRzYm9va05vZGU6MTA=,T3V0Y29tZU5vZGU6MzAyNjMzMA==,-165.0,-165.0,-135.0,-135.0,T3V0Y29tZU5vZGU6MzAyNjMyOQ==,135.0,105.0,105.0,135.0
T2ZmZXJUYWJsZU9mZmVyTm9kZToxMDE1MjY2MjI=,RmlnaHROb2RlOjU5MzMy,U3BvcnRzYm9va05vZGU6MTA=,T3V0Y29tZU5vZGU6MzAyNjMzNA==,-175.0,-175.0,-105.0,-105.0,T3V0Y29tZU5vZGU6MzAyNjMzMw==,145.0,-125.0,-125.0,145.0
T2ZmZXJUYWJsZU9mZmVyTm9kZToxMDE1NDA2NzY=,RmlnaHROb2RlOjU5MzMy,U3BvcnRzYm9va05vZGU6Mjc=,T3V0Y29tZU5vZGU6MzA1MjM3Mw==,-118.0,-118.0,-118.0,-118.0,T3V0Y29tZU5vZGU6MzA1MjM3Mg==,-118.0,-118.0,-118.0,-118.0
T2ZmZXJUYWJsZU9mZmVyTm9kZToxMDE1MzQxNjc=,RmlnaHROb2RlOjU5MzMy,U3BvcnRzYm9va05vZGU6MjE=,T3V0Y29tZU5vZGU6MzA0MDU1Ng==,-150.0,-150.0,-150.0,-150.0,T3V0Y29tZU5vZGU6MzA0MDU1NQ==,120.0,120.0,120.0,120.0
T2ZmZXJUYWJsZU9mZmVyTm9kZToxMDE1MzQwMDk=,RmlnaHROb2RlOjM5NzMx,U3BvcnRzYm9va05vZGU6Mjc=,T3V0Y29tZU5vZGU6MzA0MDIzOQ==,-125.0,-125.0,-105.0,-105.0,T3V0Y29tZU5vZGU6MzA0MDI0MA==,-110.0,-133.0,-133.0,-110.0
T2ZmZXJUYWJsZU9mZmVyTm9kZToxMDE1MjY2MTQ=,RmlnaHROb2RlOjM5NzMx,U3BvcnRzYm9va05vZGU6MTA=,T3V0Y29tZU5vZGU6MzAyNjMxOA==,-130.0,-130.0,100.0,100.0,T3V0Y29tZU5vZGU6MzAyNjMxNw==,100.0,-130.0,-130.0,100.0
T2ZmZXJUYWJsZU9mZmVyTm9kZToxMDE1MzQxNTk=,RmlnaHROb2RlOjM5NzMx,U3BvcnRzYm9va05vZGU6MjE=,T3V0Y29tZU5vZGU6MzA0MDU0MA==,-120.0,-120.0,-120.0,-120.0,T3V0Y29tZU5vZGU6MzA0MDUzOQ==,-110.0,-110.0,-110.0,-110.0
T2ZmZXJUYWJsZU9mZmVyTm9kZToxMDE1MjY2MTU=,RmlnaHROb2RlOjM5NzMy,U3BvcnRzYm9va05vZGU6MTA=,T3V0Y29tZU5vZGU6MzAyNjMxOQ==,170.0,130.0,135.0,170.0,T3V0Y29tZU5vZGU6MzAyNjMyMA==,-210.0,-210.0,-165.0,-160.0
T2ZmZXJUYWJsZU9mZmVyTm9kZToxMDE1MzYxODA=,RmlnaHROb2RlOjM5NzMy,U3BvcnRzYm9va05vZGU6Mjc=,T3V0Y29tZU5vZGU6MzA0NDI1OQ==,130.0,125.0,125.0,130.0,T3V0Y29tZU5vZGU6MzA0NDI2MA==,-175.0,-175.0,-175.0,-175.0
T2ZmZXJUYWJsZU9mZmVyTm9kZToxMDE1MzQxNjA=,RmlnaHROb2RlOjM5NzMy,U3BvcnRzYm9va05vZGU6MjE=,T3V0Y29tZU5vZGU6MzA0MDU0MQ==,135.0,135.0,135.0,135.0,T3V0Y29tZU5vZGU6MzA0MDU0Mg==,-165.0,-165.0,-165.0,-165.0
T2ZmZXJUYWJsZU9mZmVyTm9kZToxMDE1NDg0NDc=,RmlnaHROb2RlOjM5NzI4,U3BvcnRzYm9va05vZGU6Mjc=,T3V0Y29tZU5vZGU6MzA2NzA0Mw==,-188.0,-225.0,-225.0,-188.0,T3V0Y29tZU5vZGU6MzA2NzA0NA==,138.0,138.0,163.0,163.0
T2ZmZXJUYWJsZU9mZmVyTm9kZToxMDE1NDc0MDc=,RmlnaHROb2RlOjM5NzI4,U3BvcnRzYm9va05vZGU6MjE=,T3V0Y29tZU5vZGU6MzA2NTAyNA==,-170.0,-170.0,-170.0,-170.0,T3V0Y29tZU5vZGU6MzA2NTAyMw==,130.0,130.0,130.0,130.0
T2ZmZXJUYWJsZU9mZmVyTm9kZToxMDE1NDU3MDQ=,RmlnaHROb2RlOjM5NzI4,U3BvcnRzYm9va05vZGU6MTA=,T3V0Y29tZU5vZGU6MzA2MjA0MA==,-140.0,-215.0,-210.0,-140.0,T3V0Y29tZU5vZGU6MzA2MjAzOQ==,110.0,110.0,170.0,175.0
T2ZmZXJUYWJsZU9mZmVyTm9kZToxMDE1NDU3MDU=,RmlnaHROb2RlOjM5NzI5,U3BvcnRzYm9va05vZGU6MTA=,T3V0Y29tZU5vZGU6MzA2MjA0Mg==,-160.0,-205.0,-205.0,-160.0,T3V0Y29tZU5vZGU6MzA2MjA0MQ==,130.0,130.0,165.0,165.0
T2ZmZXJUYWJsZU9mZmVyTm9kZToxMDE1NDg0NDk=,RmlnaHROb2RlOjM5NzI5,U3BvcnRzYm9va05vZGU6Mjc=,T3V0Y29tZU5vZGU6MzA2NzA0Nw==,-200.0,-225.0,-225.0,-200.0,T3V0Y29tZU5vZGU6MzA2NzA0OA==,140.0,140.0,163.0,163.0
T2ZmZXJUYWJsZU9mZmVyTm9kZToxMDE1NDg0NTI=,RmlnaHROb2RlOjM5NzI1,U3BvcnRzYm9va05vZGU6Mjc=,T3V0Y29tZU5vZGU6MzA2NzA1Mw==,-188.0,-275.0,-275.0,-188.0,T3V0Y29tZU5vZGU6MzA2NzA1NA==,138.0,138.0,188.0,188.0
T2ZmZXJUYWJsZU9mZmVyTm9kZToxMDE1NTIwNTA=,RmlnaHROb2RlOjM5NzI1,U3BvcnRzYm9va05vZGU6MjE=,T3V0Y29tZU5vZGU6MzA3MzMwOQ==,-180.0,-180.0,-180.0,-180.0,T3V0Y29tZU5vZGU6MzA3MzMwOA==,140.0,140.0,140.0,140.0
T2ZmZXJUYWJsZU9mZmVyTm9kZToxMDE1NDU3MDE=,RmlnaHROb2RlOjM5NzI1,U3BvcnRzYm9va05vZGU6MTA=,T3V0Y29tZU5vZGU6MzA2MjAzNA==,-150.0,-260.0,-240.0,-150.0,T3V0Y29tZU5vZGU6MzA2MjAzMw==,120.0,120.0,190.0,200.0
T2ZmZXJUYWJsZU9mZmVyTm9kZToxMDE1NDg0NDY=,RmlnaHROb2RlOjM5NzMw,U3BvcnRzYm9va05vZGU6Mjc=,T3V0Y29tZU5vZGU6MzA2NzA0MQ==,-188.0,-200.0,-200.0,-188.0,T3V0Y29tZU5vZGU6MzA2NzA0Mg==,138.0,138.0,140.0,140.0
T2ZmZXJUYWJsZU9mZmVyTm9kZToxMDE1NDU3MDk=,RmlnaHROb2RlOjM5NzMw,U3BvcnRzYm9va05vZGU6MTA=,T3V0Y29tZU5vZGU6MzA2MjA1MA==,-115.0,-205.0,-180.0,-115.0,T3V0Y29tZU5vZGU6MzA2MjA0OQ==,-115.0,-115.0,150.0,165.0
T2ZmZXJUYWJsZU9mZmVyTm9kZToxMDE1NDc0MTI=,RmlnaHROb2RlOjM5NzMw,U3BvcnRzYm9va05vZGU6MjE=,T3V0Y29tZU5vZGU6MzA2NTAzNA==,-170.0,-170.0,-170.0,-170.0,T3V0Y29tZU5vZGU6MzA2NTAzMw==,140.0,140.0,140.0,140.0
T2ZmZXJUYWJsZU9mZmVyTm9kZToxMDE1NDc0MDk=,RmlnaHROb2RlOjM5NzU0,U3BvcnRzYm9va05vZGU6MjE=,T3V0Y29tZU5vZGU6MzA2NTAyOA==,-300.0,-460.0,-460.0,-300.0,T3V0Y29tZU5vZGU6MzA2NTAyNw==,200.0,200.0,285.0,285.0
T2ZmZXJUYWJsZU9mZmVyTm9kZToxMDE1NDU3MDY=,RmlnaHROb2RlOjM5NzU0,U3BvcnRzYm9va05vZGU6MTA=,T3V0Y29tZU5vZGU6MzA2MjA0NA==,-240.0,-600.0,-600.0,-240.0,T3V0Y29tZU5vZGU6MzA2MjA0Mw==,190.0,190.0,400.0,400.0
T2ZmZXJUYWJsZU9mZmVyTm9kZToxMDE1NDg0NDU=,RmlnaHROb2RlOjM5NzU0,U3BvcnRzYm9va05vZGU6Mjc=,T3V0Y29tZU5vZGU6MzA2NzAzOQ==,-450.0,-450.0,-450.0,-450.0,T3V0Y29tZU5vZGU6MzA2NzA0MA==,280.0,280.0,280.0,280.0
T2ZmZXJUYWJsZU9mZmVyTm9kZToxMDE1NDg0NTQ=,RmlnaHROb2RlOjM5NzI3,U3BvcnRzYm9va05vZGU6Mjc=,T3V0Y29tZU5vZGU6MzA2NzA1Nw==,-333.0,-500.0,-500.0,-333.0,T3V0Y29tZU5vZGU6MzA2NzA1OA==,220.0,220.0,300.0,300.0
T2ZmZXJUYWJsZU9mZmVyTm9kZToxMDE1NDU3MDM=,RmlnaHROb2RlOjM5NzI3,U3BvcnRzYm9va05vZGU6MTA=,T3V0Y29tZU5vZGU6MzA2MjAzOA==,-200.0,-450.0,-425.0,-200.0,T3V0Y29tZU5vZGU6MzA2MjAzNw==,160.0,160.0,325.0,350.0
T2ZmZXJUYWJsZU9mZmVyTm9kZToxMDE1NTIwNTE=,RmlnaHROb2RlOjM5NzI2,U3BvcnRzYm9va05vZGU6MjE=,T3V0Y29tZU5vZGU6MzA3MzMxMQ==,-170.0,-170.0,-170.0,-170.0,T3V0Y29tZU5vZGU6MzA3MzMxMA==,130.0,130.0,130.0,130.0
T2ZmZXJUYWJsZU9mZmVyTm9kZToxMDE1NDU3MDI=,RmlnaHROb2RlOjM5NzI2,U3BvcnRzYm9va05vZGU6MTA=,T3V0Y29tZU5vZGU6MzA2MjAzNg==,-400.0,-400.0,-150.0,-150.0,T3V0Y29tZU5vZGU6MzA2MjAzNQ==,300.0,120.0,120.0,300.0
T2ZmZXJUYWJsZU9mZmVyTm9kZToxMDE1NDg0NTM=,RmlnaHROb2RlOjM5NzI2,U3BvcnRzYm9va05vZGU6Mjc=,T3V0Y29tZU5vZGU6MzA2NzA1NQ==,-200.0,-200.0,-175.0,-175.0,T3V0Y29tZU5vZGU6MzA2NzA1Ng==,140.0,125.0,125.0,140.0
T2ZmZXJUYWJsZU9mZmVyTm9kZToxMDE1NjI1MzE=,RmlnaHROb2RlOjM5OTMx,U3BvcnRzYm9va05vZGU6MTA=,T3V0Y29tZU5vZGU6MzA5Mjg0Ng==,-170.0,-260.0,-240.0,-170.0,T3V0Y29tZU5vZGU6MzA5Mjg0NQ==,140.0,140.0,190.0,205.0
T2ZmZXJUYWJsZU9mZmVyTm9kZToxMDE1OTAzNDk=,RmlnaHROb2RlOjM5OTMx,U3BvcnRzYm9va05vZGU6MjE=,T3V0Y29tZU5vZGU6MzE0NjM2OQ==,-260.0,-260.0,-260.0,-260.0,T3V0Y29tZU5vZGU6MzE0NjM2OA==,200.0,200.0,200.0,200.0
T2ZmZXJUYWJsZU9mZmVyTm9kZToxMDE1ODkxMDc=,RmlnaHROb2RlOjM5OTMx,U3BvcnRzYm9va05vZGU6Mjc=,T3V0Y29tZU5vZGU6MzE0MzkxNg==,-275.0,-275.0,-275.0,-275.0,T3V0Y29tZU5vZGU6MzE0MzkxNw==,188.0,188.0,188.0,188.0
T2ZmZXJUYWJsZU9mZmVyTm9kZToxMDE1OTAzNTc=,RmlnaHROb2RlOjYyOTEw,U3BvcnRzYm9va05vZGU6MjE=,T3V0Y29tZU5vZGU6MzE0NjM4NQ==,-170.0,-170.0,-170.0,-170.0,T3V0Y29tZU5vZGU6MzE0NjM4NA==,140.0,140.0,140.0,140.0
T2ZmZXJUYWJsZU9mZmVyTm9kZToxMDE1NjI1Mzk=,RmlnaHROb2RlOjYyOTEw,U3BvcnRzYm9va05vZGU6MTA=,T3V0Y29tZU5vZGU6MzA5Mjg2Mg==,-170.0,-170.0,-170.0,-170.0,T3V0Y29tZU5vZGU6MzA5Mjg2MQ==,140.0,140.0,140.0,140.0
T2ZmZXJUYWJsZU9mZmVyTm9kZToxMDE1OTYxOTg=,RmlnaHROb2RlOjYyOTEw,U3BvcnRzYm9va05vZGU6Mjc=,T3V0Y29tZU5vZGU6MzE1NzU1Mg==,-188.0,-188.0,-188.0,-188.0,T3V0Y29tZU5vZGU6MzE1NzU1Mw==,138.0,138.0,138.0,138.0
T2ZmZXJUYWJsZU9mZmVyTm9kZToxMDE1OTAzNTM=,RmlnaHROb2RlOjYyOTA3,U3BvcnRzYm9va05vZGU6MjE=,T3V0Y29tZU5vZGU6MzE0NjM3Nw==,-205.0,-205.0,-205.0,-205.0,T3V0Y29tZU5vZGU6MzE0NjM3Ng==,165.0,165.0,165.0,165.0
T2ZmZXJUYWJsZU9mZmVyTm9kZToxMDE1OTYxOTc=,RmlnaHROb2RlOjYyOTA3,U3BvcnRzYm9va05vZGU6Mjc=,T3V0Y29tZU5vZGU6MzE1NzU1MQ==,-225.0,-225.0,-225.0,-225.0,T3V0Y29tZU5vZGU6MzE1NzU1MA==,163.0,163.0,163.0,163.0
T2ZmZXJUYWJsZU9mZmVyTm9kZToxMDE1NjI1MzU=,RmlnaHROb2RlOjYyOTA3,U3BvcnRzYm9va05vZGU6MTA=,T3V0Y29tZU5vZGU6MzA5Mjg1NA==,-165.0,-205.0,-205.0,-165.0,T3V0Y29tZU5vZGU6MzA5Mjg1Mw==,135.0,135.0,165.0,165.0
T2ZmZXJUYWJsZU9mZmVyTm9kZToxMDE1NjI1MzM=,RmlnaHROb2RlOjYyOTA2,U3BvcnRzYm9va05vZGU6MTA=,T3V0Y29tZU5vZGU6MzA5Mjg1MA==,-220.0,-300.0,-300.0,-220.0,T3V0Y29tZU5vZGU6MzA5Mjg0OQ==,180.0,180.0,240.0,240.0
T2ZmZXJUYWJsZU9mZmVyTm9kZToxMDE1OTYyMjM=,RmlnaHROb2RlOjYyOTA2,U3BvcnRzYm9va05vZGU6Mjc=,T3V0Y29tZU5vZGU6MzE1NzYwMg==,-275.0,-275.0,-275.0,-275.0,T3V0Y29tZU5vZGU6MzE1NzYwMw==,188.0,188.0,188.0,188.0
T2ZmZXJUYWJsZU9mZmVyTm9kZToxMDE1OTAzNTE=,RmlnaHROb2RlOjYyOTA2,U3BvcnRzYm9va05vZGU6MjE=,T3V0Y29tZU5vZGU6MzE0NjM3Mw==,-260.0,-260.0,-260.0,-260.0,T3V0Y29tZU5vZGU6MzE0NjM3Mg==,200.0,200.0,200.0,200.0
T2ZmZXJUYWJsZU9mZmVyTm9kZToxMDE1NjI1MzI=,RmlnaHROb2RlOjQwMDI4,U3BvcnRzYm9va05vZGU6MTA=,T3V0Y29tZU5vZGU6MzA5Mjg0Nw==,125.0,125.0,190.0,190.0,T3V0Y29tZU5vZGU6MzA5Mjg0OA==,-155.0,-240.0,-240.0,-155.0
T2ZmZXJUYWJsZU9mZmVyTm9kZToxMDE1OTYyMjI=,RmlnaHROb2RlOjQwMDI4,U3BvcnRzYm9va05vZGU6Mjc=,T3V0Y29tZU5vZGU6MzE1NzYwMQ==,140.0,140.0,140.0,140.0,T3V0Y29tZU5vZGU6MzE1NzYwMA==,-200.0,-200.0,-200.0,-200.0
T2ZmZXJUYWJsZU9mZmVyTm9kZToxMDE1OTAzNTA=,RmlnaHROb2RlOjQwMDI4,U3BvcnRzYm9va05vZGU6MjE=,T3V0Y29tZU5vZGU6MzE0NjM3MA==,160.0,160.0,160.0,160.0,T3V0Y29tZU5vZGU6MzE0NjM3MQ==,-200.0,-200.0,-200.0,-200.0
T2ZmZXJUYWJsZU9mZmVyTm9kZToxMDE1NjI1Mzc=,RmlnaHROb2RlOjYyOTA4,U3BvcnRzYm9va05vZGU6MTA=,T3V0Y29tZU5vZGU6MzA5Mjg1Nw==,120.0,115.0,115.0,120.0,T3V0Y29tZU5vZGU6MzA5Mjg1OA==,-150.0,-150.0,-145.0,-145.0
T2ZmZXJUYWJsZU9mZmVyTm9kZToxMDE1OTAzNTU=,RmlnaHROb2RlOjYyOTA4,U3BvcnRzYm9va05vZGU6MjE=,T3V0Y29tZU5vZGU6MzE0NjM4MA==,120.0,120.0,120.0,120.0,T3V0Y29tZU5vZGU6MzE0NjM4MQ==,-150.0,-150.0,-150.0,-150.0
T2ZmZXJUYWJsZU9mZmVyTm9kZToxMDE1OTYxOTk=,RmlnaHROb2RlOjYyOTA4,U3BvcnRzYm9va05vZGU6Mjc=,T3V0Y29tZU5vZGU6MzE1NzU1NA==,120.0,120.0,120.0,120.0,T3V0Y29tZU5vZGU6MzE1NzU1NQ==,-163.0,-163.0,-163.0,-163.0
T2ZmZXJUYWJsZU9mZmVyTm9kZToxMDE2NDgxNDA=,RmlnaHROb2RlOjQxMzY4,U3BvcnRzYm9va05vZGU6Mjg=,T3V0Y29tZU5vZGU6MzI1NjQ4OA==,-270.0,-270.0,-270.0,-270.0,T3V0Y29tZU5vZGU6MzI1NjQ4OQ==,210.0,210.0,210.0,210.0
T2ZmZXJUYWJsZU9mZmVyTm9kZToxMDE2NDc2OTc=,RmlnaHROb2RlOjQxMzY4,U3BvcnRzYm9va05vZGU6Mjg=,T3V0Y29tZU5vZGU6MzI1NTYwMg==,-260.0,-280.0,-270.0,-260.0,T3V0Y29tZU5vZGU6MzI1NTYwMw==,200.0,200.0,210.0,210.0
T2ZmZXJUYWJsZU9mZmVyTm9kZToxMDE2MTQzODE=,RmlnaHROb2RlOjQxMzY4,U3BvcnRzYm9va05vZGU6Mjc=,T3V0Y29tZU5vZGU6MzE5MjkwMQ==,-275.0,-275.0,-275.0,-275.0,T3V0Y29tZU5vZGU6MzE5MjkwMA==,188.0,188.0,188.0,188.0
T2ZmZXJUYWJsZU9mZmVyTm9kZToxMDE2MzQ4NTI=,RmlnaHROb2RlOjQxMzY4,U3BvcnRzYm9va05vZGU6MjE=,T3V0Y29tZU5vZGU6MzIzMjEzNw==,-275.0,-275.0,-270.0,-270.0,T3V0Y29tZU5vZGU6MzIzMjEzNg==,215.0,210.0,210.0,215.0
T2ZmZXJUYWJsZU9mZmVyTm9kZToxMDE1OTM0MjU=,RmlnaHROb2RlOjQxMzY4,U3BvcnRzYm9va05vZGU6MTA=,T3V0Y29tZU5vZGU6MzE1MjE0MQ==,-260.0,-285.0,-285.0,-260.0,T3V0Y29tZU5vZGU6MzE1MjE0MA==,200.0,200.0,225.0,225.0
T2ZmZXJUYWJsZU9mZmVyTm9kZToxMDE2MzQ4NTM=,RmlnaHROb2RlOjYzMDc3,U3BvcnRzYm9va05vZGU6MjE=,T3V0Y29tZU5vZGU6MzIzMjEzOQ==,-185.0,-185.0,-145.0,-145.0,T3V0Y29tZU5vZGU6MzIzMjEzOA==,155.0,115.0,115.0,155.0
T2ZmZXJUYWJsZU9mZmVyTm9kZToxMDE2MTQ0MDg=,RmlnaHROb2RlOjYzMDc3,U3BvcnRzYm9va05vZGU6Mjc=,T3V0Y29tZU5vZGU6MzE5Mjk1NQ==,-200.0,-200.0,-150.0,-150.0,T3V0Y29tZU5vZGU6MzE5Mjk1NA==,140.0,110.0,110.0,140.0
T2ZmZXJUYWJsZU9mZmVyTm9kZToxMDE2MTM5NzU=,RmlnaHROb2RlOjYzMDc3,U3BvcnRzYm9va05vZGU6Mjg=,T3V0Y29tZU5vZGU6MzE5MjEwMQ==,-185.0,-185.0,-135.0,-135.0,T3V0Y29tZU5vZGU6MzE5MjEwMg==,155.0,105.0,105.0,155.0
T2ZmZXJUYWJsZU9mZmVyTm9kZToxMDE2NDc2OTg=,RmlnaHROb2RlOjYzMDc3,U3BvcnRzYm9va05vZGU6Mjg=,T3V0Y29tZU5vZGU6MzI1NTYwNA==,-135.0,-135.0,-135.0,-135.0,T3V0Y29tZU5vZGU6MzI1NTYwNQ==,105.0,105.0,105.0,105.0
T2ZmZXJUYWJsZU9mZmVyTm9kZToxMDE1OTM0MjY=,RmlnaHROb2RlOjYzMDc3,U3BvcnRzYm9va05vZGU6MTA=,T3V0Y29tZU5vZGU6MzE1MjE0Mw==,-185.0,-185.0,-136.0,-135.0,T3V0Y29tZU5vZGU6MzE1MjE0Mg==,155.0,105.0,106.0,155.0
T2ZmZXJUYWJsZU9mZmVyTm9kZToxMDE2NDcyNDQ=,RmlnaHROb2RlOjYzMDc5,U3BvcnRzYm9va05vZGU6Mjg=,T3V0Y29tZU5vZGU6MzI1NDcwNQ==,-450.0,-500.0,-500.0,-450.0,T3V0Y29tZU5vZGU6MzI1NDcwNg==,325.0,325.0,350.0,350.0
T2ZmZXJUYWJsZU9mZmVyTm9kZToxMDE2NDY2OTU=,RmlnaHROb2RlOjYzMDc5,U3BvcnRzYm9va05vZGU6MjE=,T3V0Y29tZU5vZGU6MzI1MzgwNg==,-450.0,-500.0,-500.0,-450.0,T3V0Y29tZU5vZGU6MzI1MzgwNQ==,350.0,350.0,350.0,350.0
T2ZmZXJUYWJsZU9mZmVyTm9kZToxMDE2NDIxODM=,RmlnaHROb2RlOjYzMDc5,U3BvcnRzYm9va05vZGU6MTA=,T3V0Y29tZU5vZGU6MzI0NTgzOQ==,-215.0,-500.0,-500.0,-215.0,T3V0Y29tZU5vZGU6MzI0NTgzOA==,175.0,175.0,375.0,375.0
T2ZmZXJUYWJsZU9mZmVyTm9kZToxMDE2NDQ1ODA=,RmlnaHROb2RlOjYzMDc5,U3BvcnRzYm9va05vZGU6Mjc=,T3V0Y29tZU5vZGU6MzI0OTkyMw==,-500.0,-500.0,-500.0,-500.0,T3V0Y29tZU5vZGU6MzI0OTkyNA==,300.0,300.0,300.0,300.0
T2ZmZXJUYWJsZU9mZmVyTm9kZToxMDE2MzQ4NTU=,RmlnaHROb2RlOjYzMDc4,U3BvcnRzYm9va05vZGU6MjE=,T3V0Y29tZU5vZGU6MzIzMjE0Mw==,-200.0,-200.0,-130.0,100.0,T3V0Y29tZU5vZGU6MzIzMjE0Mg==,160.0,-130.0,100.0,160.0
T2ZmZXJUYWJsZU9mZmVyTm9kZToxMDE2MTM5Nzc=,RmlnaHROb2RlOjYzMDc4,U3BvcnRzYm9va05vZGU6Mjg=,T3V0Y29tZU5vZGU6MzE5MjEwNQ==,-220.0,-220.0,-130.0,-125.0,T3V0Y29tZU5vZGU6MzE5MjEwNg==,175.0,-105.0,100.0,175.0
T2ZmZXJUYWJsZU9mZmVyTm9kZToxMDE2MzEyMjU=,RmlnaHROb2RlOjYzMDc4,U3BvcnRzYm9va05vZGU6Mjc=,T3V0Y29tZU5vZGU6MzIyNDg4Mw==,-225.0,-225.0,-100.0,-100.0,T3V0Y29tZU5vZGU6MzIyNDg4Mg==,163.0,-138.0,-138.0,163.0
T2ZmZXJUYWJsZU9mZmVyTm9kZToxMDE2NDc3MjE=,RmlnaHROb2RlOjYzMDc4,U3BvcnRzYm9va05vZGU6Mjg=,T3V0Y29tZU5vZGU6MzI1NTY1MA==,100.0,100.0,100.0,100.0,T3V0Y29tZU5vZGU6MzI1NTY1MQ==,-130.0,-130.0,-130.0,-130.0
T2ZmZXJUYWJsZU9mZmVyTm9kZToxMDE1OTM0Mjg=,RmlnaHROb2RlOjYzMDc4,U3BvcnRzYm9va05vZGU6MTA=,T3V0Y29tZU5vZGU6MzE1MjE0Nw==,-200.0,-225.0,-105.0,100.0,T3V0Y29tZU5vZGU6MzE1MjE0Ng==,160.0,-130.0,-125.0,185.0
T2ZmZXJUYWJsZU9mZmVyTm9kZToxMDE2NDY2OTY=,RmlnaHROb2RlOjYzMDgx,U3BvcnRzYm9va05vZGU6MjE=,T3V0Y29tZU5vZGU6MzI1MzgwNw==,140.0,140.0,140.0,140.0,T3V0Y29tZU5vZGU6MzI1MzgwOA==,-170.0,-170.0,-170.0,-170.0
T2ZmZXJUYWJsZU9mZmVyTm9kZToxMDE2NDc3MDQ=,RmlnaHROb2RlOjYzMDgx,U3BvcnRzYm9va05vZGU6Mjg=,T3V0Y29tZU5vZGU6MzI1NTYxNw==,115.0,115.0,115.0,115.0,T3V0Y29tZU5vZGU6MzI1NTYxNg==,-145.0,-145.0,-145.0,-145.0
T2ZmZXJUYWJsZU9mZmVyTm9kZToxMDE2NDIyMTM=,RmlnaHROb2RlOjYzMDgx,U3BvcnRzYm9va05vZGU6MTA=,T3V0Y29tZU5vZGU6MzI0NTg5OA==,145.0,113.0,113.0,145.0,T3V0Y29tZU5vZGU6MzI0NTg5OQ==,-175.0,-175.0,-143.0,-143.0
T2ZmZXJUYWJsZU9mZmVyTm9kZToxMDE2NDcyMzc=,RmlnaHROb2RlOjYzMDgx,U3BvcnRzYm9va05vZGU6Mjg=,T3V0Y29tZU5vZGU6MzI1NDY5Mg==,140.0,115.0,115.0,140.0,T3V0Y29tZU5vZGU6MzI1NDY5MQ==,-170.0,-170.0,-145.0,-145.0
T2ZmZXJUYWJsZU9mZmVyTm9kZToxMDE2NDQ1OTE=,RmlnaHROb2RlOjYzMDgx,U3BvcnRzYm9va05vZGU6Mjc=,T3V0Y29tZU5vZGU6MzI0OTk0NQ==,140.0,110.0,110.0,140.0,T3V0Y29tZU5vZGU6MzI0OTk0Ng==,-200.0,-200.0,-150.0,-150.0
T2ZmZXJUYWJsZU9mZmVyTm9kZToxMDE2NDc3MDI=,RmlnaHROb2RlOjYzMDgw,U3BvcnRzYm9va05vZGU6Mjg=,T3V0Y29tZU5vZGU6MzI1NTYxMw==,210.0,210.0,210.0,210.0,T3V0Y29tZU5vZGU6MzI1NTYxMg==,-280.0,-280.0,-280.0,-280.0
T2ZmZXJUYWJsZU9mZmVyTm9kZToxMDE2MTM5OTE=,RmlnaHROb2RlOjYzMDgw,U3BvcnRzYm9va05vZGU6Mjg=,T3V0Y29tZU5vZGU6MzE5MjEzNA==,200.0,200.0,210.0,210.0,T3V0Y29tZU5vZGU6MzE5MjEzMw==,-260.0,-280.0,-280.0,-260.0
T2ZmZXJUYWJsZU9mZmVyTm9kZToxMDE1OTM0MzI=,RmlnaHROb2RlOjYzMDgw,U3BvcnRzYm9va05vZGU6MTA=,T3V0Y29tZU5vZGU6MzE1MjE1NA==,160.0,160.0,225.0,225.0,T3V0Y29tZU5vZGU6MzE1MjE1NQ==,-200.0,-285.0,-285.0,-200.0
T2ZmZXJUYWJsZU9mZmVyTm9kZToxMDE2MzQ4NTk=,RmlnaHROb2RlOjYzMDgw,U3BvcnRzYm9va05vZGU6MjE=,T3V0Y29tZU5vZGU6MzIzMjE1MA==,200.0,200.0,200.0,200.0,T3V0Y29tZU5vZGU6MzIzMjE1MQ==,-260.0,-260.0,-260.0,-260.0
T2ZmZXJUYWJsZU9mZmVyTm9kZToxMDE2MzEyMjc=,RmlnaHROb2RlOjYzMDgw,U3BvcnRzYm9va05vZGU6Mjc=,T3V0Y29tZU5vZGU6MzIyNDg4Nw==,188.0,188.0,220.0,220.0,T3V0Y29tZU5vZGU6MzIyNDg4Ng==,-275.0,-333.0,-333.0,-275.0
T2ZmZXJUYWJsZU9mZmVyTm9kZToxMDE1OTM0MzQ=,RmlnaHROb2RlOjYzMDgy,U3BvcnRzYm9va05vZGU6MTA=,T3V0Y29tZU5vZGU6MzE1MjE1OQ==,-350.0,-350.0,-350.0,-350.0,T3V0Y29tZU5vZGU6MzE1MjE1OA==,275.0,275.0,275.0,275.0
T2ZmZXJUYWJsZU9mZmVyTm9kZToxMDE2MTM5OTM=,RmlnaHROb2RlOjYzMDgy,U3BvcnRzYm9va05vZGU6Mjg=,T3V0Y29tZU5vZGU6MzE5MjEzNw==,-350.0,-350.0,-350.0,-350.0,T3V0Y29tZU5vZGU6MzE5MjEzOA==,250.0,250.0,250.0,250.0
T2ZmZXJUYWJsZU9mZmVyTm9kZToxMDE2MzEyMjM=,RmlnaHROb2RlOjYzMDgy,U3BvcnRzYm9va05vZGU6Mjc=,T3V0Y29tZU5vZGU6MzIyNDg3OA==,-400.0,-400.0,-400.0,-400.0,T3V0Y29tZU5vZGU6MzIyNDg3OQ==,260.0,260.0,260.0,260.0
T2ZmZXJUYWJsZU9mZmVyTm9kZToxMDE2NDc3MDM=,RmlnaHROb2RlOjYzMDgy,U3BvcnRzYm9va05vZGU6Mjg=,T3V0Y29tZU5vZGU6MzI1NTYxNA==,-350.0,-350.0,-350.0,-350.0,T3V0Y29tZU5vZGU6MzI1NTYxNQ==,250.0,250.0,250.0,250.0
T2ZmZXJUYWJsZU9mZmVyTm9kZToxMDE2MzQ4NjE=,RmlnaHROb2RlOjYzMDgy,U3BvcnRzYm9va05vZGU6MjE=,T3V0Y29tZU5vZGU6MzIzMjE1NQ==,-350.0,-350.0,-350.0,-350.0,T3V0Y29tZU5vZGU6MzIzMjE1NA==,275.0,275.0,275.0,275.0
T2ZmZXJUYWJsZU9mZmVyTm9kZToxMDE2OTQyMDI=,RmlnaHROb2RlOjQxNzA0,U3BvcnRzYm9va05vZGU6MTA=,T3V0Y29tZU5vZGU6MzM0NDQwMg==,-150.0,-260.0,-260.0,-150.0,T3V0Y29tZU5vZGU6MzM0NDQwMQ==,120.0,120.0,200.0,200.0
T2ZmZXJUYWJsZU9mZmVyTm9kZToxMDE3MDg4NjE=,RmlnaHROb2RlOjQxNzA0,U3BvcnRzYm9va05vZGU6Mjc=,T3V0Y29tZU5vZGU6MzM3MjgzMw==,-188.0,-225.0,-225.0,-188.0,T3V0Y29tZU5vZGU6MzM3MjgzNA==,138.0,138.0,163.0,163.0
T2ZmZXJUYWJsZU9mZmVyTm9kZToxMDE3MTE0MDc=,RmlnaHROb2RlOjQxNzA0,U3BvcnRzYm9va05vZGU6MjE=,T3V0Y29tZU5vZGU6MzM3Njk2NQ==,-175.0,-260.0,-260.0,-175.0,T3V0Y29tZU5vZGU6MzM3Njk2NA==,145.0,145.0,200.0,200.0
T2ZmZXJUYWJsZU9mZmVyTm9kZToxMDE3MTY2MDQ=,RmlnaHROb2RlOjQxNzA0,U3BvcnRzYm9va05vZGU6Mjg=,T3V0Y29tZU5vZGU6MzM4NjM4NQ==,-175.0,-210.0,-210.0,-175.0,T3V0Y29tZU5vZGU6MzM4NjM4Ng==,145.0,145.0,165.0,165.0
T2ZmZXJUYWJsZU9mZmVyTm9kZToxMDE3MzA4MTc=,RmlnaHROb2RlOjQxMzk5,U3BvcnRzYm9va05vZGU6MTA=,T3V0Y29tZU5vZGU6MzQxMzEyOQ==,150.0,150.0,185.0,185.0,T3V0Y29tZU5vZGU6MzQxMzEzMA==,-180.0,-225.0,-225.0,-180.0
T2ZmZXJUYWJsZU9mZmVyTm9kZToxMDE3Nzk1MDI=,RmlnaHROb2RlOjQxMzk5,U3BvcnRzYm9va05vZGU6Mjg=,T3V0Y29tZU5vZGU6MzUwNTMzNw==,160.0,160.0,180.0,180.0,T3V0Y29tZU5vZGU6MzUwNTMzNg==,-200.0,-230.0,-230.0,-200.0
T2ZmZXJUYWJsZU9mZmVyTm9kZToxMDE3NzAwMjU=,RmlnaHROb2RlOjQxMzk5,U3BvcnRzYm9va05vZGU6Mjc=,T3V0Y29tZU5vZGU6MzQ4ODQwNQ==,140.0,140.0,140.0,140.0,T3V0Y29tZU5vZGU6MzQ4ODQwNA==,-200.0,-200.0,-200.0,-200.0
T2ZmZXJUYWJsZU9mZmVyTm9kZToxMDE3MzA4MTg=,RmlnaHROb2RlOjQxODgy,U3BvcnRzYm9va05vZGU6MTA=,T3V0Y29tZU5vZGU6MzQxMzEzMg==,-260.0,-260.0,-170.0,-170.0,T3V0Y29tZU5vZGU6MzQxMzEzMQ==,200.0,140.0,140.0,200.0
T2ZmZXJUYWJsZU9mZmVyTm9kZToxMDE3NzAwMjc=,RmlnaHROb2RlOjQxODgy,U3BvcnRzYm9va05vZGU6Mjc=,T3V0Y29tZU5vZGU6MzQ4ODQwOQ==,-188.0,-188.0,-188.0,-188.0,T3V0Y29tZU5vZGU6MzQ4ODQwOA==,138.0,138.0,138.0,138.0
T2ZmZXJUYWJsZU9mZmVyTm9kZToxMDE3Nzk1MDM=,RmlnaHROb2RlOjQxODgy,U3BvcnRzYm9va05vZGU6Mjg=,T3V0Y29tZU5vZGU6MzUwNTMzOA==,-170.0,-170.0,-170.0,-170.0,T3V0Y29tZU5vZGU6MzUwNTMzOQ==,140.0,140.0,140.0,140.0
T2ZmZXJUYWJsZU9mZmVyTm9kZToxMDE3Nzk1MTE=,RmlnaHROb2RlOjQxOTY5,U3BvcnRzYm9va05vZGU6Mjg=,T3V0Y29tZU5vZGU6MzUwNTM1NA==,-230.0,-230.0,-230.0,-230.0,T3V0Y29tZU5vZGU6MzUwNTM1NQ==,180.0,180.0,180.0,180.0
T2ZmZXJUYWJsZU9mZmVyTm9kZToxMDE3NzAwMjA=,RmlnaHROb2RlOjQxOTY5,U3BvcnRzYm9va05vZGU6Mjc=,T3V0Y29tZU5vZGU6MzQ4ODM5NA==,-250.0,-250.0,-250.0,-250.0,T3V0Y29tZU5vZGU6MzQ4ODM5NQ==,175.0,175.0,175.0,175.0
T2ZmZXJUYWJsZU9mZmVyTm9kZToxMDE3MzA4MjY=,RmlnaHROb2RlOjQxOTY5,U3BvcnRzYm9va05vZGU6MTA=,T3V0Y29tZU5vZGU6MzQxMzE0OA==,-145.0,-225.0,-225.0,-145.0,T3V0Y29tZU5vZGU6MzQxMzE0Nw==,115.0,115.0,185.0,185.0
T2ZmZXJUYWJsZU9mZmVyTm9kZToxMDE3MzA4MjU=,RmlnaHROb2RlOjQxNzAw,U3BvcnRzYm9va05vZGU6MTA=,T3V0Y29tZU5vZGU6MzQxMzE0Ng==,-115.0,-115.0,125.0,125.0,T3V0Y29tZU5vZGU6MzQxMzE0NQ==,-115.0,-155.0,-155.0,-115.0
T2ZmZXJUYWJsZU9mZmVyTm9kZToxMDE3NzAwMjk=,RmlnaHROb2RlOjQxNzAw,U3BvcnRzYm9va05vZGU6Mjc=,T3V0Y29tZU5vZGU6MzQ4ODQxMw==,-118.0,-118.0,-118.0,-118.0,T3V0Y29tZU5vZGU6MzQ4ODQxMg==,-118.0,-118.0,-118.0,-118.0
T2ZmZXJUYWJsZU9mZmVyTm9kZToxMDE3Nzk1MTA=,RmlnaHROb2RlOjQxNzAw,U3BvcnRzYm9va05vZGU6Mjg=,T3V0Y29tZU5vZGU6MzUwNTM1Mg==,-115.0,-115.0,-115.0,-115.0,T3V0Y29tZU5vZGU6MzUwNTM1Mw==,-115.0,-115.0,-115.0,-115.0
T2ZmZXJUYWJsZU9mZmVyTm9kZToxMDE3MzA4MTU=,RmlnaHROb2RlOjQxODgx,U3BvcnRzYm9va05vZGU6MTA=,T3V0Y29tZU5vZGU6MzQxMzEyNg==,-130.0,-150.0,-140.0,-130.0,T3V0Y29tZU5vZGU6MzQxMzEyNQ==,100.0,100.0,110.0,120.0
T2ZmZXJUYWJsZU9mZmVyTm9kZToxMDE3Nzk1MDA=,RmlnaHROb2RlOjQxODgx,U3BvcnRzYm9va05vZGU6Mjg=,T3V0Y29tZU5vZGU6MzUwNTMzMg==,-140.0,-140.0,-140.0,-140.0,T3V0Y29tZU5vZGU6MzUwNTMzMw==,110.0,110.0,110.0,110.0
T2ZmZXJUYWJsZU9mZmVyTm9kZToxMDE3NzAwMTg=,RmlnaHROb2RlOjQxODgx,U3BvcnRzYm9va05vZGU6Mjc=,T3V0Y29tZU5vZGU6MzQ4ODM5MA==,-143.0,-163.0,-163.0,-143.0,T3V0Y29tZU5vZGU6MzQ4ODM5MQ==,105.0,105.0,120.0,120.0
T2ZmZXJUYWJsZU9mZmVyTm9kZToxMDE3Nzk0OTk=,RmlnaHROb2RlOjQxMzk4,U3BvcnRzYm9va05vZGU6Mjg=,T3V0Y29tZU5vZGU6MzUwNTMzMA==,-245.0,-400.0,-400.0,-245.0,T3V0Y29tZU5vZGU6MzUwNTMzMQ==,195.0,195.0,300.0,300.0
T2ZmZXJUYWJsZU9mZmVyTm9kZToxMDE2NDgwMzI=,RmlnaHROb2RlOjQxMzk4,U3BvcnRzYm9va05vZGU6MTA=,T3V0Y29tZU5vZGU6MzI1NjI3Mw==,-160.0,-400.0,-400.0,-160.0,T3V0Y29tZU5vZGU6MzI1NjI3Mg==,130.0,130.0,300.0,300.0
T2ZmZXJUYWJsZU9mZmVyTm9kZToxMDE2NjA2MDM=,RmlnaHROb2RlOjQxMzk4,U3BvcnRzYm9va05vZGU6Mjc=,T3V0Y29tZU5vZGU6MzI4MDc2Ng==,-250.0,-333.0,-275.0,-250.0,T3V0Y29tZU5vZGU6MzI4MDc2Nw==,175.0,175.0,225.0,225.0
T2ZmZXJUYWJsZU9mZmVyTm9kZToxMDE3NzAwMjM=,RmlnaHROb2RlOjQxOTY4,U3BvcnRzYm9va05vZGU6Mjc=,T3V0Y29tZU5vZGU6MzQ4ODQwMA==,-105.0,-105.0,-105.0,-105.0,T3V0Y29tZU5vZGU6MzQ4ODQwMQ==,-133.0,-133.0,-133.0,-133.0
T2ZmZXJUYWJsZU9mZmVyTm9kZToxMDE3MzA4MTk=,RmlnaHROb2RlOjQxOTY4,U3BvcnRzYm9va05vZGU6MTA=,T3V0Y29tZU5vZGU6MzQxMzEzMw==,135.0,100.0,130.0,135.0,T3V0Y29tZU5vZGU6MzQxMzEzNA==,-165.0,-165.0,-160.0,-130.0
T2ZmZXJUYWJsZU9mZmVyTm9kZToxMDE3Nzk1MDQ=,RmlnaHROb2RlOjQxOTY4,U3BvcnRzYm9va05vZGU6Mjg=,T3V0Y29tZU5vZGU6MzUwNTM0MQ==,105.0,105.0,115.0,115.0,T3V0Y29tZU5vZGU6MzUwNTM0MA==,-135.0,-145.0,-145.0,-135.0
T2ZmZXJUYWJsZU9mZmVyTm9kZToxMDE4MDIwODA=,RmlnaHROb2RlOjQxODk2,U3BvcnRzYm9va05vZGU6Mjg=,T3V0Y29tZU5vZGU6MzU0Nzc4MQ==,-230.0,-245.0,-245.0,-230.0,T3V0Y29tZU5vZGU6MzU0Nzc4Mg==,180.0,180.0,195.0,195.0
T2ZmZXJUYWJsZU9mZmVyTm9kZToxMDE3OTUyMTA=,RmlnaHROb2RlOjQxODk2,U3BvcnRzYm9va05vZGU6MTA=,T3V0Y29tZU5vZGU6MzUzNDI5Mw==,-240.0,-265.0,-260.0,-225.0,T3V0Y29tZU5vZGU6MzUzNDI5Mg==,190.0,185.0,200.0,205.0
T2ZmZXJUYWJsZU9mZmVyTm9kZToxMDE3OTc2NzM=,RmlnaHROb2RlOjQxODk2,U3BvcnRzYm9va05vZGU6Mjc=,T3V0Y29tZU5vZGU6MzUzOTExNA==,-225.0,-250.0,-250.0,-225.0,T3V0Y29tZU5vZGU6MzUzOTExNQ==,163.0,163.0,175.0,175.0
T2ZmZXJUYWJsZU9mZmVyTm9kZToxMDE3ODYyNTA=,RmlnaHROb2RlOjQxOTY1,U3BvcnRzYm9va05vZGU6MTA=,T3V0Y29tZU5vZGU6MzUxNzI0Mg==,-185.0,-550.0,-285.0,-185.0,T3V0Y29tZU5vZGU6MzUxNzI0MQ==,155.0,155.0,225.0,385.0
T2ZmZXJUYWJsZU9mZmVyTm9kZToxMDE3OTc2NzQ=,RmlnaHROb2RlOjQxOTY1,U3BvcnRzYm9va05vZGU6Mjc=,T3V0Y29tZU5vZGU6MzUzOTExNw==,-275.0,-333.0,-333.0,-275.0,T3V0Y29tZU5vZGU6MzUzOTExNg==,200.0,188.0,220.0,220.0
T2ZmZXJUYWJsZU9mZmVyTm9kZToxMDE4MDIxMDA=,RmlnaHROb2RlOjQxOTY1,U3BvcnRzYm9va05vZGU6Mjg=,T3V0Y29tZU5vZGU6MzU0NzgyMQ==,-190.0,-550.0,-550.0,-190.0,T3V0Y29tZU5vZGU6MzU0NzgyMg==,155.0,155.0,375.0,375.0
T2ZmZXJUYWJsZU9mZmVyTm9kZToxMDE4MDIwOTg=,RmlnaHROb2RlOjQxODIx,U3BvcnRzYm9va05vZGU6Mjg=,T3V0Y29tZU5vZGU6MzU0NzgxNw==,-190.0,-260.0,-260.0,-190.0,T3V0Y29tZU5vZGU6MzU0NzgxOA==,155.0,155.0,200.0,200.0
T2ZmZXJUYWJsZU9mZmVyTm9kZToxMDE3OTc2NzA=,RmlnaHROb2RlOjQxODIx,U3BvcnRzYm9va05vZGU6Mjc=,T3V0Y29tZU5vZGU6MzUzOTEwOA==,-200.0,-225.0,-225.0,-200.0,T3V0Y29tZU5vZGU6MzUzOTEwOQ==,150.0,150.0,163.0,163.0
T2ZmZXJUYWJsZU9mZmVyTm9kZToxMDE3OTUyMDY=,RmlnaHROb2RlOjQxODIx,U3BvcnRzYm9va05vZGU6MTA=,T3V0Y29tZU5vZGU6MzUzNDI4NQ==,-200.0,-300.0,-275.0,-185.0,T3V0Y29tZU5vZGU6MzUzNDI4NA==,160.0,155.0,215.0,240.0
T2ZmZXJUYWJsZU9mZmVyTm9kZToxMDE4MzQ2NTI=,RmlnaHROb2RlOjQyNTE1,U3BvcnRzYm9va05vZGU6MTA=,T3V0Y29tZU5vZGU6MzYwOTc1Nw==,-220.0,-400.0,-350.0,-220.0,T3V0Y29tZU5vZGU6MzYwOTc1Ng==,180.0,180.0,275.0,300.0
T2ZmZXJUYWJsZU9mZmVyTm9kZToxMDE4MzkxMjU=,RmlnaHROb2RlOjQyNTE1,U3BvcnRzYm9va05vZGU6Mjg=,T3V0Y29tZU5vZGU6MzYxODA1Nw==,-350.0,-350.0,-350.0,-350.0,T3V0Y29tZU5vZGU6MzYxODA1OA==,250.0,250.0,250.0,250.0
T2ZmZXJUYWJsZU9mZmVyTm9kZToxMDE4Mzg5Mzc=,RmlnaHROb2RlOjQyNTE1,U3BvcnRzYm9va05vZGU6Mjc=,T3V0Y29tZU5vZGU6MzYxNzY4MQ==,-350.0,-350.0,-350.0,-350.0,T3V0Y29tZU5vZGU6MzYxNzY4Mg==,250.0,250.0,250.0,250.0
T2ZmZXJUYWJsZU9mZmVyTm9kZToxMDE4Mzg5NDA=,RmlnaHROb2RlOjQyNTE0,U3BvcnRzYm9va05vZGU6Mjc=,T3V0Y29tZU5vZGU6MzYxNzY4Nw==,-120.0,-120.0,105.0,105.0,T3V0Y29tZU5vZGU6MzYxNzY4OA==,-110.0,-138.0,-138.0,-110.0
T2ZmZXJUYWJsZU9mZmVyTm9kZToxMDE4MzkxMjg=,RmlnaHROb2RlOjQyNTE0,U3BvcnRzYm9va05vZGU6Mjg=,T3V0Y29tZU5vZGU6MzYxODA2Mw==,-115.0,-115.0,110.0,110.0,T3V0Y29tZU5vZGU6MzYxODA2NA==,-115.0,-140.0,-140.0,-115.0
T2ZmZXJUYWJsZU9mZmVyTm9kZToxMDE4MzQ2NDU=,RmlnaHROb2RlOjQyNTE0,U3BvcnRzYm9va05vZGU6MTA=,T3V0Y29tZU5vZGU6MzYwOTc0Mw==,-165.0,-165.0,110.0,110.0,T3V0Y29tZU5vZGU6MzYwOTc0Mg==,135.0,-140.0,-140.0,135.0
T2ZmZXJUYWJsZU9mZmVyTm9kZToxMDE4Mzg5NDk=,RmlnaHROb2RlOjQyNTk4,U3BvcnRzYm9va05vZGU6Mjc=,T3V0Y29tZU5vZGU6MzYxNzcwNQ==,-275.0,-275.0,-275.0,-275.0,T3V0Y29tZU5vZGU6MzYxNzcwNg==,200.0,200.0,200.0,200.0
T2ZmZXJUYWJsZU9mZmVyTm9kZToxMDE4MzkxMjc=,RmlnaHROb2RlOjQyNTk4,U3BvcnRzYm9va05vZGU6Mjg=,T3V0Y29tZU5vZGU6MzYxODA2MQ==,-260.0,-600.0,-600.0,-260.0,T3V0Y29tZU5vZGU6MzYxODA2Mg==,200.0,200.0,400.0,400.0
T2ZmZXJUYWJsZU9mZmVyTm9kZToxMDE4MzkwMDk=,RmlnaHROb2RlOjQyNTk4,U3BvcnRzYm9va05vZGU6MTA=,T3V0Y29tZU5vZGU6MzYxNzgyNg==,-260.0,-1200.0,-1200.0,-245.0,T3V0Y29tZU5vZGU6MzYxNzgyNQ==,200.0,195.0,650.0,650.0
T2ZmZXJUYWJsZU9mZmVyTm9kZToxMDE4Nzk4NTA=,RmlnaHROb2RlOjQyODg0,U3BvcnRzYm9va05vZGU6MTA=,T3V0Y29tZU5vZGU6MzY5MzM5OQ==,-240.0,-500.0,-500.0,-240.0,T3V0Y29tZU5vZGU6MzY5MzM5OA==,190.0,190.0,375.0,375.0
T2ZmZXJUYWJsZU9mZmVyTm9kZToxMDE4NzgzMzg=,RmlnaHROb2RlOjQyNjY3,U3BvcnRzYm9va05vZGU6Mjc=,T3V0Y29tZU5vZGU6MzY5MDUxMg==,-105.0,-105.0,-105.0,-105.0,T3V0Y29tZU5vZGU6MzY5MDUxMw==,-125.0,-125.0,-125.0,-125.0
T2ZmZXJUYWJsZU9mZmVyTm9kZToxMDE4NjgxMjk=,RmlnaHROb2RlOjQyNjY3,U3BvcnRzYm9va05vZGU6MTA=,T3V0Y29tZU5vZGU6MzY3MTgwNQ==,-270.0,-270.0,120.0,125.0,T3V0Y29tZU5vZGU6MzY3MTgwNg==,210.0,-155.0,-150.0,210.0
T2ZmZXJUYWJsZU9mZmVyTm9kZToxMDE4Nzk1NTI=,RmlnaHROb2RlOjQyNjY3,U3BvcnRzYm9va05vZGU6Mjg=,T3V0Y29tZU5vZGU6MzY5MjgyMw==,110.0,110.0,120.0,120.0,T3V0Y29tZU5vZGU6MzY5MjgyMg==,-140.0,-150.0,-150.0,-140.0
T2ZmZXJUYWJsZU9mZmVyTm9kZToxMDE4OTk3NDc=,RmlnaHROb2RlOjQyNzA1,U3BvcnRzYm9va05vZGU6Mjc=,T3V0Y29tZU5vZGU6MzczMjM4OQ==,-275.0,-400.0,-400.0,-275.0,T3V0Y29tZU5vZGU6MzczMjM5MA==,200.0,200.0,275.0,275.0
T2ZmZXJUYWJsZU9mZmVyTm9kZToxMDE4OTcwMTM=,RmlnaHROb2RlOjQyNzA1,U3BvcnRzYm9va05vZGU6MTA=,T3V0Y29tZU5vZGU6MzcyNjk0MA==,-130.0,-650.0,-650.0,-130.0,T3V0Y29tZU5vZGU6MzcyNjk0MQ==,100.0,100.0,475.0,475.0
T2ZmZXJUYWJsZU9mZmVyTm9kZToxMDE4OTk3NDI=,RmlnaHROb2RlOjQyOTEy,U3BvcnRzYm9va05vZGU6Mjc=,T3V0Y29tZU5vZGU6MzczMjM3OQ==,200.0,200.0,200.0,200.0,T3V0Y29tZU5vZGU6MzczMjM4MA==,-275.0,-275.0,-275.0,-275.0
T2ZmZXJUYWJsZU9mZmVyTm9kZToxMDE4OTcwMTI=,RmlnaHROb2RlOjQyOTEy,U3BvcnRzYm9va05vZGU6MTA=,T3V0Y29tZU5vZGU6MzcyNjkzOA==,185.0,160.0,170.0,200.0,T3V0Y29tZU5vZGU6MzcyNjkzOQ==,-225.0,-260.0,-210.0,-200.0
T2ZmZXJUYWJsZU9mZmVyTm9kZToxMDE5NDE5OTY=,RmlnaHROb2RlOjQyOTgz,U3BvcnRzYm9va05vZGU6Mjc=,T3V0Y29tZU5vZGU6MzgxMDYzMA==,-120.0,-120.0,-120.0,-120.0,T3V0Y29tZU5vZGU6MzgxMDYzMQ==,-110.0,-110.0,-110.0,-110.0
T2ZmZXJUYWJsZU9mZmVyTm9kZToxMDE5NDA3Nzk=,RmlnaHROb2RlOjQyOTgz,U3BvcnRzYm9va05vZGU6MTA=,T3V0Y29tZU5vZGU6MzgwODM4MQ==,-150.0,-150.0,-130.0,-118.0,T3V0Y29tZU5vZGU6MzgwODM4Mg==,120.0,-112.0,100.0,120.0
T2ZmZXJUYWJsZU9mZmVyTm9kZToxMDE5NTA5ODU=,RmlnaHROb2RlOjQzMDQy,U3BvcnRzYm9va05vZGU6MTA=,T3V0Y29tZU5vZGU6MzgyNjM2Mw==,-165.0,-215.0,-215.0,-125.0,T3V0Y29tZU5vZGU6MzgyNjM2Mg==,135.0,-105.0,175.0,175.0
T2ZmZXJUYWJsZU9mZmVyTm9kZToxMDE5NTM2NTc=,RmlnaHROb2RlOjQzMDQy,U3BvcnRzYm9va05vZGU6Mjg=,T3V0Y29tZU5vZGU6MzgzMTcwNQ==,-165.0,-165.0,-165.0,-130.0,T3V0Y29tZU5vZGU6MzgzMTcwNg==,135.0,100.0,135.0,135.0
T2ZmZXJUYWJsZU9mZmVyTm9kZToxMDE5NjA5MTc=,RmlnaHROb2RlOjQzMDQy,U3BvcnRzYm9va05vZGU6Mjc=,T3V0Y29tZU5vZGU6Mzg0NDk5MQ==,-120.0,-250.0,-250.0,-120.0,T3V0Y29tZU5vZGU6Mzg0NDk5Mg==,-110.0,-110.0,175.0,175.0
T2ZmZXJUYWJsZU9mZmVyTm9kZToxMDE5NjA5MTU=,RmlnaHROb2RlOjQzMDA3,U3BvcnRzYm9va05vZGU6Mjc=,T3V0Y29tZU5vZGU6Mzg0NDk4Nw==,-250.0,-250.0,-250.0,-250.0,T3V0Y29tZU5vZGU6Mzg0NDk4OA==,180.0,180.0,180.0,180.0
T2ZmZXJUYWJsZU9mZmVyTm9kZToxMDE5NTA5ODQ=,RmlnaHROb2RlOjQzMDY3,U3BvcnRzYm9va05vZGU6MTA=,T3V0Y29tZU5vZGU6MzgyNjM2MA==,-115.0,-115.0,125.0,125.0,T3V0Y29tZU5vZGU6MzgyNjM2MQ==,-115.0,-155.0,-155.0,-115.0
T2ZmZXJUYWJsZU9mZmVyTm9kZToxMDE5NjA5MTg=,RmlnaHROb2RlOjQzMDY3,U3BvcnRzYm9va05vZGU6Mjc=,T3V0Y29tZU5vZGU6Mzg0NDk5Mw==,-100.0,-100.0,120.0,120.0,T3V0Y29tZU5vZGU6Mzg0NDk5NA==,-133.0,-163.0,-163.0,-133.0
T2ZmZXJUYWJsZU9mZmVyTm9kZToxMDE5NTM2NTY=,RmlnaHROb2RlOjQzMDY3,U3BvcnRzYm9va05vZGU6Mjg=,T3V0Y29tZU5vZGU6MzgzMTcwNA==,110.0,110.0,110.0,110.0,T3V0Y29tZU5vZGU6MzgzMTcwMw==,-140.0,-140.0,-140.0,-140.0
T2ZmZXJUYWJsZU9mZmVyTm9kZToxMDE5NTA5ODE=,RmlnaHROb2RlOjQzMDA4,U3BvcnRzYm9va05vZGU6MTA=,T3V0Y29tZU5vZGU6MzgyNjM1NQ==,-185.0,-205.0,-205.0,-185.0,T3V0Y29tZU5vZGU6MzgyNjM1NA==,155.0,155.0,165.0,165.0
T2ZmZXJUYWJsZU9mZmVyTm9kZToxMDE5NTM2NTM=,RmlnaHROb2RlOjQzMDA4,U3BvcnRzYm9va05vZGU6Mjg=,T3V0Y29tZU5vZGU6MzgzMTY5Nw==,-210.0,-210.0,-210.0,-210.0,T3V0Y29tZU5vZGU6MzgzMTY5OA==,165.0,165.0,165.0,165.0
T2ZmZXJUYWJsZU9mZmVyTm9kZToxMDE5NjA5MTQ=,RmlnaHROb2RlOjQzMDA4,U3BvcnRzYm9va05vZGU6Mjc=,T3V0Y29tZU5vZGU6Mzg0NDk4NQ==,-200.0,-200.0,-200.0,-200.0,T3V0Y29tZU5vZGU6Mzg0NDk4Ng==,150.0,150.0,150.0,150.0
T2ZmZXJUYWJsZU9mZmVyTm9kZToxMDE5NjA4OTg=,RmlnaHROb2RlOjQzMTMx,U3BvcnRzYm9va05vZGU6Mjc=,T3V0Y29tZU5vZGU6Mzg0NDk2Mg==,-225.0,-225.0,-225.0,-225.0,T3V0Y29tZU5vZGU6Mzg0NDk2Mw==,163.0,163.0,163.0,163.0
T2ZmZXJUYWJsZU9mZmVyTm9kZToxMDE5NTM2NTE=,RmlnaHROb2RlOjYyODg2,U3BvcnRzYm9va05vZGU6Mjg=,T3V0Y29tZU5vZGU6MzgzMTY5NA==,150.0,145.0,145.0,150.0,T3V0Y29tZU5vZGU6MzgzMTY5Mw==,-180.0,-180.0,-175.0,-175.0
T2ZmZXJUYWJsZU9mZmVyTm9kZToxMDE5NTA5Nzk=,RmlnaHROb2RlOjYyODg2,U3BvcnRzYm9va05vZGU6MTA=,T3V0Y29tZU5vZGU6MzgyNjM1MA==,140.0,140.0,165.0,165.0,T3V0Y29tZU5vZGU6MzgyNjM1MQ==,-170.0,-205.0,-205.0,-170.0
T2ZmZXJUYWJsZU9mZmVyTm9kZToxMDE5NjA5MTY=,RmlnaHROb2RlOjYyODg2,U3BvcnRzYm9va05vZGU6Mjc=,T3V0Y29tZU5vZGU6Mzg0NDk5MA==,150.0,150.0,150.0,150.0,T3V0Y29tZU5vZGU6Mzg0NDk4OQ==,-200.0,-200.0,-200.0,-200.0
T2ZmZXJUYWJsZU9mZmVyTm9kZToxMDE5NTA5Nzg=,RmlnaHROb2RlOjQzNDA3,U3BvcnRzYm9va05vZGU6MTA=,T3V0Y29tZU5vZGU6MzgyNjM0OQ==,-260.0,-260.0,-225.0,-220.0,T3V0Y29tZU5vZGU6MzgyNjM0OA==,200.0,180.0,185.0,200.0
T2ZmZXJUYWJsZU9mZmVyTm9kZToxMDE5NTM2NTA=,RmlnaHROb2RlOjQzNDA3,U3BvcnRzYm9va05vZGU6Mjg=,T3V0Y29tZU5vZGU6MzgzMTY5MQ==,-250.0,-250.0,-250.0,-250.0,T3V0Y29tZU5vZGU6MzgzMTY5Mg==,200.0,200.0,200.0,200.0
T2ZmZXJUYWJsZU9mZmVyTm9kZToxMDE5NjI2OTg=,RmlnaHROb2RlOjQzNDA3,U3BvcnRzYm9va05vZGU6Mjc=,T3V0Y29tZU5vZGU6Mzg0ODEzMA==,-225.0,-225.0,-225.0,-225.0,T3V0Y29tZU5vZGU6Mzg0ODEzMQ==,163.0,163.0,163.0,163.0
T2ZmZXJUYWJsZU9mZmVyTm9kZToxMDE5NTA5Nzc=,RmlnaHROb2RlOjYyODg1,U3BvcnRzYm9va05vZGU6MTA=,T3V0Y29tZU5vZGU6MzgyNjM0Nw==,-130.0,-250.0,-120.0,-120.0,T3V0Y29tZU5vZGU6MzgyNjM0Ng==,100.0,-110.0,-110.0,200.0
T2ZmZXJUYWJsZU9mZmVyTm9kZToxMDE5NjA4OTc=,RmlnaHROb2RlOjYyODg1,U3BvcnRzYm9va05vZGU6Mjc=,T3V0Y29tZU5vZGU6Mzg0NDk2MA==,-250.0,-275.0,-200.0,-200.0,T3V0Y29tZU5vZGU6Mzg0NDk2MQ==,180.0,150.0,150.0,188.0
T2ZmZXJUYWJsZU9mZmVyTm9kZToxMDE5NTM2NDk=,RmlnaHROb2RlOjYyODg1,U3BvcnRzYm9va05vZGU6Mjg=,T3V0Y29tZU5vZGU6MzgzMTY4OQ==,-200.0,-240.0,-240.0,-200.0,T3V0Y29tZU5vZGU6MzgzMTY5MA==,160.0,160.0,190.0,190.0
T2ZmZXJUYWJsZU9mZmVyTm9kZToxMDE5NTM2NDg=,RmlnaHROb2RlOjQzMDY2,U3BvcnRzYm9va05vZGU6Mjg=,T3V0Y29tZU5vZGU6MzgzMTY4Nw==,120.0,120.0,120.0,120.0,T3V0Y29tZU5vZGU6MzgzMTY4OA==,-150.0,-150.0,-150.0,-150.0
T2ZmZXJUYWJsZU9mZmVyTm9kZToxMDE5NTA5NzY=,RmlnaHROb2RlOjQzMDY2,U3BvcnRzYm9va05vZGU6MTA=,T3V0Y29tZU5vZGU6MzgyNjM0NQ==,-210.0,-210.0,100.0,120.0,T3V0Y29tZU5vZGU6MzgyNjM0NA==,170.0,-150.0,-130.0,170.0
T2ZmZXJUYWJsZU9mZmVyTm9kZToxMDE5NTY5NjE=,RmlnaHROb2RlOjQzMDY2,U3BvcnRzYm9va05vZGU6Mjc=,T3V0Y29tZU5vZGU6MzgzNzk3Nw==,120.0,-118.0,-118.0,120.0,T3V0Y29tZU5vZGU6MzgzNzk3OA==,-163.0,-163.0,-118.0,-118.0
T2ZmZXJUYWJsZU9mZmVyTm9kZToxMDE5NTM2NTI=,RmlnaHROb2RlOjQzMDA5,U3BvcnRzYm9va05vZGU6Mjg=,T3V0Y29tZU5vZGU6MzgzMTY5NQ==,-230.0,-400.0,-400.0,-230.0,T3V0Y29tZU5vZGU6MzgzMTY5Ng==,180.0,180.0,300.0,300.0
T2ZmZXJUYWJsZU9mZmVyTm9kZToxMDE5NTA5ODA=,RmlnaHROb2RlOjQzMDA5,U3BvcnRzYm9va05vZGU6MTA=,T3V0Y29tZU5vZGU6MzgyNjM1Mw==,-185.0,-450.0,-400.0,-185.0,T3V0Y29tZU5vZGU6MzgyNjM1Mg==,155.0,155.0,300.0,350.0
T2ZmZXJUYWJsZU9mZmVyTm9kZToxMDE5NjA5MTk=,RmlnaHROb2RlOjQzMDA5,U3BvcnRzYm9va05vZGU6Mjc=,T3V0Y29tZU5vZGU6Mzg0NDk5NQ==,-400.0,-400.0,-400.0,-400.0,T3V0Y29tZU5vZGU6Mzg0NDk5Ng==,275.0,275.0,275.0,275.0
T2ZmZXJUYWJsZU9mZmVyTm9kZToxMDE5NjA5MjA=,RmlnaHROb2RlOjYyOTM3,U3BvcnRzYm9va05vZGU6Mjc=,T3V0Y29tZU5vZGU6Mzg0NDk5Nw==,-120.0,-175.0,-175.0,-120.0,T3V0Y29tZU5vZGU6Mzg0NDk5OA==,-110.0,-110.0,125.0,125.0
T2ZmZXJUYWJsZU9mZmVyTm9kZToxMDE5NTA5ODM=,RmlnaHROb2RlOjYyOTM3,U3BvcnRzYm9va05vZGU6MTA=,T3V0Y29tZU5vZGU6MzgyNjM1OQ==,-150.0,-200.0,-200.0,-115.0,T3V0Y29tZU5vZGU6MzgyNjM1OA==,120.0,-115.0,160.0,160.0
T2ZmZXJUYWJsZU9mZmVyTm9kZToxMDE5NTM2NTU=,RmlnaHROb2RlOjYyOTM3,U3BvcnRzYm9va05vZGU6Mjg=,T3V0Y29tZU5vZGU6MzgzMTcwMQ==,-120.0,-140.0,-125.0,-120.0,T3V0Y29tZU5vZGU6MzgzMTcwMg==,-110.0,-110.0,-105.0,110.0
T2ZmZXJUYWJsZU9mZmVyTm9kZToxMDE5NTA5NzU=,RmlnaHROb2RlOjQyOTU2,U3BvcnRzYm9va05vZGU6MTA=,T3V0Y29tZU5vZGU6MzgyNjM0Mw==,-140.0,-220.0,-205.0,-140.0,T3V0Y29tZU5vZGU6MzgyNjM0Mg==,110.0,110.0,165.0,180.0
T2ZmZXJUYWJsZU9mZmVyTm9kZToxMDE5NTY5Mzg=,RmlnaHROb2RlOjQyOTU2,U3BvcnRzYm9va05vZGU6Mjc=,T3V0Y29tZU5vZGU6MzgzNzkzMQ==,-175.0,-225.0,-188.0,-175.0,T3V0Y29tZU5vZGU6MzgzNzkzMg==,125.0,125.0,140.0,163.0
T2ZmZXJUYWJsZU9mZmVyTm9kZToxMDE5NTM2Mzg=,RmlnaHROb2RlOjQyOTU2,U3BvcnRzYm9va05vZGU6Mjg=,T3V0Y29tZU5vZGU6MzgzMTY2Nw==,-160.0,-210.0,-210.0,-160.0,T3V0Y29tZU5vZGU6MzgzMTY2OA==,130.0,130.0,165.0,165.0
T2ZmZXJUYWJsZU9mZmVyTm9kZToxMDE5NjY5Nzc=,RmlnaHROb2RlOjQyNjUz,U3BvcnRzYm9va05vZGU6MTA=,T3V0Y29tZU5vZGU6Mzg1NjM2MA==,-215.0,-215.0,-205.0,-145.0,T3V0Y29tZU5vZGU6Mzg1NjM1OQ==,175.0,115.0,165.0,175.0
T2ZmZXJUYWJsZU9mZmVyTm9kZToxMDE5NzAxOTg=,RmlnaHROb2RlOjQyNjUz,U3BvcnRzYm9va05vZGU6Mjc=,T3V0Y29tZU5vZGU6Mzg2MjIyOA==,-150.0,-200.0,-200.0,-150.0,T3V0Y29tZU5vZGU6Mzg2MjIyOQ==,110.0,110.0,140.0,140.0
T2ZmZXJUYWJsZU9mZmVyTm9kZToxMDE5ODA3MjM=,RmlnaHROb2RlOjQzMDc0,U3BvcnRzYm9va05vZGU6Mjc=,T3V0Y29tZU5vZGU6Mzg4MTMzNQ==,-500.0,-500.0,-500.0,-500.0,T3V0Y29tZU5vZGU6Mzg4MTMzNg==,300.0,300.0,300.0,300.0
T2ZmZXJUYWJsZU9mZmVyTm9kZToxMDE5ODE5NTQ=,RmlnaHROb2RlOjQzMDc0,U3BvcnRzYm9va05vZGU6Mjg=,T3V0Y29tZU5vZGU6Mzg4MzQwMg==,-475.0,-475.0,-475.0,-475.0,T3V0Y29tZU5vZGU6Mzg4MzQwMw==,350.0,350.0,350.0,350.0
T2ZmZXJUYWJsZU9mZmVyTm9kZToxMDE5NjcxNTU=,RmlnaHROb2RlOjQzMDc0,U3BvcnRzYm9va05vZGU6MTA=,T3V0Y29tZU5vZGU6Mzg1NjcxNg==,-350.0,-475.0,-475.0,-350.0,T3V0Y29tZU5vZGU6Mzg1NjcxNQ==,275.0,275.0,375.0,375.0
T2ZmZXJUYWJsZU9mZmVyTm9kZToxMDIwMzU5Mjk=,RmlnaHROb2RlOjQzNzE1,U3BvcnRzYm9va05vZGU6MTA=,T3V0Y29tZU5vZGU6Mzk4MzM0MA==,-225.0,-550.0,-500.0,-225.0,T3V0Y29tZU5vZGU6Mzk4MzMzOQ==,185.0,185.0,375.0,400.0
T2ZmZXJUYWJsZU9mZmVyTm9kZToxMDIwMzc0MDc=,RmlnaHROb2RlOjQzNzE1,U3BvcnRzYm9va05vZGU6Mjg=,T3V0Y29tZU5vZGU6Mzk4NjI1MA==,-550.0,-550.0,-550.0,-550.0,T3V0Y29tZU5vZGU6Mzk4NjI1MQ==,375.0,375.0,375.0,375.0
T2ZmZXJUYWJsZU9mZmVyTm9kZToxMDIwMzcxMjk=,RmlnaHROb2RlOjQzNzE1,U3BvcnRzYm9va05vZGU6Mjc=,T3V0Y29tZU5vZGU6Mzk4NTY5NA==,-549.0,-549.0,-549.0,-549.0,T3V0Y29tZU5vZGU6Mzk4NTY5NQ==,350.0,350.0,350.0,350.0
T2ZmZXJUYWJsZU9mZmVyTm9kZToxMDIwMzU5ODM=,RmlnaHROb2RlOjQzOTYw,U3BvcnRzYm9va05vZGU6MTA=,T3V0Y29tZU5vZGU6Mzk4MzQ0OA==,170.0,140.0,145.0,170.0,T3V0Y29tZU5vZGU6Mzk4MzQ0Nw==,-210.0,-210.0,-175.0,-170.0
T2ZmZXJUYWJsZU9mZmVyTm9kZToxMDIwMzc0MDU=,RmlnaHROb2RlOjQzOTYw,U3BvcnRzYm9va05vZGU6Mjg=,T3V0Y29tZU5vZGU6Mzk4NjI0Ng==,165.0,150.0,150.0,165.0,T3V0Y29tZU5vZGU6Mzk4NjI0Nw==,-210.0,-210.0,-180.0,-180.0
T2ZmZXJUYWJsZU9mZmVyTm9kZToxMDIwMzcxMjA=,RmlnaHROb2RlOjQzOTYw,U3BvcnRzYm9va05vZGU6Mjc=,T3V0Y29tZU5vZGU6Mzk4NTY3Ng==,180.0,150.0,155.0,180.0,T3V0Y29tZU5vZGU6Mzk4NTY3Nw==,-250.0,-250.0,-222.0,-200.0
T2ZmZXJUYWJsZU9mZmVyTm9kZToxMDIwMzU5MzA=,RmlnaHROb2RlOjQzODQy,U3BvcnRzYm9va05vZGU6MTA=,T3V0Y29tZU5vZGU6Mzk4MzM0MQ==,170.0,170.0,180.0,190.0,T3V0Y29tZU5vZGU6Mzk4MzM0Mg==,-210.0,-240.0,-220.0,-210.0
T2ZmZXJUYWJsZU9mZmVyTm9kZToxMDIwMzcxMTY=,RmlnaHROb2RlOjQzODQy,U3BvcnRzYm9va05vZGU6Mjc=,T3V0Y29tZU5vZGU6Mzk4NTY2OA==,180.0,180.0,180.0,180.0,T3V0Y29tZU5vZGU6Mzk4NTY2OQ==,-250.0,-250.0,-250.0,-250.0
T2ZmZXJUYWJsZU9mZmVyTm9kZToxMDIwMzc0MDg=,RmlnaHROb2RlOjQzODQy,U3BvcnRzYm9va05vZGU6Mjg=,T3V0Y29tZU5vZGU6Mzk4NjI1Mw==,175.0,175.0,175.0,175.0,T3V0Y29tZU5vZGU6Mzk4NjI1Mg==,-220.0,-220.0,-220.0,-220.0
T2ZmZXJUYWJsZU9mZmVyTm9kZToxMDIwNTMwNzQ=,RmlnaHROb2RlOjQzOTEz,U3BvcnRzYm9va05vZGU6MTA=,T3V0Y29tZU5vZGU6NDAxMjM0Ng==,-500.0,-600.0,-450.0,-325.0,T3V0Y29tZU5vZGU6NDAxMjM0NQ==,375.0,250.0,350.0,425.0
T2ZmZXJUYWJsZU9mZmVyTm9kZToxMDIwNTM5OTc=,RmlnaHROb2RlOjQzOTEz,U3BvcnRzYm9va05vZGU6Mjg=,T3V0Y29tZU5vZGU6NDAxMzg4NQ==,-350.0,-350.0,-350.0,-350.0,T3V0Y29tZU5vZGU6NDAxMzg4Ng==,250.0,250.0,250.0,250.0
T2ZmZXJUYWJsZU9mZmVyTm9kZToxMDIwNTM3Nzc=,RmlnaHROb2RlOjQzOTEz,U3BvcnRzYm9va05vZGU6Mjc=,T3V0Y29tZU5vZGU6NDAxMzQ2Nw==,-333.0,-500.0,-500.0,-333.0,T3V0Y29tZU5vZGU6NDAxMzQ2OA==,250.0,250.0,350.0,350.0
T2ZmZXJUYWJsZU9mZmVyTm9kZToxMDIwNTM5OTk=,RmlnaHROb2RlOjQzOTE0,U3BvcnRzYm9va05vZGU6Mjg=,T3V0Y29tZU5vZGU6NDAxMzg4OQ==,-300.0,-300.0,-300.0,-300.0,T3V0Y29tZU5vZGU6NDAxMzg5MA==,220.0,220.0,220.0,220.0
T2ZmZXJUYWJsZU9mZmVyTm9kZToxMDIwNTMwNzY=,RmlnaHROb2RlOjQzOTE0,U3BvcnRzYm9va05vZGU6MTA=,T3V0Y29tZU5vZGU6NDAxMjM1MA==,-160.0,-280.0,-245.0,-160.0,T3V0Y29tZU5vZGU6NDAxMjM0OQ==,130.0,130.0,195.0,220.0
T2ZmZXJUYWJsZU9mZmVyTm9kZToxMDIwNTM3NzQ=,RmlnaHROb2RlOjQzOTE0,U3BvcnRzYm9va05vZGU6Mjc=,T3V0Y29tZU5vZGU6NDAxMzQ2MQ==,-275.0,-275.0,-275.0,-275.0,T3V0Y29tZU5vZGU6NDAxMzQ2Mg==,210.0,210.0,210.0,210.0
T2ZmZXJUYWJsZU9mZmVyTm9kZToxMDIwNTM3Njk=,RmlnaHROb2RlOjQzOTE1,U3BvcnRzYm9va05vZGU6Mjc=,T3V0Y29tZU5vZGU6NDAxMzQ1MQ==,-450.0,-450.0,-450.0,-450.0,T3V0Y29tZU5vZGU6NDAxMzQ1Mg==,325.0,325.0,325.0,325.0
T2ZmZXJUYWJsZU9mZmVyTm9kZToxMDIwNTM5OTQ=,RmlnaHROb2RlOjQzOTE1,U3BvcnRzYm9va05vZGU6Mjg=,T3V0Y29tZU5vZGU6NDAxMzg3OQ==,-500.0,-500.0,-500.0,-500.0,T3V0Y29tZU5vZGU6NDAxMzg4MA==,350.0,350.0,350.0,350.0
T2ZmZXJUYWJsZU9mZmVyTm9kZToxMDIwNTMwNzE=,RmlnaHROb2RlOjQzOTE1,U3BvcnRzYm9va05vZGU6MTA=,T3V0Y29tZU5vZGU6NDAxMjM0MA==,-300.0,-500.0,-420.0,-300.0,T3V0Y29tZU5vZGU6NDAxMjMzOQ==,240.0,240.0,320.0,375.0
T2ZmZXJUYWJsZU9mZmVyTm9kZToxMDIwNTkzMzk=,RmlnaHROb2RlOjQzNjk5,U3BvcnRzYm9va05vZGU6Mjc=,T3V0Y29tZU5vZGU6NDAyMjUyMw==,163.0,-100.0,-100.0,163.0,T3V0Y29tZU5vZGU6NDAyMjUyNA==,-225.0,-225.0,-133.0,-133.0
T2ZmZXJUYWJsZU9mZmVyTm9kZToxMDIwNTk0MDk=,RmlnaHROb2RlOjQzNjk5,U3BvcnRzYm9va05vZGU6Mjg=,T3V0Y29tZU5vZGU6NDAyMjYxNw==,175.0,-105.0,100.0,175.0,T3V0Y29tZU5vZGU6NDAyMjYxOA==,-220.0,-220.0,-130.0,-125.0
T2ZmZXJUYWJsZU9mZmVyTm9kZToxMDIwNTkyNTM=,RmlnaHROb2RlOjQzNjk5,U3BvcnRzYm9va05vZGU6MTA=,T3V0Y29tZU5vZGU6NDAyMjM4MA==,180.0,-120.0,-120.0,180.0,T3V0Y29tZU5vZGU6NDAyMjM3OQ==,-220.0,-220.0,-110.0,-110.0
T2ZmZXJUYWJsZU9mZmVyTm9kZToxMDIwNTkzOTk=,RmlnaHROb2RlOjYyODk2,U3BvcnRzYm9va05vZGU6Mjc=,T3V0Y29tZU5vZGU6NDAyMjU5Nw==,-800.0,-800.0,-800.0,-800.0,T3V0Y29tZU5vZGU6NDAyMjU5OA==,450.0,450.0,450.0,450.0
T2ZmZXJUYWJsZU9mZmVyTm9kZToxMDIwNTk0MTM=,RmlnaHROb2RlOjYyODk2,U3BvcnRzYm9va05vZGU6Mjg=,T3V0Y29tZU5vZGU6NDAyMjYyNQ==,-800.0,-800.0,-800.0,-800.0,T3V0Y29tZU5vZGU6NDAyMjYyNg==,500.0,500.0,500.0,500.0
T2ZmZXJUYWJsZU9mZmVyTm9kZToxMDIwNTkyNTc=,RmlnaHROb2RlOjYyODk2,U3BvcnRzYm9va05vZGU6MTA=,T3V0Y29tZU5vZGU6NDAyMjM4OA==,-800.0,-800.0,-800.0,-800.0,T3V0Y29tZU5vZGU6NDAyMjM4Nw==,550.0,550.0,550.0,550.0
T2ZmZXJUYWJsZU9mZmVyTm9kZToxMDIwNTkyNTQ=,RmlnaHROb2RlOjQzOTQy,U3BvcnRzYm9va05vZGU6MTA=,T3V0Y29tZU5vZGU6NDAyMjM4MQ==,240.0,240.0,375.0,375.0,T3V0Y29tZU5vZGU6NDAyMjM4Mg==,-300.0,-500.0,-500.0,-300.0
T2ZmZXJUYWJsZU9mZmVyTm9kZToxMDIwNTkzNDI=,RmlnaHROb2RlOjQzOTQy,U3BvcnRzYm9va05vZGU6Mjc=,T3V0Y29tZU5vZGU6NDAyMjUyOQ==,230.0,210.0,280.0,280.0,T3V0Y29tZU5vZGU6NDAyMjUzMA==,-333.0,-450.0,-450.0,-300.0
T2ZmZXJUYWJsZU9mZmVyTm9kZToxMDIwNTk0MTA=,RmlnaHROb2RlOjQzOTQy,U3BvcnRzYm9va05vZGU6Mjg=,T3V0Y29tZU5vZGU6NDAyMjYyMA==,220.0,220.0,300.0,300.0,T3V0Y29tZU5vZGU6NDAyMjYxOQ==,-300.0,-400.0,-400.0,-300.0
T2ZmZXJUYWJsZU9mZmVyTm9kZToxMDIwNTkyNTU=,RmlnaHROb2RlOjYyODk1,U3BvcnRzYm9va05vZGU6MTA=,T3V0Y29tZU5vZGU6NDAyMjM4Mw==,-220.0,-225.0,-200.0,-200.0,T3V0Y29tZU5vZGU6NDAyMjM4NA==,180.0,160.0,160.0,185.0
T2ZmZXJUYWJsZU9mZmVyTm9kZToxMDIwNTk0MTE=,RmlnaHROb2RlOjYyODk1,U3BvcnRzYm9va05vZGU6Mjg=,T3V0Y29tZU5vZGU6NDAyMjYyMg==,-220.0,-220.0,-210.0,-210.0,T3V0Y29tZU5vZGU6NDAyMjYyMQ==,175.0,165.0,165.0,175.0
T2ZmZXJUYWJsZU9mZmVyTm9kZToxMDIwNTkzMzg=,RmlnaHROb2RlOjYyODk1,U3BvcnRzYm9va05vZGU6Mjc=,T3V0Y29tZU5vZGU6NDAyMjUyMg==,-250.0,-250.0,-225.0,-225.0,T3V0Y29tZU5vZGU6NDAyMjUyMQ==,180.0,163.0,163.0,180.0
T2ZmZXJUYWJsZU9mZmVyTm9kZToxMDIwNTkzNDE=,RmlnaHROb2RlOjYyODk5,U3BvcnRzYm9va05vZGU6Mjc=,T3V0Y29tZU5vZGU6NDAyMjUyOA==,240.0,240.0,240.0,240.0,T3V0Y29tZU5vZGU6NDAyMjUyNw==,-350.0,-350.0,-350.0,-350.0
T2ZmZXJUYWJsZU9mZmVyTm9kZToxMDIwNTkyNjI=,RmlnaHROb2RlOjYyODk5,U3BvcnRzYm9va05vZGU6MTA=,T3V0Y29tZU5vZGU6NDAyMjM5Nw==,275.0,265.0,265.0,275.0,T3V0Y29tZU5vZGU6NDAyMjM5OA==,-350.0,-350.0,-340.0,-340.0
T2ZmZXJUYWJsZU9mZmVyTm9kZToxMDIwNTk0MTg=,RmlnaHROb2RlOjYyODk5,U3BvcnRzYm9va05vZGU6Mjg=,T3V0Y29tZU5vZGU6NDAyMjYzNg==,250.0,250.0,250.0,250.0,T3V0Y29tZU5vZGU6NDAyMjYzNQ==,-350.0,-350.0,-350.0,-350.0
T2ZmZXJUYWJsZU9mZmVyTm9kZToxMDIwNTk0MTQ=,RmlnaHROb2RlOjQzOTEx,U3BvcnRzYm9va05vZGU6Mjg=,T3V0Y29tZU5vZGU6NDAyMjYyOA==,110.0,-120.0,-120.0,110.0,T3V0Y29tZU5vZGU6NDAyMjYyNw==,-140.0,-140.0,-110.0,-110.0
T2ZmZXJUYWJsZU9mZmVyTm9kZToxMDIwNTk0MDM=,RmlnaHROb2RlOjQzOTEx,U3BvcnRzYm9va05vZGU6Mjc=,T3V0Y29tZU5vZGU6NDAyMjYwNg==,-100.0,-105.0,-105.0,-100.0,T3V0Y29tZU5vZGU6NDAyMjYwNQ==,-133.0,-133.0,-133.0,-133.0
T2ZmZXJUYWJsZU9mZmVyTm9kZToxMDIwNTkyNTg=,RmlnaHROb2RlOjQzOTEx,U3BvcnRzYm9va05vZGU6MTA=,T3V0Y29tZU5vZGU6NDAyMjM4OQ==,111.0,-125.0,105.0,111.0,T3V0Y29tZU5vZGU6NDAyMjM5MA==,-141.0,-141.0,-135.0,-105.0
T2ZmZXJUYWJsZU9mZmVyTm9kZToxMDIwNTk0MDI=,RmlnaHROb2RlOjYyODk3,U3BvcnRzYm9va05vZGU6Mjc=,T3V0Y29tZU5vZGU6NDAyMjYwNA==,-500.0,-500.0,-400.0,-400.0,T3V0Y29tZU5vZGU6NDAyMjYwMw==,325.0,260.0,260.0,325.0
T2ZmZXJUYWJsZU9mZmVyTm9kZToxMDIwNTk0MTU=,RmlnaHROb2RlOjYyODk3,U3BvcnRzYm9va05vZGU6Mjg=,T3V0Y29tZU5vZGU6NDAyMjYyOQ==,-500.0,-500.0,-500.0,-500.0,T3V0Y29tZU5vZGU6NDAyMjYzMA==,350.0,350.0,350.0,350.0
T2ZmZXJUYWJsZU9mZmVyTm9kZToxMDIwNTkyNTk=,RmlnaHROb2RlOjYyODk3,U3BvcnRzYm9va05vZGU6MTA=,T3V0Y29tZU5vZGU6NDAyMjM5Mg==,-470.0,-500.0,-400.0,-350.0,T3V0Y29tZU5vZGU6NDAyMjM5MQ==,370.0,275.0,300.0,375.0
T2ZmZXJUYWJsZU9mZmVyTm9kZToxMDIwNTkyNjA=,RmlnaHROb2RlOjYyODk4,U3BvcnRzYm9va05vZGU6MTA=,T3V0Y29tZU5vZGU6NDAyMjM5NA==,-150.0,-150.0,119.0,120.0,T3V0Y29tZU5vZGU6NDAyMjM5Mw==,120.0,-150.0,-149.0,120.0
T2ZmZXJUYWJsZU9mZmVyTm9kZToxMDIwNTk0MTY=,RmlnaHROb2RlOjYyODk4,U3BvcnRzYm9va05vZGU6Mjg=,T3V0Y29tZU5vZGU6NDAyMjYzMQ==,100.0,100.0,120.0,120.0,T3V0Y29tZU5vZGU6NDAyMjYzMg==,-130.0,-150.0,-150.0,-130.0
T2ZmZXJUYWJsZU9mZmVyTm9kZToxMDIwNTk0MDA=,RmlnaHROb2RlOjYyODk4,U3BvcnRzYm9va05vZGU6Mjc=,T3V0Y29tZU5vZGU6NDAyMjYwMA==,-100.0,-100.0,105.0,105.0,T3V0Y29tZU5vZGU6NDAyMjU5OQ==,-133.0,-143.0,-143.0,-133.0
T2ZmZXJUYWJsZU9mZmVyTm9kZToxMDIwNjIzODY=,RmlnaHROb2RlOjQ0MDcw,U3BvcnRzYm9va05vZGU6MTA=,T3V0Y29tZU5vZGU6NDAyNzMzNg==,125.0,-550.0,-450.0,125.0,T3V0Y29tZU5vZGU6NDAyNzMzNw==,-155.0,-155.0,350.0,400.0
T2ZmZXJUYWJsZU9mZmVyTm9kZToxMDIwNjQzODA=,RmlnaHROb2RlOjQ0MDcw,U3BvcnRzYm9va05vZGU6Mjg=,T3V0Y29tZU5vZGU6NDAzMDQxNA==,-500.0,-500.0,-500.0,-500.0,T3V0Y29tZU5vZGU6NDAzMDQxMw==,350.0,350.0,350.0,350.0
T2ZmZXJUYWJsZU9mZmVyTm9kZToxMDIwOTI1MTk=,RmlnaHROb2RlOjQ0MzMy,U3BvcnRzYm9va05vZGU6Mjg=,T3V0Y29tZU5vZGU6NDA4MDk4Ng==,-450.0,-450.0,-450.0,-450.0,T3V0Y29tZU5vZGU6NDA4MDk4Nw==,325.0,325.0,325.0,325.0
T2ZmZXJUYWJsZU9mZmVyTm9kZToxMDIwOTg2NTE=,RmlnaHROb2RlOjQ0NzU3,U3BvcnRzYm9va05vZGU6MTA=,T3V0Y29tZU5vZGU6NDA5MTM2NQ==,120.0,-115.0,-115.0,120.0,T3V0Y29tZU5vZGU6NDA5MTM2Ng==,-150.0,-150.0,-115.0,-115.0
T2ZmZXJUYWJsZU9mZmVyTm9kZToxMDIwOTk1OTk=,RmlnaHROb2RlOjQ0NzU3,U3BvcnRzYm9va05vZGU6Mjg=,T3V0Y29tZU5vZGU6NDA5MjY2MQ==,-115.0,-115.0,-115.0,-115.0,T3V0Y29tZU5vZGU6NDA5MjY2MA==,-115.0,-115.0,-115.0,-115.0
T2ZmZXJUYWJsZU9mZmVyTm9kZToxMDIwOTk1OTc=,RmlnaHROb2RlOjU5MzUz,U3BvcnRzYm9va05vZGU6Mjg=,T3V0Y29tZU5vZGU6NDA5MjY1Ng==,-120.0,-120.0,-120.0,-120.0,T3V0Y29tZU5vZGU6NDA5MjY1Nw==,-110.0,-110.0,-110.0,-110.0
T2ZmZXJUYWJsZU9mZmVyTm9kZToxMDIwOTg2NDk=,RmlnaHROb2RlOjU5MzUz,U3BvcnRzYm9va05vZGU6MTA=,T3V0Y29tZU5vZGU6NDA5MTM2Mg==,160.0,-135.0,-132.0,160.0,T3V0Y29tZU5vZGU6NDA5MTM2MQ==,-200.0,-200.0,102.0,105.0
T2ZmZXJUYWJsZU9mZmVyTm9kZToxMDIwOTk2MTE=,RmlnaHROb2RlOjU5MzUz,U3BvcnRzYm9va05vZGU6Mjg=,T3V0Y29tZU5vZGU6NDA5MjY4NA==,-120.0,-130.0,-120.0,-120.0,T3V0Y29tZU5vZGU6NDA5MjY4NQ==,-110.0,-110.0,-110.0,100.0
T2ZmZXJUYWJsZU9mZmVyTm9kZToxMDIwOTk1OTE=,RmlnaHROb2RlOjU5MzUz,U3BvcnRzYm9va05vZGU6Mjg=,T3V0Y29tZU5vZGU6NDA5MjY0NA==,-120.0,-120.0,-120.0,-120.0,T3V0Y29tZU5vZGU6NDA5MjY0NQ==,-110.0,-110.0,-110.0,-110.0
T2ZmZXJUYWJsZU9mZmVyTm9kZToxMDIwOTk3MjY=,RmlnaHROb2RlOjU5MzUz,U3BvcnRzYm9va05vZGU6Mjc=,T3V0Y29tZU5vZGU6NDA5MjkwMQ==,-133.0,-133.0,-133.0,-133.0,T3V0Y29tZU5vZGU6NDA5MjkwMA==,-105.0,-105.0,-105.0,-105.0
T2ZmZXJUYWJsZU9mZmVyTm9kZToxMDIwOTk1OTY=,RmlnaHROb2RlOjU5MzUy,U3BvcnRzYm9va05vZGU6Mjg=,T3V0Y29tZU5vZGU6NDA5MjY1NA==,-300.0,-300.0,-300.0,-300.0,T3V0Y29tZU5vZGU6NDA5MjY1NQ==,220.0,220.0,220.0,220.0
T2ZmZXJUYWJsZU9mZmVyTm9kZToxMDIwOTk3Mjg=,RmlnaHROb2RlOjU5MzUy,U3BvcnRzYm9va05vZGU6Mjc=,T3V0Y29tZU5vZGU6NDA5MjkwNA==,-350.0,-350.0,-350.0,-350.0,T3V0Y29tZU5vZGU6NDA5MjkwNQ==,240.0,240.0,240.0,240.0
T2ZmZXJUYWJsZU9mZmVyTm9kZToxMDIwOTk2MTA=,RmlnaHROb2RlOjU5MzUy,U3BvcnRzYm9va05vZGU6Mjg=,T3V0Y29tZU5vZGU6NDA5MjY4Mg==,-300.0,-325.0,-325.0,-300.0,T3V0Y29tZU5vZGU6NDA5MjY4Mw==,220.0,220.0,245.0,245.0
T2ZmZXJUYWJsZU9mZmVyTm9kZToxMDIwOTk1OTA=,RmlnaHROb2RlOjU5MzUy,U3BvcnRzYm9va05vZGU6Mjg=,T3V0Y29tZU5vZGU6NDA5MjY0Mg==,-300.0,-300.0,-300.0,-300.0,T3V0Y29tZU5vZGU6NDA5MjY0Mw==,220.0,220.0,220.0,220.0
T2ZmZXJUYWJsZU9mZmVyTm9kZToxMDIwOTg2NDg=,RmlnaHROb2RlOjU5MzUy,U3BvcnRzYm9va05vZGU6MTA=,T3V0Y29tZU5vZGU6NDA5MTM2MA==,-300.0,-330.0,-330.0,-300.0,T3V0Y29tZU5vZGU6NDA5MTM1OQ==,240.0,240.0,255.0,255.0
T2ZmZXJUYWJsZU9mZmVyTm9kZToxMDIwOTk3Mjk=,RmlnaHROb2RlOjQ0NDk5,U3BvcnRzYm9va05vZGU6Mjc=,T3V0Y29tZU5vZGU6NDA5MjkwNg==,-500.0,-500.0,-450.0,-450.0,T3V0Y29tZU5vZGU6NDA5MjkwNw==,300.0,280.0,280.0,300.0
T2ZmZXJUYWJsZU9mZmVyTm9kZToxMDIwOTg2NDE=,RmlnaHROb2RlOjQ0NDk5,U3BvcnRzYm9va05vZGU6MTA=,T3V0Y29tZU5vZGU6NDA5MTM0Ng==,-350.0,-425.0,-370.0,-350.0,T3V0Y29tZU5vZGU6NDA5MTM0NQ==,275.0,275.0,295.0,325.0
T2ZmZXJUYWJsZU9mZmVyTm9kZToxMDIwOTk2MDk=,RmlnaHROb2RlOjQ0NDk5,U3BvcnRzYm9va05vZGU6Mjg=,T3V0Y29tZU5vZGU6NDA5MjY4MA==,-350.0,-425.0,-425.0,-350.0,T3V0Y29tZU5vZGU6NDA5MjY4MQ==,250.0,250.0,325.0,325.0
T2ZmZXJUYWJsZU9mZmVyTm9kZToxMDIwOTk2MDQ=,RmlnaHROb2RlOjU5MzUw,U3BvcnRzYm9va05vZGU6Mjg=,T3V0Y29tZU5vZGU6NDA5MjY3MQ==,-105.0,-125.0,-125.0,-105.0,T3V0Y29tZU5vZGU6NDA5MjY3MA==,-125.0,-125.0,-105.0,-105.0
T2ZmZXJUYWJsZU9mZmVyTm9kZToxMDIwOTg2NDQ=,RmlnaHROb2RlOjU5MzUw,U3BvcnRzYm9va05vZGU6MTA=,T3V0Y29tZU5vZGU6NDA5MTM1MQ==,-200.0,-200.0,-124.0,125.0,T3V0Y29tZU5vZGU6NDA5MTM1Mg==,160.0,-155.0,-106.0,160.0
T2ZmZXJUYWJsZU9mZmVyTm9kZToxMDIwOTk3MzY=,RmlnaHROb2RlOjU5MzUw,U3BvcnRzYm9va05vZGU6Mjc=,T3V0Y29tZU5vZGU6NDA5MjkyMA==,-118.0,-150.0,-150.0,-118.0,T3V0Y29tZU5vZGU6NDA5MjkyMQ==,-118.0,-118.0,115.0,115.0
T2ZmZXJUYWJsZU9mZmVyTm9kZToxMDIwOTg2NDU=,RmlnaHROb2RlOjQ0NzU2,U3BvcnRzYm9va05vZGU6MTA=,T3V0Y29tZU5vZGU6NDA5MTM1Mw==,115.0,100.0,155.0,155.0,T3V0Y29tZU5vZGU6NDA5MTM1NA==,-145.0,-185.0,-185.0,-130.0
T2ZmZXJUYWJsZU9mZmVyTm9kZToxMDIwOTk2MDU=,RmlnaHROb2RlOjQ0NzU2,U3BvcnRzYm9va05vZGU6Mjg=,T3V0Y29tZU5vZGU6NDA5MjY3Mw==,115.0,115.0,140.0,140.0,T3V0Y29tZU5vZGU6NDA5MjY3Mg==,-145.0,-170.0,-170.0,-145.0
T2ZmZXJUYWJsZU9mZmVyTm9kZToxMDIwOTk3MzI=,RmlnaHROb2RlOjQ0NzU2,U3BvcnRzYm9va05vZGU6Mjc=,T3V0Y29tZU5vZGU6NDA5MjkxMg==,120.0,120.0,140.0,140.0,T3V0Y29tZU5vZGU6NDA5MjkxMw==,-163.0,-200.0,-200.0,-163.0
T2ZmZXJUYWJsZU9mZmVyTm9kZToxMDIwOTk3MzU=,RmlnaHROb2RlOjQ0Nzgx,U3BvcnRzYm9va05vZGU6Mjc=,T3V0Y29tZU5vZGU6NDA5MjkxOA==,188.0,163.0,163.0,188.0,T3V0Y29tZU5vZGU6NDA5MjkxOQ==,-275.0,-275.0,-225.0,-225.0
T2ZmZXJUYWJsZU9mZmVyTm9kZToxMDIwOTg2NDc=,RmlnaHROb2RlOjQ0Nzgx,U3BvcnRzYm9va05vZGU6MTA=,T3V0Y29tZU5vZGU6NDA5MTM1Nw==,130.0,130.0,173.0,190.0,T3V0Y29tZU5vZGU6NDA5MTM1OA==,-160.0,-240.0,-213.0,-160.0
T2ZmZXJUYWJsZU9mZmVyTm9kZToxMDIwOTk2MDc=,RmlnaHROb2RlOjQ0Nzgx,U3BvcnRzYm9va05vZGU6Mjg=,T3V0Y29tZU5vZGU6NDA5MjY3Nw==,190.0,175.0,175.0,190.0,T3V0Y29tZU5vZGU6NDA5MjY3Ng==,-240.0,-240.0,-220.0,-220.0
T2ZmZXJUYWJsZU9mZmVyTm9kZToxMDIwOTg2NDY=,RmlnaHROb2RlOjU5MzUx,U3BvcnRzYm9va05vZGU6MTA=,T3V0Y29tZU5vZGU6NDA5MTM1Ng==,-300.0,-350.0,-350.0,-300.0,T3V0Y29tZU5vZGU6NDA5MTM1NQ==,240.0,240.0,275.0,275.0
T2ZmZXJUYWJsZU9mZmVyTm9kZToxMDIwOTk2MDY=,RmlnaHROb2RlOjU5MzUx,U3BvcnRzYm9va05vZGU6Mjg=,T3V0Y29tZU5vZGU6NDA5MjY3NA==,-300.0,-300.0,-300.0,-300.0,T3V0Y29tZU5vZGU6NDA5MjY3NQ==,220.0,220.0,220.0,220.0
T2ZmZXJUYWJsZU9mZmVyTm9kZToxMDIwOTk3MzA=,RmlnaHROb2RlOjU5MzUx,U3BvcnRzYm9va05vZGU6Mjc=,T3V0Y29tZU5vZGU6NDA5MjkwOA==,-333.0,-333.0,-333.0,-333.0,T3V0Y29tZU5vZGU6NDA5MjkwOQ==,220.0,220.0,220.0,220.0
T2ZmZXJUYWJsZU9mZmVyTm9kZToxMDIxMjYxNjg=,RmlnaHROb2RlOjQ1MDMz,U3BvcnRzYm9va05vZGU6Mjg=,T3V0Y29tZU5vZGU6NDEzNjk2Ng==,-500.0,-900.0,-900.0,-500.0,T3V0Y29tZU5vZGU6NDEzNjk2Nw==,350.0,350.0,550.0,550.0
T2ZmZXJUYWJsZU9mZmVyTm9kZToxMDIxMjg1NTI=,RmlnaHROb2RlOjQ1MDMz,U3BvcnRzYm9va05vZGU6Mjc=,T3V0Y29tZU5vZGU6NDE0MTIwMw==,-450.0,-450.0,-450.0,-450.0,T3V0Y29tZU5vZGU6NDE0MTIwNA==,300.0,300.0,300.0,300.0
T2ZmZXJUYWJsZU9mZmVyTm9kZToxMDIxMjI5Mjc=,RmlnaHROb2RlOjQ1MDMz,U3BvcnRzYm9va05vZGU6MTA=,T3V0Y29tZU5vZGU6NDEzMTE1Mg==,-350.0,-950.0,-900.0,-350.0,T3V0Y29tZU5vZGU6NDEzMTE1MQ==,275.0,275.0,550.0,575.0
T2ZmZXJUYWJsZU9mZmVyTm9kZToxMDIxMjc3OTY=,RmlnaHROb2RlOjQ1Mjgx,U3BvcnRzYm9va05vZGU6MTA=,T3V0Y29tZU5vZGU6NDEzOTY5Mg==,-130.0,-160.0,-135.0,-130.0,T3V0Y29tZU5vZGU6NDEzOTY5MQ==,100.0,100.0,105.0,130.0
T2ZmZXJUYWJsZU9mZmVyTm9kZToxMDIxMjg1ODY=,RmlnaHROb2RlOjQ1Mjgx,U3BvcnRzYm9va05vZGU6Mjc=,T3V0Y29tZU5vZGU6NDE0MTI3MQ==,-125.0,-125.0,-125.0,-125.0,T3V0Y29tZU5vZGU6NDE0MTI3Mg==,-105.0,-105.0,-105.0,-105.0
T2ZmZXJUYWJsZU9mZmVyTm9kZToxMDIxMzg1NTc=,RmlnaHROb2RlOjQ1Mjgx,U3BvcnRzYm9va05vZGU6Mjg=,T3V0Y29tZU5vZGU6NDE2MDcyNg==,-160.0,-160.0,-160.0,-160.0,T3V0Y29tZU5vZGU6NDE2MDcyNw==,130.0,130.0,130.0,130.0
T2ZmZXJUYWJsZU9mZmVyTm9kZToxMDIxNjM1MTQ=,RmlnaHROb2RlOjQ0NjM5,U3BvcnRzYm9va05vZGU6MTA=,T3V0Y29tZU5vZGU6NDIwODkzMA==,375.0,300.0,300.0,375.0,T3V0Y29tZU5vZGU6NDIwODkzMQ==,-500.0,-500.0,-400.0,-400.0
T2ZmZXJUYWJsZU9mZmVyTm9kZToxMDIxNjUyMDU=,RmlnaHROb2RlOjQ0NjM5,U3BvcnRzYm9va05vZGU6Mjc=,T3V0Y29tZU5vZGU6NDIxMjMwNQ==,300.0,280.0,280.0,300.0,T3V0Y29tZU5vZGU6NDIxMjMwNA==,-450.0,-450.0,-450.0,-450.0
T2ZmZXJUYWJsZU9mZmVyTm9kZToxMDIxNjYxNjU=,RmlnaHROb2RlOjQ0NjM5,U3BvcnRzYm9va05vZGU6Mjg=,T3V0Y29tZU5vZGU6NDIxNDE0OQ==,350.0,325.0,325.0,350.0,T3V0Y29tZU5vZGU6NDIxNDE0OA==,-500.0,-500.0,-425.0,-425.0
T2ZmZXJUYWJsZU9mZmVyTm9kZToxMDIxNjE1ODE=,RmlnaHROb2RlOjQ0NjM4,U3BvcnRzYm9va05vZGU6Mjc=,T3V0Y29tZU5vZGU6NDIwNTIzNQ==,-120.0,-120.0,175.0,175.0,T3V0Y29tZU5vZGU6NDIwNTIzNA==,-110.0,-225.0,-225.0,-110.0
T2ZmZXJUYWJsZU9mZmVyTm9kZToxMDIxNjAwMzU=,RmlnaHROb2RlOjQ0NjM4,U3BvcnRzYm9va05vZGU6MTA=,T3V0Y29tZU5vZGU6NDIwMjQ4Mw==,-175.0,-180.0,165.0,222.0,T3V0Y29tZU5vZGU6NDIwMjQ4Mg==,145.0,-282.0,-205.0,150.0
T2ZmZXJUYWJsZU9mZmVyTm9kZToxMDIxNjYxNjQ=,RmlnaHROb2RlOjQ0NjM4,U3BvcnRzYm9va05vZGU6Mjg=,T3V0Y29tZU5vZGU6NDIxNDE0Ng==,165.0,160.0,160.0,165.0,T3V0Y29tZU5vZGU6NDIxNDE0Nw==,-210.0,-210.0,-200.0,-200.0
T2ZmZXJUYWJsZU9mZmVyTm9kZToxMDIxNjM1MTc=,RmlnaHROb2RlOjQ1MDU4,U3BvcnRzYm9va05vZGU6MTA=,T3V0Y29tZU5vZGU6NDIwODkzNw==,-165.0,-165.0,-165.0,-165.0,T3V0Y29tZU5vZGU6NDIwODkzNg==,135.0,135.0,135.0,135.0
T2ZmZXJUYWJsZU9mZmVyTm9kZToxMDIxNjYxNjg=,RmlnaHROb2RlOjQ1MDU4,U3BvcnRzYm9va05vZGU6Mjg=,T3V0Y29tZU5vZGU6NDIxNDE1NA==,-165.0,-300.0,-300.0,-165.0,T3V0Y29tZU5vZGU6NDIxNDE1NQ==,135.0,135.0,220.0,220.0
T2ZmZXJUYWJsZU9mZmVyTm9kZToxMDIxNjM1MTg=,RmlnaHROb2RlOjU5MjIx,U3BvcnRzYm9va05vZGU6MTA=,T3V0Y29tZU5vZGU6NDIwODkzOQ==,-115.0,-150.0,105.0,125.0,T3V0Y29tZU5vZGU6NDIwODkzOA==,-115.0,-155.0,-135.0,120.0
T2ZmZXJUYWJsZU9mZmVyTm9kZToxMDIxNjUyNjE=,RmlnaHROb2RlOjU5MjIx,U3BvcnRzYm9va05vZGU6Mjc=,T3V0Y29tZU5vZGU6NDIxMjQxNw==,-125.0,-125.0,105.0,105.0,T3V0Y29tZU5vZGU6NDIxMjQxNg==,-105.0,-143.0,-143.0,-105.0
T2ZmZXJUYWJsZU9mZmVyTm9kZToxMDIxNjYxNjk=,RmlnaHROb2RlOjU5MjIx,U3BvcnRzYm9va05vZGU6Mjg=,T3V0Y29tZU5vZGU6NDIxNDE1Ng==,-125.0,-145.0,-130.0,-125.0,T3V0Y29tZU5vZGU6NDIxNDE1Nw==,-105.0,-105.0,100.0,115.0
T2ZmZXJUYWJsZU9mZmVyTm9kZToxMDIxNjAwMzQ=,RmlnaHROb2RlOjQ0NjM3,U3BvcnRzYm9va05vZGU6MTA=,T3V0Y29tZU5vZGU6NDIwMjQ4MQ==,-300.0,-360.0,-185.0,-140.0,T3V0Y29tZU5vZGU6NDIwMjQ4MA==,240.0,110.0,155.0,285.0
T2ZmZXJUYWJsZU9mZmVyTm9kZToxMDIxNjE1ODA=,RmlnaHROb2RlOjQ0NjM3,U3BvcnRzYm9va05vZGU6Mjc=,T3V0Y29tZU5vZGU6NDIwNTIzMg==,-225.0,-250.0,-225.0,-200.0,T3V0Y29tZU5vZGU6NDIwNTIzMw==,163.0,150.0,175.0,175.0
T2ZmZXJUYWJsZU9mZmVyTm9kZToxMDIxNjYxNjM=,RmlnaHROb2RlOjQ0NjM3,U3BvcnRzYm9va05vZGU6Mjg=,T3V0Y29tZU5vZGU6NDIxNDE0NA==,-180.0,-245.0,-235.0,-180.0,T3V0Y29tZU5vZGU6NDIxNDE0NQ==,150.0,150.0,185.0,195.0
T2ZmZXJUYWJsZU9mZmVyTm9kZToxMDIxNjYxNjc=,RmlnaHROb2RlOjQ1MDE4,U3BvcnRzYm9va05vZGU6Mjg=,T3V0Y29tZU5vZGU6NDIxNDE1Mg==,-155.0,-300.0,-300.0,-155.0,T3V0Y29tZU5vZGU6NDIxNDE1Mw==,125.0,125.0,220.0,220.0
T2ZmZXJUYWJsZU9mZmVyTm9kZToxMDIxNjUyMDc=,RmlnaHROb2RlOjQ1MDE4,U3BvcnRzYm9va05vZGU6Mjc=,T3V0Y29tZU5vZGU6NDIxMjMwOA==,-225.0,-333.0,-333.0,-225.0,T3V0Y29tZU5vZGU6NDIxMjMwOQ==,163.0,163.0,220.0,220.0
T2ZmZXJUYWJsZU9mZmVyTm9kZToxMDIxNjM1MTY=,RmlnaHROb2RlOjQ1MDE4,U3BvcnRzYm9va05vZGU6MTA=,T3V0Y29tZU5vZGU6NDIwODkzNQ==,-280.0,-300.0,-300.0,-120.0,T3V0Y29tZU5vZGU6NDIwODkzNA==,220.0,-110.0,240.0,240.0
T2ZmZXJUYWJsZU9mZmVyTm9kZToxMDIxNzEzMDc=,RmlnaHROb2RlOjU5MTg1,U3BvcnRzYm9va05vZGU6Mjc=,T3V0Y29tZU5vZGU6NDIyNDEyNQ==,-500.0,-500.0,-400.0,-400.0,T3V0Y29tZU5vZGU6NDIyNDEyNg==,300.0,275.0,275.0,300.0
T2ZmZXJUYWJsZU9mZmVyTm9kZToxMDIxNjc1OTU=,RmlnaHROb2RlOjU5MTg1,U3BvcnRzYm9va05vZGU6MTA=,T3V0Y29tZU5vZGU6NDIxNjgyMw==,-180.0,-500.0,-350.0,-180.0,T3V0Y29tZU5vZGU6NDIxNjgyMg==,150.0,150.0,275.0,375.0
T2ZmZXJUYWJsZU9mZmVyTm9kZToxMDIxNjUyNjM=,RmlnaHROb2RlOjU5MjIy,U3BvcnRzYm9va05vZGU6Mjc=,T3V0Y29tZU5vZGU6NDIxMjQyMQ==,200.0,200.0,220.0,220.0,T3V0Y29tZU5vZGU6NDIxMjQyMA==,-275.0,-333.0,-333.0,-275.0
T2ZmZXJUYWJsZU9mZmVyTm9kZToxMDIxNjM1MjM=,RmlnaHROb2RlOjU5MjIy,U3BvcnRzYm9va05vZGU6MTA=,T3V0Y29tZU5vZGU6NDIwODk0OA==,275.0,220.0,220.0,275.0,T3V0Y29tZU5vZGU6NDIwODk0OQ==,-350.0,-350.0,-280.0,-280.0
T2ZmZXJUYWJsZU9mZmVyTm9kZToxMDIxNjYxODU=,RmlnaHROb2RlOjU5MjIy,U3BvcnRzYm9va05vZGU6Mjg=,T3V0Y29tZU5vZGU6NDIxNDE4OQ==,250.0,220.0,220.0,250.0,T3V0Y29tZU5vZGU6NDIxNDE4OA==,-350.0,-350.0,-300.0,-300.0
T2ZmZXJUYWJsZU9mZmVyTm9kZToxMDIxNjYxNzE=,RmlnaHROb2RlOjU5MTg2,U3BvcnRzYm9va05vZGU6Mjg=,T3V0Y29tZU5vZGU6NDIxNDE2MA==,-300.0,-400.0,-400.0,-300.0,T3V0Y29tZU5vZGU6NDIxNDE2MQ==,220.0,220.0,300.0,300.0
T2ZmZXJUYWJsZU9mZmVyTm9kZToxMDIxNjM1MjA=,RmlnaHROb2RlOjU5MTg2,U3BvcnRzYm9va05vZGU6MTA=,T3V0Y29tZU5vZGU6NDIwODk0Mw==,-800.0,-800.0,-400.0,-325.0,T3V0Y29tZU5vZGU6NDIwODk0Mg==,550.0,225.0,300.0,550.0
T2ZmZXJUYWJsZU9mZmVyTm9kZToxMDIxNjUyNjI=,RmlnaHROb2RlOjU5MTg2,U3BvcnRzYm9va05vZGU6Mjc=,T3V0Y29tZU5vZGU6NDIxMjQxOQ==,-450.0,-450.0,-450.0,-450.0,T3V0Y29tZU5vZGU6NDIxMjQxOA==,300.0,280.0,280.0,300.0
T2ZmZXJUYWJsZU9mZmVyTm9kZToxMDIxNjM1MTU=,RmlnaHROb2RlOjQ1Mjc0,U3BvcnRzYm9va05vZGU6MTA=,T3V0Y29tZU5vZGU6NDIwODkzMw==,-600.0,-600.0,-500.0,-500.0,T3V0Y29tZU5vZGU6NDIwODkzMg==,425.0,375.0,375.0,425.0
T2ZmZXJUYWJsZU9mZmVyTm9kZToxMDIxNjUyMDg=,RmlnaHROb2RlOjQ1Mjc0,U3BvcnRzYm9va05vZGU6Mjc=,T3V0Y29tZU5vZGU6NDIxMjMxMQ==,-549.0,-549.0,-500.0,-500.0,T3V0Y29tZU5vZGU6NDIxMjMxMA==,350.0,300.0,300.0,350.0
T2ZmZXJUYWJsZU9mZmVyTm9kZToxMDIxNjYxNjY=,RmlnaHROb2RlOjQ1Mjc0,U3BvcnRzYm9va05vZGU6Mjg=,T3V0Y29tZU5vZGU6NDIxNDE1MA==,-600.0,-600.0,-550.0,-550.0,T3V0Y29tZU5vZGU6NDIxNDE1MQ==,400.0,375.0,375.0,400.0
T2ZmZXJUYWJsZU9mZmVyTm9kZToxMDIxNzE2MTk=,RmlnaHROb2RlOjQ1MDMx,U3BvcnRzYm9va05vZGU6Mjg=,T3V0Y29tZU5vZGU6NDIyNDYxMw==,-270.0,-300.0,-300.0,-270.0,T3V0Y29tZU5vZGU6NDIyNDYxNA==,210.0,210.0,220.0,220.0
T2ZmZXJUYWJsZU9mZmVyTm9kZToxMDIxNjUyMDY=,RmlnaHROb2RlOjQ1MDMx,U3BvcnRzYm9va05vZGU6Mjc=,T3V0Y29tZU5vZGU6NDIxMjMwNg==,-188.0,-357.0,-357.0,-188.0,T3V0Y29tZU5vZGU6NDIxMjMwNw==,140.0,140.0,250.0,250.0
T2ZmZXJUYWJsZU9mZmVyTm9kZToxMDIxNjM1MTk=,RmlnaHROb2RlOjQ1MDMx,U3BvcnRzYm9va05vZGU6MTA=,T3V0Y29tZU5vZGU6NDIwODk0MQ==,-115.0,-325.0,-325.0,-115.0,T3V0Y29tZU5vZGU6NDIwODk0MA==,-115.0,-115.0,250.0,250.0
T2ZmZXJUYWJsZU9mZmVyTm9kZToxMDIxNjM1MjE=,RmlnaHROb2RlOjQ1Mzg0,U3BvcnRzYm9va05vZGU6MTA=,T3V0Y29tZU5vZGU6NDIwODk0NQ==,190.0,115.0,125.0,190.0,T3V0Y29tZU5vZGU6NDIwODk0NA==,-240.0,-240.0,-155.0,-145.0
T2ZmZXJUYWJsZU9mZmVyTm9kZToxMDIxNjUyMDk=,RmlnaHROb2RlOjQ1Mzg0,U3BvcnRzYm9va05vZGU6Mjc=,T3V0Y29tZU5vZGU6NDIxMjMxMg==,150.0,140.0,140.0,150.0,T3V0Y29tZU5vZGU6NDIxMjMxMw==,-200.0,-200.0,-200.0,-200.0
T2ZmZXJUYWJsZU9mZmVyTm9kZToxMDIxNjYxODM=,RmlnaHROb2RlOjQ1Mzg0,U3BvcnRzYm9va05vZGU6Mjg=,T3V0Y29tZU5vZGU6NDIxNDE4NA==,175.0,165.0,165.0,175.0,T3V0Y29tZU5vZGU6NDIxNDE4NQ==,-220.0,-220.0,-210.0,-210.0
T2ZmZXJUYWJsZU9mZmVyTm9kZToxMDIyMDIxMTQ=,RmlnaHROb2RlOjQ1MTgw,U3BvcnRzYm9va05vZGU6MTA=,T3V0Y29tZU5vZGU6NDI4MTY4Ng==,160.0,160.0,170.0,240.0,T3V0Y29tZU5vZGU6NDI4MTY4NQ==,-200.0,-300.0,-210.0,-200.0
T2ZmZXJUYWJsZU9mZmVyTm9kZToxMDIyMDM2Mzc=,RmlnaHROb2RlOjQ1MTgw,U3BvcnRzYm9va05vZGU6Mjg=,T3V0Y29tZU5vZGU6NDI4NDUyNQ==,180.0,180.0,180.0,180.0,T3V0Y29tZU5vZGU6NDI4NDUyNg==,-230.0,-230.0,-230.0,-230.0
T2ZmZXJUYWJsZU9mZmVyTm9kZToxMDIyMDI4NzQ=,RmlnaHROb2RlOjQ1MTgw,U3BvcnRzYm9va05vZGU6Mjc=,T3V0Y29tZU5vZGU6NDI4MzE5OA==,163.0,163.0,163.0,163.0,T3V0Y29tZU5vZGU6NDI4MzE5OQ==,-225.0,-225.0,-225.0,-225.0
T2ZmZXJUYWJsZU9mZmVyTm9kZToxMDIyMDI5MTc=,RmlnaHROb2RlOjU5MTk1,U3BvcnRzYm9va05vZGU6Mjc=,T3V0Y29tZU5vZGU6NDI4MzI3Nw==,-549.0,-549.0,-549.0,-549.0,T3V0Y29tZU5vZGU6NDI4MzI3OA==,350.0,350.0,350.0,350.0
T2ZmZXJUYWJsZU9mZmVyTm9kZToxMDIyMDIxMTM=,RmlnaHROb2RlOjU5MTk1,U3BvcnRzYm9va05vZGU6MTA=,T3V0Y29tZU5vZGU6NDI4MTY4NA==,-400.0,-825.0,-825.0,-400.0,T3V0Y29tZU5vZGU6NDI4MTY4Mw==,300.0,300.0,575.0,575.0
T2ZmZXJUYWJsZU9mZmVyTm9kZToxMDIyMDM2MzY=,RmlnaHROb2RlOjU5MTk1,U3BvcnRzYm9va05vZGU6Mjg=,T3V0Y29tZU5vZGU6NDI4NDUyMw==,-700.0,-900.0,-900.0,-700.0,T3V0Y29tZU5vZGU6NDI4NDUyNA==,450.0,450.0,550.0,550.0
T2ZmZXJUYWJsZU9mZmVyTm9kZToxMDIyMDI4NzE=,RmlnaHROb2RlOjU5MTk1,U3BvcnRzYm9va05vZGU6Mjc=,T3V0Y29tZU5vZGU6NDI4MzE5Mg==,-649.0,-649.0,-599.0,-599.0,T3V0Y29tZU5vZGU6NDI4MzE5Mw==,400.0,350.0,350.0,400.0
T2ZmZXJUYWJsZU9mZmVyTm9kZToxMDIyMDI4Nzc=,RmlnaHROb2RlOjQ1MDE3,U3BvcnRzYm9va05vZGU6Mjc=,T3V0Y29tZU5vZGU6NDI4MzIwNA==,-275.0,-275.0,-275.0,-275.0,T3V0Y29tZU5vZGU6NDI4MzIwNQ==,200.0,200.0,200.0,200.0
T2ZmZXJUYWJsZU9mZmVyTm9kZToxMDIyMDIxMTA=,RmlnaHROb2RlOjQ1MDE3,U3BvcnRzYm9va05vZGU6MTA=,T3V0Y29tZU5vZGU6NDI4MTY3OA==,-500.0,-500.0,-285.0,-270.0,T3V0Y29tZU5vZGU6NDI4MTY3Nw==,375.0,210.0,225.0,375.0
T2ZmZXJUYWJsZU9mZmVyTm9kZToxMDIyMDM2MzM=,RmlnaHROb2RlOjQ1MDE3,U3BvcnRzYm9va05vZGU6Mjg=,T3V0Y29tZU5vZGU6NDI4NDUxNw==,-290.0,-290.0,-290.0,-290.0,T3V0Y29tZU5vZGU6NDI4NDUxOA==,220.0,220.0,220.0,220.0
T2ZmZXJUYWJsZU9mZmVyTm9kZToxMDIyMDI4NzU=,RmlnaHROb2RlOjU5MTky,U3BvcnRzYm9va05vZGU6Mjc=,T3V0Y29tZU5vZGU6NDI4MzIwMQ==,200.0,200.0,200.0,200.0,T3V0Y29tZU5vZGU6NDI4MzIwMA==,-275.0,-275.0,-275.0,-275.0
T2ZmZXJUYWJsZU9mZmVyTm9kZToxMDIyMDIxMDk=,RmlnaHROb2RlOjU5MTky,U3BvcnRzYm9va05vZGU6MTA=,T3V0Y29tZU5vZGU6NDI4MTY3NQ==,300.0,190.0,205.0,300.0,T3V0Y29tZU5vZGU6NDI4MTY3Ng==,-400.0,-400.0,-265.0,-240.0
T2ZmZXJUYWJsZU9mZmVyTm9kZToxMDIyMDM2MzI=,RmlnaHROb2RlOjU5MTky,U3BvcnRzYm9va05vZGU6Mjg=,T3V0Y29tZU5vZGU6NDI4NDUxNg==,210.0,210.0,210.0,210.0,T3V0Y29tZU5vZGU6NDI4NDUxNQ==,-280.0,-280.0,-280.0,-280.0
T2ZmZXJUYWJsZU9mZmVyTm9kZToxMDIyMDIxMDc=,RmlnaHROb2RlOjU5MTkw,U3BvcnRzYm9va05vZGU6MTA=,T3V0Y29tZU5vZGU6NDI4MTY3Mg==,-600.0,-600.0,-350.0,-350.0,T3V0Y29tZU5vZGU6NDI4MTY3MQ==,425.0,275.0,275.0,425.0
T2ZmZXJUYWJsZU9mZmVyTm9kZToxMDIyMDM2MzA=,RmlnaHROb2RlOjU5MTkw,U3BvcnRzYm9va05vZGU6Mjg=,T3V0Y29tZU5vZGU6NDI4NDUxMQ==,-400.0,-400.0,-400.0,-400.0,T3V0Y29tZU5vZGU6NDI4NDUxMg==,300.0,300.0,300.0,300.0
T2ZmZXJUYWJsZU9mZmVyTm9kZToxMDIyMDI4NzY=,RmlnaHROb2RlOjU5MTkw,U3BvcnRzYm9va05vZGU6Mjc=,T3V0Y29tZU5vZGU6NDI4MzIwMg==,-350.0,-350.0,-350.0,-350.0,T3V0Y29tZU5vZGU6NDI4MzIwMw==,240.0,240.0,240.0,240.0
T2ZmZXJUYWJsZU9mZmVyTm9kZToxMDIyMDIxMDg=,RmlnaHROb2RlOjQ1MDE2,U3BvcnRzYm9va05vZGU6MTA=,T3V0Y29tZU5vZGU6NDI4MTY3NA==,-400.0,-700.0,-700.0,-400.0,T3V0Y29tZU5vZGU6NDI4MTY3Mw==,300.0,300.0,500.0,500.0
T2ZmZXJUYWJsZU9mZmVyTm9kZToxMDIyMDM2MzE=,RmlnaHROb2RlOjQ1MDE2,U3BvcnRzYm9va05vZGU6Mjg=,T3V0Y29tZU5vZGU6NDI4NDUxMw==,-400.0,-400.0,-400.0,-400.0,T3V0Y29tZU5vZGU6NDI4NDUxNA==,300.0,300.0,300.0,300.0
T2ZmZXJUYWJsZU9mZmVyTm9kZToxMDIyMDI4NzM=,RmlnaHROb2RlOjQ1MjYz,U3BvcnRzYm9va05vZGU6Mjc=,T3V0Y29tZU5vZGU6NDI4MzE5Ng==,-175.0,-175.0,-175.0,-175.0,T3V0Y29tZU5vZGU6NDI4MzE5Nw==,130.0,130.0,130.0,130.0
T2ZmZXJUYWJsZU9mZmVyTm9kZToxMDIyMDIxMTE=,RmlnaHROb2RlOjQ1MjYz,U3BvcnRzYm9va05vZGU6MTA=,T3V0Y29tZU5vZGU6NDI4MTY3OQ==,190.0,-210.0,-210.0,190.0,T3V0Y29tZU5vZGU6NDI4MTY4MA==,-240.0,-240.0,170.0,170.0
T2ZmZXJUYWJsZU9mZmVyTm9kZToxMDIyMDM2MzQ=,RmlnaHROb2RlOjQ1MjYz,U3BvcnRzYm9va05vZGU6Mjg=,T3V0Y29tZU5vZGU6NDI4NDUyMA==,-215.0,-215.0,-215.0,-215.0,T3V0Y29tZU5vZGU6NDI4NDUxOQ==,170.0,170.0,170.0,170.0
T2ZmZXJUYWJsZU9mZmVyTm9kZToxMDIyMDIxMTU=,RmlnaHROb2RlOjU5MTk2,U3BvcnRzYm9va05vZGU6MTA=,T3V0Y29tZU5vZGU6NDI4MTY4OA==,-400.0,-400.0,-183.0,-140.0,T3V0Y29tZU5vZGU6NDI4MTY4Nw==,300.0,110.0,153.0,300.0
T2ZmZXJUYWJsZU9mZmVyTm9kZToxMDIyMDI4NzI=,RmlnaHROb2RlOjU5MTk2,U3BvcnRzYm9va05vZGU6Mjc=,T3V0Y29tZU5vZGU6NDI4MzE5NQ==,-150.0,-200.0,-200.0,-150.0,T3V0Y29tZU5vZGU6NDI4MzE5NA==,110.0,110.0,140.0,140.0
T2ZmZXJUYWJsZU9mZmVyTm9kZToxMDIyMDM2Mzg=,RmlnaHROb2RlOjU5MTk2,U3BvcnRzYm9va05vZGU6Mjg=,T3V0Y29tZU5vZGU6NDI4NDUyNw==,-155.0,-160.0,-160.0,-155.0,T3V0Y29tZU5vZGU6NDI4NDUyOA==,125.0,125.0,130.0,130.0
T2ZmZXJUYWJsZU9mZmVyTm9kZToxMDIyMDM2Mzk=,RmlnaHROb2RlOjU5MjIz,U3BvcnRzYm9va05vZGU6Mjg=,T3V0Y29tZU5vZGU6NDI4NDUyOQ==,-130.0,-130.0,-130.0,-130.0,T3V0Y29tZU5vZGU6NDI4NDUzMA==,100.0,100.0,100.0,100.0
T2ZmZXJUYWJsZU9mZmVyTm9kZToxMDIyMDIxMTY=,RmlnaHROb2RlOjU5MjIz,U3BvcnRzYm9va05vZGU6MTA=,T3V0Y29tZU5vZGU6NDI4MTY5MA==,-160.0,-160.0,-130.0,-121.0,T3V0Y29tZU5vZGU6NDI4MTY4OQ==,130.0,-109.0,100.0,130.0
T2ZmZXJUYWJsZU9mZmVyTm9kZToxMDIyMDI4ODE=,RmlnaHROb2RlOjU5MTg5,U3BvcnRzYm9va05vZGU6Mjc=,T3V0Y29tZU5vZGU6NDI4MzIxMg==,-275.0,-275.0,-275.0,-275.0,T3V0Y29tZU5vZGU6NDI4MzIxMw==,200.0,200.0,200.0,200.0
T2ZmZXJUYWJsZU9mZmVyTm9kZToxMDIyMDM2Mjk=,RmlnaHROb2RlOjU5MTg5,U3BvcnRzYm9va05vZGU6Mjg=,T3V0Y29tZU5vZGU6NDI4NDUwOQ==,-285.0,-300.0,-300.0,-285.0,T3V0Y29tZU5vZGU6NDI4NDUxMA==,215.0,215.0,220.0,220.0
T2ZmZXJUYWJsZU9mZmVyTm9kZToxMDIyMDIxMDY=,RmlnaHROb2RlOjU5MTg5,U3BvcnRzYm9va05vZGU6MTA=,T3V0Y29tZU5vZGU6NDI4MTY3MA==,-500.0,-500.0,-265.0,-260.0,T3V0Y29tZU5vZGU6NDI4MTY2OQ==,375.0,200.0,205.0,375.0
T2ZmZXJUYWJsZU9mZmVyTm9kZToxMDIyMTM0OTE=,RmlnaHROb2RlOjQ1NDc4,U3BvcnRzYm9va05vZGU6Mjc=,T3V0Y29tZU5vZGU6NDMwMjUxNQ==,-120.0,-120.0,-120.0,-120.0,T3V0Y29tZU5vZGU6NDMwMjUxNg==,-110.0,-110.0,-110.0,-110.0
T2ZmZXJUYWJsZU9mZmVyTm9kZToxMDIyMTMzNTM=,RmlnaHROb2RlOjQ1NDc4,U3BvcnRzYm9va05vZGU6Mjg=,T3V0Y29tZU5vZGU6NDMwMjIzOQ==,-120.0,-130.0,-130.0,-120.0,T3V0Y29tZU5vZGU6NDMwMjI0MA==,-110.0,-110.0,100.0,100.0
T2ZmZXJUYWJsZU9mZmVyTm9kZToxMDIyMTMyMjg=,RmlnaHROb2RlOjQ1NDc4,U3BvcnRzYm9va05vZGU6MTA=,T3V0Y29tZU5vZGU6NDMwMjAxMA==,-120.0,-140.0,-140.0,-120.0,T3V0Y29tZU5vZGU6NDMwMjAwOQ==,-110.0,-110.0,110.0,110.0
T2ZmZXJUYWJsZU9mZmVyTm9kZToxMDIyMTMzNDk=,RmlnaHROb2RlOjQ0OTcw,U3BvcnRzYm9va05vZGU6Mjg=,T3V0Y29tZU5vZGU6NDMwMjIzMQ==,-300.0,-370.0,-370.0,-300.0,T3V0Y29tZU5vZGU6NDMwMjIzMg==,220.0,220.0,270.0,270.0
T2ZmZXJUYWJsZU9mZmVyTm9kZToxMDIyMTM1MTc=,RmlnaHROb2RlOjQ0OTcw,U3BvcnRzYm9va05vZGU6Mjc=,T3V0Y29tZU5vZGU6NDMwMjU2Nw==,-300.0,-300.0,-300.0,-300.0,T3V0Y29tZU5vZGU6NDMwMjU2OA==,210.0,210.0,210.0,210.0
T2ZmZXJUYWJsZU9mZmVyTm9kZToxMDIyMTMyMjQ=,RmlnaHROb2RlOjQ0OTcw,U3BvcnRzYm9va05vZGU6MTA=,T3V0Y29tZU5vZGU6NDMwMjAwMg==,-300.0,-370.0,-370.0,-300.0,T3V0Y29tZU5vZGU6NDMwMjAwMQ==,240.0,240.0,295.0,295.0
T2ZmZXJUYWJsZU9mZmVyTm9kZToxMDIyMTMzNDg=,RmlnaHROb2RlOjQ0OTY5,U3BvcnRzYm9va05vZGU6Mjg=,T3V0Y29tZU5vZGU6NDMwMjIyOQ==,-450.0,-450.0,-450.0,-450.0,T3V0Y29tZU5vZGU6NDMwMjIzMA==,325.0,325.0,325.0,325.0
T2ZmZXJUYWJsZU9mZmVyTm9kZToxMDIyMTM1MTY=,RmlnaHROb2RlOjQ0OTY5,U3BvcnRzYm9va05vZGU6Mjc=,T3V0Y29tZU5vZGU6NDMwMjU2NQ==,-450.0,-450.0,-450.0,-450.0,T3V0Y29tZU5vZGU6NDMwMjU2Ng==,300.0,300.0,300.0,300.0
T2ZmZXJUYWJsZU9mZmVyTm9kZToxMDIyMTMyMjM=,RmlnaHROb2RlOjQ0OTY5,U3BvcnRzYm9va05vZGU6MTA=,T3V0Y29tZU5vZGU6NDMwMjAwMA==,-425.0,-450.0,-450.0,-425.0,T3V0Y29tZU5vZGU6NDMwMTk5OQ==,325.0,325.0,350.0,350.0
T2ZmZXJUYWJsZU9mZmVyTm9kZToxMDIyMTMyMjE=,RmlnaHROb2RlOjQ1MTI4,U3BvcnRzYm9va05vZGU6MTA=,T3V0Y29tZU5vZGU6NDMwMTk5Ng==,-180.0,-265.0,-250.0,-180.0,T3V0Y29tZU5vZGU6NDMwMTk5NQ==,150.0,150.0,200.0,205.0
T2ZmZXJUYWJsZU9mZmVyTm9kZToxMDIyMTM1MjA=,RmlnaHROb2RlOjQ1MTI4,U3BvcnRzYm9va05vZGU6Mjc=,T3V0Y29tZU5vZGU6NDMwMjU3Mw==,-250.0,-250.0,-222.0,-222.0,T3V0Y29tZU5vZGU6NDMwMjU3NA==,180.0,155.0,155.0,180.0
T2ZmZXJUYWJsZU9mZmVyTm9kZToxMDIyMTMzNDY=,RmlnaHROb2RlOjQ1MTI4,U3BvcnRzYm9va05vZGU6Mjg=,T3V0Y29tZU5vZGU6NDMwMjIyNQ==,-180.0,-260.0,-260.0,-180.0,T3V0Y29tZU5vZGU6NDMwMjIyNg==,150.0,150.0,200.0,200.0
T2ZmZXJUYWJsZU9mZmVyTm9kZToxMDIyMTQxNDU=,RmlnaHROb2RlOjQ1NzE4,U3BvcnRzYm9va05vZGU6Mjc=,T3V0Y29tZU5vZGU6NDMwMzgyMw==,-188.0,-188.0,-188.0,-188.0,T3V0Y29tZU5vZGU6NDMwMzgyNA==,140.0,140.0,140.0,140.0
T2ZmZXJUYWJsZU9mZmVyTm9kZToxMDIyMTMyMjI=,RmlnaHROb2RlOjQ0OTY4,U3BvcnRzYm9va05vZGU6MTA=,T3V0Y29tZU5vZGU6NDMwMTk5Nw==,-220.0,-220.0,-177.0,-177.0,T3V0Y29tZU5vZGU6NDMwMTk5OA==,180.0,147.0,147.0,180.0
T2ZmZXJUYWJsZU9mZmVyTm9kZToxMDIyMTMzNDc=,RmlnaHROb2RlOjQ0OTY4,U3BvcnRzYm9va05vZGU6Mjg=,T3V0Y29tZU5vZGU6NDMwMjIyOA==,-200.0,-200.0,-180.0,-180.0,T3V0Y29tZU5vZGU6NDMwMjIyNw==,160.0,150.0,150.0,160.0
T2ZmZXJUYWJsZU9mZmVyTm9kZToxMDIyMTM1MTk=,RmlnaHROb2RlOjQ0OTY4,U3BvcnRzYm9va05vZGU6Mjc=,T3V0Y29tZU5vZGU6NDMwMjU3MQ==,-200.0,-200.0,-200.0,-200.0,T3V0Y29tZU5vZGU6NDMwMjU3Mg==,150.0,150.0,150.0,150.0
T2ZmZXJUYWJsZU9mZmVyTm9kZToxMDIyNDA3NTg=,RmlnaHROb2RlOjQ1Mjkx,U3BvcnRzYm9va05vZGU6Mjg=,T3V0Y29tZU5vZGU6NDM1Mjc4Ng==,-500.0,-500.0,-280.0,-280.0,T3V0Y29tZU5vZGU6NDM1Mjc4Nw==,350.0,210.0,210.0,350.0
T2ZmZXJUYWJsZU9mZmVyTm9kZToxMDIyNDU2Mjc=,RmlnaHROb2RlOjQ1Mjkx,U3BvcnRzYm9va05vZGU6MjE=,T3V0Y29tZU5vZGU6NDM2MTU4Nw==,-300.0,-300.0,-300.0,-300.0,T3V0Y29tZU5vZGU6NDM2MTU4OA==,200.0,200.0,200.0,200.0
T2ZmZXJUYWJsZU9mZmVyTm9kZToxMDIyNDE3OTU=,RmlnaHROb2RlOjQ1Mjkx,U3BvcnRzYm9va05vZGU6Mjc=,T3V0Y29tZU5vZGU6NDM1NDU5OA==,-400.0,-400.0,-250.0,-250.0,T3V0Y29tZU5vZGU6NDM1NDU5OQ==,275.0,180.0,180.0,275.0
T2ZmZXJUYWJsZU9mZmVyTm9kZToxMDIyNDA2ODU=,RmlnaHROb2RlOjQ1Mjkx,U3BvcnRzYm9va05vZGU6MTA=,T3V0Y29tZU5vZGU6NDM1MjY0MQ==,-500.0,-500.0,-280.0,-250.0,T3V0Y29tZU5vZGU6NDM1MjY0MA==,375.0,200.0,220.0,375.0
T2ZmZXJUYWJsZU9mZmVyTm9kZToxMDIyNDE3ODM=,RmlnaHROb2RlOjQ2MDMx,U3BvcnRzYm9va05vZGU6Mjc=,T3V0Y29tZU5vZGU6NDM1NDU3NA==,-110.0,-110.0,-110.0,-110.0,T3V0Y29tZU5vZGU6NDM1NDU3NQ==,-120.0,-120.0,-120.0,-120.0
T2ZmZXJUYWJsZU9mZmVyTm9kZToxMDIyNDU2MjM=,RmlnaHROb2RlOjQ2MDMx,U3BvcnRzYm9va05vZGU6MjE=,T3V0Y29tZU5vZGU6NDM2MTU3OQ==,-105.0,-105.0,-105.0,-105.0,T3V0Y29tZU5vZGU6NDM2MTU4MA==,-125.0,-125.0,-125.0,-125.0
T2ZmZXJUYWJsZU9mZmVyTm9kZToxMDIyNDA3NTU=,RmlnaHROb2RlOjQ2MDMx,U3BvcnRzYm9va05vZGU6Mjg=,T3V0Y29tZU5vZGU6NDM1Mjc4MA==,-115.0,-115.0,-105.0,-105.0,T3V0Y29tZU5vZGU6NDM1Mjc4MQ==,-115.0,-125.0,-125.0,-115.0
T2ZmZXJUYWJsZU9mZmVyTm9kZToxMDIyNDA2ODI=,RmlnaHROb2RlOjQ2MDMx,U3BvcnRzYm9va05vZGU6MTA=,T3V0Y29tZU5vZGU6NDM1MjYzNQ==,-160.0,-160.0,100.0,100.0,T3V0Y29tZU5vZGU6NDM1MjYzNA==,130.0,-130.0,-130.0,130.0
T2ZmZXJUYWJsZU9mZmVyTm9kZToxMDIyNDE3OTE=,RmlnaHROb2RlOjQ2MDM2,U3BvcnRzYm9va05vZGU6Mjc=,T3V0Y29tZU5vZGU6NDM1NDU5MA==,-150.0,-175.0,-175.0,-150.0,T3V0Y29tZU5vZGU6NDM1NDU5MQ==,110.0,110.0,130.0,130.0
T2ZmZXJUYWJsZU9mZmVyTm9kZToxMDIyNDA2ODg=,RmlnaHROb2RlOjQ2MDM2,U3BvcnRzYm9va05vZGU6MTA=,T3V0Y29tZU5vZGU6NDM1MjY0Nw==,-171.0,-185.0,-185.0,-110.0,T3V0Y29tZU5vZGU6NDM1MjY0Ng==,141.0,-120.0,155.0,155.0
T2ZmZXJUYWJsZU9mZmVyTm9kZToxMDIyNDA3NjY=,RmlnaHROb2RlOjQ2MDM2,U3BvcnRzYm9va05vZGU6Mjg=,T3V0Y29tZU5vZGU6NDM1MjgwMg==,-130.0,-190.0,-190.0,-130.0,T3V0Y29tZU5vZGU6NDM1MjgwMw==,100.0,100.0,155.0,155.0
T2ZmZXJUYWJsZU9mZmVyTm9kZToxMDIyNDU2Mjg=,RmlnaHROb2RlOjQ2MDM2,U3BvcnRzYm9va05vZGU6MjE=,T3V0Y29tZU5vZGU6NDM2MTU4OQ==,-165.0,-165.0,-165.0,-165.0,T3V0Y29tZU5vZGU6NDM2MTU5MA==,125.0,125.0,125.0,125.0
T2ZmZXJUYWJsZU9mZmVyTm9kZToxMDIyNDA2ODY=,RmlnaHROb2RlOjQ2MDM0,U3BvcnRzYm9va05vZGU6MTA=,T3V0Y29tZU5vZGU6NDM1MjY0Mw==,199.0,135.0,135.0,250.0,T3V0Y29tZU5vZGU6NDM1MjY0Mg==,-249.0,-325.0,-165.0,-165.0
T2ZmZXJUYWJsZU9mZmVyTm9kZToxMDIyNDE4MDI=,RmlnaHROb2RlOjQ2MDM0,U3BvcnRzYm9va05vZGU6Mjc=,T3V0Y29tZU5vZGU6NDM1NDYxMg==,200.0,150.0,150.0,200.0,T3V0Y29tZU5vZGU6NDM1NDYxMw==,-275.0,-275.0,-200.0,-200.0
T2ZmZXJUYWJsZU9mZmVyTm9kZToxMDIyNDU2Mjk=,RmlnaHROb2RlOjQ2MDM0,U3BvcnRzYm9va05vZGU6MjE=,T3V0Y29tZU5vZGU6NDM2MTU5MQ==,180.0,180.0,180.0,180.0,T3V0Y29tZU5vZGU6NDM2MTU5Mg==,-220.0,-220.0,-220.0,-220.0
T2ZmZXJUYWJsZU9mZmVyTm9kZToxMDIyNDA3NTk=,RmlnaHROb2RlOjQ2MDM0,U3BvcnRzYm9va05vZGU6Mjg=,T3V0Y29tZU5vZGU6NDM1Mjc4OA==,250.0,150.0,160.0,250.0,T3V0Y29tZU5vZGU6NDM1Mjc4OQ==,-350.0,-350.0,-200.0,-180.0
T2ZmZXJUYWJsZU9mZmVyTm9kZToxMDIyNDE4MDA=,RmlnaHROb2RlOjQ2MDM3,U3BvcnRzYm9va05vZGU6Mjc=,T3V0Y29tZU5vZGU6NDM1NDYwOA==,-350.0,-549.0,-549.0,-350.0,T3V0Y29tZU5vZGU6NDM1NDYwOQ==,240.0,240.0,350.0,350.0
T2ZmZXJUYWJsZU9mZmVyTm9kZToxMDIyNDA3Njg=,RmlnaHROb2RlOjQ2MDM3,U3BvcnRzYm9va05vZGU6Mjg=,T3V0Y29tZU5vZGU6NDM1MjgwNg==,-350.0,-550.0,-550.0,-350.0,T3V0Y29tZU5vZGU6NDM1MjgwNw==,250.0,250.0,375.0,375.0
T2ZmZXJUYWJsZU9mZmVyTm9kZToxMDIyNDA2OTA=,RmlnaHROb2RlOjQ2MDM3,U3BvcnRzYm9va05vZGU6MTA=,T3V0Y29tZU5vZGU6NDM1MjY1MQ==,-325.0,-600.0,-600.0,-325.0,T3V0Y29tZU5vZGU6NDM1MjY1MA==,250.0,250.0,425.0,425.0
T2ZmZXJUYWJsZU9mZmVyTm9kZToxMDIyNDE3OTg=,RmlnaHROb2RlOjQ2MDM4,U3BvcnRzYm9va05vZGU6Mjc=,T3V0Y29tZU5vZGU6NDM1NDYwNA==,-150.0,-163.0,-163.0,-150.0,T3V0Y29tZU5vZGU6NDM1NDYwNQ==,110.0,110.0,120.0,120.0
T2ZmZXJUYWJsZU9mZmVyTm9kZToxMDIyNDA3Njk=,RmlnaHROb2RlOjQ2MDM4,U3BvcnRzYm9va05vZGU6Mjg=,T3V0Y29tZU5vZGU6NDM1MjgwOA==,-145.0,-155.0,-155.0,-145.0,T3V0Y29tZU5vZGU6NDM1MjgwOQ==,115.0,115.0,125.0,125.0
T2ZmZXJUYWJsZU9mZmVyTm9kZToxMDIyNDA2OTE=,RmlnaHROb2RlOjQ2MDM4,U3BvcnRzYm9va05vZGU6MTA=,T3V0Y29tZU5vZGU6NDM1MjY1Mw==,-211.0,-211.0,-180.0,120.0,T3V0Y29tZU5vZGU6NDM1MjY1Mg==,171.0,-150.0,150.0,171.0
T2ZmZXJUYWJsZU9mZmVyTm9kZToxMDIyNDU2MjU=,RmlnaHROb2RlOjQ2MDMz,U3BvcnRzYm9va05vZGU6MjE=,T3V0Y29tZU5vZGU6NDM2MTU4Mw==,350.0,350.0,350.0,350.0,T3V0Y29tZU5vZGU6NDM2MTU4NA==,-500.0,-500.0,-500.0,-500.0
T2ZmZXJUYWJsZU9mZmVyTm9kZToxMDIyNDA3NTc=,RmlnaHROb2RlOjQ2MDMz,U3BvcnRzYm9va05vZGU6Mjg=,T3V0Y29tZU5vZGU6NDM1Mjc4NA==,375.0,350.0,475.0,475.0,T3V0Y29tZU5vZGU6NDM1Mjc4NQ==,-550.0,-750.0,-750.0,-500.0
T2ZmZXJUYWJsZU9mZmVyTm9kZToxMDIyNDA2ODQ=,RmlnaHROb2RlOjQ2MDMz,U3BvcnRzYm9va05vZGU6MTA=,T3V0Y29tZU5vZGU6NDM1MjYzOQ==,194.0,194.0,395.0,550.0,T3V0Y29tZU5vZGU6NDM1MjYzOA==,-244.0,-800.0,-520.0,-244.0
T2ZmZXJUYWJsZU9mZmVyTm9kZToxMDIyNDE3OTY=,RmlnaHROb2RlOjQ2MDMz,U3BvcnRzYm9va05vZGU6Mjc=,T3V0Y29tZU5vZGU6NDM1NDYwMA==,350.0,350.0,350.0,350.0,T3V0Y29tZU5vZGU6NDM1NDYwMQ==,-549.0,-549.0,-549.0,-549.0
T2ZmZXJUYWJsZU9mZmVyTm9kZToxMDIyNDU2MjQ=,RmlnaHROb2RlOjQ2MDMy,U3BvcnRzYm9va05vZGU6MjE=,T3V0Y29tZU5vZGU6NDM2MTU4MQ==,-200.0,-200.0,-200.0,-200.0,T3V0Y29tZU5vZGU6NDM2MTU4Mg==,150.0,150.0,150.0,150.0
T2ZmZXJUYWJsZU9mZmVyTm9kZToxMDIyNDE3OTc=,RmlnaHROb2RlOjQ2MDMy,U3BvcnRzYm9va05vZGU6Mjc=,T3V0Y29tZU5vZGU6NDM1NDYwMg==,-250.0,-250.0,-225.0,-225.0,T3V0Y29tZU5vZGU6NDM1NDYwMw==,175.0,163.0,163.0,175.0
T2ZmZXJUYWJsZU9mZmVyTm9kZToxMDIyNDA3NTY=,RmlnaHROb2RlOjQ2MDMy,U3BvcnRzYm9va05vZGU6Mjg=,T3V0Y29tZU5vZGU6NDM1Mjc4Mg==,-300.0,-300.0,-220.0,-220.0,T3V0Y29tZU5vZGU6NDM1Mjc4Mw==,220.0,175.0,175.0,220.0
T2ZmZXJUYWJsZU9mZmVyTm9kZToxMDIyNDA2ODM=,RmlnaHROb2RlOjQ2MDMy,U3BvcnRzYm9va05vZGU6MTA=,T3V0Y29tZU5vZGU6NDM1MjYzNw==,-189.0,-285.0,-205.0,-189.0,T3V0Y29tZU5vZGU6NDM1MjYzNg==,159.0,159.0,165.0,225.0
T2ZmZXJUYWJsZU9mZmVyTm9kZToxMDIyNDE4MDE=,RmlnaHROb2RlOjQ2MDM1,U3BvcnRzYm9va05vZGU6Mjc=,T3V0Y29tZU5vZGU6NDM1NDYxMA==,-200.0,-200.0,-150.0,-150.0,T3V0Y29tZU5vZGU6NDM1NDYxMQ==,150.0,115.0,115.0,150.0
T2ZmZXJUYWJsZU9mZmVyTm9kZToxMDIyNDA2ODc=,RmlnaHROb2RlOjQ2MDM1,U3BvcnRzYm9va05vZGU6MTA=,T3V0Y29tZU5vZGU6NDM1MjY0NQ==,-160.0,-205.0,-142.0,-135.0,T3V0Y29tZU5vZGU6NDM1MjY0NA==,130.0,105.0,112.0,165.0
T2ZmZXJUYWJsZU9mZmVyTm9kZToxMDIyNDU2MjY=,RmlnaHROb2RlOjQ2MDM1,U3BvcnRzYm9va05vZGU6MjE=,T3V0Y29tZU5vZGU6NDM2MTU4NQ==,-200.0,-200.0,-200.0,-200.0,T3V0Y29tZU5vZGU6NDM2MTU4Ng==,150.0,150.0,150.0,150.0
T2ZmZXJUYWJsZU9mZmVyTm9kZToxMDIyNDA3NjA=,RmlnaHROb2RlOjQ2MDM1,U3BvcnRzYm9va05vZGU6Mjg=,T3V0Y29tZU5vZGU6NDM1Mjc5MA==,-200.0,-210.0,-160.0,-160.0,T3V0Y29tZU5vZGU6NDM1Mjc5MQ==,160.0,130.0,130.0,165.0
T2ZmZXJUYWJsZU9mZmVyTm9kZToxMDIyNDA3Njc=,RmlnaHROb2RlOjQ2MDI5,U3BvcnRzYm9va05vZGU6Mjg=,T3V0Y29tZU5vZGU6NDM1MjgwNA==,-135.0,-150.0,-150.0,-135.0,T3V0Y29tZU5vZGU6NDM1MjgwNQ==,105.0,105.0,120.0,120.0
T2ZmZXJUYWJsZU9mZmVyTm9kZToxMDIyNDA2ODk=,RmlnaHROb2RlOjQ2MDI5,U3BvcnRzYm9va05vZGU6MTA=,T3V0Y29tZU5vZGU6NDM1MjY0OQ==,-115.0,-155.0,-145.0,-115.0,T3V0Y29tZU5vZGU6NDM1MjY0OA==,-115.0,-115.0,115.0,125.0
T2ZmZXJUYWJsZU9mZmVyTm9kZToxMDIyNDU2MzA=,RmlnaHROb2RlOjQ2MDI5,U3BvcnRzYm9va05vZGU6MjE=,T3V0Y29tZU5vZGU6NDM2MTU5Mw==,-140.0,-140.0,-140.0,-140.0,T3V0Y29tZU5vZGU6NDM2MTU5NA==,110.0,110.0,110.0,110.0
T2ZmZXJUYWJsZU9mZmVyTm9kZToxMDIyNDE3OTk=,RmlnaHROb2RlOjQ2MDI5,U3BvcnRzYm9va05vZGU6Mjc=,T3V0Y29tZU5vZGU6NDM1NDYwNg==,-138.0,-150.0,-150.0,-138.0,T3V0Y29tZU5vZGU6NDM1NDYwNw==,105.0,105.0,115.0,115.0
T2ZmZXJUYWJsZU9mZmVyTm9kZToxMDIyNjIwMjE=,RmlnaHROb2RlOjQ3Mjk2,U3BvcnRzYm9va05vZGU6Mjg=,T3V0Y29tZU5vZGU6NDM4ODY0Nw==,-150.0,-175.0,-175.0,-150.0,T3V0Y29tZU5vZGU6NDM4ODY0OA==,120.0,120.0,145.0,145.0
T2ZmZXJUYWJsZU9mZmVyTm9kZToxMDIyNjI0OTc=,RmlnaHROb2RlOjQ3Mjk2,U3BvcnRzYm9va05vZGU6Mjc=,T3V0Y29tZU5vZGU6NDM4OTM0MQ==,-138.0,-175.0,-175.0,-138.0,T3V0Y29tZU5vZGU6NDM4OTM0Mg==,105.0,105.0,130.0,130.0
T2ZmZXJUYWJsZU9mZmVyTm9kZToxMDIyNjA3Mzg=,RmlnaHROb2RlOjQ3Mjk2,U3BvcnRzYm9va05vZGU6MTA=,T3V0Y29tZU5vZGU6NDM4Njk2MQ==,-200.0,-200.0,-170.0,-150.0,T3V0Y29tZU5vZGU6NDM4Njk2MA==,160.0,120.0,140.0,160.0
T2ZmZXJUYWJsZU9mZmVyTm9kZToxMDIyNjEyMTk=,RmlnaHROb2RlOjQ3Mjk1,U3BvcnRzYm9va05vZGU6Mjc=,T3V0Y29tZU5vZGU6NDM4NzYwMQ==,-350.0,-450.0,-450.0,-350.0,T3V0Y29tZU5vZGU6NDM4NzYwMg==,240.0,240.0,300.0,300.0
T2ZmZXJUYWJsZU9mZmVyTm9kZToxMDIyNjA3Mzc=,RmlnaHROb2RlOjQ3Mjk1,U3BvcnRzYm9va05vZGU6MTA=,T3V0Y29tZU5vZGU6NDM4Njk1OQ==,-350.0,-500.0,-500.0,-350.0,T3V0Y29tZU5vZGU6NDM4Njk1OA==,275.0,275.0,375.0,375.0
T2ZmZXJUYWJsZU9mZmVyTm9kZToxMDIyNjIwMjA=,RmlnaHROb2RlOjQ3Mjk1,U3BvcnRzYm9va05vZGU6Mjg=,T3V0Y29tZU5vZGU6NDM4ODY0NQ==,-400.0,-500.0,-500.0,-400.0,T3V0Y29tZU5vZGU6NDM4ODY0Ng==,300.0,300.0,350.0,350.0
T2ZmZXJUYWJsZU9mZmVyTm9kZToxMDIyNjA3Mzk=,RmlnaHROb2RlOjQ3NDk1,U3BvcnRzYm9va05vZGU6MTA=,T3V0Y29tZU5vZGU6NDM4Njk2Mw==,-400.0,-800.0,-800.0,-400.0,T3V0Y29tZU5vZGU6NDM4Njk2Mg==,300.0,300.0,550.0,550.0
T2ZmZXJUYWJsZU9mZmVyTm9kZToxMDIyNjIwMjI=,RmlnaHROb2RlOjQ3NDk1,U3BvcnRzYm9va05vZGU6Mjg=,T3V0Y29tZU5vZGU6NDM4ODY0OQ==,-400.0,-700.0,-700.0,-400.0,T3V0Y29tZU5vZGU6NDM4ODY1MA==,300.0,300.0,450.0,450.0
T2ZmZXJUYWJsZU9mZmVyTm9kZToxMDIyNjEyMTc=,RmlnaHROb2RlOjQ1ODYw,U3BvcnRzYm9va05vZGU6Mjc=,T3V0Y29tZU5vZGU6NDM4NzU5Nw==,-400.0,-400.0,-400.0,-400.0,T3V0Y29tZU5vZGU6NDM4NzU5OA==,275.0,275.0,275.0,275.0
T2ZmZXJUYWJsZU9mZmVyTm9kZToxMDIyNjIwMjY=,RmlnaHROb2RlOjQ1ODYw,U3BvcnRzYm9va05vZGU6Mjg=,T3V0Y29tZU5vZGU6NDM4ODY1Nw==,-425.0,-425.0,-400.0,-400.0,T3V0Y29tZU5vZGU6NDM4ODY1OA==,325.0,300.0,300.0,325.0
T2ZmZXJUYWJsZU9mZmVyTm9kZToxMDIyNjA3NDM=,RmlnaHROb2RlOjQ1ODYw,U3BvcnRzYm9va05vZGU6MTA=,T3V0Y29tZU5vZGU6NDM4Njk3MQ==,-240.0,-500.0,-500.0,-240.0,T3V0Y29tZU5vZGU6NDM4Njk3MA==,190.0,190.0,375.0,375.0
T2ZmZXJUYWJsZU9mZmVyTm9kZToxMDIyNjA3NDI=,RmlnaHROb2RlOjQ3NDQ4,U3BvcnRzYm9va05vZGU6MTA=,T3V0Y29tZU5vZGU6NDM4Njk2OQ==,-300.0,-500.0,-220.0,-200.0,T3V0Y29tZU5vZGU6NDM4Njk2OA==,240.0,160.0,180.0,375.0
T2ZmZXJUYWJsZU9mZmVyTm9kZToxMDIyNjEyMjI=,RmlnaHROb2RlOjQ3NDQ4,U3BvcnRzYm9va05vZGU6Mjc=,T3V0Y29tZU5vZGU6NDM4NzYwNw==,-200.0,-200.0,-200.0,-200.0,T3V0Y29tZU5vZGU6NDM4NzYwOA==,150.0,150.0,150.0,150.0
T2ZmZXJUYWJsZU9mZmVyTm9kZToxMDIyNjIwMjU=,RmlnaHROb2RlOjQ3NDQ4,U3BvcnRzYm9va05vZGU6Mjg=,T3V0Y29tZU5vZGU6NDM4ODY1NQ==,-215.0,-215.0,-200.0,-200.0,T3V0Y29tZU5vZGU6NDM4ODY1Ng==,170.0,160.0,160.0,170.0
T2ZmZXJUYWJsZU9mZmVyTm9kZToxMDIyNjIwMTk=,RmlnaHROb2RlOjQ3Mjk0,U3BvcnRzYm9va05vZGU6Mjg=,T3V0Y29tZU5vZGU6NDM4ODY0Mw==,-600.0,-650.0,-650.0,-600.0,T3V0Y29tZU5vZGU6NDM4ODY0NA==,400.0,400.0,425.0,425.0
T2ZmZXJUYWJsZU9mZmVyTm9kZToxMDIyNjA3MzY=,RmlnaHROb2RlOjQ3Mjk0,U3BvcnRzYm9va05vZGU6MTA=,T3V0Y29tZU5vZGU6NDM4Njk1Nw==,-600.0,-650.0,-650.0,-400.0,T3V0Y29tZU5vZGU6NDM4Njk1Ng==,425.0,300.0,425.0,425.0
T2ZmZXJUYWJsZU9mZmVyTm9kZToxMDIyNjEyMTM=,RmlnaHROb2RlOjQ3Mjk0,U3BvcnRzYm9va05vZGU6Mjc=,T3V0Y29tZU5vZGU6NDM4NzU4OQ==,-549.0,-649.0,-649.0,-450.0,T3V0Y29tZU5vZGU6NDM4NzU5MA==,350.0,300.0,400.0,400.0
T2ZmZXJUYWJsZU9mZmVyTm9kZToxMDIyNjA3MzU=,RmlnaHROb2RlOjQ1ODMz,U3BvcnRzYm9va05vZGU6MTA=,T3V0Y29tZU5vZGU6NDM4Njk1NA==,-115.0,-300.0,-245.0,-115.0,T3V0Y29tZU5vZGU6NDM4Njk1NQ==,-115.0,-115.0,195.0,240.0
T2ZmZXJUYWJsZU9mZmVyTm9kZToxMDIyNjIwMTg=,RmlnaHROb2RlOjQ1ODMz,U3BvcnRzYm9va05vZGU6Mjg=,T3V0Y29tZU5vZGU6NDM4ODY0Mg==,-240.0,-245.0,-245.0,-230.0,T3V0Y29tZU5vZGU6NDM4ODY0MQ==,190.0,180.0,195.0,195.0
T2ZmZXJUYWJsZU9mZmVyTm9kZToxMDIyNjEyMjM=,RmlnaHROb2RlOjQ1ODMz,U3BvcnRzYm9va05vZGU6Mjc=,T3V0Y29tZU5vZGU6NDM4NzYwOQ==,-225.0,-225.0,-225.0,-225.0,T3V0Y29tZU5vZGU6NDM4NzYxMA==,163.0,163.0,163.0,163.0
T2ZmZXJUYWJsZU9mZmVyTm9kZToxMDIyNjIwMTc=,RmlnaHROb2RlOjQ1NzUx,U3BvcnRzYm9va05vZGU6Mjg=,T3V0Y29tZU5vZGU6NDM4ODYzOQ==,-245.0,-245.0,-200.0,-150.0,T3V0Y29tZU5vZGU6NDM4ODY0MA==,195.0,120.0,160.0,195.0
T2ZmZXJUYWJsZU9mZmVyTm9kZToxMDIyNjA3MzQ=,RmlnaHROb2RlOjQ1NzUx,U3BvcnRzYm9va05vZGU6MTA=,T3V0Y29tZU5vZGU6NDM4Njk1Mw==,-200.0,-350.0,-185.0,-115.0,T3V0Y29tZU5vZGU6NDM4Njk1Mg==,160.0,-115.0,155.0,275.0
T2ZmZXJUYWJsZU9mZmVyTm9kZToxMDIyNjEyMjA=,RmlnaHROb2RlOjQ1NzUx,U3BvcnRzYm9va05vZGU6Mjc=,T3V0Y29tZU5vZGU6NDM4NzYwMw==,-225.0,-225.0,-163.0,-163.0,T3V0Y29tZU5vZGU6NDM4NzYwNA==,163.0,120.0,120.0,163.0
T2ZmZXJUYWJsZU9mZmVyTm9kZToxMDIyNjA3NDQ=,RmlnaHROb2RlOjQ2ODc4,U3BvcnRzYm9va05vZGU6MTA=,T3V0Y29tZU5vZGU6NDM4Njk3Mw==,-500.0,-900.0,-800.0,-500.0,T3V0Y29tZU5vZGU6NDM4Njk3Mg==,375.0,375.0,550.0,600.0
T2ZmZXJUYWJsZU9mZmVyTm9kZToxMDIyNjEyMTg=,RmlnaHROb2RlOjQ2ODc4,U3BvcnRzYm9va05vZGU6Mjc=,T3V0Y29tZU5vZGU6NDM4NzU5OQ==,-549.0,-649.0,-649.0,-549.0,T3V0Y29tZU5vZGU6NDM4NzYwMA==,350.0,350.0,400.0,400.0
T2ZmZXJUYWJsZU9mZmVyTm9kZToxMDIyNjIwMjc=,RmlnaHROb2RlOjQ2ODc4,U3BvcnRzYm9va05vZGU6Mjg=,T3V0Y29tZU5vZGU6NDM4ODY1OQ==,-600.0,-700.0,-700.0,-600.0,T3V0Y29tZU5vZGU6NDM4ODY2MA==,400.0,400.0,450.0,450.0
T2ZmZXJUYWJsZU9mZmVyTm9kZToxMDIyNjA3NDE=,RmlnaHROb2RlOjQ3Mjk3,U3BvcnRzYm9va05vZGU6MTA=,T3V0Y29tZU5vZGU6NDM4Njk2Nw==,-800.0,-1600.0,-1600.0,-800.0,T3V0Y29tZU5vZGU6NDM4Njk2Ng==,550.0,550.0,800.0,800.0
T2ZmZXJUYWJsZU9mZmVyTm9kZToxMDIyNjIwMjQ=,RmlnaHROb2RlOjQ3Mjk3,U3BvcnRzYm9va05vZGU6Mjg=,T3V0Y29tZU5vZGU6NDM4ODY1Mw==,-1200.0,-1600.0,-1600.0,-1200.0,T3V0Y29tZU5vZGU6NDM4ODY1NA==,750.0,700.0,850.0,850.0
T2ZmZXJUYWJsZU9mZmVyTm9kZToxMDIyNjEyMTQ=,RmlnaHROb2RlOjQ3Mjk3,U3BvcnRzYm9va05vZGU6Mjc=,T3V0Y29tZU5vZGU6NDM4NzU5MQ==,-800.0,-1408.0,-1408.0,-800.0,T3V0Y29tZU5vZGU6NDM4NzU5Mg==,450.0,450.0,600.0,600.0
T2ZmZXJUYWJsZU9mZmVyTm9kZToxMDIyNjA3NDA=,RmlnaHROb2RlOjQ3NDQ3,U3BvcnRzYm9va05vZGU6MTA=,T3V0Y29tZU5vZGU6NDM4Njk2NQ==,-240.0,-240.0,-185.0,-185.0,T3V0Y29tZU5vZGU6NDM4Njk2NA==,190.0,155.0,155.0,190.0
T2ZmZXJUYWJsZU9mZmVyTm9kZToxMDIyNjIwMjM=,RmlnaHROb2RlOjQ3NDQ3,U3BvcnRzYm9va05vZGU6Mjg=,T3V0Y29tZU5vZGU6NDM4ODY1MQ==,-200.0,-200.0,-190.0,-190.0,T3V0Y29tZU5vZGU6NDM4ODY1Mg==,160.0,155.0,155.0,160.0
T2ZmZXJUYWJsZU9mZmVyTm9kZToxMDIyNjEyMjU=,RmlnaHROb2RlOjQ3NDQ3,U3BvcnRzYm9va05vZGU6Mjc=,T3V0Y29tZU5vZGU6NDM4NzYxMw==,-188.0,-188.0,-188.0,-188.0,T3V0Y29tZU5vZGU6NDM4NzYxNA==,140.0,140.0,140.0,140.0
T2ZmZXJUYWJsZU9mZmVyTm9kZToxMDIyNzYxNjc=,RmlnaHROb2RlOjQ2ODcz,U3BvcnRzYm9va05vZGU6Mjc=,T3V0Y29tZU5vZGU6NDQxNDE2Nw==,-120.0,-120.0,-120.0,-120.0,T3V0Y29tZU5vZGU6NDQxNDE2OA==,-110.0,-110.0,-110.0,-110.0
T2ZmZXJUYWJsZU9mZmVyTm9kZToxMDIyNjkxMTA=,RmlnaHROb2RlOjQ2ODcz,U3BvcnRzYm9va05vZGU6MTA=,T3V0Y29tZU5vZGU6NDQwMTYzMQ==,160.0,-135.0,-130.0,160.0,T3V0Y29tZU5vZGU6NDQwMTYzMA==,-200.0,-200.0,100.0,105.0
T2ZmZXJUYWJsZU9mZmVyTm9kZToxMDIyNzU4NzE=,RmlnaHROb2RlOjQ2ODcz,U3BvcnRzYm9va05vZGU6Mjg=,T3V0Y29tZU5vZGU6NDQxMzU4NA==,-120.0,-130.0,-130.0,-120.0,T3V0Y29tZU5vZGU6NDQxMzU4NQ==,-110.0,-110.0,100.0,100.0
T2ZmZXJUYWJsZU9mZmVyTm9kZToxMDIyNzU4NzI=,RmlnaHROb2RlOjQ4MDQx,U3BvcnRzYm9va05vZGU6Mjg=,T3V0Y29tZU5vZGU6NDQxMzU4Ng==,-350.0,-400.0,-400.0,-350.0,T3V0Y29tZU5vZGU6NDQxMzU4Nw==,250.0,250.0,300.0,300.0
T2ZmZXJUYWJsZU9mZmVyTm9kZToxMDIyNjkxMjk=,RmlnaHROb2RlOjQ4MDQx,U3BvcnRzYm9va05vZGU6MTA=,T3V0Y29tZU5vZGU6NDQwMTY2OQ==,-200.0,-400.0,-400.0,-200.0,T3V0Y29tZU5vZGU6NDQwMTY2OA==,160.0,160.0,300.0,300.0
T2ZmZXJUYWJsZU9mZmVyTm9kZToxMDIyNjkxMjA=,RmlnaHROb2RlOjQ3OTIz,U3BvcnRzYm9va05vZGU6MTA=,T3V0Y29tZU5vZGU6NDQwMTY1MA==,200.0,-300.0,-220.0,200.0,T3V0Y29tZU5vZGU6NDQwMTY1MQ==,-260.0,-260.0,180.0,240.0
T2ZmZXJUYWJsZU9mZmVyTm9kZToxMDIyNzYxNTk=,RmlnaHROb2RlOjQ3OTIz,U3BvcnRzYm9va05vZGU6Mjc=,T3V0Y29tZU5vZGU6NDQxNDE1MQ==,-200.0,-275.0,-275.0,-200.0,T3V0Y29tZU5vZGU6NDQxNDE1Mg==,150.0,150.0,200.0,200.0
T2ZmZXJUYWJsZU9mZmVyTm9kZToxMDIyNzU4NDU=,RmlnaHROb2RlOjQ3OTIz,U3BvcnRzYm9va05vZGU6Mjg=,T3V0Y29tZU5vZGU6NDQxMzUzMw==,-210.0,-245.0,-220.0,-210.0,T3V0Y29tZU5vZGU6NDQxMzUzMg==,165.0,165.0,175.0,195.0
T2ZmZXJUYWJsZU9mZmVyTm9kZToxMDIyNzY4ODA=,RmlnaHROb2RlOjQ3OTIz,U3BvcnRzYm9va05vZGU6MjE=,T3V0Y29tZU5vZGU6NDQxNTQ1Mw==,-204.0,-217.0,-217.0,-204.0,T3V0Y29tZU5vZGU6NDQxNTQ1Mg==,153.0,153.0,168.0,168.0
T2ZmZXJUYWJsZU9mZmVyTm9kZToxMDIyNzY4NTA=,RmlnaHROb2RlOjQ3Mjg4,U3BvcnRzYm9va05vZGU6MjE=,T3V0Y29tZU5vZGU6NDQxNTM5Mw==,-278.0,-278.0,-278.0,-278.0,T3V0Y29tZU5vZGU6NDQxNTM5Mg==,200.0,200.0,200.0,200.0
T2ZmZXJUYWJsZU9mZmVyTm9kZToxMDIyNzU4NDg=,RmlnaHROb2RlOjQ3Mjg4,U3BvcnRzYm9va05vZGU6Mjg=,T3V0Y29tZU5vZGU6NDQxMzUzOA==,-265.0,-265.0,-265.0,-265.0,T3V0Y29tZU5vZGU6NDQxMzUzOQ==,205.0,205.0,205.0,205.0
T2ZmZXJUYWJsZU9mZmVyTm9kZToxMDIyNzYxNjA=,RmlnaHROb2RlOjQ3Mjg4,U3BvcnRzYm9va05vZGU6Mjc=,T3V0Y29tZU5vZGU6NDQxNDE1Mw==,-275.0,-275.0,-275.0,-275.0,T3V0Y29tZU5vZGU6NDQxNDE1NA==,200.0,200.0,200.0,200.0
T2ZmZXJUYWJsZU9mZmVyTm9kZToxMDIyNjkxMjE=,RmlnaHROb2RlOjQ3Mjg4,U3BvcnRzYm9va05vZGU6MTA=,T3V0Y29tZU5vZGU6NDQwMTY1Mw==,-180.0,-300.0,-265.0,-180.0,T3V0Y29tZU5vZGU6NDQwMTY1Mg==,150.0,150.0,205.0,240.0
T2ZmZXJUYWJsZU9mZmVyTm9kZToxMDIyNzY4Nzk=,RmlnaHROb2RlOjQ3Mjg3,U3BvcnRzYm9va05vZGU6MjE=,T3V0Y29tZU5vZGU6NDQxNTQ1MQ==,-213.0,-213.0,-213.0,-213.0,T3V0Y29tZU5vZGU6NDQxNTQ1MA==,158.0,158.0,158.0,158.0
T2ZmZXJUYWJsZU9mZmVyTm9kZToxMDIyNzYxNzU=,RmlnaHROb2RlOjQ3Mjg3,U3BvcnRzYm9va05vZGU6Mjc=,T3V0Y29tZU5vZGU6NDQxNDE4Mw==,-200.0,-200.0,-200.0,-200.0,T3V0Y29tZU5vZGU6NDQxNDE4NA==,150.0,150.0,150.0,150.0
T2ZmZXJUYWJsZU9mZmVyTm9kZToxMDIyNzU4NDY=,RmlnaHROb2RlOjQ3Mjg3,U3BvcnRzYm9va05vZGU6Mjg=,T3V0Y29tZU5vZGU6NDQxMzUzNA==,-215.0,-215.0,-170.0,-170.0,T3V0Y29tZU5vZGU6NDQxMzUzNQ==,170.0,140.0,140.0,170.0
T2ZmZXJUYWJsZU9mZmVyTm9kZToxMDIyNjkxMTk=,RmlnaHROb2RlOjQ3Mjg3,U3BvcnRzYm9va05vZGU6MTA=,T3V0Y29tZU5vZGU6NDQwMTY0OQ==,-115.0,-350.0,-145.0,-115.0,T3V0Y29tZU5vZGU6NDQwMTY0OA==,-115.0,-115.0,115.0,275.0
T2ZmZXJUYWJsZU9mZmVyTm9kZToxMDIyNjkxMTE=,RmlnaHROb2RlOjQ3Mjg0,U3BvcnRzYm9va05vZGU6MTA=,T3V0Y29tZU5vZGU6NDQwMTYzMw==,-115.0,-115.0,100.0,180.0,T3V0Y29tZU5vZGU6NDQwMTYzMg==,-115.0,-220.0,-130.0,-115.0
T2ZmZXJUYWJsZU9mZmVyTm9kZToxMDIyNzQxNzA=,RmlnaHROb2RlOjQ3Mjg0,U3BvcnRzYm9va05vZGU6Mjg=,T3V0Y29tZU5vZGU6NDQxMDM5NA==,170.0,170.0,170.0,170.0,T3V0Y29tZU5vZGU6NDQxMDM5NQ==,-215.0,-215.0,-215.0,-215.0
T2ZmZXJUYWJsZU9mZmVyTm9kZToxMDIyNzYxNjE=,RmlnaHROb2RlOjQ3Mjg0,U3BvcnRzYm9va05vZGU6Mjc=,T3V0Y29tZU5vZGU6NDQxNDE1NQ==,140.0,140.0,140.0,140.0,T3V0Y29tZU5vZGU6NDQxNDE1Ng==,-188.0,-188.0,-188.0,-188.0
T2ZmZXJUYWJsZU9mZmVyTm9kZToxMDIyNzY5MTA=,RmlnaHROb2RlOjQ3Mjg0,U3BvcnRzYm9va05vZGU6MjE=,T3V0Y29tZU5vZGU6NDQxNTUxMw==,141.0,108.0,108.0,141.0,T3V0Y29tZU5vZGU6NDQxNTUxMg==,-179.0,-179.0,-143.0,-143.0
T2ZmZXJUYWJsZU9mZmVyTm9kZToxMDIyNjkxMDc=,RmlnaHROb2RlOjQ3NTIz,U3BvcnRzYm9va05vZGU6MTA=,T3V0Y29tZU5vZGU6NDQwMTYyNQ==,-115.0,-115.0,-115.0,-115.0,T3V0Y29tZU5vZGU6NDQwMTYyNA==,-115.0,-115.0,-115.0,-115.0
T2ZmZXJUYWJsZU9mZmVyTm9kZToxMDIyNzU4NzA=,RmlnaHROb2RlOjQ3NTIz,U3BvcnRzYm9va05vZGU6Mjg=,T3V0Y29tZU5vZGU6NDQxMzU4Mg==,-150.0,-150.0,-150.0,-150.0,T3V0Y29tZU5vZGU6NDQxMzU4Mw==,120.0,120.0,120.0,120.0
T2ZmZXJUYWJsZU9mZmVyTm9kZToxMDIyNzYxNjk=,RmlnaHROb2RlOjQ3NTIz,U3BvcnRzYm9va05vZGU6Mjc=,T3V0Y29tZU5vZGU6NDQxNDE3MQ==,-133.0,-133.0,-133.0,-133.0,T3V0Y29tZU5vZGU6NDQxNDE3Mg==,-100.0,-100.0,-100.0,-100.0
T2ZmZXJUYWJsZU9mZmVyTm9kZToxMDIyNzYxNjg=,RmlnaHROb2RlOjQ3Mjg2,U3BvcnRzYm9va05vZGU6Mjc=,T3V0Y29tZU5vZGU6NDQxNDE2OQ==,-2000.0,-2000.0,-2000.0,-2000.0,T3V0Y29tZU5vZGU6NDQxNDE3MA==,750.0,750.0,750.0,750.0
T2ZmZXJUYWJsZU9mZmVyTm9kZToxMDIyNjkxMTg=,RmlnaHROb2RlOjQ3Mjg2,U3BvcnRzYm9va05vZGU6MTA=,T3V0Y29tZU5vZGU6NDQwMTY0Nw==,-2500.0,-2500.0,-1800.0,-1800.0,T3V0Y29tZU5vZGU6NDQwMTY0Ng==,1200.0,900.0,900.0,1200.0
T2ZmZXJUYWJsZU9mZmVyTm9kZToxMDIyNzU4NDk=,RmlnaHROb2RlOjQ3Mjg2,U3BvcnRzYm9va05vZGU6Mjg=,T3V0Y29tZU5vZGU6NDQxMzU0MA==,-2200.0,-2500.0,-2500.0,-2200.0,T3V0Y29tZU5vZGU6NDQxMzU0MQ==,1050.0,900.0,900.0,1050.0
T2ZmZXJUYWJsZU9mZmVyTm9kZToxMDIyNzY5MDk=,RmlnaHROb2RlOjQ3Mjg2,U3BvcnRzYm9va05vZGU6MjE=,T3V0Y29tZU5vZGU6NDQxNTUxMQ==,-2500.0,-3333.0,-3333.0,-2500.0,T3V0Y29tZU5vZGU6NDQxNTUxMA==,896.0,896.0,925.0,925.0
T2ZmZXJUYWJsZU9mZmVyTm9kZToxMDIyNjkxMTY=,RmlnaHROb2RlOjQ3Mjg1,U3BvcnRzYm9va05vZGU6MTA=,T3V0Y29tZU5vZGU6NDQwMTY0Mw==,-185.0,-300.0,-260.0,-185.0,T3V0Y29tZU5vZGU6NDQwMTY0Mg==,155.0,155.0,200.0,240.0
T2ZmZXJUYWJsZU9mZmVyTm9kZToxMDIyNzU4NzM=,RmlnaHROb2RlOjQ3Mjg1,U3BvcnRzYm9va05vZGU6Mjg=,,,,,,T3V0Y29tZU5vZGU6NDQxMzU4OA==,-215.0,-300.0,-300.0,-215.0
T2ZmZXJUYWJsZU9mZmVyTm9kZToxMDIyNzYxNzA=,RmlnaHROb2RlOjQ3Mjg1,U3BvcnRzYm9va05vZGU6Mjc=,,,,,,T3V0Y29tZU5vZGU6NDQxNDE3Mw==,-200.0,-250.0,-250.0,-200.0
T2ZmZXJUYWJsZU9mZmVyTm9kZToxMDIyNzY5MDg=,RmlnaHROb2RlOjQ3Mjg1,U3BvcnRzYm9va05vZGU6MjE=,,,,,,T3V0Y29tZU5vZGU6NDQxNTUwOA==,182.0,182.0,190.0,190.0
T2ZmZXJUYWJsZU9mZmVyTm9kZToxMDIyNjkxMDg=,RmlnaHROb2RlOjQ3OTIy,U3BvcnRzYm9va05vZGU6MTA=,T3V0Y29tZU5vZGU6NDQwMTYyNw==,-185.0,-185.0,-185.0,-185.0,T3V0Y29tZU5vZGU6NDQwMTYyNg==,155.0,155.0,155.0,155.0
T2ZmZXJUYWJsZU9mZmVyTm9kZToxMDIyNjkxMzY=,RmlnaHROb2RlOjQ2ODc0,U3BvcnRzYm9va05vZGU6MTA=,T3V0Y29tZU5vZGU6NDQwMTY4Mg==,-115.0,-115.0,-115.0,110.0,T3V0Y29tZU5vZGU6NDQwMTY4Mw==,-115.0,-140.0,-115.0,-115.0
T2ZmZXJUYWJsZU9mZmVyTm9kZToxMDIyNzY4Nzg=,RmlnaHROb2RlOjQ2ODc0,U3BvcnRzYm9va05vZGU6MjE=,T3V0Y29tZU5vZGU6NDQxNTQ0OQ==,110.0,109.0,109.0,110.0,T3V0Y29tZU5vZGU6NDQxNTQ0OA==,-145.0,-145.0,-143.0,-143.0
T2ZmZXJUYWJsZU9mZmVyTm9kZToxMDIyNzYxNzk=,RmlnaHROb2RlOjQ2ODc0,U3BvcnRzYm9va05vZGU6Mjc=,T3V0Y29tZU5vZGU6NDQxNDE5MQ==,105.0,105.0,105.0,105.0,T3V0Y29tZU5vZGU6NDQxNDE5Mg==,-138.0,-138.0,-138.0,-138.0
T2ZmZXJUYWJsZU9mZmVyTm9kZToxMDIyNzU4NDc=,RmlnaHROb2RlOjQ2ODc0,U3BvcnRzYm9va05vZGU6Mjg=,T3V0Y29tZU5vZGU6NDQxMzUzNw==,110.0,-115.0,-115.0,110.0,T3V0Y29tZU5vZGU6NDQxMzUzNg==,-140.0,-140.0,-115.0,-115.0
T2ZmZXJUYWJsZU9mZmVyTm9kZToxMDIzMDYwNDU=,RmlnaHROb2RlOjQ4MDM1,U3BvcnRzYm9va05vZGU6MTA=,T3V0Y29tZU5vZGU6NDQ3MDI5Mg==,-120.0,-600.0,-600.0,-120.0,T3V0Y29tZU5vZGU6NDQ3MDI5MQ==,-110.0,-110.0,425.0,425.0
T2ZmZXJUYWJsZU9mZmVyTm9kZToxMDIzMTIxMjc=,RmlnaHROb2RlOjQ4MDM1,U3BvcnRzYm9va05vZGU6MjE=,T3V0Y29tZU5vZGU6NDQ4MTI4NA==,-303.0,-303.0,-303.0,-303.0,T3V0Y29tZU5vZGU6NDQ4MTI4Mw==,230.0,230.0,230.0,230.0
T2ZmZXJUYWJsZU9mZmVyTm9kZToxMDIzMDcxNjM=,RmlnaHROb2RlOjQ4MDM1,U3BvcnRzYm9va05vZGU6Mjc=,T3V0Y29tZU5vZGU6NDQ3MjEwMw==,-300.0,-549.0,-549.0,-300.0,T3V0Y29tZU5vZGU6NDQ3MjEwNA==,230.0,230.0,350.0,350.0
T2ZmZXJUYWJsZU9mZmVyTm9kZToxMDIzMDcwNzg=,RmlnaHROb2RlOjQ3NDQw,U3BvcnRzYm9va05vZGU6Mjc=,T3V0Y29tZU5vZGU6NDQ3MTk4Ng==,-120.0,-120.0,-120.0,-120.0,T3V0Y29tZU5vZGU6NDQ3MTk4Nw==,-110.0,-110.0,-110.0,-110.0
T2ZmZXJUYWJsZU9mZmVyTm9kZToxMDIzMTIxMjY=,RmlnaHROb2RlOjQ3NDQw,U3BvcnRzYm9va05vZGU6MjE=,T3V0Y29tZU5vZGU6NDQ4MTI4Mg==,-120.0,-120.0,-120.0,-120.0,T3V0Y29tZU5vZGU6NDQ4MTI4MQ==,-110.0,-110.0,-110.0,-110.0
T2ZmZXJUYWJsZU9mZmVyTm9kZToxMDIzMDYwNDY=,RmlnaHROb2RlOjQ3NDQw,U3BvcnRzYm9va05vZGU6MTA=,T3V0Y29tZU5vZGU6NDQ3MDI5NA==,155.0,-120.0,-120.0,155.0,T3V0Y29tZU5vZGU6NDQ3MDI5Mw==,-185.0,-185.0,-110.0,-110.0
T2ZmZXJUYWJsZU9mZmVyTm9kZToxMDIzMTQ1MDE=,RmlnaHROb2RlOjQ3NDQx,U3BvcnRzYm9va05vZGU6MjE=,T3V0Y29tZU5vZGU6NDQ4NTU3Nw==,-270.0,-270.0,-270.0,-270.0,T3V0Y29tZU5vZGU6NDQ4NTU3Ng==,210.0,203.0,203.0,210.0
T2ZmZXJUYWJsZU9mZmVyTm9kZToxMDIzMDcxNjI=,RmlnaHROb2RlOjQ4MDI2,U3BvcnRzYm9va05vZGU6Mjc=,T3V0Y29tZU5vZGU6NDQ3MjEwMQ==,-599.0,-599.0,-599.0,-599.0,T3V0Y29tZU5vZGU6NDQ3MjEwMg==,400.0,400.0,400.0,400.0
T2ZmZXJUYWJsZU9mZmVyTm9kZToxMDIzMTIxMTA=,RmlnaHROb2RlOjQ4MDI2,U3BvcnRzYm9va05vZGU6MjE=,T3V0Y29tZU5vZGU6NDQ4MTI1MA==,-625.0,-625.0,-625.0,-625.0,T3V0Y29tZU5vZGU6NDQ4MTI0OQ==,425.0,400.0,400.0,425.0
T2ZmZXJUYWJsZU9mZmVyTm9kZToxMDIzMDYwNDQ=,RmlnaHROb2RlOjQ4MDI2,U3BvcnRzYm9va05vZGU6MTA=,T3V0Y29tZU5vZGU6NDQ3MDI5MA==,-260.0,-950.0,-950.0,-260.0,T3V0Y29tZU5vZGU6NDQ3MDI4OQ==,200.0,200.0,650.0,650.0
T2ZmZXJUYWJsZU9mZmVyTm9kZToxMDIzMDYwNDk=,RmlnaHROb2RlOjQ3NDQz,U3BvcnRzYm9va05vZGU6MTA=,T3V0Y29tZU5vZGU6NDQ3MDI5OQ==,275.0,275.0,300.0,300.0,T3V0Y29tZU5vZGU6NDQ3MDMwMA==,-350.0,-400.0,-400.0,-350.0
T2ZmZXJUYWJsZU9mZmVyTm9kZToxMDIzMDYwMzg=,RmlnaHROb2RlOjQ1Nzgx,U3BvcnRzYm9va05vZGU6MTA=,T3V0Y29tZU5vZGU6NDQ3MDI3OA==,-115.0,-115.0,123.0,155.0,T3V0Y29tZU5vZGU6NDQ3MDI3Nw==,-115.0,-185.0,-153.0,-115.0
T2ZmZXJUYWJsZU9mZmVyTm9kZToxMDIzMTIwMTc=,RmlnaHROb2RlOjQ1Nzgx,U3BvcnRzYm9va05vZGU6MjE=,T3V0Y29tZU5vZGU6NDQ4MTA2NA==,130.0,110.0,110.0,130.0,T3V0Y29tZU5vZGU6NDQ4MTA2Mw==,-161.0,-161.0,-145.0,-145.0
T2ZmZXJUYWJsZU9mZmVyTm9kZToxMDIzMDcxNTM=,RmlnaHROb2RlOjQ1Nzgx,U3BvcnRzYm9va05vZGU6Mjc=,T3V0Y29tZU5vZGU6NDQ3MjA4Mw==,150.0,105.0,105.0,150.0,T3V0Y29tZU5vZGU6NDQ3MjA4NA==,-188.0,-188.0,-138.0,-138.0
T2ZmZXJUYWJsZU9mZmVyTm9kZToxMDIzMDcxNTk=,RmlnaHROb2RlOjQ3NDQy,U3BvcnRzYm9va05vZGU6Mjc=,T3V0Y29tZU5vZGU6NDQ3MjA5Ng==,150.0,150.0,150.0,150.0,T3V0Y29tZU5vZGU6NDQ3MjA5NQ==,-188.0,-188.0,-188.0,-188.0
T2ZmZXJUYWJsZU9mZmVyTm9kZToxMDIzMDYwMzk=,RmlnaHROb2RlOjQ3NDQy,U3BvcnRzYm9va05vZGU6MTA=,T3V0Y29tZU5vZGU6NDQ3MDI3OQ==,160.0,120.0,120.0,160.0,T3V0Y29tZU5vZGU6NDQ3MDI4MA==,-200.0,-200.0,-150.0,-150.0
T2ZmZXJUYWJsZU9mZmVyTm9kZToxMDIzMTIwMTk=,RmlnaHROb2RlOjQ3NDQy,U3BvcnRzYm9va05vZGU6MjE=,T3V0Y29tZU5vZGU6NDQ4MTA2Nw==,145.0,145.0,150.0,150.0,T3V0Y29tZU5vZGU6NDQ4MTA2OA==,-182.0,-200.0,-200.0,-182.0
T2ZmZXJUYWJsZU9mZmVyTm9kZToxMDIzMTIxMDk=,RmlnaHROb2RlOjQ3OTE4,U3BvcnRzYm9va05vZGU6MjE=,T3V0Y29tZU5vZGU6NDQ4MTI0OA==,-588.0,-714.0,-714.0,-588.0,T3V0Y29tZU5vZGU6NDQ4MTI0Nw==,400.0,400.0,425.0,425.0
T2ZmZXJUYWJsZU9mZmVyTm9kZToxMDIzMDYwNDM=,RmlnaHROb2RlOjQ3OTE4,U3BvcnRzYm9va05vZGU6MTA=,T3V0Y29tZU5vZGU6NDQ3MDI4OA==,-260.0,-900.0,-825.0,-260.0,T3V0Y29tZU5vZGU6NDQ3MDI4Nw==,200.0,200.0,575.0,600.0
T2ZmZXJUYWJsZU9mZmVyTm9kZToxMDIzMDcxNTg=,RmlnaHROb2RlOjQ3OTE4,U3BvcnRzYm9va05vZGU6Mjc=,T3V0Y29tZU5vZGU6NDQ3MjA5Mw==,-400.0,-800.0,-800.0,-400.0,T3V0Y29tZU5vZGU6NDQ3MjA5NA==,300.0,300.0,450.0,450.0
T2ZmZXJUYWJsZU9mZmVyTm9kZToxMDIzMTIxMTE=,RmlnaHROb2RlOjQ3OTE3,U3BvcnRzYm9va05vZGU6MjE=,T3V0Y29tZU5vZGU6NDQ4MTI1Mg==,130.0,130.0,130.0,130.0,T3V0Y29tZU5vZGU6NDQ4MTI1MQ==,-167.0,-167.0,-167.0,-167.0
T2ZmZXJUYWJsZU9mZmVyTm9kZToxMDIzMDYwNDE=,RmlnaHROb2RlOjQ3OTE3,U3BvcnRzYm9va05vZGU6MTA=,T3V0Y29tZU5vZGU6NDQ3MDI4NA==,-115.0,-115.0,160.0,160.0,T3V0Y29tZU5vZGU6NDQ3MDI4Mw==,-115.0,-200.0,-200.0,-115.0
T2ZmZXJUYWJsZU9mZmVyTm9kZToxMDIzMDcxNTU=,RmlnaHROb2RlOjQ3OTE3,U3BvcnRzYm9va05vZGU6Mjc=,T3V0Y29tZU5vZGU6NDQ3MjA4Nw==,130.0,130.0,130.0,130.0,T3V0Y29tZU5vZGU6NDQ3MjA4OA==,-163.0,-163.0,-163.0,-163.0
T2ZmZXJUYWJsZU9mZmVyTm9kZToxMDIzMTIwMTg=,RmlnaHROb2RlOjQ3NDM5,U3BvcnRzYm9va05vZGU6MjE=,T3V0Y29tZU5vZGU6NDQ4MTA2Ng==,-222.0,-222.0,-222.0,-222.0,T3V0Y29tZU5vZGU6NDQ4MTA2NQ==,175.0,175.0,175.0,175.0
T2ZmZXJUYWJsZU9mZmVyTm9kZToxMDIzMDYwNDA=,RmlnaHROb2RlOjQ3NDM5,U3BvcnRzYm9va05vZGU6MTA=,T3V0Y29tZU5vZGU6NDQ3MDI4MQ==,-150.0,-400.0,-201.0,-150.0,T3V0Y29tZU5vZGU6NDQ3MDI4Mg==,120.0,120.0,161.0,300.0
T2ZmZXJUYWJsZU9mZmVyTm9kZToxMDIzMDcxNTc=,RmlnaHROb2RlOjQ3NDM5,U3BvcnRzYm9va05vZGU6Mjc=,T3V0Y29tZU5vZGU6NDQ3MjA5MQ==,-188.0,-200.0,-200.0,-188.0,T3V0Y29tZU5vZGU6NDQ3MjA5Mg==,150.0,150.0,163.0,163.0
T2ZmZXJUYWJsZU9mZmVyTm9kZToxMDIzNjQzNzY=,RmlnaHROb2RlOjQ4MTE3,U3BvcnRzYm9va05vZGU6Mjc=,T3V0Y29tZU5vZGU6NDU3NTQ3NQ==,-150.0,-150.0,-150.0,-150.0,T3V0Y29tZU5vZGU6NDU3NTQ3Ng==,115.0,115.0,115.0,115.0
T2ZmZXJUYWJsZU9mZmVyTm9kZToxMDIzNTcxMjU=,RmlnaHROb2RlOjQ4MTE3,U3BvcnRzYm9va05vZGU6MTA=,T3V0Y29tZU5vZGU6NDU2MjIwNw==,-150.0,-165.0,-165.0,-150.0,T3V0Y29tZU5vZGU6NDU2MjIwNg==,120.0,120.0,135.0,135.0
T2ZmZXJUYWJsZU9mZmVyTm9kZToxMDIzNjYyMzQ=,RmlnaHROb2RlOjQ4MTE3,U3BvcnRzYm9va05vZGU6MjE=,T3V0Y29tZU5vZGU6NDU3ODU0OQ==,-185.0,-185.0,-169.0,-169.0,T3V0Y29tZU5vZGU6NDU3ODU0OA==,143.0,127.0,127.0,143.0
T2ZmZXJUYWJsZU9mZmVyTm9kZToxMDIzNTcxMjQ=,RmlnaHROb2RlOjQ4MjI0,U3BvcnRzYm9va05vZGU6MTA=,T3V0Y29tZU5vZGU6NDU2MjIwNA==,-115.0,-550.0,-550.0,-115.0,T3V0Y29tZU5vZGU6NDU2MjIwNQ==,-115.0,-115.0,400.0,400.0
T2ZmZXJUYWJsZU9mZmVyTm9kZToxMDIzNjQzODA=,RmlnaHROb2RlOjQ4MjI0,U3BvcnRzYm9va05vZGU6Mjc=,T3V0Y29tZU5vZGU6NDU3NTQ4Mw==,-400.0,-400.0,-400.0,-400.0,T3V0Y29tZU5vZGU6NDU3NTQ4NA==,275.0,275.0,275.0,275.0
T2ZmZXJUYWJsZU9mZmVyTm9kZToxMDIzNjYyMzI=,RmlnaHROb2RlOjQ4MjI0,U3BvcnRzYm9va05vZGU6MjE=,T3V0Y29tZU5vZGU6NDU3ODU0NQ==,-400.0,-526.0,-526.0,-400.0,T3V0Y29tZU5vZGU6NDU3ODU0NA==,274.0,274.0,354.0,354.0
T2ZmZXJUYWJsZU9mZmVyTm9kZToxMDIzNjYyMzU=,RmlnaHROb2RlOjQ4MjMw,U3BvcnRzYm9va05vZGU6MjE=,T3V0Y29tZU5vZGU6NDU3ODU1MQ==,-435.0,-526.0,-526.0,-435.0,T3V0Y29tZU5vZGU6NDU3ODU1MA==,313.0,313.0,350.0,350.0
T2ZmZXJUYWJsZU9mZmVyTm9kZToxMDIzNTcxMTc=,RmlnaHROb2RlOjQ4MjMw,U3BvcnRzYm9va05vZGU6MTA=,T3V0Y29tZU5vZGU6NDU2MjE5MQ==,-200.0,-500.0,-500.0,-200.0,T3V0Y29tZU5vZGU6NDU2MjE5MA==,160.0,160.0,375.0,375.0
T2ZmZXJUYWJsZU9mZmVyTm9kZToxMDIzNjQzNzA=,RmlnaHROb2RlOjQ4MjMw,U3BvcnRzYm9va05vZGU6Mjc=,T3V0Y29tZU5vZGU6NDU3NTQ2Mw==,-333.0,-400.0,-400.0,-333.0,T3V0Y29tZU5vZGU6NDU3NTQ2NA==,230.0,230.0,275.0,275.0
T2ZmZXJUYWJsZU9mZmVyTm9kZToxMDIzNjYyMzE=,RmlnaHROb2RlOjQ4MzM0,U3BvcnRzYm9va05vZGU6MjE=,T3V0Y29tZU5vZGU6NDU3ODU0Mw==,-625.0,-625.0,-625.0,-625.0,T3V0Y29tZU5vZGU6NDU3ODU0Mg==,378.0,378.0,420.0,420.0
T2ZmZXJUYWJsZU9mZmVyTm9kZToxMDIzNTcxMTk=,RmlnaHROb2RlOjQ4MzM0,U3BvcnRzYm9va05vZGU6MTA=,T3V0Y29tZU5vZGU6NDU2MjE5NQ==,-500.0,-700.0,-700.0,-500.0,T3V0Y29tZU5vZGU6NDU2MjE5NA==,375.0,375.0,500.0,500.0
T2ZmZXJUYWJsZU9mZmVyTm9kZToxMDIzNjQzNzQ=,RmlnaHROb2RlOjQ4MzM0,U3BvcnRzYm9va05vZGU6Mjc=,T3V0Y29tZU5vZGU6NDU3NTQ3MQ==,-500.0,-599.0,-599.0,-500.0,T3V0Y29tZU5vZGU6NDU3NTQ3Mg==,325.0,325.0,400.0,400.0
T2ZmZXJUYWJsZU9mZmVyTm9kZToxMDIzNjYyMzY=,RmlnaHROb2RlOjQ4MTE1,U3BvcnRzYm9va05vZGU6MjE=,T3V0Y29tZU5vZGU6NDU3ODU1Mw==,-270.0,-345.0,-345.0,-270.0,T3V0Y29tZU5vZGU6NDU3ODU1Mg==,192.0,192.0,238.0,238.0
T2ZmZXJUYWJsZU9mZmVyTm9kZToxMDIzNjQzNzk=,RmlnaHROb2RlOjQ4MTE1,U3BvcnRzYm9va05vZGU6Mjc=,T3V0Y29tZU5vZGU6NDU3NTQ4MQ==,-275.0,-333.0,-333.0,-275.0,T3V0Y29tZU5vZGU6NDU3NTQ4Mg==,200.0,200.0,230.0,230.0
T2ZmZXJUYWJsZU9mZmVyTm9kZToxMDIzNTcxMjI=,RmlnaHROb2RlOjQ4MTE1,U3BvcnRzYm9va05vZGU6MTA=,T3V0Y29tZU5vZGU6NDU2MjIwMQ==,-150.0,-435.0,-435.0,-150.0,T3V0Y29tZU5vZGU6NDU2MjIwMA==,120.0,120.0,335.0,335.0
T2ZmZXJUYWJsZU9mZmVyTm9kZToxMDIzNjQzODE=,RmlnaHROb2RlOjQ4MjIz,U3BvcnRzYm9va05vZGU6Mjc=,T3V0Y29tZU5vZGU6NDU3NTQ4NQ==,-275.0,-275.0,-275.0,-275.0,T3V0Y29tZU5vZGU6NDU3NTQ4Ng==,200.0,200.0,200.0,200.0
T2ZmZXJUYWJsZU9mZmVyTm9kZToxMDIzNTcxMjE=,RmlnaHROb2RlOjQ4MjIz,U3BvcnRzYm9va05vZGU6MTA=,T3V0Y29tZU5vZGU6NDU2MjE5OQ==,-180.0,-265.0,-265.0,-180.0,T3V0Y29tZU5vZGU6NDU2MjE5OA==,150.0,150.0,205.0,205.0
T2ZmZXJUYWJsZU9mZmVyTm9kZToxMDIzNjYyMjk=,RmlnaHROb2RlOjQ4MjIz,U3BvcnRzYm9va05vZGU6MjE=,T3V0Y29tZU5vZGU6NDU3ODUzOQ==,-294.0,-294.0,-294.0,-294.0,T3V0Y29tZU5vZGU6NDU3ODUzOA==,207.0,197.0,197.0,209.0
T2ZmZXJUYWJsZU9mZmVyTm9kZToxMDIzNTcxMjA=,RmlnaHROb2RlOjQ4MjMx,U3BvcnRzYm9va05vZGU6MTA=,T3V0Y29tZU5vZGU6NDU2MjE5Nw==,-115.0,-150.0,-150.0,120.0,T3V0Y29tZU5vZGU6NDU2MjE5Ng==,-115.0,-150.0,120.0,120.0
T2ZmZXJUYWJsZU9mZmVyTm9kZToxMDIzNjYyMzA=,RmlnaHROb2RlOjQ4MjMx,U3BvcnRzYm9va05vZGU6MjE=,T3V0Y29tZU5vZGU6NDU3ODU0MQ==,-217.0,-217.0,-145.0,-145.0,T3V0Y29tZU5vZGU6NDU3ODU0MA==,170.0,110.0,110.0,170.0
T2ZmZXJUYWJsZU9mZmVyTm9kZToxMDIzNjQzNzc=,RmlnaHROb2RlOjQ4MjMx,U3BvcnRzYm9va05vZGU6Mjc=,T3V0Y29tZU5vZGU6NDU3NTQ3Nw==,-143.0,-143.0,-143.0,-143.0,T3V0Y29tZU5vZGU6NDU3NTQ3OA==,110.0,110.0,110.0,110.0
T2ZmZXJUYWJsZU9mZmVyTm9kZToxMDIzNjY2Nzg=,RmlnaHROb2RlOjQ4MTE2,U3BvcnRzYm9va05vZGU6MjE=,T3V0Y29tZU5vZGU6NDU3OTE2OA==,229.0,229.0,229.0,229.0,T3V0Y29tZU5vZGU6NDU3OTE2Nw==,-323.0,-323.0,-323.0,-323.0
T2ZmZXJUYWJsZU9mZmVyTm9kZToxMDIzNjQzNzg=,RmlnaHROb2RlOjQ4MTE2,U3BvcnRzYm9va05vZGU6Mjc=,T3V0Y29tZU5vZGU6NDU3NTQ3OQ==,-110.0,-110.0,230.0,230.0,T3V0Y29tZU5vZGU6NDU3NTQ4MA==,-120.0,-333.0,-333.0,-120.0
T2ZmZXJUYWJsZU9mZmVyTm9kZToxMDIzNTcxMjM=,RmlnaHROb2RlOjQ4MTE2,U3BvcnRzYm9va05vZGU6MTA=,T3V0Y29tZU5vZGU6NDU2MjIwMw==,-300.0,-300.0,240.0,240.0,T3V0Y29tZU5vZGU6NDU2MjIwMg==,240.0,-300.0,-300.0,240.0
T2ZmZXJUYWJsZU9mZmVyTm9kZToxMDIzNjQzNzE=,RmlnaHROb2RlOjQ4MTA2,U3BvcnRzYm9va05vZGU6Mjc=,T3V0Y29tZU5vZGU6NDU3NTQ2NQ==,-175.0,-175.0,-175.0,-175.0,T3V0Y29tZU5vZGU6NDU3NTQ2Ng==,130.0,130.0,130.0,130.0
T2ZmZXJUYWJsZU9mZmVyTm9kZToxMDIzNTcxMTg=,RmlnaHROb2RlOjQ4MTA2,U3BvcnRzYm9va05vZGU6MTA=,T3V0Y29tZU5vZGU6NDU2MjE5Mw==,-300.0,-300.0,-170.0,-170.0,T3V0Y29tZU5vZGU6NDU2MjE5Mg==,240.0,140.0,140.0,240.0
T2ZmZXJUYWJsZU9mZmVyTm9kZToxMDIzNTcxMTQ=,RmlnaHROb2RlOjQ3NDMz,U3BvcnRzYm9va05vZGU6MTA=,T3V0Y29tZU5vZGU6NDU2MjE4NQ==,-200.0,-900.0,-825.0,-200.0,T3V0Y29tZU5vZGU6NDU2MjE4NA==,160.0,160.0,575.0,600.0
T2ZmZXJUYWJsZU9mZmVyTm9kZToxMDIzNjQzNzU=,RmlnaHROb2RlOjQ3NDMz,U3BvcnRzYm9va05vZGU6Mjc=,T3V0Y29tZU5vZGU6NDU3NTQ3Mw==,-450.0,-549.0,-549.0,-450.0,T3V0Y29tZU5vZGU6NDU3NTQ3NA==,300.0,300.0,400.0,400.0
T2ZmZXJUYWJsZU9mZmVyTm9kZToxMDIzNjYyMjg=,RmlnaHROb2RlOjQ3NDMz,U3BvcnRzYm9va05vZGU6MjE=,T3V0Y29tZU5vZGU6NDU3ODUzNw==,-588.0,-714.0,-714.0,-588.0,T3V0Y29tZU5vZGU6NDU3ODUzNg==,386.0,386.0,422.0,422.0
T2ZmZXJUYWJsZU9mZmVyTm9kZToxMDIzNjQzNzI=,RmlnaHROb2RlOjQ4MTA1,U3BvcnRzYm9va05vZGU6Mjc=,T3V0Y29tZU5vZGU6NDU3NTQ2Nw==,-500.0,-549.0,-549.0,-500.0,T3V0Y29tZU5vZGU6NDU3NTQ2OA==,325.0,325.0,350.0,350.0
T2ZmZXJUYWJsZU9mZmVyTm9kZToxMDIzNTcxMTY=,RmlnaHROb2RlOjQ4MTA1,U3BvcnRzYm9va05vZGU6MTA=,T3V0Y29tZU5vZGU6NDU2MjE4OQ==,-300.0,-700.0,-700.0,-300.0,T3V0Y29tZU5vZGU6NDU2MjE4OA==,240.0,240.0,500.0,500.0
T2ZmZXJUYWJsZU9mZmVyTm9kZToxMDIzNjYyMjc=,RmlnaHROb2RlOjQ4MTA1,U3BvcnRzYm9va05vZGU6MjE=,T3V0Y29tZU5vZGU6NDU3ODUzNQ==,-625.0,-625.0,-625.0,-625.0,T3V0Y29tZU5vZGU6NDU3ODUzNA==,371.0,371.0,400.0,400.0
T2ZmZXJUYWJsZU9mZmVyTm9kZToxMDIzNjQzNzM=,RmlnaHROb2RlOjQ3OTM0,U3BvcnRzYm9va05vZGU6Mjc=,T3V0Y29tZU5vZGU6NDU3NTQ2OQ==,400.0,300.0,350.0,400.0,T3V0Y29tZU5vZGU6NDU3NTQ3MA==,-649.0,-649.0,-549.0,-450.0
T2ZmZXJUYWJsZU9mZmVyTm9kZToxMDIzNTcxMTU=,RmlnaHROb2RlOjQ3OTM0,U3BvcnRzYm9va05vZGU6MTA=,T3V0Y29tZU5vZGU6NDU2MjE4Ng==,300.0,300.0,375.0,425.0,T3V0Y29tZU5vZGU6NDU2MjE4Nw==,-400.0,-600.0,-500.0,-400.0
T2ZmZXJUYWJsZU9mZmVyTm9kZToxMDIzNjYyMzM=,RmlnaHROb2RlOjQ3OTM0,U3BvcnRzYm9va05vZGU6MjE=,T3V0Y29tZU5vZGU6NDU3ODU0Nw==,400.0,400.0,400.0,400.0,T3V0Y29tZU5vZGU6NDU3ODU0Ng==,-667.0,-667.0,-667.0,-667.0
T2ZmZXJUYWJsZU9mZmVyTm9kZToxMDIzOTE2NzI=,RmlnaHROb2RlOjQ4MzMz,U3BvcnRzYm9va05vZGU6MTA=,T3V0Y29tZU5vZGU6NDYyNDU3Mg==,-150.0,-550.0,-290.0,-150.0,T3V0Y29tZU5vZGU6NDYyNDU3MQ==,120.0,120.0,230.0,400.0
T2ZmZXJUYWJsZU9mZmVyTm9kZToxMDIzOTE2NzQ=,RmlnaHROb2RlOjQ4MzQ0,U3BvcnRzYm9va05vZGU6MTA=,T3V0Y29tZU5vZGU6NDYyNDU3Ng==,-400.0,-410.0,-410.0,-400.0,T3V0Y29tZU5vZGU6NDYyNDU3NQ==,300.0,300.0,310.0,310.0
T2ZmZXJUYWJsZU9mZmVyTm9kZToxMDIzOTE2NzE=,RmlnaHROb2RlOjQ4MzQy,U3BvcnRzYm9va05vZGU6MTA=,T3V0Y29tZU5vZGU6NDYyNDU3MA==,-260.0,-410.0,-410.0,-260.0,T3V0Y29tZU5vZGU6NDYyNDU2OQ==,200.0,200.0,310.0,310.0
T2ZmZXJUYWJsZU9mZmVyTm9kZToxMDIzOTE2NzU=,RmlnaHROb2RlOjQ4MzU3,U3BvcnRzYm9va05vZGU6MTA=,T3V0Y29tZU5vZGU6NDYyNDU3OA==,-200.0,-300.0,-225.0,-200.0,T3V0Y29tZU5vZGU6NDYyNDU3Nw==,160.0,160.0,185.0,240.0
T2ZmZXJUYWJsZU9mZmVyTm9kZToxMDIzOTE2NzA=,RmlnaHROb2RlOjYyOTI4,U3BvcnRzYm9va05vZGU6MTA=,T3V0Y29tZU5vZGU6NDYyNDU2OA==,-400.0,-1500.0,-1500.0,-400.0,T3V0Y29tZU5vZGU6NDYyNDU2Nw==,300.0,300.0,850.0,850.0
T2ZmZXJUYWJsZU9mZmVyTm9kZToxMDIzOTE2NzM=,RmlnaHROb2RlOjQ4MzQz,U3BvcnRzYm9va05vZGU6MTA=,T3V0Y29tZU5vZGU6NDYyNDU3NA==,-300.0,-325.0,-325.0,-150.0,T3V0Y29tZU5vZGU6NDYyNDU3Mw==,240.0,120.0,250.0,250.0
T2ZmZXJUYWJsZU9mZmVyTm9kZToxMDIzOTE2NzY=,RmlnaHROb2RlOjQ4MzU4,U3BvcnRzYm9va05vZGU6MTA=,T3V0Y29tZU5vZGU6NDYyNDU4MA==,-400.0,-1400.0,-1400.0,-400.0,T3V0Y29tZU5vZGU6NDYyNDU3OQ==,300.0,300.0,800.0,800.0
T2ZmZXJUYWJsZU9mZmVyTm9kZToxMDIzOTUwNTg=,RmlnaHROb2RlOjQ5MzQ4,U3BvcnRzYm9va05vZGU6MTA=,T3V0Y29tZU5vZGU6NDYzMDY1MA==,150.0,100.0,190.0,195.0,T3V0Y29tZU5vZGU6NDYzMDY1MQ==,-180.0,-245.0,-230.0,-130.0
T2ZmZXJUYWJsZU9mZmVyTm9kZToxMDIzOTg1MTE=,RmlnaHROb2RlOjQ5MzQ4,U3BvcnRzYm9va05vZGU6MjE=,T3V0Y29tZU5vZGU6NDYzNjg5Nw==,190.0,190.0,190.0,190.0,T3V0Y29tZU5vZGU6NDYzNjg5Ng==,-250.0,-250.0,-250.0,-250.0
T2ZmZXJUYWJsZU9mZmVyTm9kZToxMDIzOTg1Mjc=,RmlnaHROb2RlOjQ5MzQ4,U3BvcnRzYm9va05vZGU6MjE=,T3V0Y29tZU5vZGU6NDYzNjkyOQ==,150.0,150.0,150.0,150.0,T3V0Y29tZU5vZGU6NDYzNjkyOA==,-200.0,-200.0,-200.0,-200.0
T2ZmZXJUYWJsZU9mZmVyTm9kZToxMDIzOTg0Mjk=,RmlnaHROb2RlOjQ5MzQ4,U3BvcnRzYm9va05vZGU6Mjc=,T3V0Y29tZU5vZGU6NDYzNjc4MA==,163.0,150.0,150.0,163.0,T3V0Y29tZU5vZGU6NDYzNjc4MQ==,-225.0,-225.0,-200.0,-200.0
T2ZmZXJUYWJsZU9mZmVyTm9kZToxMDIzOTg0Mjg=,RmlnaHROb2RlOjYyOTE0,U3BvcnRzYm9va05vZGU6Mjc=,T3V0Y29tZU5vZGU6NDYzNjc3OA==,-450.0,-549.0,-549.0,-450.0,T3V0Y29tZU5vZGU6NDYzNjc3OQ==,300.0,300.0,350.0,350.0
T2ZmZXJUYWJsZU9mZmVyTm9kZToxMDIzOTg0MjY=,RmlnaHROb2RlOjQ4NjQ4,U3BvcnRzYm9va05vZGU6Mjc=,T3V0Y29tZU5vZGU6NDYzNjc3NA==,-120.0,-120.0,115.0,115.0,T3V0Y29tZU5vZGU6NDYzNjc3NQ==,-110.0,-150.0,-150.0,-110.0
T2ZmZXJUYWJsZU9mZmVyTm9kZToxMDIzOTE5Mjc=,RmlnaHROb2RlOjQ4NjQ4,U3BvcnRzYm9va05vZGU6MTA=,T3V0Y29tZU5vZGU6NDYyNTA4Mg==,-200.0,-200.0,-125.0,130.0,T3V0Y29tZU5vZGU6NDYyNTA4MQ==,160.0,-160.0,-105.0,160.0
T2ZmZXJUYWJsZU9mZmVyTm9kZToxMDIzOTkxMTM=,RmlnaHROb2RlOjQ4NjQ4,U3BvcnRzYm9va05vZGU6MjE=,T3V0Y29tZU5vZGU6NDYzNzg3Nw==,100.0,-105.0,105.0,105.0,T3V0Y29tZU5vZGU6NDYzNzg3Ng==,-130.0,-141.0,-141.0,-120.0
T2ZmZXJUYWJsZU9mZmVyTm9kZToxMDIzOTg0MzE=,RmlnaHROb2RlOjQ4NDE3,U3BvcnRzYm9va05vZGU6Mjc=,T3V0Y29tZU5vZGU6NDYzNjc4NA==,-800.0,-800.0,-800.0,-800.0,T3V0Y29tZU5vZGU6NDYzNjc4NQ==,450.0,450.0,450.0,450.0
T2ZmZXJUYWJsZU9mZmVyTm9kZToxMDIzOTE5MjU=,RmlnaHROb2RlOjQ4NDE3,U3BvcnRzYm9va05vZGU6MTA=,T3V0Y29tZU5vZGU6NDYyNTA3OA==,-400.0,-1500.0,-1200.0,-400.0,T3V0Y29tZU5vZGU6NDYyNTA3Nw==,300.0,300.0,800.0,1000.0
T2ZmZXJUYWJsZU9mZmVyTm9kZToxMDIzOTg1MDk=,RmlnaHROb2RlOjQ4NDE3,U3BvcnRzYm9va05vZGU6MjE=,T3V0Y29tZU5vZGU6NDYzNjg5Mg==,-400.0,-400.0,-400.0,-400.0,T3V0Y29tZU5vZGU6NDYzNjg5Mw==,300.0,300.0,300.0,300.0
T2ZmZXJUYWJsZU9mZmVyTm9kZToxMDIzOTg1MDg=,RmlnaHROb2RlOjYyOTEx,U3BvcnRzYm9va05vZGU6MjE=,T3V0Y29tZU5vZGU6NDYzNjg5MA==,120.0,120.0,120.0,120.0,T3V0Y29tZU5vZGU6NDYzNjg5MQ==,-160.0,-160.0,-160.0,-160.0
T2ZmZXJUYWJsZU9mZmVyTm9kZToxMDIzOTg3Mjc=,RmlnaHROb2RlOjYyOTEx,U3BvcnRzYm9va05vZGU6MjE=,T3V0Y29tZU5vZGU6NDYzNzIyMQ==,-130.0,-145.0,-145.0,-130.0,T3V0Y29tZU5vZGU6NDYzNzIyMA==,100.0,100.0,115.0,115.0
T2ZmZXJUYWJsZU9mZmVyTm9kZToxMDIzOTUwNjQ=,RmlnaHROb2RlOjYyOTEx,U3BvcnRzYm9va05vZGU6MTA=,,,,,,T3V0Y29tZU5vZGU6NDYzMDY2Mg==,110.0,-200.0,125.0,125.0
T2ZmZXJUYWJsZU9mZmVyTm9kZToxMDIzOTg0Mzg=,RmlnaHROb2RlOjYyOTEx,U3BvcnRzYm9va05vZGU6Mjc=,T3V0Y29tZU5vZGU6NDYzNjc5OA==,-150.0,-150.0,-150.0,-150.0,T3V0Y29tZU5vZGU6NDYzNjc5OQ==,110.0,110.0,110.0,110.0
T2ZmZXJUYWJsZU9mZmVyTm9kZToxMDIzOTUwNjg=,RmlnaHROb2RlOjYyOTEy,U3BvcnRzYm9va05vZGU6MTA=,T3V0Y29tZU5vZGU6NDYzMDY3MQ==,-350.0,-1500.0,-1500.0,-350.0,T3V0Y29tZU5vZGU6NDYzMDY3MA==,275.0,275.0,1000.0,1000.0
T2ZmZXJUYWJsZU9mZmVyTm9kZToxMDIzOTg0MzY=,RmlnaHROb2RlOjYyOTEy,U3BvcnRzYm9va05vZGU6Mjc=,T3V0Y29tZU5vZGU6NDYzNjc5NA==,-549.0,-901.0,-901.0,-549.0,T3V0Y29tZU5vZGU6NDYzNjc5NQ==,350.0,350.0,500.0,500.0
T2ZmZXJUYWJsZU9mZmVyTm9kZToxMDIzOTkxMTI=,RmlnaHROb2RlOjQ4NjM3,U3BvcnRzYm9va05vZGU6MjE=,T3V0Y29tZU5vZGU6NDYzNzg3NQ==,-1000.0,-1250.0,-1250.0,-1000.0,T3V0Y29tZU5vZGU6NDYzNzg3NA==,500.0,500.0,600.0,600.0
T2ZmZXJUYWJsZU9mZmVyTm9kZToxMDIzOTg0Mzc=,RmlnaHROb2RlOjQ4NjM3,U3BvcnRzYm9va05vZGU6Mjc=,T3V0Y29tZU5vZGU6NDYzNjc5Ng==,-649.0,-1099.0,-1099.0,-649.0,T3V0Y29tZU5vZGU6NDYzNjc5Nw==,400.0,400.0,600.0,600.0
T2ZmZXJUYWJsZU9mZmVyTm9kZToxMDIzOTE5MjY=,RmlnaHROb2RlOjQ4NjM3,U3BvcnRzYm9va05vZGU6MTA=,T3V0Y29tZU5vZGU6NDYyNTA4MA==,-500.0,-1100.0,-1100.0,-500.0,T3V0Y29tZU5vZGU6NDYyNTA3OQ==,375.0,375.0,800.0,800.0
T2ZmZXJUYWJsZU9mZmVyTm9kZToxMDIzOTE5MjQ=,RmlnaHROb2RlOjQ4MjQz,U3BvcnRzYm9va05vZGU6MTA=,T3V0Y29tZU5vZGU6NDYyNTA3NQ==,110.0,-350.0,-340.0,110.0,T3V0Y29tZU5vZGU6NDYyNTA3Ng==,-140.0,-140.0,265.0,275.0
T2ZmZXJUYWJsZU9mZmVyTm9kZToxMDIzOTg0MzQ=,RmlnaHROb2RlOjQ4MjQz,U3BvcnRzYm9va05vZGU6Mjc=,T3V0Y29tZU5vZGU6NDYzNjc5MA==,-275.0,-333.0,-333.0,-275.0,T3V0Y29tZU5vZGU6NDYzNjc5MQ==,200.0,200.0,230.0,230.0
T2ZmZXJUYWJsZU9mZmVyTm9kZToxMDIzOTg1MjI=,RmlnaHROb2RlOjQ4MjQz,U3BvcnRzYm9va05vZGU6MjE=,T3V0Y29tZU5vZGU6NDYzNjkxOQ==,-286.0,-333.0,-333.0,-286.0,T3V0Y29tZU5vZGU6NDYzNjkxOA==,205.0,205.0,230.0,230.0
T2ZmZXJUYWJsZU9mZmVyTm9kZToxMDIzOTg3MjU=,RmlnaHROb2RlOjYyOTEz,U3BvcnRzYm9va05vZGU6MjE=,T3V0Y29tZU5vZGU6NDYzNzIxNw==,240.0,240.0,246.0,246.0,T3V0Y29tZU5vZGU6NDYzNzIxNg==,-357.0,-357.0,-345.0,-345.0
T2ZmZXJUYWJsZU9mZmVyTm9kZToxMDIzOTg1MDM=,RmlnaHROb2RlOjYyOTEz,U3BvcnRzYm9va05vZGU6MjE=,T3V0Y29tZU5vZGU6NDYzNjg4MA==,250.0,250.0,250.0,250.0,T3V0Y29tZU5vZGU6NDYzNjg4MQ==,-325.0,-325.0,-325.0,-325.0
T2ZmZXJUYWJsZU9mZmVyTm9kZToxMDIzOTUwNjU=,RmlnaHROb2RlOjYyOTEz,U3BvcnRzYm9va05vZGU6MTA=,T3V0Y29tZU5vZGU6NDYzMDY2NQ==,275.0,250.0,300.0,300.0,T3V0Y29tZU5vZGU6NDYzMDY2NA==,-350.0,-400.0,-400.0,-325.0
T2ZmZXJUYWJsZU9mZmVyTm9kZToxMDIzOTg0Mzk=,RmlnaHROb2RlOjYyOTEz,U3BvcnRzYm9va05vZGU6Mjc=,T3V0Y29tZU5vZGU6NDYzNjgwMA==,200.0,200.0,230.0,230.0,T3V0Y29tZU5vZGU6NDYzNjgwMQ==,-275.0,-333.0,-333.0,-275.0
T2ZmZXJUYWJsZU9mZmVyTm9kZToxMDIzOTg1Mjg=,RmlnaHROb2RlOjQ5MzQ3,U3BvcnRzYm9va05vZGU6MjE=,T3V0Y29tZU5vZGU6NDYzNjkzMQ==,-370.0,-370.0,-370.0,-370.0,T3V0Y29tZU5vZGU6NDYzNjkzMA==,255.0,255.0,270.0,270.0
T2ZmZXJUYWJsZU9mZmVyTm9kZToxMDIzOTg1MDQ=,RmlnaHROb2RlOjQ5MzQ3,U3BvcnRzYm9va05vZGU6MjE=,T3V0Y29tZU5vZGU6NDYzNjg4Mw==,-325.0,-325.0,-325.0,-325.0,T3V0Y29tZU5vZGU6NDYzNjg4Mg==,250.0,250.0,250.0,250.0
T2ZmZXJUYWJsZU9mZmVyTm9kZToxMDIzOTg0MzU=,RmlnaHROb2RlOjQ5MzQ3,U3BvcnRzYm9va05vZGU6Mjc=,T3V0Y29tZU5vZGU6NDYzNjc5Mg==,-275.0,-333.0,-333.0,-275.0,T3V0Y29tZU5vZGU6NDYzNjc5Mw==,200.0,200.0,230.0,230.0
T2ZmZXJUYWJsZU9mZmVyTm9kZToxMDIzOTUwNjk=,RmlnaHROb2RlOjQ5MzQ3,U3BvcnRzYm9va05vZGU6MTA=,,,,,,T3V0Y29tZU5vZGU6NDYzMDY3Mg==,275.0,275.0,400.0,400.0
T2ZmZXJUYWJsZU9mZmVyTm9kZToxMDIzOTE5Mjg=,RmlnaHROb2RlOjQ4NjQ5,U3BvcnRzYm9va05vZGU6MTA=,T3V0Y29tZU5vZGU6NDYyNTA4NA==,-800.0,-1600.0,-1600.0,-800.0,T3V0Y29tZU5vZGU6NDYyNTA4Mw==,550.0,550.0,800.0,800.0
T2ZmZXJUYWJsZU9mZmVyTm9kZToxMDIzOTg1MjY=,RmlnaHROb2RlOjQ4NjQ5,U3BvcnRzYm9va05vZGU6MjE=,T3V0Y29tZU5vZGU6NDYzNjkyNw==,-1100.0,-2000.0,-2000.0,-1100.0,T3V0Y29tZU5vZGU6NDYzNjkyNg==,600.0,593.0,775.0,775.0
T2ZmZXJUYWJsZU9mZmVyTm9kZToxMDIzOTg0NDA=,RmlnaHROb2RlOjQ4NjQ5,U3BvcnRzYm9va05vZGU6Mjc=,T3V0Y29tZU5vZGU6NDYzNjgwMg==,-649.0,-1493.0,-1493.0,-649.0,T3V0Y29tZU5vZGU6NDYzNjgwMw==,400.0,400.0,650.0,650.0
T2ZmZXJUYWJsZU9mZmVyTm9kZToxMDI0Mjg3NDA=,RmlnaHROb2RlOjQ5Mzc5,U3BvcnRzYm9va05vZGU6MTA=,T3V0Y29tZU5vZGU6NDY4ODIzMQ==,-120.0,-120.0,-114.0,135.0,T3V0Y29tZU5vZGU6NDY4ODIzMA==,-110.0,-165.0,-116.0,-110.0
T2ZmZXJUYWJsZU9mZmVyTm9kZToxMDI0MzAzODg=,RmlnaHROb2RlOjQ5Mzc5,U3BvcnRzYm9va05vZGU6Mjc=,T3V0Y29tZU5vZGU6NDY5MDg0NA==,120.0,-105.0,-105.0,120.0,T3V0Y29tZU5vZGU6NDY5MDg0NQ==,-150.0,-150.0,-125.0,-125.0
T2ZmZXJUYWJsZU9mZmVyTm9kZToxMDI0MzE3NDk=,RmlnaHROb2RlOjQ5Mzc5,U3BvcnRzYm9va05vZGU6MjE=,T3V0Y29tZU5vZGU6NDY5MzA3Nw==,-110.0,-110.0,-105.0,-105.0,T3V0Y29tZU5vZGU6NDY5MzA3Ng==,-119.0,-125.0,-125.0,-119.0
T2ZmZXJUYWJsZU9mZmVyTm9kZToxMDI0MzAzODU=,RmlnaHROb2RlOjQ5MzMx,U3BvcnRzYm9va05vZGU6Mjc=,T3V0Y29tZU5vZGU6NDY5MDgzOA==,-250.0,-250.0,-250.0,-250.0,T3V0Y29tZU5vZGU6NDY5MDgzOQ==,175.0,175.0,175.0,175.0
T2ZmZXJUYWJsZU9mZmVyTm9kZToxMDI0Mjg3Mzk=,RmlnaHROb2RlOjQ5MzMx,U3BvcnRzYm9va05vZGU6MTA=,T3V0Y29tZU5vZGU6NDY4ODIyOQ==,-300.0,-300.0,-265.0,-170.0,T3V0Y29tZU5vZGU6NDY4ODIyOA==,240.0,140.0,205.0,240.0
T2ZmZXJUYWJsZU9mZmVyTm9kZToxMDI0MzE3ODQ=,RmlnaHROb2RlOjQ5MzMx,U3BvcnRzYm9va05vZGU6MjE=,T3V0Y29tZU5vZGU6NDY5MzEzNQ==,-250.0,-250.0,-250.0,-250.0,T3V0Y29tZU5vZGU6NDY5MzEzNA==,183.0,183.0,183.0,183.0
T2ZmZXJUYWJsZU9mZmVyTm9kZToxMDI0MzE3ODU=,RmlnaHROb2RlOjQ5NjMz,U3BvcnRzYm9va05vZGU6MjE=,T3V0Y29tZU5vZGU6NDY5MzEzNw==,-182.0,-200.0,-200.0,-182.0,T3V0Y29tZU5vZGU6NDY5MzEzNg==,139.0,139.0,150.0,150.0
T2ZmZXJUYWJsZU9mZmVyTm9kZToxMDI0Mjg3Mzg=,RmlnaHROb2RlOjQ5NjMz,U3BvcnRzYm9va05vZGU6MTA=,T3V0Y29tZU5vZGU6NDY4ODIyNg==,150.0,-180.0,-180.0,190.0,T3V0Y29tZU5vZGU6NDY4ODIyNw==,-180.0,-240.0,150.0,150.0
T2ZmZXJUYWJsZU9mZmVyTm9kZToxMDI0MzAzOTc=,RmlnaHROb2RlOjQ5NjMz,U3BvcnRzYm9va05vZGU6Mjc=,T3V0Y29tZU5vZGU6NDY5MDg2Mg==,-188.0,-188.0,-188.0,-188.0,T3V0Y29tZU5vZGU6NDY5MDg2Mw==,140.0,140.0,140.0,140.0
T2ZmZXJUYWJsZU9mZmVyTm9kZToxMDI0MzE3NTA=,RmlnaHROb2RlOjQ5Mzc3,U3BvcnRzYm9va05vZGU6MjE=,T3V0Y29tZU5vZGU6NDY5MzA3OQ==,-294.0,-294.0,-294.0,-294.0,T3V0Y29tZU5vZGU6NDY5MzA3OA==,212.0,212.0,212.0,212.0
T2ZmZXJUYWJsZU9mZmVyTm9kZToxMDI0Mjg3Mzc=,RmlnaHROb2RlOjQ5Mzc3,U3BvcnRzYm9va05vZGU6MTA=,T3V0Y29tZU5vZGU6NDY4ODIyNA==,120.0,-280.0,-280.0,120.0,T3V0Y29tZU5vZGU6NDY4ODIyNQ==,-150.0,-150.0,220.0,220.0
T2ZmZXJUYWJsZU9mZmVyTm9kZToxMDI0MzAzOTU=,RmlnaHROb2RlOjQ5Mzc3,U3BvcnRzYm9va05vZGU6Mjc=,T3V0Y29tZU5vZGU6NDY5MDg1OA==,-250.0,-275.0,-275.0,-250.0,T3V0Y29tZU5vZGU6NDY5MDg1OQ==,175.0,175.0,200.0,200.0
T2ZmZXJUYWJsZU9mZmVyTm9kZToxMDI0Mjg3MzI=,RmlnaHROb2RlOjQ4NzMz,U3BvcnRzYm9va05vZGU6MTA=,T3V0Y29tZU5vZGU6NDY4ODIxNA==,120.0,-200.0,-138.0,120.0,T3V0Y29tZU5vZGU6NDY4ODIxNQ==,-150.0,-150.0,108.0,160.0
T2ZmZXJUYWJsZU9mZmVyTm9kZToxMDI0MzAzODk=,RmlnaHROb2RlOjQ4NzMz,U3BvcnRzYm9va05vZGU6Mjc=,T3V0Y29tZU5vZGU6NDY5MDg0Ng==,-175.0,-175.0,-150.0,-150.0,T3V0Y29tZU5vZGU6NDY5MDg0Nw==,130.0,115.0,115.0,130.0
T2ZmZXJUYWJsZU9mZmVyTm9kZToxMDI0MzE3NTY=,RmlnaHROb2RlOjQ4NzMz,U3BvcnRzYm9va05vZGU6MjE=,T3V0Y29tZU5vZGU6NDY5MzA5MQ==,-167.0,-167.0,-145.0,-145.0,T3V0Y29tZU5vZGU6NDY5MzA5MA==,127.0,105.0,105.0,127.0
T2ZmZXJUYWJsZU9mZmVyTm9kZToxMDI0MzE3NTg=,RmlnaHROb2RlOjQ5MzMw,U3BvcnRzYm9va05vZGU6MjE=,T3V0Y29tZU5vZGU6NDY5MzA5NQ==,-250.0,-370.0,-370.0,-250.0,T3V0Y29tZU5vZGU6NDY5MzA5NA==,185.0,185.0,260.0,260.0
T2ZmZXJUYWJsZU9mZmVyTm9kZToxMDI0Mjg3MzE=,RmlnaHROb2RlOjQ5MzMw,U3BvcnRzYm9va05vZGU6MTA=,T3V0Y29tZU5vZGU6NDY4ODIxMw==,-125.0,-350.0,-340.0,180.0,T3V0Y29tZU5vZGU6NDY4ODIxMg==,-105.0,-220.0,265.0,275.0
T2ZmZXJUYWJsZU9mZmVyTm9kZToxMDI0MzAzODQ=,RmlnaHROb2RlOjQ5MzMw,U3BvcnRzYm9va05vZGU6Mjc=,T3V0Y29tZU5vZGU6NDY5MDgzNg==,-225.0,-333.0,-333.0,-225.0,T3V0Y29tZU5vZGU6NDY5MDgzNw==,163.0,163.0,230.0,230.0
T2ZmZXJUYWJsZU9mZmVyTm9kZToxMDI0MzE3NTk=,RmlnaHROb2RlOjQ5NTQ4,U3BvcnRzYm9va05vZGU6MjE=,T3V0Y29tZU5vZGU6NDY5MzA5Nw==,-139.0,-169.0,-169.0,-139.0,T3V0Y29tZU5vZGU6NDY5MzA5Ng==,108.0,108.0,130.0,130.0
T2ZmZXJUYWJsZU9mZmVyTm9kZToxMDI0Mjg3MzA=,RmlnaHROb2RlOjQ5NTQ4,U3BvcnRzYm9va05vZGU6MTA=,T3V0Y29tZU5vZGU6NDY4ODIxMA==,120.0,-200.0,-157.0,130.0,T3V0Y29tZU5vZGU6NDY4ODIxMQ==,-150.0,-160.0,127.0,160.0
T2ZmZXJUYWJsZU9mZmVyTm9kZToxMDI0MzAzOTQ=,RmlnaHROb2RlOjQ5NTQ4,U3BvcnRzYm9va05vZGU6Mjc=,T3V0Y29tZU5vZGU6NDY5MDg1Ng==,120.0,-150.0,-150.0,120.0,T3V0Y29tZU5vZGU6NDY5MDg1Nw==,-163.0,-163.0,115.0,115.0
T2ZmZXJUYWJsZU9mZmVyTm9kZToxMDI0MzAzOTI=,RmlnaHROb2RlOjQ5OTY0,U3BvcnRzYm9va05vZGU6Mjc=,T3V0Y29tZU5vZGU6NDY5MDg1Mg==,-250.0,-250.0,-150.0,-150.0,T3V0Y29tZU5vZGU6NDY5MDg1Mw==,175.0,110.0,110.0,175.0
T2ZmZXJUYWJsZU9mZmVyTm9kZToxMDI0Mjg3Mjk=,RmlnaHROb2RlOjQ5OTY0,U3BvcnRzYm9va05vZGU6MTA=,T3V0Y29tZU5vZGU6NDY4ODIwOQ==,-350.0,-350.0,-140.0,-115.0,T3V0Y29tZU5vZGU6NDY4ODIwOA==,275.0,-115.0,110.0,275.0
T2ZmZXJUYWJsZU9mZmVyTm9kZToxMDI0MzE3NDg=,RmlnaHROb2RlOjQ5Mzc4,U3BvcnRzYm9va05vZGU6MjE=,T3V0Y29tZU5vZGU6NDY5MzA3NQ==,-435.0,-435.0,-435.0,-435.0,T3V0Y29tZU5vZGU6NDY5MzA3NA==,293.0,293.0,293.0,293.0
T2ZmZXJUYWJsZU9mZmVyTm9kZToxMDI0MzAzODc=,RmlnaHROb2RlOjQ5Mzc4,U3BvcnRzYm9va05vZGU6Mjc=,T3V0Y29tZU5vZGU6NDY5MDg0Mg==,-400.0,-400.0,-400.0,-400.0,T3V0Y29tZU5vZGU6NDY5MDg0Mw==,275.0,275.0,275.0,275.0
T2ZmZXJUYWJsZU9mZmVyTm9kZToxMDI0Mjg3MzY=,RmlnaHROb2RlOjQ5Mzc4,U3BvcnRzYm9va05vZGU6MTA=,T3V0Y29tZU5vZGU6NDY4ODIyMw==,-400.0,-400.0,-350.0,-350.0,T3V0Y29tZU5vZGU6NDY4ODIyMg==,300.0,275.0,275.0,300.0
T2ZmZXJUYWJsZU9mZmVyTm9kZToxMDI0MzAzODY=,RmlnaHROb2RlOjQ4Njk2,U3BvcnRzYm9va05vZGU6Mjc=,T3V0Y29tZU5vZGU6NDY5MDg0MQ==,-250.0,-333.0,-333.0,-250.0,T3V0Y29tZU5vZGU6NDY5MDg0MA==,175.0,175.0,230.0,230.0
T2ZmZXJUYWJsZU9mZmVyTm9kZToxMDI0Mjg3MzU=,RmlnaHROb2RlOjQ4Njk2,U3BvcnRzYm9va05vZGU6MTA=,T3V0Y29tZU5vZGU6NDY4ODIyMQ==,-800.0,-800.0,-305.0,-270.0,T3V0Y29tZU5vZGU6NDY4ODIyMA==,550.0,210.0,245.0,550.0
T2ZmZXJUYWJsZU9mZmVyTm9kZToxMDI0MzAzOTY=,RmlnaHROb2RlOjQ5NjM0,U3BvcnRzYm9va05vZGU6Mjc=,T3V0Y29tZU5vZGU6NDY5MDg2MA==,350.0,350.0,450.0,450.0,T3V0Y29tZU5vZGU6NDY5MDg2MQ==,-549.0,-752.0,-752.0,-549.0
T2ZmZXJUYWJsZU9mZmVyTm9kZToxMDI0Mjg3MzQ=,RmlnaHROb2RlOjQ5NjM0,U3BvcnRzYm9va05vZGU6MTA=,T3V0Y29tZU5vZGU6NDY4ODIxOA==,375.0,375.0,500.0,500.0,T3V0Y29tZU5vZGU6NDY4ODIxOQ==,-500.0,-800.0,-800.0,-500.0
T2ZmZXJUYWJsZU9mZmVyTm9kZToxMDI0MzE3ODc=,RmlnaHROb2RlOjQ5NjM0,U3BvcnRzYm9va05vZGU6MjE=,T3V0Y29tZU5vZGU6NDY5MzE0MQ==,433.0,433.0,470.0,470.0,T3V0Y29tZU5vZGU6NDY5MzE0MA==,-714.0,-714.0,-714.0,-714.0
T2ZmZXJUYWJsZU9mZmVyTm9kZToxMDI0Mjg3MzM=,RmlnaHROb2RlOjQ5Mzc2,U3BvcnRzYm9va05vZGU6MTA=,T3V0Y29tZU5vZGU6NDY4ODIxNg==,400.0,400.0,800.0,800.0,T3V0Y29tZU5vZGU6NDY4ODIxNw==,-550.0,-1400.0,-1400.0,-550.0
T2ZmZXJUYWJsZU9mZmVyTm9kZToxMDI0MzAzOTM=,RmlnaHROb2RlOjQ5Mzc2,U3BvcnRzYm9va05vZGU6Mjc=,T3V0Y29tZU5vZGU6NDY5MDg1NA==,500.0,500.0,500.0,500.0,T3V0Y29tZU5vZGU6NDY5MDg1NQ==,-1000.0,-1000.0,-1000.0,-1000.0
T2ZmZXJUYWJsZU9mZmVyTm9kZToxMDI0MzE3ODY=,RmlnaHROb2RlOjQ5Mzc2,U3BvcnRzYm9va05vZGU6MjE=,T3V0Y29tZU5vZGU6NDY5MzEzOQ==,500.0,500.0,700.0,700.0,T3V0Y29tZU5vZGU6NDY5MzEzOA==,-909.0,-1250.0,-1250.0,-909.0
T2ZmZXJUYWJsZU9mZmVyTm9kZToxMDI0MzU2Nzk=,RmlnaHROb2RlOjQ5Nzky,U3BvcnRzYm9va05vZGU6MTA=,T3V0Y29tZU5vZGU6NDcwMDA5Mg==,-215.0,-725.0,-725.0,-215.0,T3V0Y29tZU5vZGU6NDcwMDA5MQ==,175.0,175.0,525.0,525.0
T2ZmZXJUYWJsZU9mZmVyTm9kZToxMDI0MzU2Nzc=,RmlnaHROb2RlOjQ5Nzkx,U3BvcnRzYm9va05vZGU6MTA=,T3V0Y29tZU5vZGU6NDcwMDA4Nw==,190.0,-260.0,-206.0,190.0,T3V0Y29tZU5vZGU6NDcwMDA4OA==,-240.0,-240.0,166.0,200.0
T2ZmZXJUYWJsZU9mZmVyTm9kZToxMDI0MzY3OTE=,RmlnaHROb2RlOjQ5Nzkx,U3BvcnRzYm9va05vZGU6Mjg=,T3V0Y29tZU5vZGU6NDcwMjI0MA==,-135.0,-250.0,-250.0,-135.0,T3V0Y29tZU5vZGU6NDcwMjI0MQ==,-105.0,-105.0,175.0,175.0
T2ZmZXJUYWJsZU9mZmVyTm9kZToxMDI0Mzc0MTU=,RmlnaHROb2RlOjQ5Nzkx,U3BvcnRzYm9va05vZGU6MjE=,T3V0Y29tZU5vZGU6NDcwMzQwNQ==,-161.0,-250.0,-250.0,-161.0,T3V0Y29tZU5vZGU6NDcwMzQwNA==,125.0,125.0,185.0,185.0
T2ZmZXJUYWJsZU9mZmVyTm9kZToxMDI0MzYxOTY=,RmlnaHROb2RlOjQ5Nzkx,U3BvcnRzYm9va05vZGU6Mjc=,T3V0Y29tZU5vZGU6NDcwMTA1MA==,-163.0,-225.0,-225.0,-163.0,T3V0Y29tZU5vZGU6NDcwMTA1MQ==,120.0,120.0,170.0,170.0
T2ZmZXJUYWJsZU9mZmVyTm9kZToxMDI0MzY3MTE=,RmlnaHROb2RlOjUwMTAy,U3BvcnRzYm9va05vZGU6MTA=,T3V0Y29tZU5vZGU6NDcwMjA4MQ==,-800.0,-1800.0,-1800.0,-800.0,T3V0Y29tZU5vZGU6NDcwMjA4MA==,550.0,550.0,900.0,900.0
T2ZmZXJUYWJsZU9mZmVyTm9kZToxMDI0MzY1ODk=,RmlnaHROb2RlOjUwMTAy,U3BvcnRzYm9va05vZGU6Mjg=,T3V0Y29tZU5vZGU6NDcwMTgzNg==,-625.0,-1665.0,-1665.0,-625.0,T3V0Y29tZU5vZGU6NDcwMTgzNw==,360.0,360.0,765.0,765.0
T2ZmZXJUYWJsZU9mZmVyTm9kZToxMDI0MzYxOTg=,RmlnaHROb2RlOjUwMTAy,U3BvcnRzYm9va05vZGU6Mjc=,T3V0Y29tZU5vZGU6NDcwMTA1NA==,-649.0,-1587.0,-1587.0,-649.0,T3V0Y29tZU5vZGU6NDcwMTA1NQ==,400.0,400.0,850.0,850.0
T2ZmZXJUYWJsZU9mZmVyTm9kZToxMDI0MzY2ODE=,RmlnaHROb2RlOjQ5NzU5,U3BvcnRzYm9va05vZGU6Mjg=,T3V0Y29tZU5vZGU6NDcwMjAyMA==,300.0,300.0,390.0,390.0,T3V0Y29tZU5vZGU6NDcwMjAyMQ==,-500.0,-665.0,-665.0,-500.0
T2ZmZXJUYWJsZU9mZmVyTm9kZToxMDI0MzYxOTc=,RmlnaHROb2RlOjQ5NzU5,U3BvcnRzYm9va05vZGU6Mjc=,T3V0Y29tZU5vZGU6NDcwMTA1Mg==,350.0,350.0,350.0,350.0,T3V0Y29tZU5vZGU6NDcwMTA1Mw==,-549.0,-549.0,-549.0,-549.0
T2ZmZXJUYWJsZU9mZmVyTm9kZToxMDI0Mzc1MTk=,RmlnaHROb2RlOjQ5NzU5,U3BvcnRzYm9va05vZGU6MjE=,T3V0Y29tZU5vZGU6NDcwMzU0MQ==,498.0,372.0,400.0,498.0,T3V0Y29tZU5vZGU6NDcwMzU0MA==,-833.0,-833.0,-667.0,-667.0
T2ZmZXJUYWJsZU9mZmVyTm9kZToxMDI0MzU2NzU=,RmlnaHROb2RlOjQ5NzU5,U3BvcnRzYm9va05vZGU6MTA=,T3V0Y29tZU5vZGU6NDcwMDA4Mw==,375.0,375.0,425.0,500.0,T3V0Y29tZU5vZGU6NDcwMDA4NA==,-500.0,-700.0,-600.0,-500.0
T2ZmZXJUYWJsZU9mZmVyTm9kZToxMDI0MzYyMDE=,RmlnaHROb2RlOjQ5NTM3,U3BvcnRzYm9va05vZGU6Mjc=,T3V0Y29tZU5vZGU6NDcwMTA2MA==,-350.0,-350.0,-350.0,-350.0,T3V0Y29tZU5vZGU6NDcwMTA2MQ==,240.0,240.0,240.0,240.0
T2ZmZXJUYWJsZU9mZmVyTm9kZToxMDI0Mzc1MTg=,RmlnaHROb2RlOjQ5NTM3,U3BvcnRzYm9va05vZGU6MjE=,T3V0Y29tZU5vZGU6NDcwMzUzOQ==,-455.0,-455.0,-400.0,-400.0,T3V0Y29tZU5vZGU6NDcwMzUzOA==,305.0,275.0,275.0,305.0
T2ZmZXJUYWJsZU9mZmVyTm9kZToxMDI0MzY2ODA=,RmlnaHROb2RlOjQ5NTM3,U3BvcnRzYm9va05vZGU6Mjg=,T3V0Y29tZU5vZGU6NDcwMjAxOA==,-300.0,-400.0,-400.0,-300.0,T3V0Y29tZU5vZGU6NDcwMjAxOQ==,200.0,200.0,250.0,250.0
T2ZmZXJUYWJsZU9mZmVyTm9kZToxMDI0MzU2NzE=,RmlnaHROb2RlOjQ5NTM3,U3BvcnRzYm9va05vZGU6MTA=,T3V0Y29tZU5vZGU6NDcwMDA3Ng==,-210.0,-360.0,-355.0,-210.0,T3V0Y29tZU5vZGU6NDcwMDA3NQ==,170.0,170.0,280.0,285.0
T2ZmZXJUYWJsZU9mZmVyTm9kZToxMDI0MzYyMDA=,RmlnaHROb2RlOjQ5Nzg5,U3BvcnRzYm9va05vZGU6Mjc=,T3V0Y29tZU5vZGU6NDcwMTA1OA==,-110.0,-138.0,-138.0,-110.0,T3V0Y29tZU5vZGU6NDcwMTA1OQ==,-120.0,-120.0,105.0,105.0
T2ZmZXJUYWJsZU9mZmVyTm9kZToxMDI0MzU2NzQ=,RmlnaHROb2RlOjQ5Nzg5,U3BvcnRzYm9va05vZGU6MTA=,T3V0Y29tZU5vZGU6NDcwMDA4Mg==,-300.0,-300.0,-150.0,-105.0,T3V0Y29tZU5vZGU6NDcwMDA4MQ==,240.0,-125.0,120.0,240.0
T2ZmZXJUYWJsZU9mZmVyTm9kZToxMDI0Mzc1MTc=,RmlnaHROb2RlOjQ5NTQ3,U3BvcnRzYm9va05vZGU6MjE=,T3V0Y29tZU5vZGU6NDcwMzUzNw==,-270.0,-323.0,-323.0,-270.0,T3V0Y29tZU5vZGU6NDcwMzUzNg==,201.0,201.0,230.0,230.0
T2ZmZXJUYWJsZU9mZmVyTm9kZToxMDI0MzU2NzI=,RmlnaHROb2RlOjQ5NTQ3,U3BvcnRzYm9va05vZGU6MTA=,T3V0Y29tZU5vZGU6NDcwMDA3OA==,-150.0,-300.0,-290.0,-150.0,T3V0Y29tZU5vZGU6NDcwMDA3Nw==,120.0,120.0,230.0,240.0
T2ZmZXJUYWJsZU9mZmVyTm9kZToxMDI0MzY2ODM=,RmlnaHROb2RlOjQ5NTQ3,U3BvcnRzYm9va05vZGU6Mjg=,T3V0Y29tZU5vZGU6NDcwMjAyNA==,-250.0,-323.0,-323.0,-250.0,T3V0Y29tZU5vZGU6NDcwMjAyNQ==,175.0,175.0,213.0,213.0
T2ZmZXJUYWJsZU9mZmVyTm9kZToxMDI0MzYxOTQ=,RmlnaHROb2RlOjQ5NTQ3,U3BvcnRzYm9va05vZGU6Mjc=,T3V0Y29tZU5vZGU6NDcwMTA0Ng==,-350.0,-350.0,-350.0,-350.0,T3V0Y29tZU5vZGU6NDcwMTA0Nw==,240.0,240.0,240.0,240.0
T2ZmZXJUYWJsZU9mZmVyTm9kZToxMDI0MzY1MjU=,RmlnaHROb2RlOjQ5NDA2,U3BvcnRzYm9va05vZGU6Mjg=,T3V0Y29tZU5vZGU6NDcwMTcwOA==,105.0,105.0,105.0,105.0,T3V0Y29tZU5vZGU6NDcwMTcwOQ==,-145.0,-145.0,-145.0,-145.0
T2ZmZXJUYWJsZU9mZmVyTm9kZToxMDI0MzY3OTM=,RmlnaHROb2RlOjQ5NDA2,U3BvcnRzYm9va05vZGU6Mjg=,T3V0Y29tZU5vZGU6NDcwMjI0NA==,105.0,-115.0,-115.0,105.0,T3V0Y29tZU5vZGU6NDcwMjI0NQ==,-145.0,-145.0,-125.0,-125.0
T2ZmZXJUYWJsZU9mZmVyTm9kZToxMDI0MzYyMDI=,RmlnaHROb2RlOjQ5NDA2,U3BvcnRzYm9va05vZGU6Mjc=,T3V0Y29tZU5vZGU6NDcwMTA2Mg==,110.0,110.0,110.0,110.0,T3V0Y29tZU5vZGU6NDcwMTA2Mw==,-150.0,-150.0,-150.0,-150.0
T2ZmZXJUYWJsZU9mZmVyTm9kZToxMDI0Mzc0MTQ=,RmlnaHROb2RlOjQ5NDA2,U3BvcnRzYm9va05vZGU6MjE=,T3V0Y29tZU5vZGU6NDcwMzQwMw==,114.0,-105.0,-105.0,114.0,T3V0Y29tZU5vZGU6NDcwMzQwMg==,-147.0,-147.0,-125.0,-125.0
T2ZmZXJUYWJsZU9mZmVyTm9kZToxMDI0MzU2NzY=,RmlnaHROb2RlOjQ5NDA2,U3BvcnRzYm9va05vZGU6MTA=,T3V0Y29tZU5vZGU6NDcwMDA4NQ==,120.0,100.0,110.0,120.0,T3V0Y29tZU5vZGU6NDcwMDA4Ng==,-150.0,-150.0,-140.0,-130.0
T2ZmZXJUYWJsZU9mZmVyTm9kZToxMDI0Mzc0MTg=,RmlnaHROb2RlOjQ5Nzkw,U3BvcnRzYm9va05vZGU6MjE=,T3V0Y29tZU5vZGU6NDcwMzQxMQ==,108.0,108.0,117.0,117.0,T3V0Y29tZU5vZGU6NDcwMzQxMA==,-141.0,-152.0,-152.0,-141.0
T2ZmZXJUYWJsZU9mZmVyTm9kZToxMDI0MzU2Nzg=,RmlnaHROb2RlOjQ5Nzkw,U3BvcnRzYm9va05vZGU6MTA=,T3V0Y29tZU5vZGU6NDcwMDA4OQ==,-115.0,-155.0,131.0,131.0,T3V0Y29tZU5vZGU6NDcwMDA5MA==,-115.0,-161.0,-161.0,125.0
T2ZmZXJUYWJsZU9mZmVyTm9kZToxMDI0Mzc0NzQ=,RmlnaHROb2RlOjQ5Nzkw,U3BvcnRzYm9va05vZGU6Mjg=,T3V0Y29tZU5vZGU6NDcwMzQ4Ng==,-105.0,-105.0,105.0,105.0,T3V0Y29tZU5vZGU6NDcwMzQ4Nw==,-135.0,-145.0,-145.0,-135.0
T2ZmZXJUYWJsZU9mZmVyTm9kZToxMDI0MzYxOTU=,RmlnaHROb2RlOjQ5Nzkw,U3BvcnRzYm9va05vZGU6Mjc=,T3V0Y29tZU5vZGU6NDcwMTA0OA==,-110.0,-110.0,125.0,125.0,T3V0Y29tZU5vZGU6NDcwMTA0OQ==,-120.0,-167.0,-167.0,-120.0
T2ZmZXJUYWJsZU9mZmVyTm9kZToxMDI0Mzc4MTc=,RmlnaHROb2RlOjQ5Nzg4,U3BvcnRzYm9va05vZGU6Mjg=,T3V0Y29tZU5vZGU6NDcwNDExMA==,-335.0,-335.0,-335.0,-335.0,T3V0Y29tZU5vZGU6NDcwNDExMQ==,220.0,220.0,220.0,220.0
T2ZmZXJUYWJsZU9mZmVyTm9kZToxMDI0Mzc0MTc=,RmlnaHROb2RlOjQ5Nzg4,U3BvcnRzYm9va05vZGU6MjE=,T3V0Y29tZU5vZGU6NDcwMzQwOQ==,-357.0,-357.0,-357.0,-357.0,T3V0Y29tZU5vZGU6NDcwMzQwOA==,254.0,240.0,240.0,254.0
T2ZmZXJUYWJsZU9mZmVyTm9kZToxMDI0MzYxOTk=,RmlnaHROb2RlOjQ5Nzg4,U3BvcnRzYm9va05vZGU6Mjc=,T3V0Y29tZU5vZGU6NDcwMTA1Ng==,-350.0,-350.0,-350.0,-350.0,T3V0Y29tZU5vZGU6NDcwMTA1Nw==,240.0,240.0,240.0,240.0
T2ZmZXJUYWJsZU9mZmVyTm9kZToxMDI0MzY3OTY=,RmlnaHROb2RlOjQ5Nzg4,U3BvcnRzYm9va05vZGU6Mjg=,T3V0Y29tZU5vZGU6NDcwMjI1MA==,-435.0,-435.0,-335.0,-335.0,T3V0Y29tZU5vZGU6NDcwMjI1MQ==,270.0,220.0,220.0,270.0
T2ZmZXJUYWJsZU9mZmVyTm9kZToxMDI0Mzc4MTI=,RmlnaHROb2RlOjQ5Nzg4,U3BvcnRzYm9va05vZGU6Mjg=,T3V0Y29tZU5vZGU6NDcwNDEwMA==,-335.0,-335.0,-335.0,-335.0,T3V0Y29tZU5vZGU6NDcwNDEwMQ==,220.0,220.0,220.0,220.0
T2ZmZXJUYWJsZU9mZmVyTm9kZToxMDI0Mzc4MTU=,RmlnaHROb2RlOjQ5Nzg4,U3BvcnRzYm9va05vZGU6Mjg=,T3V0Y29tZU5vZGU6NDcwNDEwNg==,-335.0,-335.0,-335.0,-335.0,T3V0Y29tZU5vZGU6NDcwNDEwNw==,220.0,220.0,220.0,220.0
T2ZmZXJUYWJsZU9mZmVyTm9kZToxMDI0MzU2NzM=,RmlnaHROb2RlOjQ5Nzg4,U3BvcnRzYm9va05vZGU6MTA=,T3V0Y29tZU5vZGU6NDcwMDA4MA==,-150.0,-350.0,-350.0,-150.0,T3V0Y29tZU5vZGU6NDcwMDA3OQ==,120.0,120.0,275.0,275.0
T2ZmZXJUYWJsZU9mZmVyTm9kZToxMDI0MzYxOTM=,RmlnaHROb2RlOjQ5MzI1,U3BvcnRzYm9va05vZGU6Mjc=,T3V0Y29tZU5vZGU6NDcwMTA0NA==,-549.0,-549.0,-549.0,-549.0,T3V0Y29tZU5vZGU6NDcwMTA0NQ==,350.0,350.0,350.0,350.0
T2ZmZXJUYWJsZU9mZmVyTm9kZToxMDI0MzY2ODQ=,RmlnaHROb2RlOjQ5MzI1,U3BvcnRzYm9va05vZGU6Mjg=,T3V0Y29tZU5vZGU6NDcwMjAyNg==,-600.0,-715.0,-525.0,-525.0,T3V0Y29tZU5vZGU6NDcwMjAyNw==,350.0,315.0,315.0,415.0
T2ZmZXJUYWJsZU9mZmVyTm9kZToxMDI0Mzc1MTY=,RmlnaHROb2RlOjQ5MzI1,U3BvcnRzYm9va05vZGU6MjE=,T3V0Y29tZU5vZGU6NDcwMzUzNQ==,-714.0,-714.0,-714.0,-588.0,T3V0Y29tZU5vZGU6NDcwMzUzNA==,418.0,385.0,425.0,425.0
T2ZmZXJUYWJsZU9mZmVyTm9kZToxMDI0MzU2NzA=,RmlnaHROb2RlOjQ5MzI1,U3BvcnRzYm9va05vZGU6MTA=,T3V0Y29tZU5vZGU6NDcwMDA3NA==,-210.0,-700.0,-700.0,-210.0,T3V0Y29tZU5vZGU6NDcwMDA3Mw==,170.0,170.0,500.0,500.0
T2ZmZXJUYWJsZU9mZmVyTm9kZToxMDI0NjAxNjA=,RmlnaHROb2RlOjUwMzM4,U3BvcnRzYm9va05vZGU6MTA=,T3V0Y29tZU5vZGU6NDc0NTE1NA==,-300.0,-450.0,-450.0,-300.0,T3V0Y29tZU5vZGU6NDc0NTE1Mw==,240.0,240.0,350.0,350.0
T2ZmZXJUYWJsZU9mZmVyTm9kZToxMDI0NjAxNjE=,RmlnaHROb2RlOjUwMTk2,U3BvcnRzYm9va05vZGU6MTA=,T3V0Y29tZU5vZGU6NDc0NTE1Ng==,-160.0,-215.0,-165.0,-160.0,T3V0Y29tZU5vZGU6NDc0NTE1NQ==,130.0,130.0,135.0,175.0
T2ZmZXJUYWJsZU9mZmVyTm9kZToxMDI0NjAxNjI=,RmlnaHROb2RlOjUwMzM5,U3BvcnRzYm9va05vZGU6MTA=,T3V0Y29tZU5vZGU6NDc0NTE1Nw==,130.0,-115.0,-115.0,130.0,T3V0Y29tZU5vZGU6NDc0NTE1OA==,-160.0,-160.0,-115.0,-115.0
T2ZmZXJUYWJsZU9mZmVyTm9kZToxMDI0NjAxNjM=,RmlnaHROb2RlOjUwMzQw,U3BvcnRzYm9va05vZGU6MTA=,T3V0Y29tZU5vZGU6NDc0NTE2MA==,-160.0,-160.0,145.0,195.0,T3V0Y29tZU5vZGU6NDc0NTE1OQ==,130.0,-245.0,-175.0,130.0
T2ZmZXJUYWJsZU9mZmVyTm9kZToxMDI0NjAxNjU=,RmlnaHROb2RlOjUwMzQy,U3BvcnRzYm9va05vZGU6MTA=,T3V0Y29tZU5vZGU6NDc0NTE2Mw==,150.0,150.0,200.0,200.0,T3V0Y29tZU5vZGU6NDc0NTE2NA==,-180.0,-260.0,-260.0,-180.0
T2ZmZXJUYWJsZU9mZmVyTm9kZToxMDI0NjAxNjg=,RmlnaHROb2RlOjUwMzQ0,U3BvcnRzYm9va05vZGU6MTA=,T3V0Y29tZU5vZGU6NDc0NTE2OQ==,120.0,120.0,180.0,180.0,T3V0Y29tZU5vZGU6NDc0NTE3MA==,-150.0,-220.0,-220.0,-150.0
T2ZmZXJUYWJsZU9mZmVyTm9kZToxMDI0NjAxNjQ=,RmlnaHROb2RlOjUwMzQx,U3BvcnRzYm9va05vZGU6MTA=,T3V0Y29tZU5vZGU6NDc0NTE2MQ==,-115.0,-115.0,155.0,155.0,T3V0Y29tZU5vZGU6NDc0NTE2Mg==,-115.0,-185.0,-185.0,-115.0
T2ZmZXJUYWJsZU9mZmVyTm9kZToxMDI0NjAxNjY=,RmlnaHROb2RlOjUwMTk3,U3BvcnRzYm9va05vZGU6MTA=,T3V0Y29tZU5vZGU6NDc0NTE2NQ==,-115.0,-115.0,145.0,170.0,T3V0Y29tZU5vZGU6NDc0NTE2Ng==,-115.0,-210.0,-175.0,-115.0
T2ZmZXJUYWJsZU9mZmVyTm9kZToxMDI0NjAxNjc=,RmlnaHROb2RlOjUwMzQz,U3BvcnRzYm9va05vZGU6MTA=,T3V0Y29tZU5vZGU6NDc0NTE2OA==,-150.0,-150.0,-130.0,-130.0,T3V0Y29tZU5vZGU6NDc0NTE2Nw==,120.0,100.0,100.0,120.0
T2ZmZXJUYWJsZU9mZmVyTm9kZToxMDI0NjU2NjY=,RmlnaHROb2RlOjUwMDM1,U3BvcnRzYm9va05vZGU6MTA=,T3V0Y29tZU5vZGU6NDc1Mzc4NQ==,-140.0,-220.0,-140.0,-110.0,T3V0Y29tZU5vZGU6NDc1Mzc4NA==,110.0,-120.0,110.0,180.0
T2ZmZXJUYWJsZU9mZmVyTm9kZToxMDI0NzIwMzA=,RmlnaHROb2RlOjUwMDM1,U3BvcnRzYm9va05vZGU6MjE=,T3V0Y29tZU5vZGU6NDc2NTM1NA==,-118.0,-145.0,-145.0,-118.0,T3V0Y29tZU5vZGU6NDc2NTM1Mw==,-108.0,-108.0,105.0,110.0
T2ZmZXJUYWJsZU9mZmVyTm9kZToxMDI0NzI1MTI=,RmlnaHROb2RlOjUwMDM1,U3BvcnRzYm9va05vZGU6Mjg=,T3V0Y29tZU5vZGU6NDc2NjEzOA==,-130.0,-130.0,-130.0,-130.0,T3V0Y29tZU5vZGU6NDc2NjEzOQ==,-110.0,-110.0,-110.0,-110.0
T2ZmZXJUYWJsZU9mZmVyTm9kZToxMDI0NzA5ODY=,RmlnaHROb2RlOjUwMDM3,U3BvcnRzYm9va05vZGU6Mjc=,T3V0Y29tZU5vZGU6NDc2MzI5Nw==,-800.0,-800.0,-549.0,-549.0,T3V0Y29tZU5vZGU6NDc2MzI5Ng==,450.0,350.0,350.0,450.0
T2ZmZXJUYWJsZU9mZmVyTm9kZToxMDI0NzIwMzM=,RmlnaHROb2RlOjUwMDM3,U3BvcnRzYm9va05vZGU6MjE=,T3V0Y29tZU5vZGU6NDc2NTM2MA==,-556.0,-556.0,-556.0,-556.0,T3V0Y29tZU5vZGU6NDc2NTM1OQ==,367.0,367.0,367.0,367.0
T2ZmZXJUYWJsZU9mZmVyTm9kZToxMDI0NzI1MTM=,RmlnaHROb2RlOjUwMDM3,U3BvcnRzYm9va05vZGU6Mjg=,T3V0Y29tZU5vZGU6NDc2NjE0MA==,-600.0,-600.0,-600.0,-600.0,T3V0Y29tZU5vZGU6NDc2NjE0MQ==,350.0,350.0,350.0,350.0
T2ZmZXJUYWJsZU9mZmVyTm9kZToxMDI0NjU2NzI=,RmlnaHROb2RlOjUwMDM3,U3BvcnRzYm9va05vZGU6MTA=,T3V0Y29tZU5vZGU6NDc1Mzc5Nw==,-260.0,-800.0,-425.0,-260.0,T3V0Y29tZU5vZGU6NDc1Mzc5Ng==,200.0,200.0,325.0,550.0
T2ZmZXJUYWJsZU9mZmVyTm9kZToxMDI0NzA5OTA=,RmlnaHROb2RlOjQ5ODIw,U3BvcnRzYm9va05vZGU6Mjc=,T3V0Y29tZU5vZGU6NDc2MzMwNA==,-450.0,-450.0,-333.0,-333.0,T3V0Y29tZU5vZGU6NDc2MzMwNQ==,300.0,230.0,230.0,300.0
T2ZmZXJUYWJsZU9mZmVyTm9kZToxMDI0NzIwMzU=,RmlnaHROb2RlOjQ5ODIw,U3BvcnRzYm9va05vZGU6MjE=,T3V0Y29tZU5vZGU6NDc2NTM2NA==,-400.0,-400.0,-333.0,-333.0,T3V0Y29tZU5vZGU6NDc2NTM2Mw==,276.0,225.0,225.0,276.0
T2ZmZXJUYWJsZU9mZmVyTm9kZToxMDI0NjU2NzE=,RmlnaHROb2RlOjQ5ODIw,U3BvcnRzYm9va05vZGU6MTA=,T3V0Y29tZU5vZGU6NDc1Mzc5NA==,-115.0,-450.0,-285.0,-115.0,T3V0Y29tZU5vZGU6NDc1Mzc5NQ==,-115.0,-115.0,225.0,350.0
T2ZmZXJUYWJsZU9mZmVyTm9kZToxMDI0NzI1MTQ=,RmlnaHROb2RlOjQ5ODIw,U3BvcnRzYm9va05vZGU6Mjg=,T3V0Y29tZU5vZGU6NDc2NjE0Mg==,-450.0,-450.0,-375.0,-375.0,T3V0Y29tZU5vZGU6NDc2NjE0Mw==,275.0,240.0,240.0,275.0
T2ZmZXJUYWJsZU9mZmVyTm9kZToxMDI0NzIzMjM=,RmlnaHROb2RlOjUwNDkx,U3BvcnRzYm9va05vZGU6Mjc=,T3V0Y29tZU5vZGU6NDc2NTkzNw==,-175.0,-175.0,-175.0,-175.0,T3V0Y29tZU5vZGU6NDc2NTkzOA==,130.0,130.0,130.0,130.0
T2ZmZXJUYWJsZU9mZmVyTm9kZToxMDI0NzEwOTM=,RmlnaHROb2RlOjUwNDkx,U3BvcnRzYm9va05vZGU6MTA=,T3V0Y29tZU5vZGU6NDc2MzUwOA==,150.0,-220.0,-215.0,150.0,T3V0Y29tZU5vZGU6NDc2MzUwOQ==,-180.0,-180.0,175.0,180.0
T2ZmZXJUYWJsZU9mZmVyTm9kZToxMDI0NzE5NDE=,RmlnaHROb2RlOjUwNDkx,U3BvcnRzYm9va05vZGU6Mjg=,T3V0Y29tZU5vZGU6NDc2NTE3Ng==,-115.0,-140.0,-140.0,-115.0,T3V0Y29tZU5vZGU6NDc2NTE3NQ==,-125.0,-125.0,100.0,100.0
T2ZmZXJUYWJsZU9mZmVyTm9kZToxMDI0NzIyNjg=,RmlnaHROb2RlOjUwNDkx,U3BvcnRzYm9va05vZGU6Mjg=,T3V0Y29tZU5vZGU6NDc2NTgyOA==,-140.0,-170.0,-170.0,-140.0,T3V0Y29tZU5vZGU6NDc2NTgyNw==,100.0,100.0,130.0,130.0
T2ZmZXJUYWJsZU9mZmVyTm9kZToxMDI0NjU2Njc=,RmlnaHROb2RlOjQ5ODQ0,U3BvcnRzYm9va05vZGU6MTA=,T3V0Y29tZU5vZGU6NDc1Mzc4Nw==,-300.0,-550.0,-400.0,-200.0,T3V0Y29tZU5vZGU6NDc1Mzc4Ng==,240.0,160.0,300.0,400.0
T2ZmZXJUYWJsZU9mZmVyTm9kZToxMDI0NzE1MjQ=,RmlnaHROb2RlOjQ5ODQ0,U3BvcnRzYm9va05vZGU6Mjg=,T3V0Y29tZU5vZGU6NDc2NDM0Mg==,-310.0,-500.0,-500.0,-310.0,T3V0Y29tZU5vZGU6NDc2NDM0Mw==,205.0,205.0,300.0,300.0
T2ZmZXJUYWJsZU9mZmVyTm9kZToxMDI0NzIwMjk=,RmlnaHROb2RlOjQ5ODQ0,U3BvcnRzYm9va05vZGU6MjE=,T3V0Y29tZU5vZGU6NDc2NTM1Mg==,-400.0,-500.0,-500.0,-400.0,T3V0Y29tZU5vZGU6NDc2NTM1MQ==,231.0,231.0,311.0,325.0
T2ZmZXJUYWJsZU9mZmVyTm9kZToxMDI0NzA5ODQ=,RmlnaHROb2RlOjQ5ODQ0,U3BvcnRzYm9va05vZGU6Mjc=,T3V0Y29tZU5vZGU6NDc2MzI5Mw==,-350.0,-450.0,-450.0,-350.0,T3V0Y29tZU5vZGU6NDc2MzI5Mg==,250.0,250.0,300.0,300.0
T2ZmZXJUYWJsZU9mZmVyTm9kZToxMDI0NzI1MTc=,RmlnaHROb2RlOjQ5ODQ0,U3BvcnRzYm9va05vZGU6Mjg=,T3V0Y29tZU5vZGU6NDc2NjE0OA==,-500.0,-500.0,-500.0,-500.0,T3V0Y29tZU5vZGU6NDc2NjE0OQ==,300.0,300.0,300.0,300.0
T2ZmZXJUYWJsZU9mZmVyTm9kZToxMDI0NjU2NzQ=,RmlnaHROb2RlOjUwMzk5,U3BvcnRzYm9va05vZGU6MTA=,T3V0Y29tZU5vZGU6NDc1MzgwMA==,-115.0,-155.0,154.0,155.0,T3V0Y29tZU5vZGU6NDc1MzgwMQ==,-115.0,-185.0,-184.0,125.0
T2ZmZXJUYWJsZU9mZmVyTm9kZToxMDI0NzIyNjk=,RmlnaHROb2RlOjUwMzk5,U3BvcnRzYm9va05vZGU6Mjg=,T3V0Y29tZU5vZGU6NDc2NTgyOQ==,-135.0,-135.0,135.0,135.0,T3V0Y29tZU5vZGU6NDc2NTgzMA==,-105.0,-175.0,-175.0,-105.0
T2ZmZXJUYWJsZU9mZmVyTm9kZToxMDI0NzA5OTE=,RmlnaHROb2RlOjUwMzk5,U3BvcnRzYm9va05vZGU6Mjc=,T3V0Y29tZU5vZGU6NDc2MzMwNg==,-133.0,-133.0,140.0,140.0,T3V0Y29tZU5vZGU6NDc2MzMwNw==,-100.0,-200.0,-200.0,-100.0
T2ZmZXJUYWJsZU9mZmVyTm9kZToxMDI0NzIwMzc=,RmlnaHROb2RlOjUwMzk5,U3BvcnRzYm9va05vZGU6MjE=,T3V0Y29tZU5vZGU6NDc2NTM2OA==,-118.0,-133.0,141.0,141.0,T3V0Y29tZU5vZGU6NDc2NTM2Nw==,-111.0,-196.0,-196.0,-111.0
T2ZmZXJUYWJsZU9mZmVyTm9kZToxMDI0NzIwMzE=,RmlnaHROb2RlOjUwMDM2,U3BvcnRzYm9va05vZGU6MjE=,T3V0Y29tZU5vZGU6NDc2NTM1Ng==,-303.0,-333.0,-333.0,-303.0,T3V0Y29tZU5vZGU6NDc2NTM1NQ==,222.0,222.0,235.0,244.0
T2ZmZXJUYWJsZU9mZmVyTm9kZToxMDI0NjU2NzA=,RmlnaHROb2RlOjUwMDM2,U3BvcnRzYm9va05vZGU6MTA=,T3V0Y29tZU5vZGU6NDc1Mzc5Mw==,-500.0,-500.0,-465.0,-225.0,T3V0Y29tZU5vZGU6NDc1Mzc5Mg==,375.0,185.0,365.0,375.0
T2ZmZXJUYWJsZU9mZmVyTm9kZToxMDI0NzI1MTU=,RmlnaHROb2RlOjUwMDM2,U3BvcnRzYm9va05vZGU6Mjg=,T3V0Y29tZU5vZGU6NDc2NjE0NA==,-300.0,-500.0,-500.0,-300.0,T3V0Y29tZU5vZGU6NDc2NjE0NQ==,200.0,200.0,300.0,300.0
T2ZmZXJUYWJsZU9mZmVyTm9kZToxMDI0NzA5ODg=,RmlnaHROb2RlOjUwMDM2,U3BvcnRzYm9va05vZGU6Mjc=,T3V0Y29tZU5vZGU6NDc2MzMwMQ==,-275.0,-333.0,-333.0,-275.0,T3V0Y29tZU5vZGU6NDc2MzMwMA==,200.0,200.0,230.0,230.0
T2ZmZXJUYWJsZU9mZmVyTm9kZToxMDI0NzA5OTM=,RmlnaHROb2RlOjUwMDU1,U3BvcnRzYm9va05vZGU6Mjc=,T3V0Y29tZU5vZGU6NDc2MzMxMQ==,-699.0,-901.0,-901.0,-699.0,T3V0Y29tZU5vZGU6NDc2MzMxMA==,400.0,400.0,500.0,500.0
T2ZmZXJUYWJsZU9mZmVyTm9kZToxMDI0NzIwMzQ=,RmlnaHROb2RlOjUwMDU1,U3BvcnRzYm9va05vZGU6MjE=,T3V0Y29tZU5vZGU6NDc2NTM2Mg==,-714.0,-1250.0,-1250.0,-714.0,T3V0Y29tZU5vZGU6NDc2NTM2MQ==,306.0,306.0,558.0,600.0
T2ZmZXJUYWJsZU9mZmVyTm9kZToxMDI0NjU2NzM=,RmlnaHROb2RlOjUwMDU1,U3BvcnRzYm9va05vZGU6MTA=,T3V0Y29tZU5vZGU6NDc1Mzc5OQ==,-300.0,-950.0,-900.0,-300.0,T3V0Y29tZU5vZGU6NDc1Mzc5OA==,240.0,240.0,550.0,600.0
T2ZmZXJUYWJsZU9mZmVyTm9kZToxMDI0NzEwMDc=,RmlnaHROb2RlOjUwMDU1,U3BvcnRzYm9va05vZGU6Mjg=,T3V0Y29tZU5vZGU6NDc2MzMzNg==,-650.0,-650.0,-650.0,-650.0,T3V0Y29tZU5vZGU6NDc2MzMzNw==,375.0,375.0,375.0,375.0
T2ZmZXJUYWJsZU9mZmVyTm9kZToxMDI0NzA5ODU=,RmlnaHROb2RlOjUwMTI4,U3BvcnRzYm9va05vZGU6Mjc=,T3V0Y29tZU5vZGU6NDc2MzI5NQ==,-1695.0,-1695.0,-1695.0,-1695.0,T3V0Y29tZU5vZGU6NDc2MzI5NA==,700.0,700.0,700.0,700.0
T2ZmZXJUYWJsZU9mZmVyTm9kZToxMDI0NjU2NzU=,RmlnaHROb2RlOjUwMTI4,U3BvcnRzYm9va05vZGU6MTA=,T3V0Y29tZU5vZGU6NDc1MzgwMw==,-200.0,-1500.0,-1500.0,-200.0,T3V0Y29tZU5vZGU6NDc1MzgwMg==,160.0,160.0,850.0,850.0
T2ZmZXJUYWJsZU9mZmVyTm9kZToxMDI0NzIzMjQ=,RmlnaHROb2RlOjQ5ODE4,U3BvcnRzYm9va05vZGU6Mjc=,T3V0Y29tZU5vZGU6NDc2NTk0MA==,-275.0,-275.0,-275.0,-275.0,T3V0Y29tZU5vZGU6NDc2NTkzOQ==,200.0,200.0,200.0,200.0
T2ZmZXJUYWJsZU9mZmVyTm9kZToxMDI0NzIwMzI=,RmlnaHROb2RlOjQ5ODE4,U3BvcnRzYm9va05vZGU6MjE=,T3V0Y29tZU5vZGU6NDc2NTM1OA==,-200.0,-238.0,-238.0,-200.0,T3V0Y29tZU5vZGU6NDc2NTM1Nw==,151.0,151.0,187.0,187.0
T2ZmZXJUYWJsZU9mZmVyTm9kZToxMDI0NzA5ODk=,RmlnaHROb2RlOjQ5ODE4,U3BvcnRzYm9va05vZGU6Mjc=,T3V0Y29tZU5vZGU6NDc2MzMwMw==,-200.0,-200.0,-200.0,-200.0,T3V0Y29tZU5vZGU6NDc2MzMwMg==,150.0,150.0,150.0,150.0
T2ZmZXJUYWJsZU9mZmVyTm9kZToxMDI0NzI1MTY=,RmlnaHROb2RlOjQ5ODE4,U3BvcnRzYm9va05vZGU6Mjg=,T3V0Y29tZU5vZGU6NDc2NjE0Ng==,-200.0,-260.0,-260.0,-200.0,T3V0Y29tZU5vZGU6NDc2NjE0Nw==,150.0,150.0,180.0,180.0
T2ZmZXJUYWJsZU9mZmVyTm9kZToxMDI0NjU2Njg=,RmlnaHROb2RlOjQ5ODE4,U3BvcnRzYm9va05vZGU6MTA=,T3V0Y29tZU5vZGU6NDc1Mzc4OQ==,-180.0,-260.0,-260.0,-130.0,T3V0Y29tZU5vZGU6NDc1Mzc4OA==,150.0,100.0,200.0,200.0
T2ZmZXJUYWJsZU9mZmVyTm9kZToxMDI0NzA5OTI=,RmlnaHROb2RlOjUwMDkw,U3BvcnRzYm9va05vZGU6Mjc=,T3V0Y29tZU5vZGU6NDc2MzMwOA==,-275.0,-275.0,-250.0,-250.0,T3V0Y29tZU5vZGU6NDc2MzMwOQ==,200.0,180.0,180.0,200.0
T2ZmZXJUYWJsZU9mZmVyTm9kZToxMDI0NzIwMzY=,RmlnaHROb2RlOjUwMDkw,U3BvcnRzYm9va05vZGU6MjE=,T3V0Y29tZU5vZGU6NDc2NTM2Ng==,-238.0,-278.0,-256.0,-238.0,T3V0Y29tZU5vZGU6NDc2NTM2NQ==,179.0,179.0,190.0,199.0
T2ZmZXJUYWJsZU9mZmVyTm9kZToxMDI0NjU2Njk=,RmlnaHROb2RlOjUwMDkw,U3BvcnRzYm9va05vZGU6MTA=,T3V0Y29tZU5vZGU6NDc1Mzc5MA==,200.0,-300.0,-260.0,200.0,T3V0Y29tZU5vZGU6NDc1Mzc5MQ==,-260.0,-260.0,200.0,240.0
T2ZmZXJUYWJsZU9mZmVyTm9kZToxMDI0NzIxODg=,RmlnaHROb2RlOjUwMDkw,U3BvcnRzYm9va05vZGU6Mjg=,T3V0Y29tZU5vZGU6NDc2NTY2Nw==,-250.0,-250.0,-250.0,-250.0,T3V0Y29tZU5vZGU6NDc2NTY2OA==,175.0,175.0,175.0,175.0
T2ZmZXJUYWJsZU9mZmVyTm9kZToxMDI0ODQyMzY=,RmlnaHROb2RlOjUwNjk5,U3BvcnRzYm9va05vZGU6Mjc=,T3V0Y29tZU5vZGU6NDc4ODAwNg==,-800.0,-800.0,-800.0,-800.0,T3V0Y29tZU5vZGU6NDc4ODAwNw==,450.0,450.0,450.0,450.0
T2ZmZXJUYWJsZU9mZmVyTm9kZToxMDI0ODI2OTg=,RmlnaHROb2RlOjUwNjk5,U3BvcnRzYm9va05vZGU6MTA=,T3V0Y29tZU5vZGU6NDc4NTUwNg==,-200.0,-1800.0,-1800.0,-200.0,T3V0Y29tZU5vZGU6NDc4NTUwNQ==,160.0,160.0,900.0,900.0
T2ZmZXJUYWJsZU9mZmVyTm9kZToxMDI0ODQzNTA=,RmlnaHROb2RlOjUwNjk5,U3BvcnRzYm9va05vZGU6Mjg=,T3V0Y29tZU5vZGU6NDc4ODIxMw==,-835.0,-835.0,-835.0,-835.0,T3V0Y29tZU5vZGU6NDc4ODIxNA==,460.0,460.0,460.0,460.0
T2ZmZXJUYWJsZU9mZmVyTm9kZToxMDI0ODQyNjY=,RmlnaHROb2RlOjUwNjk5,U3BvcnRzYm9va05vZGU6MjE=,T3V0Y29tZU5vZGU6NDc4ODA2Nw==,-833.0,-833.0,-833.0,-833.0,T3V0Y29tZU5vZGU6NDc4ODA2Ng==,482.0,482.0,495.0,495.0
T2ZmZXJUYWJsZU9mZmVyTm9kZToxMDI0ODQxMjM=,RmlnaHROb2RlOjUwNDE2,U3BvcnRzYm9va05vZGU6MjE=,T3V0Y29tZU5vZGU6NDc4NzgwNQ==,-625.0,-625.0,-625.0,-625.0,T3V0Y29tZU5vZGU6NDc4NzgwNA==,383.0,383.0,383.0,383.0
T2ZmZXJUYWJsZU9mZmVyTm9kZToxMDI0ODQyODc=,RmlnaHROb2RlOjUwNDE2,U3BvcnRzYm9va05vZGU6Mjg=,T3V0Y29tZU5vZGU6NDc4ODEwOA==,-665.0,-665.0,-600.0,-600.0,T3V0Y29tZU5vZGU6NDc4ODEwOQ==,390.0,350.0,350.0,390.0
T2ZmZXJUYWJsZU9mZmVyTm9kZToxMDI0NzU0MDc=,RmlnaHROb2RlOjUwNDE2,U3BvcnRzYm9va05vZGU6MTA=,T3V0Y29tZU5vZGU6NDc3MTQzOQ==,-165.0,-1000.0,-1000.0,-165.0,T3V0Y29tZU5vZGU6NDc3MTQzOA==,135.0,135.0,700.0,700.0
T2ZmZXJUYWJsZU9mZmVyTm9kZToxMDI0Nzg0OTU=,RmlnaHROb2RlOjUwNDE2,U3BvcnRzYm9va05vZGU6Mjc=,T3V0Y29tZU5vZGU6NDc3NzU2NA==,-549.0,-549.0,-549.0,-549.0,T3V0Y29tZU5vZGU6NDc3NzU2NQ==,350.0,350.0,350.0,350.0
T2ZmZXJUYWJsZU9mZmVyTm9kZToxMDI0Nzg0NzQ=,RmlnaHROb2RlOjUwMzAy,U3BvcnRzYm9va05vZGU6Mjc=,T3V0Y29tZU5vZGU6NDc3NzUyOA==,-175.0,-175.0,-175.0,-175.0,T3V0Y29tZU5vZGU6NDc3NzUyOQ==,130.0,130.0,130.0,130.0
T2ZmZXJUYWJsZU9mZmVyTm9kZToxMDI0ODQxMjI=,RmlnaHROb2RlOjUwMzAy,U3BvcnRzYm9va05vZGU6MjE=,T3V0Y29tZU5vZGU6NDc4NzgwMw==,-204.0,-217.0,-217.0,-204.0,T3V0Y29tZU5vZGU6NDc4NzgwMg==,153.0,153.0,160.0,160.0
T2ZmZXJUYWJsZU9mZmVyTm9kZToxMDI0NzUzODk=,RmlnaHROb2RlOjUwMzAy,U3BvcnRzYm9va05vZGU6MTA=,T3V0Y29tZU5vZGU6NDc3MTQwMw==,-180.0,-225.0,-224.0,-175.0,T3V0Y29tZU5vZGU6NDc3MTQwMg==,150.0,145.0,184.0,185.0
T2ZmZXJUYWJsZU9mZmVyTm9kZToxMDI0ODUxMjM=,RmlnaHROb2RlOjUwMzAy,U3BvcnRzYm9va05vZGU6Mjg=,T3V0Y29tZU5vZGU6NDc4OTI1Mw==,-210.0,-220.0,-220.0,-175.0,T3V0Y29tZU5vZGU6NDc4OTI1NA==,155.0,135.0,160.0,160.0
T2ZmZXJUYWJsZU9mZmVyTm9kZToxMDI0Nzg1MTE=,RmlnaHROb2RlOjUwMzI5,U3BvcnRzYm9va05vZGU6Mjc=,T3V0Y29tZU5vZGU6NDc3NzU5Mw==,-150.0,-200.0,-150.0,-150.0,T3V0Y29tZU5vZGU6NDc3NzU5NA==,115.0,115.0,115.0,150.0
T2ZmZXJUYWJsZU9mZmVyTm9kZToxMDI0ODQxMjY=,RmlnaHROb2RlOjUwMzI5,U3BvcnRzYm9va05vZGU6MjE=,T3V0Y29tZU5vZGU6NDc4NzgxMQ==,-179.0,-179.0,-152.0,-152.0,T3V0Y29tZU5vZGU6NDc4NzgxMA==,137.0,117.0,117.0,137.0
T2ZmZXJUYWJsZU9mZmVyTm9kZToxMDI0ODUxNjU=,RmlnaHROb2RlOjUwMzI5,U3BvcnRzYm9va05vZGU6Mjg=,T3V0Y29tZU5vZGU6NDc4OTMzNw==,-180.0,-180.0,-180.0,-180.0,T3V0Y29tZU5vZGU6NDc4OTMzOA==,140.0,140.0,140.0,140.0
T2ZmZXJUYWJsZU9mZmVyTm9kZToxMDI0NzUzOTA=,RmlnaHROb2RlOjUwMzI5,U3BvcnRzYm9va05vZGU6MTA=,T3V0Y29tZU5vZGU6NDc3MTQwNA==,-115.0,-215.0,-115.0,125.0,T3V0Y29tZU5vZGU6NDc3MTQwNQ==,-115.0,-155.0,-115.0,175.0
T2ZmZXJUYWJsZU9mZmVyTm9kZToxMDI0ODUxMjU=,RmlnaHROb2RlOjUwMzI5,U3BvcnRzYm9va05vZGU6Mjg=,T3V0Y29tZU5vZGU6NDc4OTI1Nw==,-220.0,-220.0,-180.0,-180.0,T3V0Y29tZU5vZGU6NDc4OTI1OA==,160.0,140.0,140.0,160.0
T2ZmZXJUYWJsZU9mZmVyTm9kZToxMDI0Nzg1MDI=,RmlnaHROb2RlOjUwNDE3,U3BvcnRzYm9va05vZGU6Mjc=,T3V0Y29tZU5vZGU6NDc3NzU3NQ==,-333.0,-400.0,-400.0,-333.0,T3V0Y29tZU5vZGU6NDc3NzU3Ng==,230.0,230.0,275.0,275.0
T2ZmZXJUYWJsZU9mZmVyTm9kZToxMDI0ODQxMjQ=,RmlnaHROb2RlOjUwNDE3,U3BvcnRzYm9va05vZGU6MjE=,T3V0Y29tZU5vZGU6NDc4NzgwNw==,-400.0,-455.0,-455.0,-400.0,T3V0Y29tZU5vZGU6NDc4NzgwNg==,279.0,279.0,305.0,305.0
T2ZmZXJUYWJsZU9mZmVyTm9kZToxMDI0NzU0MDU=,RmlnaHROb2RlOjUwNDE3,U3BvcnRzYm9va05vZGU6MTA=,T3V0Y29tZU5vZGU6NDc3MTQzNQ==,-260.0,-600.0,-600.0,-260.0,T3V0Y29tZU5vZGU6NDc3MTQzNA==,200.0,200.0,425.0,425.0
T2ZmZXJUYWJsZU9mZmVyTm9kZToxMDI0ODI0OTM=,RmlnaHROb2RlOjUwNDE3,U3BvcnRzYm9va05vZGU6Mjg=,T3V0Y29tZU5vZGU6NDc4NTA5NQ==,-450.0,-450.0,-400.0,-400.0,T3V0Y29tZU5vZGU6NDc4NTA5Ng==,275.0,250.0,250.0,275.0
T2ZmZXJUYWJsZU9mZmVyTm9kZToxMDI0NzU0MDg=,RmlnaHROb2RlOjUwMzk4,U3BvcnRzYm9va05vZGU6MTA=,T3V0Y29tZU5vZGU6NDc3MTQ0MQ==,-500.0,-550.0,-550.0,-500.0,T3V0Y29tZU5vZGU6NDc3MTQ0MA==,375.0,375.0,400.0,400.0
T2ZmZXJUYWJsZU9mZmVyTm9kZToxMDI0Nzg0Njg=,RmlnaHROb2RlOjUwMzk4,U3BvcnRzYm9va05vZGU6Mjc=,T3V0Y29tZU5vZGU6NDc3NzUxNg==,-556.0,-556.0,-556.0,-556.0,T3V0Y29tZU5vZGU6NDc3NzUxNw==,350.0,350.0,350.0,350.0
T2ZmZXJUYWJsZU9mZmVyTm9kZToxMDI0NzUzOTE=,RmlnaHROb2RlOjUwMzMw,U3BvcnRzYm9va05vZGU6MTA=,T3V0Y29tZU5vZGU6NDc3MTQwNw==,-260.0,-1000.0,-1000.0,-260.0,T3V0Y29tZU5vZGU6NDc3MTQwNg==,200.0,200.0,700.0,700.0
T2ZmZXJUYWJsZU9mZmVyTm9kZToxMDI0Nzg0NzY=,RmlnaHROb2RlOjUwMzMw,U3BvcnRzYm9va05vZGU6Mjc=,T3V0Y29tZU5vZGU6NDc3NzUzMg==,-333.0,-549.0,-549.0,-333.0,T3V0Y29tZU5vZGU6NDc3NzUzMw==,230.0,230.0,350.0,350.0
T2ZmZXJUYWJsZU9mZmVyTm9kZToxMDI0Nzg0Njk=,RmlnaHROb2RlOjUwMzMx,U3BvcnRzYm9va05vZGU6Mjc=,T3V0Y29tZU5vZGU6NDc3NzUxOA==,-200.0,-225.0,-225.0,-200.0,T3V0Y29tZU5vZGU6NDc3NzUxOQ==,150.0,150.0,163.0,163.0
T2ZmZXJUYWJsZU9mZmVyTm9kZToxMDI0NzU0MDY=,RmlnaHROb2RlOjUwMzMx,U3BvcnRzYm9va05vZGU6MTA=,T3V0Y29tZU5vZGU6NDc3MTQzNg==,-115.0,-280.0,-249.0,-115.0,T3V0Y29tZU5vZGU6NDc3MTQzNw==,-115.0,-115.0,199.0,220.0
T2ZmZXJUYWJsZU9mZmVyTm9kZToxMDI0ODQ4MjU=,RmlnaHROb2RlOjUwNzAw,U3BvcnRzYm9va05vZGU6MjE=,T3V0Y29tZU5vZGU6NDc4ODg1Nw==,-1111.0,-1111.0,-1111.0,-1111.0,T3V0Y29tZU5vZGU6NDc4ODg1Ng==,560.0,560.0,560.0,560.0
T2ZmZXJUYWJsZU9mZmVyTm9kZToxMDI0ODQyMzc=,RmlnaHROb2RlOjUwNzAw,U3BvcnRzYm9va05vZGU6Mjc=,T3V0Y29tZU5vZGU6NDc4ODAwOA==,-1000.0,-1000.0,-1000.0,-1000.0,T3V0Y29tZU5vZGU6NDc4ODAwOQ==,500.0,500.0,500.0,500.0
T2ZmZXJUYWJsZU9mZmVyTm9kZToxMDI0ODI2OTk=,RmlnaHROb2RlOjUwNzAw,U3BvcnRzYm9va05vZGU6MTA=,T3V0Y29tZU5vZGU6NDc4NTUwOA==,-300.0,-1200.0,-1200.0,-300.0,T3V0Y29tZU5vZGU6NDc4NTUwNw==,240.0,240.0,750.0,750.0
T2ZmZXJUYWJsZU9mZmVyTm9kZToxMDI0ODQzNDM=,RmlnaHROb2RlOjUwNzAw,U3BvcnRzYm9va05vZGU6Mjg=,T3V0Y29tZU5vZGU6NDc4ODE5OQ==,-1000.0,-1000.0,-1000.0,-1000.0,T3V0Y29tZU5vZGU6NDc4ODIwMA==,500.0,500.0,500.0,500.0
T2ZmZXJUYWJsZU9mZmVyTm9kZToxMDI0NzU0MDk=,RmlnaHROb2RlOjUwNDE4,U3BvcnRzYm9va05vZGU6MTA=,T3V0Y29tZU5vZGU6NDc3MTQ0Mg==,-155.0,-300.0,-260.0,-155.0,T3V0Y29tZU5vZGU6NDc3MTQ0Mw==,125.0,125.0,200.0,240.0
T2ZmZXJUYWJsZU9mZmVyTm9kZToxMDI0ODQzNTE=,RmlnaHROb2RlOjUwNDE4,U3BvcnRzYm9va05vZGU6Mjg=,T3V0Y29tZU5vZGU6NDc4ODIxNQ==,-286.0,-286.0,-286.0,-286.0,T3V0Y29tZU5vZGU6NDc4ODIxNg==,196.0,196.0,196.0,196.0
T2ZmZXJUYWJsZU9mZmVyTm9kZToxMDI0ODQyNjc=,RmlnaHROb2RlOjUwNDE4,U3BvcnRzYm9va05vZGU6MjE=,T3V0Y29tZU5vZGU6NDc4ODA2OQ==,-286.0,-286.0,-286.0,-286.0,T3V0Y29tZU5vZGU6NDc4ODA2OA==,207.0,207.0,207.0,207.0
T2ZmZXJUYWJsZU9mZmVyTm9kZToxMDI0Nzg1MDQ=,RmlnaHROb2RlOjUwNDE4,U3BvcnRzYm9va05vZGU6Mjc=,T3V0Y29tZU5vZGU6NDc3NzU3OQ==,-200.0,-275.0,-275.0,-200.0,T3V0Y29tZU5vZGU6NDc3NzU4MA==,150.0,150.0,200.0,200.0
T2ZmZXJUYWJsZU9mZmVyTm9kZToxMDI0ODUxNzI=,RmlnaHROb2RlOjUwMDg5,U3BvcnRzYm9va05vZGU6Mjg=,T3V0Y29tZU5vZGU6NDc4OTM1MQ==,-220.0,-220.0,-220.0,-220.0,T3V0Y29tZU5vZGU6NDc4OTM1Mg==,160.0,160.0,160.0,160.0
T2ZmZXJUYWJsZU9mZmVyTm9kZToxMDI0ODUxMTk=,RmlnaHROb2RlOjUwMDg5,U3BvcnRzYm9va05vZGU6Mjg=,T3V0Y29tZU5vZGU6NDc4OTI0NQ==,-295.0,-295.0,-225.0,-220.0,T3V0Y29tZU5vZGU6NDc4OTI0Ng==,200.0,160.0,165.0,200.0
T2ZmZXJUYWJsZU9mZmVyTm9kZToxMDI0ODQxMjE=,RmlnaHROb2RlOjUwMDg5,U3BvcnRzYm9va05vZGU6MjE=,T3V0Y29tZU5vZGU6NDc4NzgwMQ==,-250.0,-250.0,-222.0,-222.0,T3V0Y29tZU5vZGU6NDc4NzgwMA==,189.0,166.0,166.0,189.0
T2ZmZXJUYWJsZU9mZmVyTm9kZToxMDI0Nzg0NzM=,RmlnaHROb2RlOjUwMDg5,U3BvcnRzYm9va05vZGU6Mjc=,T3V0Y29tZU5vZGU6NDc3NzUyNg==,-300.0,-300.0,-225.0,-225.0,T3V0Y29tZU5vZGU6NDc3NzUyNw==,210.0,163.0,163.0,210.0
T2ZmZXJUYWJsZU9mZmVyTm9kZToxMDI0NzUzODg=,RmlnaHROb2RlOjUwMDg5,U3BvcnRzYm9va05vZGU6MTA=,T3V0Y29tZU5vZGU6NDc3MTQwMQ==,-400.0,-400.0,-180.0,-170.0,T3V0Y29tZU5vZGU6NDc3MTQwMA==,300.0,140.0,150.0,300.0
T2ZmZXJUYWJsZU9mZmVyTm9kZToxMDI0ODUwNjc=,RmlnaHROb2RlOjQ5OTc0,U3BvcnRzYm9va05vZGU6Mjg=,T3V0Y29tZU5vZGU6NDc4OTE3Mw==,-250.0,-290.0,-290.0,-250.0,T3V0Y29tZU5vZGU6NDc4OTE3NA==,175.0,175.0,195.0,195.0
T2ZmZXJUYWJsZU9mZmVyTm9kZToxMDI0Nzg0NjY=,RmlnaHROb2RlOjQ5OTc0,U3BvcnRzYm9va05vZGU6Mjc=,T3V0Y29tZU5vZGU6NDc3NzUxMg==,-250.0,-250.0,-250.0,-250.0,T3V0Y29tZU5vZGU6NDc3NzUxMw==,180.0,180.0,180.0,180.0
T2ZmZXJUYWJsZU9mZmVyTm9kZToxMDI0ODQxMjA=,RmlnaHROb2RlOjQ5OTc0,U3BvcnRzYm9va05vZGU6MjE=,T3V0Y29tZU5vZGU6NDc4Nzc5OQ==,-244.0,-294.0,-263.0,-244.0,T3V0Y29tZU5vZGU6NDc4Nzc5OA==,183.0,183.0,195.0,210.0
T2ZmZXJUYWJsZU9mZmVyTm9kZToxMDI0ODUxNzA=,RmlnaHROb2RlOjQ5OTc0,U3BvcnRzYm9va05vZGU6Mjg=,T3V0Y29tZU5vZGU6NDc4OTM0Nw==,-290.0,-290.0,-290.0,-290.0,T3V0Y29tZU5vZGU6NDc4OTM0OA==,195.0,195.0,195.0,195.0
T2ZmZXJUYWJsZU9mZmVyTm9kZToxMDI0NzUzODc=,RmlnaHROb2RlOjQ5OTc0,U3BvcnRzYm9va05vZGU6MTA=,T3V0Y29tZU5vZGU6NDc3MTM5OQ==,-200.0,-360.0,-360.0,-200.0,T3V0Y29tZU5vZGU6NDc3MTM5OA==,160.0,160.0,285.0,285.0
T2ZmZXJUYWJsZU9mZmVyTm9kZToxMDI1MDUxNjA=,RmlnaHROb2RlOjUwNzE2,U3BvcnRzYm9va05vZGU6Mjg=,T3V0Y29tZU5vZGU6NDgyNDI2NA==,-115.0,-120.0,-120.0,-115.0,T3V0Y29tZU5vZGU6NDgyNDI2NQ==,-125.0,-125.0,-120.0,-120.0
T2ZmZXJUYWJsZU9mZmVyTm9kZToxMDI1MDM3ODE=,RmlnaHROb2RlOjUwNzE2,U3BvcnRzYm9va05vZGU6MjE=,T3V0Y29tZU5vZGU6NDgyMTg2Mw==,-108.0,-118.0,-118.0,-108.0,T3V0Y29tZU5vZGU6NDgyMTg2Mg==,-122.0,-122.0,-112.0,-112.0
T2ZmZXJUYWJsZU9mZmVyTm9kZToxMDI1MDM1Nzc=,RmlnaHROb2RlOjUwNzE2,U3BvcnRzYm9va05vZGU6Mjc=,T3V0Y29tZU5vZGU6NDgyMTQ3OA==,-110.0,-120.0,-120.0,-110.0,T3V0Y29tZU5vZGU6NDgyMTQ3OQ==,-120.0,-120.0,-110.0,-110.0
T2ZmZXJUYWJsZU9mZmVyTm9kZToxMDI1MDI4NTc=,RmlnaHROb2RlOjUwNzE2,U3BvcnRzYm9va05vZGU6MTA=,T3V0Y29tZU5vZGU6NDgyMDIwMA==,160.0,-115.0,-115.0,160.0,T3V0Y29tZU5vZGU6NDgyMDE5OQ==,-200.0,-200.0,-115.0,-115.0
T2ZmZXJUYWJsZU9mZmVyTm9kZToxMDI1MDUxNTQ=,RmlnaHROb2RlOjUwNzA4,U3BvcnRzYm9va05vZGU6Mjg=,T3V0Y29tZU5vZGU6NDgyNDI1Mg==,-160.0,-160.0,-145.0,-145.0,T3V0Y29tZU5vZGU6NDgyNDI1Mw==,120.0,105.0,105.0,120.0
T2ZmZXJUYWJsZU9mZmVyTm9kZToxMDI1MDI4NDc=,RmlnaHROb2RlOjUwNzA4,U3BvcnRzYm9va05vZGU6MTA=,T3V0Y29tZU5vZGU6NDgyMDE4MA==,-170.0,-350.0,-130.0,-130.0,T3V0Y29tZU5vZGU6NDgyMDE3OQ==,140.0,100.0,100.0,275.0
T2ZmZXJUYWJsZU9mZmVyTm9kZToxMDI1MDM1NjQ=,RmlnaHROb2RlOjUwNzA4,U3BvcnRzYm9va05vZGU6Mjc=,T3V0Y29tZU5vZGU6NDgyMTQ1Mg==,-150.0,-150.0,-150.0,-150.0,T3V0Y29tZU5vZGU6NDgyMTQ1Mw==,110.0,110.0,110.0,110.0
T2ZmZXJUYWJsZU9mZmVyTm9kZToxMDI1MDM3NDg=,RmlnaHROb2RlOjUwNzA4,U3BvcnRzYm9va05vZGU6MjE=,T3V0Y29tZU5vZGU6NDgyMTc5Nw==,-169.0,-169.0,-159.0,-159.0,T3V0Y29tZU5vZGU6NDgyMTc5Ng==,129.0,115.0,115.0,129.0
T2ZmZXJUYWJsZU9mZmVyTm9kZToxMDI1MDUxNTc=,RmlnaHROb2RlOjUwMDQ5,U3BvcnRzYm9va05vZGU6Mjg=,T3V0Y29tZU5vZGU6NDgyNDI1OA==,-130.0,-145.0,-135.0,-130.0,T3V0Y29tZU5vZGU6NDgyNDI1OQ==,-110.0,-110.0,-105.0,105.0
T2ZmZXJUYWJsZU9mZmVyTm9kZToxMDI1MDI4NDY=,RmlnaHROb2RlOjUwMDQ5,U3BvcnRzYm9va05vZGU6MTA=,T3V0Y29tZU5vZGU6NDgyMDE3OA==,-200.0,-200.0,-155.0,185.0,T3V0Y29tZU5vZGU6NDgyMDE3Nw==,160.0,-225.0,125.0,160.0
T2ZmZXJUYWJsZU9mZmVyTm9kZToxMDI1MDM1NjY=,RmlnaHROb2RlOjUwMDQ5,U3BvcnRzYm9va05vZGU6Mjc=,T3V0Y29tZU5vZGU6NDgyMTQ1Ng==,-110.0,-133.0,-133.0,-110.0,T3V0Y29tZU5vZGU6NDgyMTQ1Nw==,-120.0,-120.0,-105.0,-105.0
T2ZmZXJUYWJsZU9mZmVyTm9kZToxMDI1MDM3NDc=,RmlnaHROb2RlOjUwMDQ5,U3BvcnRzYm9va05vZGU6MjE=,T3V0Y29tZU5vZGU6NDgyMTc5NQ==,-127.0,-137.0,-137.0,-127.0,T3V0Y29tZU5vZGU6NDgyMTc5NA==,-102.0,-105.0,-105.0,105.0
T2ZmZXJUYWJsZU9mZmVyTm9kZToxMDI1MDI4NDg=,RmlnaHROb2RlOjUwNzA5,U3BvcnRzYm9va05vZGU6MTA=,T3V0Y29tZU5vZGU6NDgyMDE4Mg==,-300.0,-300.0,-180.0,240.0,T3V0Y29tZU5vZGU6NDgyMDE4MQ==,240.0,-300.0,150.0,240.0
T2ZmZXJUYWJsZU9mZmVyTm9kZToxMDI1MDM1ODI=,RmlnaHROb2RlOjUwNzA5,U3BvcnRzYm9va05vZGU6Mjc=,T3V0Y29tZU5vZGU6NDgyMTQ4OA==,-163.0,-163.0,-163.0,-163.0,T3V0Y29tZU5vZGU6NDgyMTQ4OQ==,120.0,120.0,120.0,120.0
T2ZmZXJUYWJsZU9mZmVyTm9kZToxMDI1MDM2MDU=,RmlnaHROb2RlOjUwNzEx,U3BvcnRzYm9va05vZGU6Mjc=,T3V0Y29tZU5vZGU6NDgyMTUyOA==,240.0,240.0,240.0,240.0,T3V0Y29tZU5vZGU6NDgyMTUyOQ==,-350.0,-350.0,-350.0,-350.0
T2ZmZXJUYWJsZU9mZmVyTm9kZToxMDI1MDI4NTA=,RmlnaHROb2RlOjUwNzEx,U3BvcnRzYm9va05vZGU6MTA=,T3V0Y29tZU5vZGU6NDgyMDE4NQ==,240.0,240.0,240.0,240.0,T3V0Y29tZU5vZGU6NDgyMDE4Ng==,-300.0,-300.0,-300.0,-300.0
T2ZmZXJUYWJsZU9mZmVyTm9kZToxMDI1MDI4NTY=,RmlnaHROb2RlOjUwNzE1,U3BvcnRzYm9va05vZGU6MTA=,T3V0Y29tZU5vZGU6NDgyMDE5OA==,155.0,-500.0,-260.0,155.0,T3V0Y29tZU5vZGU6NDgyMDE5Nw==,-185.0,-185.0,200.0,375.0
T2ZmZXJUYWJsZU9mZmVyTm9kZToxMDI1MDM1Njc=,RmlnaHROb2RlOjUwNzE1,U3BvcnRzYm9va05vZGU6Mjc=,T3V0Y29tZU5vZGU6NDgyMTQ1OA==,-275.0,-275.0,-275.0,-275.0,T3V0Y29tZU5vZGU6NDgyMTQ1OQ==,200.0,200.0,200.0,200.0
T2ZmZXJUYWJsZU9mZmVyTm9kZToxMDI1MDUxNTI=,RmlnaHROb2RlOjUwNjk1,U3BvcnRzYm9va05vZGU6Mjg=,T3V0Y29tZU5vZGU6NDgyNDI0OA==,125.0,120.0,120.0,125.0,T3V0Y29tZU5vZGU6NDgyNDI0OQ==,-165.0,-165.0,-160.0,-160.0
T2ZmZXJUYWJsZU9mZmVyTm9kZToxMDI1MDI4NTE=,RmlnaHROb2RlOjUwNjk1,U3BvcnRzYm9va05vZGU6MTA=,T3V0Y29tZU5vZGU6NDgyMDE4Nw==,120.0,-200.0,130.0,160.0,T3V0Y29tZU5vZGU6NDgyMDE4OA==,-150.0,-200.0,-160.0,160.0
T2ZmZXJUYWJsZU9mZmVyTm9kZToxMDI1MDM3NDk=,RmlnaHROb2RlOjUwNjk1,U3BvcnRzYm9va05vZGU6MjE=,T3V0Y29tZU5vZGU6NDgyMTc5OQ==,121.0,121.0,121.0,121.0,T3V0Y29tZU5vZGU6NDgyMTc5OA==,-159.0,-159.0,-159.0,-159.0
T2ZmZXJUYWJsZU9mZmVyTm9kZToxMDI1MDM2MDE=,RmlnaHROb2RlOjUwNjk1,U3BvcnRzYm9va05vZGU6Mjc=,T3V0Y29tZU5vZGU6NDgyMTUyMA==,110.0,110.0,110.0,110.0,T3V0Y29tZU5vZGU6NDgyMTUyMQ==,-150.0,-150.0,-150.0,-150.0
T2ZmZXJUYWJsZU9mZmVyTm9kZToxMDI1MDUxNTY=,RmlnaHROb2RlOjUwNzEy,U3BvcnRzYm9va05vZGU6Mjg=,T3V0Y29tZU5vZGU6NDgyNDI1Ng==,-215.0,-215.0,-180.0,-180.0,T3V0Y29tZU5vZGU6NDgyNDI1Nw==,160.0,140.0,140.0,160.0
T2ZmZXJUYWJsZU9mZmVyTm9kZToxMDI1MDI4NTI=,RmlnaHROb2RlOjUwNzEy,U3BvcnRzYm9va05vZGU6MTA=,T3V0Y29tZU5vZGU6NDgyMDE4OQ==,200.0,-220.0,-200.0,200.0,T3V0Y29tZU5vZGU6NDgyMDE5MA==,-260.0,-260.0,160.0,180.0
T2ZmZXJUYWJsZU9mZmVyTm9kZToxMDI1MDM3NjU=,RmlnaHROb2RlOjUwNzEy,U3BvcnRzYm9va05vZGU6MjE=,T3V0Y29tZU5vZGU6NDgyMTgzMQ==,-204.0,-204.0,-189.0,-189.0,T3V0Y29tZU5vZGU6NDgyMTgzMA==,156.0,144.0,144.0,156.0
T2ZmZXJUYWJsZU9mZmVyTm9kZToxMDI1MDM1ODA=,RmlnaHROb2RlOjUwNzEy,U3BvcnRzYm9va05vZGU6Mjc=,T3V0Y29tZU5vZGU6NDgyMTQ4NA==,-188.0,-188.0,-188.0,-188.0,T3V0Y29tZU5vZGU6NDgyMTQ4NQ==,140.0,140.0,140.0,140.0
T2ZmZXJUYWJsZU9mZmVyTm9kZToxMDI1MDUxNTk=,RmlnaHROb2RlOjUwNjk2,U3BvcnRzYm9va05vZGU6Mjg=,T3V0Y29tZU5vZGU6NDgyNDI2Mg==,205.0,205.0,205.0,205.0,T3V0Y29tZU5vZGU6NDgyNDI2Mw==,-305.0,-305.0,-305.0,-305.0
T2ZmZXJUYWJsZU9mZmVyTm9kZToxMDI1MDM3NTA=,RmlnaHROb2RlOjUwNjk2,U3BvcnRzYm9va05vZGU6MjE=,T3V0Y29tZU5vZGU6NDgyMTgwMQ==,214.0,214.0,214.0,214.0,T3V0Y29tZU5vZGU6NDgyMTgwMA==,-294.0,-294.0,-294.0,-294.0
T2ZmZXJUYWJsZU9mZmVyTm9kZToxMDI1MDI4NTM=,RmlnaHROb2RlOjUwNjk2,U3BvcnRzYm9va05vZGU6MTA=,T3V0Y29tZU5vZGU6NDgyMDE5MQ==,160.0,160.0,240.0,240.0,T3V0Y29tZU5vZGU6NDgyMDE5Mg==,-200.0,-300.0,-300.0,-200.0
T2ZmZXJUYWJsZU9mZmVyTm9kZToxMDI1MDM1Nzk=,RmlnaHROb2RlOjUwNjk2,U3BvcnRzYm9va05vZGU6Mjc=,T3V0Y29tZU5vZGU6NDgyMTQ4Mg==,200.0,200.0,200.0,200.0,T3V0Y29tZU5vZGU6NDgyMTQ4Mw==,-275.0,-275.0,-275.0,-275.0
T2ZmZXJUYWJsZU9mZmVyTm9kZToxMDI1MDI4NTQ=,RmlnaHROb2RlOjUwOTM0,U3BvcnRzYm9va05vZGU6MTA=,T3V0Y29tZU5vZGU6NDgyMDE5NA==,-115.0,-135.0,-135.0,-115.0,T3V0Y29tZU5vZGU6NDgyMDE5Mw==,-115.0,-115.0,105.0,105.0
T2ZmZXJUYWJsZU9mZmVyTm9kZToxMDI1MDM2MDA=,RmlnaHROb2RlOjUwOTM0,U3BvcnRzYm9va05vZGU6Mjc=,T3V0Y29tZU5vZGU6NDgyMTUxOA==,-110.0,-110.0,-110.0,-110.0,T3V0Y29tZU5vZGU6NDgyMTUxOQ==,-120.0,-120.0,-120.0,-120.0
T2ZmZXJUYWJsZU9mZmVyTm9kZToxMDI1MDUxNTg=,RmlnaHROb2RlOjUwNzE0,U3BvcnRzYm9va05vZGU6Mjg=,T3V0Y29tZU5vZGU6NDgyNDI2MA==,150.0,150.0,150.0,150.0,T3V0Y29tZU5vZGU6NDgyNDI2MQ==,-200.0,-200.0,-200.0,-200.0
T2ZmZXJUYWJsZU9mZmVyTm9kZToxMDI1MDI4NTU=,RmlnaHROb2RlOjUwNzE0,U3BvcnRzYm9va05vZGU6MTA=,T3V0Y29tZU5vZGU6NDgyMDE5NQ==,240.0,160.0,160.0,240.0,T3V0Y29tZU5vZGU6NDgyMDE5Ng==,-300.0,-300.0,-200.0,-200.0
T2ZmZXJUYWJsZU9mZmVyTm9kZToxMDI1MDM1ODE=,RmlnaHROb2RlOjUwNzE0,U3BvcnRzYm9va05vZGU6Mjc=,T3V0Y29tZU5vZGU6NDgyMTQ4Ng==,130.0,130.0,130.0,130.0,T3V0Y29tZU5vZGU6NDgyMTQ4Nw==,-175.0,-175.0,-175.0,-175.0
T2ZmZXJUYWJsZU9mZmVyTm9kZToxMDI1MDM3NTE=,RmlnaHROb2RlOjUwNzE0,U3BvcnRzYm9va05vZGU6MjE=,T3V0Y29tZU5vZGU6NDgyMTgwMw==,142.0,142.0,142.0,142.0,T3V0Y29tZU5vZGU6NDgyMTgwMg==,-185.0,-185.0,-185.0,-185.0
T2ZmZXJUYWJsZU9mZmVyTm9kZToxMDI1MDI4NDk=,RmlnaHROb2RlOjUwNzEw,U3BvcnRzYm9va05vZGU6MTA=,T3V0Y29tZU5vZGU6NDgyMDE4Mw==,-115.0,-115.0,115.0,115.0,T3V0Y29tZU5vZGU6NDgyMDE4NA==,-115.0,-145.0,-145.0,-115.0
T2ZmZXJUYWJsZU9mZmVyTm9kZToxMDI1MDM1NzY=,RmlnaHROb2RlOjUwNzEw,U3BvcnRzYm9va05vZGU6Mjc=,T3V0Y29tZU5vZGU6NDgyMTQ3Ng==,-120.0,-120.0,-120.0,-120.0,T3V0Y29tZU5vZGU6NDgyMTQ3Nw==,-110.0,-110.0,-110.0,-110.0
T2ZmZXJUYWJsZU9mZmVyTm9kZToxMDI1MTM0MjM=,RmlnaHROb2RlOjUwNzY1,U3BvcnRzYm9va05vZGU6MTA=,T3V0Y29tZU5vZGU6NDgzODU5Nw==,140.0,-175.0,-175.0,140.0,T3V0Y29tZU5vZGU6NDgzODU5OA==,-170.0,-170.0,145.0,145.0
T2ZmZXJUYWJsZU9mZmVyTm9kZToxMDI1MTc2ODM=,RmlnaHROb2RlOjUwNzY1,U3BvcnRzYm9va05vZGU6Mjc=,T3V0Y29tZU5vZGU6NDg0NjMyMg==,-175.0,-175.0,-175.0,-175.0,T3V0Y29tZU5vZGU6NDg0NjMyMw==,130.0,130.0,130.0,130.0
T2ZmZXJUYWJsZU9mZmVyTm9kZToxMDI1MTk2MTM=,RmlnaHROb2RlOjUwNzY1,U3BvcnRzYm9va05vZGU6MjE=,T3V0Y29tZU5vZGU6NDg0OTgwNQ==,-172.0,-172.0,-154.0,-154.0,T3V0Y29tZU5vZGU6NDg0OTgwNA==,131.0,119.0,119.0,131.0
T2ZmZXJUYWJsZU9mZmVyTm9kZToxMDI1MTk2MTU=,RmlnaHROb2RlOjUwNzY1,U3BvcnRzYm9va05vZGU6Mjg=,T3V0Y29tZU5vZGU6NDg0OTgwOA==,-161.0,-170.0,-165.0,-145.0,T3V0Y29tZU5vZGU6NDg0OTgwOQ==,121.0,105.0,125.0,130.0
T2ZmZXJUYWJsZU9mZmVyTm9kZToxMDI1MTg3MzU=,RmlnaHROb2RlOjUwNDUx,U3BvcnRzYm9va05vZGU6MjE=,T3V0Y29tZU5vZGU6NDg0ODM1Mg==,317.0,317.0,435.0,435.0,T3V0Y29tZU5vZGU6NDg0ODM1Mw==,-435.0,-625.0,-625.0,-435.0
T2ZmZXJUYWJsZU9mZmVyTm9kZToxMDI1MTk1OTQ=,RmlnaHROb2RlOjUwNDUx,U3BvcnRzYm9va05vZGU6Mjg=,T3V0Y29tZU5vZGU6NDg0OTc2Nw==,213.0,213.0,250.0,262.0,T3V0Y29tZU5vZGU6NDg0OTc2Ng==,-323.0,-417.0,-400.0,-323.0
T2ZmZXJUYWJsZU9mZmVyTm9kZToxMDI1MTEzMzM=,RmlnaHROb2RlOjUwNDUx,U3BvcnRzYm9va05vZGU6MTA=,T3V0Y29tZU5vZGU6NDgzNDkwNA==,300.0,250.0,425.0,425.0,T3V0Y29tZU5vZGU6NDgzNDkwNQ==,-400.0,-600.0,-600.0,-325.0
T2ZmZXJUYWJsZU9mZmVyTm9kZToxMDI1MTc2ODI=,RmlnaHROb2RlOjUwNDUx,U3BvcnRzYm9va05vZGU6Mjc=,T3V0Y29tZU5vZGU6NDg0NjMyMA==,240.0,240.0,275.0,275.0,T3V0Y29tZU5vZGU6NDg0NjMyMQ==,-350.0,-400.0,-400.0,-350.0
T2ZmZXJUYWJsZU9mZmVyTm9kZToxMDI1MTk4MTk=,RmlnaHROb2RlOjUwNDQ4,U3BvcnRzYm9va05vZGU6Mjg=,T3V0Y29tZU5vZGU6NDg1MDIxNw==,300.0,300.0,300.0,300.0,T3V0Y29tZU5vZGU6NDg1MDIxNg==,-500.0,-500.0,-500.0,-500.0
T2ZmZXJUYWJsZU9mZmVyTm9kZToxMDI1MTk4MTg=,RmlnaHROb2RlOjUwNDQ4,U3BvcnRzYm9va05vZGU6Mjg=,T3V0Y29tZU5vZGU6NDg1MDIxNQ==,330.0,300.0,300.0,330.0,T3V0Y29tZU5vZGU6NDg1MDIxNA==,-555.0,-555.0,-500.0,-500.0
T2ZmZXJUYWJsZU9mZmVyTm9kZToxMDI1MTk4MTM=,RmlnaHROb2RlOjUwNDQ4,U3BvcnRzYm9va05vZGU6Mjg=,T3V0Y29tZU5vZGU6NDg1MDIwNQ==,215.0,215.0,300.0,300.0,T3V0Y29tZU5vZGU6NDg1MDIwNA==,-325.0,-500.0,-500.0,-325.0
T2ZmZXJUYWJsZU9mZmVyTm9kZToxMDI1MDM1Njg=,RmlnaHROb2RlOjUwNDQ4,U3BvcnRzYm9va05vZGU6Mjc=,T3V0Y29tZU5vZGU6NDgyMTQ2MQ==,140.0,140.0,240.0,240.0,T3V0Y29tZU5vZGU6NDgyMTQ2MA==,-188.0,-333.0,-333.0,-188.0
T2ZmZXJUYWJsZU9mZmVyTm9kZToxMDI1MDIyNDk=,RmlnaHROb2RlOjUwNDQ4,U3BvcnRzYm9va05vZGU6MTA=,T3V0Y29tZU5vZGU6NDgxOTIzMg==,200.0,150.0,350.0,425.0,T3V0Y29tZU5vZGU6NDgxOTIzMw==,-260.0,-600.0,-450.0,-180.0
T2ZmZXJUYWJsZU9mZmVyTm9kZToxMDI1MTk4MTc=,RmlnaHROb2RlOjUwNDQ4,U3BvcnRzYm9va05vZGU6Mjg=,T3V0Y29tZU5vZGU6NDg1MDIxMw==,230.0,230.0,330.0,330.0,T3V0Y29tZU5vZGU6NDg1MDIxMg==,-355.0,-555.0,-555.0,-355.0
T2ZmZXJUYWJsZU9mZmVyTm9kZToxMDI1MTg3MzQ=,RmlnaHROb2RlOjUwNDQ4,U3BvcnRzYm9va05vZGU6MjE=,T3V0Y29tZU5vZGU6NDg0ODM1MA==,245.0,245.0,325.0,415.0,T3V0Y29tZU5vZGU6NDg0ODM1MQ==,-323.0,-588.0,-500.0,-323.0
T2ZmZXJUYWJsZU9mZmVyTm9kZToxMDI1MTk1OTE=,RmlnaHROb2RlOjUwNDQ4,U3BvcnRzYm9va05vZGU6Mjg=,T3V0Y29tZU5vZGU6NDg0OTc2MQ==,235.0,203.0,205.0,250.0,T3V0Y29tZU5vZGU6NDg0OTc2MA==,-370.0,-400.0,-305.0,-303.0
T2ZmZXJUYWJsZU9mZmVyTm9kZToxMDI1MTEzMTg=,RmlnaHROb2RlOjUwNDUw,U3BvcnRzYm9va05vZGU6MTA=,T3V0Y29tZU5vZGU6NDgzNDg3NA==,-300.0,-350.0,-225.0,-145.0,T3V0Y29tZU5vZGU6NDgzNDg3NQ==,240.0,115.0,185.0,275.0
T2ZmZXJUYWJsZU9mZmVyTm9kZToxMDI1MTc2OTU=,RmlnaHROb2RlOjUwNDUw,U3BvcnRzYm9va05vZGU6Mjc=,T3V0Y29tZU5vZGU6NDg0NjM0Ng==,-250.0,-250.0,-188.0,-188.0,T3V0Y29tZU5vZGU6NDg0NjM0Nw==,175.0,140.0,140.0,175.0
T2ZmZXJUYWJsZU9mZmVyTm9kZToxMDI1MTg3Mzg=,RmlnaHROb2RlOjUwNDUw,U3BvcnRzYm9va05vZGU6MjE=,T3V0Y29tZU5vZGU6NDg0ODM1OA==,-244.0,-244.0,-167.0,-167.0,T3V0Y29tZU5vZGU6NDg0ODM1OQ==,190.0,136.0,136.0,190.0
T2ZmZXJUYWJsZU9mZmVyTm9kZToxMDI1MTk1OTI=,RmlnaHROb2RlOjUwNDUw,U3BvcnRzYm9va05vZGU6Mjg=,T3V0Y29tZU5vZGU6NDg0OTc2Mw==,-323.0,-323.0,-200.0,-161.0,T3V0Y29tZU5vZGU6NDg0OTc2Mg==,213.0,121.0,150.0,213.0
T2ZmZXJUYWJsZU9mZmVyTm9kZToxMDI1MTc2ODE=,RmlnaHROb2RlOjUwNzg4,U3BvcnRzYm9va05vZGU6Mjc=,T3V0Y29tZU5vZGU6NDg0NjMxOA==,-549.0,-549.0,-549.0,-549.0,T3V0Y29tZU5vZGU6NDg0NjMxOQ==,350.0,350.0,350.0,350.0
T2ZmZXJUYWJsZU9mZmVyTm9kZToxMDI1MTMwNDY=,RmlnaHROb2RlOjUwNzg4,U3BvcnRzYm9va05vZGU6MTA=,T3V0Y29tZU5vZGU6NDgzNzg0Mw==,-350.0,-900.0,-900.0,-350.0,T3V0Y29tZU5vZGU6NDgzNzg0NA==,275.0,275.0,600.0,600.0
T2ZmZXJUYWJsZU9mZmVyTm9kZToxMDI1MTg3Mzc=,RmlnaHROb2RlOjUwNDcw,U3BvcnRzYm9va05vZGU6MjE=,T3V0Y29tZU5vZGU6NDg0ODM1Nw==,-200.0,-238.0,-222.0,-200.0,T3V0Y29tZU5vZGU6NDg0ODM1Ng==,157.0,157.0,185.0,185.0
T2ZmZXJUYWJsZU9mZmVyTm9kZToxMDI1MTc2OTc=,RmlnaHROb2RlOjUwNDcw,U3BvcnRzYm9va05vZGU6Mjc=,T3V0Y29tZU5vZGU6NDg0NjM1MA==,-175.0,-200.0,-150.0,-150.0,T3V0Y29tZU5vZGU6NDg0NjM1MQ==,130.0,110.0,110.0,150.0
T2ZmZXJUYWJsZU9mZmVyTm9kZToxMDI1MTMwNDU=,RmlnaHROb2RlOjUwNDcw,U3BvcnRzYm9va05vZGU6MTA=,T3V0Y29tZU5vZGU6NDgzNzg0MQ==,-190.0,-265.0,-245.0,-160.0,T3V0Y29tZU5vZGU6NDgzNzg0Mg==,160.0,130.0,195.0,205.0
T2ZmZXJUYWJsZU9mZmVyTm9kZToxMDI1MTk1OTg=,RmlnaHROb2RlOjUwNDcw,U3BvcnRzYm9va05vZGU6Mjg=,T3V0Y29tZU5vZGU6NDg0OTc3NA==,-200.0,-250.0,-222.0,-200.0,T3V0Y29tZU5vZGU6NDg0OTc3NQ==,150.0,150.0,162.0,175.0
T2ZmZXJUYWJsZU9mZmVyTm9kZToxMDI1MTk1OTY=,RmlnaHROb2RlOjUwNDUy,U3BvcnRzYm9va05vZGU6Mjg=,T3V0Y29tZU5vZGU6NDg0OTc3MA==,175.0,175.0,175.0,175.0,T3V0Y29tZU5vZGU6NDg0OTc3MQ==,-250.0,-250.0,-250.0,-250.0
T2ZmZXJUYWJsZU9mZmVyTm9kZToxMDI1MTc2OTg=,RmlnaHROb2RlOjUwNDUy,U3BvcnRzYm9va05vZGU6Mjc=,T3V0Y29tZU5vZGU6NDg0NjM1Mg==,200.0,200.0,200.0,200.0,T3V0Y29tZU5vZGU6NDg0NjM1Mw==,-275.0,-275.0,-275.0,-275.0
T2ZmZXJUYWJsZU9mZmVyTm9kZToxMDI1MTMwNDQ=,RmlnaHROb2RlOjUwNDUy,U3BvcnRzYm9va05vZGU6MTA=,T3V0Y29tZU5vZGU6NDgzNzgzOQ==,240.0,195.0,240.0,275.0,T3V0Y29tZU5vZGU6NDgzNzg0MA==,-300.0,-350.0,-300.0,-245.0
T2ZmZXJUYWJsZU9mZmVyTm9kZToxMDI1MTg3MzY=,RmlnaHROb2RlOjUwNDUy,U3BvcnRzYm9va05vZGU6MjE=,T3V0Y29tZU5vZGU6NDg0ODM1NQ==,197.0,197.0,202.0,202.0,T3V0Y29tZU5vZGU6NDg0ODM1NA==,-256.0,-278.0,-278.0,-256.0
T2ZmZXJUYWJsZU9mZmVyTm9kZToxMDI1MTc2OTk=,RmlnaHROb2RlOjUwNDQ5,U3BvcnRzYm9va05vZGU6Mjc=,T3V0Y29tZU5vZGU6NDg0NjM1NA==,-450.0,-450.0,-450.0,-450.0,T3V0Y29tZU5vZGU6NDg0NjM1NQ==,300.0,300.0,300.0,300.0
T2ZmZXJUYWJsZU9mZmVyTm9kZToxMDI1MTEzMTc=,RmlnaHROb2RlOjUwNDQ5,U3BvcnRzYm9va05vZGU6MTA=,T3V0Y29tZU5vZGU6NDgzNDg3Mg==,-505.0,-575.0,-500.0,-311.0,T3V0Y29tZU5vZGU6NDgzNDg3Mw==,380.0,251.0,375.0,425.0
T2ZmZXJUYWJsZU9mZmVyTm9kZToxMDI1MTk2MTg=,RmlnaHROb2RlOjUwNDQ5,U3BvcnRzYm9va05vZGU6Mjg=,T3V0Y29tZU5vZGU6NDg0OTgxNA==,-555.0,-555.0,-555.0,-555.0,T3V0Y29tZU5vZGU6NDg0OTgxNQ==,330.0,330.0,330.0,330.0
T2ZmZXJUYWJsZU9mZmVyTm9kZToxMDI1MTk2MDA=,RmlnaHROb2RlOjUwNzY0,U3BvcnRzYm9va05vZGU6Mjg=,T3V0Y29tZU5vZGU6NDg0OTc3OQ==,-185.0,-185.0,-179.0,-175.0,T3V0Y29tZU5vZGU6NDg0OTc3OA==,142.0,135.0,139.0,142.0
T2ZmZXJUYWJsZU9mZmVyTm9kZToxMDI1MTg3Mzk=,RmlnaHROb2RlOjUwNzY0,U3BvcnRzYm9va05vZGU6MjE=,T3V0Y29tZU5vZGU6NDg0ODM2MA==,-189.0,-189.0,-189.0,-189.0,T3V0Y29tZU5vZGU6NDg0ODM2MQ==,144.0,144.0,150.0,150.0
T2ZmZXJUYWJsZU9mZmVyTm9kZToxMDI1MTc2OTI=,RmlnaHROb2RlOjUwNzY0,U3BvcnRzYm9va05vZGU6Mjc=,T3V0Y29tZU5vZGU6NDg0NjM0MA==,-188.0,-188.0,-188.0,-188.0,T3V0Y29tZU5vZGU6NDg0NjM0MQ==,140.0,140.0,140.0,140.0
T2ZmZXJUYWJsZU9mZmVyTm9kZToxMDI1MTM0MjE=,RmlnaHROb2RlOjUwNzY0,U3BvcnRzYm9va05vZGU6MTA=,T3V0Y29tZU5vZGU6NDgzODU5Mw==,-160.0,-220.0,-180.0,-160.0,T3V0Y29tZU5vZGU6NDgzODU5NA==,130.0,130.0,150.0,180.0
T2ZmZXJUYWJsZU9mZmVyTm9kZToxMDI1MTk2MTY=,RmlnaHROb2RlOjUwODE2,U3BvcnRzYm9va05vZGU6Mjg=,T3V0Y29tZU5vZGU6NDg0OTgxMA==,-455.0,-455.0,-400.0,-400.0,T3V0Y29tZU5vZGU6NDg0OTgxMQ==,280.0,250.0,250.0,280.0
T2ZmZXJUYWJsZU9mZmVyTm9kZToxMDI1MTk2MTQ=,RmlnaHROb2RlOjUwODE2,U3BvcnRzYm9va05vZGU6MjE=,T3V0Y29tZU5vZGU6NDg0OTgwNw==,-400.0,-400.0,-400.0,-400.0,T3V0Y29tZU5vZGU6NDg0OTgwNg==,291.0,289.0,289.0,321.0
T2ZmZXJUYWJsZU9mZmVyTm9kZToxMDI1MTc3MDE=,RmlnaHROb2RlOjUwODE2,U3BvcnRzYm9va05vZGU6Mjc=,T3V0Y29tZU5vZGU6NDg0NjM1OA==,-400.0,-400.0,-400.0,-400.0,T3V0Y29tZU5vZGU6NDg0NjM1OQ==,275.0,275.0,275.0,275.0
T2ZmZXJUYWJsZU9mZmVyTm9kZToxMDI1MTMwNjA=,RmlnaHROb2RlOjUwODE2,U3BvcnRzYm9va05vZGU6MTA=,T3V0Y29tZU5vZGU6NDgzNzg3MQ==,-175.0,-475.0,-400.0,-175.0,T3V0Y29tZU5vZGU6NDgzNzg3Mg==,145.0,145.0,300.0,375.0
T2ZmZXJUYWJsZU9mZmVyTm9kZToxMDI1MTc3MjU=,RmlnaHROb2RlOjUwNzkw,U3BvcnRzYm9va05vZGU6Mjc=,T3V0Y29tZU5vZGU6NDg0NjQwNg==,140.0,140.0,175.0,175.0,T3V0Y29tZU5vZGU6NDg0NjQwNw==,-188.0,-250.0,-250.0,-188.0
T2ZmZXJUYWJsZU9mZmVyTm9kZToxMDI1MTM0MjI=,RmlnaHROb2RlOjUwNzkw,U3BvcnRzYm9va05vZGU6MTA=,T3V0Y29tZU5vZGU6NDgzODU5NQ==,130.0,-165.0,215.0,240.0,T3V0Y29tZU5vZGU6NDgzODU5Ng==,-160.0,-300.0,-275.0,135.0
T2ZmZXJUYWJsZU9mZmVyTm9kZToxMDI2MzY0OTY=,RmlnaHROb2RlOjUxNDAx,U3BvcnRzYm9va05vZGU6MTA=,T3V0Y29tZU5vZGU6NTA3NDk4MQ==,160.0,160.0,210.0,240.0,T3V0Y29tZU5vZGU6NTA3NDk4Mg==,-200.0,-300.0,-270.0,-200.0
T2ZmZXJUYWJsZU9mZmVyTm9kZToxMDI2MzY0ODg=,RmlnaHROb2RlOjUxNDAw,U3BvcnRzYm9va05vZGU6MTA=,T3V0Y29tZU5vZGU6NTA3NDk2NQ==,160.0,160.0,375.0,375.0,T3V0Y29tZU5vZGU6NTA3NDk2Ng==,-200.0,-500.0,-500.0,-200.0
T2ZmZXJUYWJsZU9mZmVyTm9kZToxMDI2MzY0ODQ=,RmlnaHROb2RlOjUxNjgw,U3BvcnRzYm9va05vZGU6MTA=,T3V0Y29tZU5vZGU6NTA3NDk1OA==,-400.0,-700.0,-650.0,-400.0,T3V0Y29tZU5vZGU6NTA3NDk1Nw==,300.0,300.0,475.0,500.0
T2ZmZXJUYWJsZU9mZmVyTm9kZToxMDI2NDU2NDQ=,RmlnaHROb2RlOjUxNjgw,U3BvcnRzYm9va05vZGU6Mjg=,T3V0Y29tZU5vZGU6NTA5MzI3Nw==,-555.0,-665.0,-665.0,-555.0,T3V0Y29tZU5vZGU6NTA5MzI3OA==,330.0,330.0,390.0,390.0
T2ZmZXJUYWJsZU9mZmVyTm9kZToxMDI2NDUwOTI=,RmlnaHROb2RlOjUxNjgw,U3BvcnRzYm9va05vZGU6MjE=,T3V0Y29tZU5vZGU6NTA5MjE3NA==,-500.0,-500.0,-500.0,-500.0,T3V0Y29tZU5vZGU6NTA5MjE3Mw==,343.0,343.0,353.0,353.0
T2ZmZXJUYWJsZU9mZmVyTm9kZToxMDI2MzY0OTg=,RmlnaHROb2RlOjUxNDIw,U3BvcnRzYm9va05vZGU6MTA=,T3V0Y29tZU5vZGU6NTA3NDk4NQ==,-165.0,-200.0,-135.0,-125.0,T3V0Y29tZU5vZGU6NTA3NDk4Ng==,135.0,-105.0,105.0,160.0
T2ZmZXJUYWJsZU9mZmVyTm9kZToxMDI2MzY0ODU=,RmlnaHROb2RlOjUxMzk3,U3BvcnRzYm9va05vZGU6MTA=,T3V0Y29tZU5vZGU6NTA3NDk2MA==,-150.0,-225.0,-225.0,-150.0,T3V0Y29tZU5vZGU6NTA3NDk1OQ==,120.0,120.0,185.0,185.0
T2ZmZXJUYWJsZU9mZmVyTm9kZToxMDI2NDU2NDA=,RmlnaHROb2RlOjUxMzk4,U3BvcnRzYm9va05vZGU6Mjg=,,,,,,T3V0Y29tZU5vZGU6NTA5MzI3MA==,120.0,-115.0,120.0,120.0
T2ZmZXJUYWJsZU9mZmVyTm9kZToxMDI2MzY0ODY=,RmlnaHROb2RlOjUxMzk4,U3BvcnRzYm9va05vZGU6MTA=,T3V0Y29tZU5vZGU6NTA3NDk2MQ==,-105.0,-125.0,120.0,135.0,,,,,
T2ZmZXJUYWJsZU9mZmVyTm9kZToxMDI2MzY0ODc=,RmlnaHROb2RlOjUxMzk5,U3BvcnRzYm9va05vZGU6MTA=,T3V0Y29tZU5vZGU6NTA3NDk2Mw==,240.0,240.0,275.0,275.0,T3V0Y29tZU5vZGU6NTA3NDk2NA==,-300.0,-350.0,-350.0,-300.0
T2ZmZXJUYWJsZU9mZmVyTm9kZToxMDI2MzY0OTk=,RmlnaHROb2RlOjUxNDEz,U3BvcnRzYm9va05vZGU6MTA=,T3V0Y29tZU5vZGU6NTA3NDk4Nw==,200.0,200.0,275.0,275.0,T3V0Y29tZU5vZGU6NTA3NDk4OA==,-260.0,-350.0,-350.0,-260.0
T2ZmZXJUYWJsZU9mZmVyTm9kZToxMDI2NDUwOTE=,RmlnaHROb2RlOjUxMzk2,U3BvcnRzYm9va05vZGU6MjE=,T3V0Y29tZU5vZGU6NTA5MjE3Mg==,-196.0,-196.0,-196.0,-196.0,T3V0Y29tZU5vZGU6NTA5MjE3MQ==,151.0,151.0,151.0,151.0
T2ZmZXJUYWJsZU9mZmVyTm9kZToxMDI2MzY0NzE=,RmlnaHROb2RlOjUxMzk2,U3BvcnRzYm9va05vZGU6MTA=,T3V0Y29tZU5vZGU6NTA3NDkzMg==,-210.0,-225.0,-210.0,-132.0,T3V0Y29tZU5vZGU6NTA3NDkzMQ==,170.0,102.0,170.0,185.0
T2ZmZXJUYWJsZU9mZmVyTm9kZToxMDI2NDU2Mjk=,RmlnaHROb2RlOjUxMzk2,U3BvcnRzYm9va05vZGU6Mjg=,T3V0Y29tZU5vZGU6NTA5MzI0Nw==,-140.0,-215.0,-210.0,-140.0,T3V0Y29tZU5vZGU6NTA5MzI0OA==,100.0,100.0,155.0,160.0
T2ZmZXJUYWJsZU9mZmVyTm9kZToxMDI2NjkwNTA=,RmlnaHROb2RlOjUxMzgz,U3BvcnRzYm9va05vZGU6MjE=,T3V0Y29tZU5vZGU6NTEzODI4NA==,-500.0,-588.0,-435.0,-435.0,T3V0Y29tZU5vZGU6NTEzODI4Mw==,325.0,307.0,307.0,375.0
T2ZmZXJUYWJsZU9mZmVyTm9kZToxMDI2NjA5ODc=,RmlnaHROb2RlOjUxMzgz,U3BvcnRzYm9va05vZGU6MTA=,T3V0Y29tZU5vZGU6NTEyMjc2Ng==,-200.0,-550.0,-550.0,-200.0,T3V0Y29tZU5vZGU6NTEyMjc2NQ==,160.0,160.0,400.0,400.0
T2ZmZXJUYWJsZU9mZmVyTm9kZToxMDI2NjMxNDM=,RmlnaHROb2RlOjUxMzgz,U3BvcnRzYm9va05vZGU6Mjc=,T3V0Y29tZU5vZGU6NTEyNzAwOA==,-180.0,-350.0,-350.0,-180.0,T3V0Y29tZU5vZGU6NTEyNzAwOQ==,135.0,135.0,240.0,240.0
T2ZmZXJUYWJsZU9mZmVyTm9kZToxMDI2NjkwNzE=,RmlnaHROb2RlOjUxMzgz,U3BvcnRzYm9va05vZGU6Mjg=,T3V0Y29tZU5vZGU6NTEzODMyNQ==,-270.0,-555.0,-555.0,-270.0,T3V0Y29tZU5vZGU6NTEzODMyNg==,185.0,185.0,330.0,330.0
T2ZmZXJUYWJsZU9mZmVyTm9kZToxMDI2Njg5NDE=,RmlnaHROb2RlOjUxMTYw,U3BvcnRzYm9va05vZGU6Mjg=,T3V0Y29tZU5vZGU6NTEzODA2NQ==,-125.0,-141.0,-141.0,115.0,T3V0Y29tZU5vZGU6NTEzODA2Ng==,-115.0,-155.0,101.0,101.0
T2ZmZXJUYWJsZU9mZmVyTm9kZToxMDI2Njg5NjM=,RmlnaHROb2RlOjUxMTYw,U3BvcnRzYm9va05vZGU6MjE=,T3V0Y29tZU5vZGU6NTEzODExMA==,-123.0,-132.0,-132.0,-123.0,T3V0Y29tZU5vZGU6NTEzODEwOQ==,-105.0,-109.0,100.0,101.0
T2ZmZXJUYWJsZU9mZmVyTm9kZToxMDI2NjMxNjE=,RmlnaHROb2RlOjUxMTYw,U3BvcnRzYm9va05vZGU6Mjc=,T3V0Y29tZU5vZGU6NTEyNzA0NA==,-260.0,-260.0,-125.0,-125.0,T3V0Y29tZU5vZGU6NTEyNzA0NQ==,190.0,-105.0,-105.0,190.0
T2ZmZXJUYWJsZU9mZmVyTm9kZToxMDI2NjA5NjI=,RmlnaHROb2RlOjUxMTYw,U3BvcnRzYm9va05vZGU6MTA=,T3V0Y29tZU5vZGU6NTEyMjcxNg==,-150.0,-160.0,-130.0,125.0,T3V0Y29tZU5vZGU6NTEyMjcxNQ==,120.0,-155.0,100.0,130.0
T2ZmZXJUYWJsZU9mZmVyTm9kZToxMDI2NzEwNjU=,RmlnaHROb2RlOjUxMTYw,U3BvcnRzYm9va05vZGU6Mjg=,T3V0Y29tZU5vZGU6NTE0MTk3MQ==,-141.0,-141.0,-140.0,-140.0,T3V0Y29tZU5vZGU6NTE0MTk3Mg==,101.0,100.0,100.0,101.0
T2ZmZXJUYWJsZU9mZmVyTm9kZToxMDI2NjA5NjU=,RmlnaHROb2RlOjUxMzgx,U3BvcnRzYm9va05vZGU6MTA=,T3V0Y29tZU5vZGU6NTEyMjcyMg==,-280.0,-425.0,-425.0,-280.0,T3V0Y29tZU5vZGU6NTEyMjcyMQ==,220.0,220.0,325.0,325.0
T2ZmZXJUYWJsZU9mZmVyTm9kZToxMDI2NjMxNTM=,RmlnaHROb2RlOjUxMzgx,U3BvcnRzYm9va05vZGU6Mjc=,T3V0Y29tZU5vZGU6NTEyNzAyOA==,115.0,-275.0,-275.0,115.0,T3V0Y29tZU5vZGU6NTEyNzAyOQ==,-150.0,-150.0,200.0,200.0
T2ZmZXJUYWJsZU9mZmVyTm9kZToxMDI2NjQ0NzI=,RmlnaHROb2RlOjUxMzgx,U3BvcnRzYm9va05vZGU6Mjg=,T3V0Y29tZU5vZGU6NTEyOTQ3MQ==,-220.0,-400.0,-400.0,-220.0,T3V0Y29tZU5vZGU6NTEyOTQ3Mg==,160.0,160.0,250.0,250.0
T2ZmZXJUYWJsZU9mZmVyTm9kZToxMDI2Njg5NjU=,RmlnaHROb2RlOjUxMzgx,U3BvcnRzYm9va05vZGU6MjE=,T3V0Y29tZU5vZGU6NTEzODExNA==,-333.0,-500.0,-345.0,-333.0,T3V0Y29tZU5vZGU6NTEzODExMw==,239.0,239.0,262.0,325.0
T2ZmZXJUYWJsZU9mZmVyTm9kZToxMDI2NjQ0NzM=,RmlnaHROb2RlOjUxMzM3,U3BvcnRzYm9va05vZGU6Mjg=,T3V0Y29tZU5vZGU6NTEyOTQ3Mw==,-525.0,-715.0,-715.0,-525.0,T3V0Y29tZU5vZGU6NTEyOTQ3NA==,315.0,315.0,415.0,415.0
T2ZmZXJUYWJsZU9mZmVyTm9kZToxMDI2NzEwMDY=,RmlnaHROb2RlOjUxMzM3,U3BvcnRzYm9va05vZGU6Mjg=,T3V0Y29tZU5vZGU6NTE0MTg1Mw==,-715.0,-715.0,-525.0,-525.0,T3V0Y29tZU5vZGU6NTE0MTg1NA==,415.0,315.0,315.0,415.0
T2ZmZXJUYWJsZU9mZmVyTm9kZToxMDI2NjA5NjM=,RmlnaHROb2RlOjUxMzM3,U3BvcnRzYm9va05vZGU6MTA=,T3V0Y29tZU5vZGU6NTEyMjcxOA==,-260.0,-700.0,-700.0,-260.0,T3V0Y29tZU5vZGU6NTEyMjcxNw==,200.0,200.0,500.0,500.0
T2ZmZXJUYWJsZU9mZmVyTm9kZToxMDI2NjMxNDE=,RmlnaHROb2RlOjUxMzM3,U3BvcnRzYm9va05vZGU6Mjc=,T3V0Y29tZU5vZGU6NTEyNzAwNA==,-400.0,-549.0,-549.0,-400.0,T3V0Y29tZU5vZGU6NTEyNzAwNQ==,275.0,275.0,350.0,350.0
T2ZmZXJUYWJsZU9mZmVyTm9kZToxMDI2Njg5Njc=,RmlnaHROb2RlOjUxMzM3,U3BvcnRzYm9va05vZGU6MjE=,T3V0Y29tZU5vZGU6NTEzODExOA==,-667.0,-667.0,-588.0,-588.0,T3V0Y29tZU5vZGU6NTEzODExNw==,415.0,385.0,385.0,455.0
T2ZmZXJUYWJsZU9mZmVyTm9kZToxMDI2NjkwNTU=,RmlnaHROb2RlOjUxNDEy,U3BvcnRzYm9va05vZGU6MjE=,T3V0Y29tZU5vZGU6NTEzODI5NA==,-500.0,-500.0,-500.0,-500.0,T3V0Y29tZU5vZGU6NTEzODI5Mw==,328.0,328.0,350.0,350.0
T2ZmZXJUYWJsZU9mZmVyTm9kZToxMDI2NjQ0NzA=,RmlnaHROb2RlOjUxNDEy,U3BvcnRzYm9va05vZGU6Mjg=,T3V0Y29tZU5vZGU6NTEyOTQ2Nw==,-385.0,-500.0,-500.0,-385.0,T3V0Y29tZU5vZGU6NTEyOTQ2OA==,245.0,245.0,300.0,300.0
T2ZmZXJUYWJsZU9mZmVyTm9kZToxMDI2NjA5NjY=,RmlnaHROb2RlOjUxNDEy,U3BvcnRzYm9va05vZGU6MTA=,T3V0Y29tZU5vZGU6NTEyMjcyNA==,-300.0,-500.0,-500.0,-300.0,T3V0Y29tZU5vZGU6NTEyMjcyMw==,240.0,240.0,375.0,375.0
T2ZmZXJUYWJsZU9mZmVyTm9kZToxMDI2NjMxNjU=,RmlnaHROb2RlOjUxNDEy,U3BvcnRzYm9va05vZGU6Mjc=,T3V0Y29tZU5vZGU6NTEyNzA1Mg==,-200.0,-400.0,-400.0,-200.0,T3V0Y29tZU5vZGU6NTEyNzA1Mw==,145.0,145.0,275.0,275.0
T2ZmZXJUYWJsZU9mZmVyTm9kZToxMDI2NjkwNTM=,RmlnaHROb2RlOjUxOTUw,U3BvcnRzYm9va05vZGU6MjE=,T3V0Y29tZU5vZGU6NTEzODI5MA==,-769.0,-769.0,-625.0,-625.0,T3V0Y29tZU5vZGU6NTEzODI4OQ==,457.0,410.0,410.0,470.0
T2ZmZXJUYWJsZU9mZmVyTm9kZToxMDI2NjA5Njg=,RmlnaHROb2RlOjUxOTUw,U3BvcnRzYm9va05vZGU6MTA=,T3V0Y29tZU5vZGU6NTEyMjcyOA==,-200.0,-1000.0,-1000.0,-200.0,T3V0Y29tZU5vZGU6NTEyMjcyNw==,160.0,160.0,700.0,700.0
T2ZmZXJUYWJsZU9mZmVyTm9kZToxMDI2NzEwNTI=,RmlnaHROb2RlOjUxOTUw,U3BvcnRzYm9va05vZGU6Mjg=,T3V0Y29tZU5vZGU6NTE0MTk0NQ==,-625.0,-625.0,-625.0,-625.0,T3V0Y29tZU5vZGU6NTE0MTk0Ng==,360.0,360.0,360.0,360.0
T2ZmZXJUYWJsZU9mZmVyTm9kZToxMDI2Njg5Mjg=,RmlnaHROb2RlOjUxOTUw,U3BvcnRzYm9va05vZGU6Mjg=,T3V0Y29tZU5vZGU6NTEzODAzOQ==,-525.0,-833.0,-667.0,-525.0,T3V0Y29tZU5vZGU6NTEzODA0MA==,315.0,315.0,392.0,458.0
T2ZmZXJUYWJsZU9mZmVyTm9kZToxMDI2NjMxNzA=,RmlnaHROb2RlOjUxOTUw,U3BvcnRzYm9va05vZGU6Mjc=,T3V0Y29tZU5vZGU6NTEyNzA2Mg==,-360.0,-549.0,-549.0,-360.0,T3V0Y29tZU5vZGU6NTEyNzA2Mw==,250.0,250.0,350.0,350.0
T2ZmZXJUYWJsZU9mZmVyTm9kZToxMDI2NjMxNjA=,RmlnaHROb2RlOjUxMzUw,U3BvcnRzYm9va05vZGU6Mjc=,T3V0Y29tZU5vZGU6NTEyNzA0Mg==,-140.0,-225.0,-225.0,-140.0,T3V0Y29tZU5vZGU6NTEyNzA0Mw==,105.0,105.0,163.0,163.0
T2ZmZXJUYWJsZU9mZmVyTm9kZToxMDI2NjA5NjQ=,RmlnaHROb2RlOjUxMzUw,U3BvcnRzYm9va05vZGU6MTA=,T3V0Y29tZU5vZGU6NTEyMjcyMA==,-300.0,-300.0,-189.0,-185.0,T3V0Y29tZU5vZGU6NTEyMjcxOQ==,240.0,155.0,159.0,240.0
T2ZmZXJUYWJsZU9mZmVyTm9kZToxMDI2Njg5NjY=,RmlnaHROb2RlOjUxMzUw,U3BvcnRzYm9va05vZGU6MjE=,T3V0Y29tZU5vZGU6NTEzODExNg==,-200.0,-213.0,-213.0,-200.0,T3V0Y29tZU5vZGU6NTEzODExNQ==,152.0,152.0,160.0,160.0
T2ZmZXJUYWJsZU9mZmVyTm9kZToxMDI2NjQ0NjQ=,RmlnaHROb2RlOjUxMzUw,U3BvcnRzYm9va05vZGU6Mjg=,T3V0Y29tZU5vZGU6NTEyOTQ1NQ==,-220.0,-235.0,-215.0,-185.0,T3V0Y29tZU5vZGU6NTEyOTQ1Ng==,160.0,142.0,160.0,170.0
T2ZmZXJUYWJsZU9mZmVyTm9kZToxMDI2NjA5ODk=,RmlnaHROb2RlOjUxMzgy,U3BvcnRzYm9va05vZGU6MTA=,T3V0Y29tZU5vZGU6NTEyMjc3MA==,-450.0,-550.0,-550.0,-450.0,T3V0Y29tZU5vZGU6NTEyMjc2OQ==,350.0,350.0,400.0,400.0
T2ZmZXJUYWJsZU9mZmVyTm9kZToxMDI2NjMxNTU=,RmlnaHROb2RlOjUxMzgy,U3BvcnRzYm9va05vZGU6Mjc=,T3V0Y29tZU5vZGU6NTEyNzAzMg==,-200.0,-400.0,-400.0,-200.0,T3V0Y29tZU5vZGU6NTEyNzAzMw==,145.0,145.0,275.0,275.0
T2ZmZXJUYWJsZU9mZmVyTm9kZToxMDI2NjMxNjQ=,RmlnaHROb2RlOjUxMzk0,U3BvcnRzYm9va05vZGU6Mjc=,T3V0Y29tZU5vZGU6NTEyNzA1MA==,-190.0,-800.0,-800.0,-190.0,T3V0Y29tZU5vZGU6NTEyNzA1MQ==,140.0,140.0,450.0,450.0
T2ZmZXJUYWJsZU9mZmVyTm9kZToxMDI2NjA5NzA=,RmlnaHROb2RlOjUxMzk0,U3BvcnRzYm9va05vZGU6MTA=,T3V0Y29tZU5vZGU6NTEyMjczMg==,-400.0,-1200.0,-1200.0,-400.0,T3V0Y29tZU5vZGU6NTEyMjczMQ==,300.0,300.0,750.0,750.0
T2ZmZXJUYWJsZU9mZmVyTm9kZToxMDI2NjkwNTI=,RmlnaHROb2RlOjUxMzk0,U3BvcnRzYm9va05vZGU6MjE=,T3V0Y29tZU5vZGU6NTEzODI4OA==,-833.0,-2000.0,-1000.0,-833.0,T3V0Y29tZU5vZGU6NTEzODI4Nw==,488.0,488.0,557.0,770.0
T2ZmZXJUYWJsZU9mZmVyTm9kZToxMDI2Njk1MTE=,RmlnaHROb2RlOjUxMzk0,U3BvcnRzYm9va05vZGU6Mjg=,T3V0Y29tZU5vZGU6NTEzOTIwNQ==,-625.0,-1250.0,-1250.0,-625.0,T3V0Y29tZU5vZGU6NTEzOTIwNg==,360.0,360.0,650.0,650.0
T2ZmZXJUYWJsZU9mZmVyTm9kZToxMDI2Njk4NTI=,RmlnaHROb2RlOjUxMzQy,U3BvcnRzYm9va05vZGU6Mjg=,T3V0Y29tZU5vZGU6NTEzOTg4Nw==,-270.0,-400.0,-400.0,-270.0,T3V0Y29tZU5vZGU6NTEzOTg4OA==,185.0,185.0,250.0,250.0
T2ZmZXJUYWJsZU9mZmVyTm9kZToxMDI2NjMxNjc=,RmlnaHROb2RlOjUxMzQy,U3BvcnRzYm9va05vZGU6Mjc=,T3V0Y29tZU5vZGU6NTEyNzA1Ng==,-160.0,-275.0,-275.0,-160.0,T3V0Y29tZU5vZGU6NTEyNzA1Nw==,120.0,120.0,200.0,200.0
T2ZmZXJUYWJsZU9mZmVyTm9kZToxMDI2NjA5Njc=,RmlnaHROb2RlOjUxMzQy,U3BvcnRzYm9va05vZGU6MTA=,T3V0Y29tZU5vZGU6NTEyMjcyNg==,-180.0,-500.0,-400.0,-180.0,T3V0Y29tZU5vZGU6NTEyMjcyNQ==,150.0,150.0,300.0,375.0
T2ZmZXJUYWJsZU9mZmVyTm9kZToxMDI2Njg5NjQ=,RmlnaHROb2RlOjUxMzQy,U3BvcnRzYm9va05vZGU6MjE=,T3V0Y29tZU5vZGU6NTEzODExMg==,-400.0,-400.0,-333.0,-333.0,T3V0Y29tZU5vZGU6NTEzODExMQ==,280.0,280.0,300.0,300.0
T2ZmZXJUYWJsZU9mZmVyTm9kZToxMDI2NjkwNDk=,RmlnaHROb2RlOjUxNDE5,U3BvcnRzYm9va05vZGU6MjE=,T3V0Y29tZU5vZGU6NTEzODI4Mg==,-625.0,-625.0,-526.0,-526.0,T3V0Y29tZU5vZGU6NTEzODI4MQ==,394.0,348.0,348.0,416.0
T2ZmZXJUYWJsZU9mZmVyTm9kZToxMDI2NjMxMzc=,RmlnaHROb2RlOjUxNDE5,U3BvcnRzYm9va05vZGU6Mjc=,T3V0Y29tZU5vZGU6NTEyNjk5Ng==,-130.0,-450.0,-450.0,-130.0,T3V0Y29tZU5vZGU6NTEyNjk5Nw==,-100.0,-100.0,300.0,300.0
T2ZmZXJUYWJsZU9mZmVyTm9kZToxMDI2NjA5ODY=,RmlnaHROb2RlOjUxNDE5,U3BvcnRzYm9va05vZGU6MTA=,T3V0Y29tZU5vZGU6NTEyMjc2NA==,-600.0,-700.0,-700.0,-600.0,T3V0Y29tZU5vZGU6NTEyMjc2Mw==,425.0,425.0,500.0,500.0
T2ZmZXJUYWJsZU9mZmVyTm9kZToxMDI2NjQ0NjU=,RmlnaHROb2RlOjUxNDE5,U3BvcnRzYm9va05vZGU6Mjg=,T3V0Y29tZU5vZGU6NTEyOTQ1Nw==,-435.0,-665.0,-665.0,-435.0,T3V0Y29tZU5vZGU6NTEyOTQ1OA==,270.0,270.0,390.0,390.0
T2ZmZXJUYWJsZU9mZmVyTm9kZToxMDI2NjMxNjk=,RmlnaHROb2RlOjUxNDE4,U3BvcnRzYm9va05vZGU6Mjc=,T3V0Y29tZU5vZGU6NTEyNzA2MA==,-170.0,-333.0,-333.0,-170.0,T3V0Y29tZU5vZGU6NTEyNzA2MQ==,125.0,125.0,225.0,225.0
T2ZmZXJUYWJsZU9mZmVyTm9kZToxMDI2NjkwNTE=,RmlnaHROb2RlOjUxNDE4,U3BvcnRzYm9va05vZGU6MjE=,T3V0Y29tZU5vZGU6NTEzODI4Ng==,-400.0,-400.0,-357.0,-357.0,T3V0Y29tZU5vZGU6NTEzODI4NQ==,259.0,237.0,237.0,289.0
T2ZmZXJUYWJsZU9mZmVyTm9kZToxMDI2NjA5Njk=,RmlnaHROb2RlOjUxNDE4,U3BvcnRzYm9va05vZGU6MTA=,T3V0Y29tZU5vZGU6NTEyMjczMA==,-170.0,-330.0,-330.0,-170.0,T3V0Y29tZU5vZGU6NTEyMjcyOQ==,140.0,140.0,255.0,255.0
T2ZmZXJUYWJsZU9mZmVyTm9kZToxMDI2NjQ0NjY=,RmlnaHROb2RlOjUxNDE4,U3BvcnRzYm9va05vZGU6Mjg=,T3V0Y29tZU5vZGU6NTEyOTQ1OQ==,-220.0,-355.0,-335.0,-220.0,T3V0Y29tZU5vZGU6NTEyOTQ2MA==,160.0,160.0,220.0,230.0
T2ZmZXJUYWJsZU9mZmVyTm9kZToxMDI2NjA5ODg=,RmlnaHROb2RlOjUxMzQz,U3BvcnRzYm9va05vZGU6MTA=,T3V0Y29tZU5vZGU6NTEyMjc2Nw==,-105.0,-105.0,-105.0,150.0,T3V0Y29tZU5vZGU6NTEyMjc2OA==,-125.0,-180.0,-125.0,-125.0
T2ZmZXJUYWJsZU9mZmVyTm9kZToxMDI2NjMxNTQ=,RmlnaHROb2RlOjUxMzQz,U3BvcnRzYm9va05vZGU6Mjc=,T3V0Y29tZU5vZGU6NTEyNzAzMA==,-115.0,-115.0,-105.0,110.0,T3V0Y29tZU5vZGU6NTEyNzAzMQ==,-115.0,-150.0,-125.0,-115.0
T2ZmZXJUYWJsZU9mZmVyTm9kZToxMDI2NjQ0Njc=,RmlnaHROb2RlOjUxMzQz,U3BvcnRzYm9va05vZGU6Mjg=,T3V0Y29tZU5vZGU6NTEyOTQ2MQ==,-120.0,-120.0,-110.0,115.0,T3V0Y29tZU5vZGU6NTEyOTQ2Mg==,-120.0,-155.0,-130.0,-120.0
T2ZmZXJUYWJsZU9mZmVyTm9kZToxMDI2NjkwNTQ=,RmlnaHROb2RlOjUxMzQz,U3BvcnRzYm9va05vZGU6MjE=,T3V0Y29tZU5vZGU6NTEzODI5Mg==,-105.0,-105.0,100.0,100.0,T3V0Y29tZU5vZGU6NTEzODI5MQ==,-125.0,-132.0,-132.0,-125.0
T2ZmZXJUYWJsZU9mZmVyTm9kZToxMDI3MTY2MTU=,RmlnaHROb2RlOjUxNTk2,U3BvcnRzYm9va05vZGU6Mjg=,T3V0Y29tZU5vZGU6NTIyOTM4Mw==,110.0,109.0,124.0,124.0,T3V0Y29tZU5vZGU6NTIyOTM4NA==,-150.0,-164.0,-164.0,-149.0
T2ZmZXJUYWJsZU9mZmVyTm9kZToxMDI3MTE1OTc=,RmlnaHROb2RlOjUxNTk2,U3BvcnRzYm9va05vZGU6MTA=,T3V0Y29tZU5vZGU6NTIxOTYyNQ==,-180.0,-300.0,160.0,160.0,T3V0Y29tZU5vZGU6NTIxOTYyNA==,150.0,-200.0,-200.0,240.0
T2ZmZXJUYWJsZU9mZmVyTm9kZToxMDI3MjAyNjE=,RmlnaHROb2RlOjUxNTk2,U3BvcnRzYm9va05vZGU6MjE=,T3V0Y29tZU5vZGU6NTIzNjQ1Mw==,114.0,114.0,121.0,121.0,T3V0Y29tZU5vZGU6NTIzNjQ1Mg==,-149.0,-149.0,-149.0,-149.0
T2ZmZXJUYWJsZU9mZmVyTm9kZToxMDI3MTgwMDY=,RmlnaHROb2RlOjUyNDMw,U3BvcnRzYm9va05vZGU6MTA=,T3V0Y29tZU5vZGU6NTIzMTk1Nw==,-200.0,-4000.0,-4000.0,-200.0,T3V0Y29tZU5vZGU6NTIzMTk1Ng==,160.0,160.0,1600.0,1600.0
T2ZmZXJUYWJsZU9mZmVyTm9kZToxMDI3MjAyNjQ=,RmlnaHROb2RlOjUxOTg1,U3BvcnRzYm9va05vZGU6MjE=,T3V0Y29tZU5vZGU6NTIzNjQ1OQ==,645.0,600.0,600.0,645.0,T3V0Y29tZU5vZGU6NTIzNjQ1OA==,-1429.0,-1429.0,-1429.0,-1429.0
T2ZmZXJUYWJsZU9mZmVyTm9kZToxMDI3MjE4OTQ=,RmlnaHROb2RlOjUxOTg1,U3BvcnRzYm9va05vZGU6Mjg=,T3V0Y29tZU5vZGU6NTIzOTE4Nw==,500.0,500.0,500.0,650.0,T3V0Y29tZU5vZGU6NTIzOTE4OA==,-1000.0,-1250.0,-1000.0,-1000.0
T2ZmZXJUYWJsZU9mZmVyTm9kZToxMDI3MTE2MDQ=,RmlnaHROb2RlOjUxOTg1,U3BvcnRzYm9va05vZGU6MTA=,T3V0Y29tZU5vZGU6NTIxOTYzOA==,160.0,160.0,1600.0,1600.0,T3V0Y29tZU5vZGU6NTIxOTYzOQ==,-200.0,-4000.0,-4000.0,-200.0
T2ZmZXJUYWJsZU9mZmVyTm9kZToxMDI3MTE2MTY=,RmlnaHROb2RlOjUxOTQ3,U3BvcnRzYm9va05vZGU6MTA=,T3V0Y29tZU5vZGU6NTIxOTY2Mw==,-150.0,-350.0,-350.0,-150.0,T3V0Y29tZU5vZGU6NTIxOTY2Mg==,120.0,120.0,275.0,275.0
T2ZmZXJUYWJsZU9mZmVyTm9kZToxMDI3MTE2MDI=,RmlnaHROb2RlOjUxOTgz,U3BvcnRzYm9va05vZGU6MTA=,T3V0Y29tZU5vZGU6NTIxOTYzNA==,160.0,-240.0,-150.0,160.0,T3V0Y29tZU5vZGU6NTIxOTYzNQ==,-200.0,-200.0,120.0,190.0
T2ZmZXJUYWJsZU9mZmVyTm9kZToxMDI3MjAxMjc=,RmlnaHROb2RlOjUxOTgz,U3BvcnRzYm9va05vZGU6Mjg=,T3V0Y29tZU5vZGU6NTIzNjE4NA==,-175.0,-185.0,-150.0,-150.0,T3V0Y29tZU5vZGU6NTIzNjE4NQ==,135.0,110.0,110.0,142.0
T2ZmZXJUYWJsZU9mZmVyTm9kZToxMDI3MjAyNjU=,RmlnaHROb2RlOjUxOTgz,U3BvcnRzYm9va05vZGU6MjE=,T3V0Y29tZU5vZGU6NTIzNjQ2MQ==,-179.0,-179.0,-161.0,-161.0,T3V0Y29tZU5vZGU6NTIzNjQ2MA==,137.0,124.0,124.0,137.0
T2ZmZXJUYWJsZU9mZmVyTm9kZToxMDI3MTE2MDE=,RmlnaHROb2RlOjUyMzU2,U3BvcnRzYm9va05vZGU6MTA=,T3V0Y29tZU5vZGU6NTIxOTYzMg==,150.0,100.0,105.0,150.0,T3V0Y29tZU5vZGU6NTIxOTYzMw==,-180.0,-180.0,-135.0,-130.0
T2ZmZXJUYWJsZU9mZmVyTm9kZToxMDI3MjAxMjU=,RmlnaHROb2RlOjUyMzU2,U3BvcnRzYm9va05vZGU6Mjg=,T3V0Y29tZU5vZGU6NTIzNjE4MA==,-110.0,-110.0,-105.0,-105.0,T3V0Y29tZU5vZGU6NTIzNjE4MQ==,-130.0,-135.0,-135.0,-130.0
T2ZmZXJUYWJsZU9mZmVyTm9kZToxMDI3MjAyNjY=,RmlnaHROb2RlOjUyMzU2,U3BvcnRzYm9va05vZGU6MjE=,T3V0Y29tZU5vZGU6NTIzNjQ2Mw==,102.0,102.0,102.0,102.0,T3V0Y29tZU5vZGU6NTIzNjQ2Mg==,-133.0,-133.0,-133.0,-133.0
T2ZmZXJUYWJsZU9mZmVyTm9kZToxMDI3MTE1OTg=,RmlnaHROb2RlOjUxOTQ2,U3BvcnRzYm9va05vZGU6MTA=,T3V0Y29tZU5vZGU6NTIxOTYyNw==,-200.0,-200.0,147.0,255.0,T3V0Y29tZU5vZGU6NTIxOTYyNg==,160.0,-330.0,-177.0,160.0
T2ZmZXJUYWJsZU9mZmVyTm9kZToxMDI3MjAyNjM=,RmlnaHROb2RlOjUxOTQ2,U3BvcnRzYm9va05vZGU6MjE=,T3V0Y29tZU5vZGU6NTIzNjQ1Nw==,155.0,140.0,140.0,155.0,T3V0Y29tZU5vZGU6NTIzNjQ1Ng==,-204.0,-204.0,-185.0,-185.0
T2ZmZXJUYWJsZU9mZmVyTm9kZToxMDI3MTY2MTc=,RmlnaHROb2RlOjUxOTQ2,U3BvcnRzYm9va05vZGU6Mjg=,T3V0Y29tZU5vZGU6NTIyOTM4Nw==,175.0,147.0,147.0,175.0,T3V0Y29tZU5vZGU6NTIyOTM4OA==,-250.0,-250.0,-192.0,-192.0
T2ZmZXJUYWJsZU9mZmVyTm9kZToxMDI3MjAxMjE=,RmlnaHROb2RlOjUyMDYx,U3BvcnRzYm9va05vZGU6Mjg=,T3V0Y29tZU5vZGU6NTIzNjE3Mg==,-357.0,-357.0,-357.0,-357.0,T3V0Y29tZU5vZGU6NTIzNjE3Mw==,232.0,232.0,232.0,232.0
T2ZmZXJUYWJsZU9mZmVyTm9kZToxMDI3MTE2MDA=,RmlnaHROb2RlOjUyMzg3,U3BvcnRzYm9va05vZGU6MTA=,T3V0Y29tZU5vZGU6NTIxOTYzMQ==,-150.0,-800.0,-800.0,-150.0,T3V0Y29tZU5vZGU6NTIxOTYzMA==,120.0,120.0,550.0,550.0
T2ZmZXJUYWJsZU9mZmVyTm9kZToxMDI3MjE4OTI=,RmlnaHROb2RlOjUyMzg3,U3BvcnRzYm9va05vZGU6Mjg=,T3V0Y29tZU5vZGU6NTIzOTE4Mw==,-715.0,-835.0,-835.0,-715.0,T3V0Y29tZU5vZGU6NTIzOTE4NA==,415.0,415.0,460.0,460.0
T2ZmZXJUYWJsZU9mZmVyTm9kZToxMDI3MTE2MTc=,RmlnaHROb2RlOjUyMTE5,U3BvcnRzYm9va05vZGU6MTA=,T3V0Y29tZU5vZGU6NTIxOTY2NA==,150.0,-125.0,170.0,170.0,T3V0Y29tZU5vZGU6NTIxOTY2NQ==,-180.0,-210.0,-210.0,-105.0
T2ZmZXJUYWJsZU9mZmVyTm9kZToxMDI3MjAyNjI=,RmlnaHROb2RlOjUyMTE5,U3BvcnRzYm9va05vZGU6MjE=,T3V0Y29tZU5vZGU6NTIzNjQ1NA==,127.0,127.0,143.0,143.0,T3V0Y29tZU5vZGU6NTIzNjQ1NQ==,-167.0,-179.0,-179.0,-167.0
T2ZmZXJUYWJsZU9mZmVyTm9kZToxMDI3MTY2MTY=,RmlnaHROb2RlOjUyMTE5,U3BvcnRzYm9va05vZGU6Mjg=,T3V0Y29tZU5vZGU6NTIyOTM4Ng==,-115.0,-115.0,150.0,150.0,T3V0Y29tZU5vZGU6NTIyOTM4NQ==,-125.0,-200.0,-200.0,-125.0
T2ZmZXJUYWJsZU9mZmVyTm9kZToxMDI3MTE2MDM=,RmlnaHROb2RlOjUxOTg0,U3BvcnRzYm9va05vZGU6MTA=,T3V0Y29tZU5vZGU6NTIxOTYzNg==,300.0,300.0,300.0,300.0,T3V0Y29tZU5vZGU6NTIxOTYzNw==,-400.0,-400.0,-400.0,-400.0
T2ZmZXJUYWJsZU9mZmVyTm9kZToxMDI3NTg0OTc=,RmlnaHROb2RlOjUyNTY3,U3BvcnRzYm9va05vZGU6MTA=,T3V0Y29tZU5vZGU6NTMwODQyMw==,-105.0,-800.0,-800.0,-105.0,T3V0Y29tZU5vZGU6NTMwODQyNA==,-125.0,-125.0,550.0,550.0
T2ZmZXJUYWJsZU9mZmVyTm9kZToxMDI3NzcxMTc=,RmlnaHROb2RlOjUxNjc0,U3BvcnRzYm9va05vZGU6Mjg=,T3V0Y29tZU5vZGU6NTM0NDY0NQ==,-215.0,-280.0,-280.0,-215.0,T3V0Y29tZU5vZGU6NTM0NDY0Ng==,160.0,160.0,190.0,190.0
T2ZmZXJUYWJsZU9mZmVyTm9kZToxMDI3NTg0OTQ=,RmlnaHROb2RlOjUxNjc0,U3BvcnRzYm9va05vZGU6MTA=,T3V0Y29tZU5vZGU6NTMwODQxOA==,-160.0,-300.0,-260.0,-160.0,T3V0Y29tZU5vZGU6NTMwODQxNw==,130.0,130.0,200.0,240.0
T2ZmZXJUYWJsZU9mZmVyTm9kZToxMDI3NzQ1MzE=,RmlnaHROb2RlOjUxNjc0,U3BvcnRzYm9va05vZGU6MjE=,T3V0Y29tZU5vZGU6NTMzOTUyNQ==,-244.0,-278.0,-278.0,-244.0,T3V0Y29tZU5vZGU6NTMzOTUyNA==,184.0,184.0,203.0,203.0
T2ZmZXJUYWJsZU9mZmVyTm9kZToxMDI3NTg0OTU=,RmlnaHROb2RlOjUyNTUw,U3BvcnRzYm9va05vZGU6MTA=,T3V0Y29tZU5vZGU6NTMwODQyMA==,-200.0,-400.0,-350.0,-200.0,T3V0Y29tZU5vZGU6NTMwODQxOQ==,160.0,160.0,275.0,300.0
T2ZmZXJUYWJsZU9mZmVyTm9kZToxMDI3NzY5OTM=,RmlnaHROb2RlOjUyNTUw,U3BvcnRzYm9va05vZGU6Mjg=,T3V0Y29tZU5vZGU6NTM0NDQyMA==,-400.0,-400.0,-345.0,-345.0,T3V0Y29tZU5vZGU6NTM0NDQyMQ==,250.0,225.0,225.0,250.0
T2ZmZXJUYWJsZU9mZmVyTm9kZToxMDI3NzQ2NDQ=,RmlnaHROb2RlOjUyMzc3,U3BvcnRzYm9va05vZGU6MjE=,T3V0Y29tZU5vZGU6NTMzOTc1MQ==,-1667.0,-1667.0,-1667.0,-1667.0,T3V0Y29tZU5vZGU6NTMzOTc1MA==,740.0,600.0,600.0,740.0
T2ZmZXJUYWJsZU9mZmVyTm9kZToxMDI3NTg0OTY=,RmlnaHROb2RlOjUyMzc3,U3BvcnRzYm9va05vZGU6MTA=,T3V0Y29tZU5vZGU6NTMwODQyMg==,-260.0,-1400.0,-1400.0,-260.0,T3V0Y29tZU5vZGU6NTMwODQyMQ==,200.0,200.0,800.0,800.0
T2ZmZXJUYWJsZU9mZmVyTm9kZToxMDI3NzY5OTI=,RmlnaHROb2RlOjUyMzc3,U3BvcnRzYm9va05vZGU6Mjg=,T3V0Y29tZU5vZGU6NTM0NDQxOA==,-715.0,-1430.0,-1250.0,-715.0,T3V0Y29tZU5vZGU6NTM0NDQxOQ==,415.0,415.0,650.0,680.0
T2ZmZXJUYWJsZU9mZmVyTm9kZToxMDI3NzY4ODY=,RmlnaHROb2RlOjUyNTUy,U3BvcnRzYm9va05vZGU6Mjg=,T3V0Y29tZU5vZGU6NTM0NDIyMA==,-170.0,-170.0,-160.0,-150.0,T3V0Y29tZU5vZGU6NTM0NDIyMQ==,130.0,110.0,120.0,130.0
T2ZmZXJUYWJsZU9mZmVyTm9kZToxMDI3NTg1MjU=,RmlnaHROb2RlOjUyNTUy,U3BvcnRzYm9va05vZGU6MTA=,T3V0Y29tZU5vZGU6NTMwODQ4MA==,-200.0,-200.0,-160.0,-150.0,T3V0Y29tZU5vZGU6NTMwODQ3OQ==,160.0,120.0,130.0,160.0
T2ZmZXJUYWJsZU9mZmVyTm9kZToxMDI3NzQ1MzI=,RmlnaHROb2RlOjUyNTUy,U3BvcnRzYm9va05vZGU6MjE=,T3V0Y29tZU5vZGU6NTMzOTUyNw==,-179.0,-179.0,-179.0,-179.0,T3V0Y29tZU5vZGU6NTMzOTUyNg==,135.0,135.0,135.0,135.0
T2ZmZXJUYWJsZU9mZmVyTm9kZToxMDI3NjM4Mjc=,RmlnaHROb2RlOjUxNDg2,U3BvcnRzYm9va05vZGU6Mjg=,T3V0Y29tZU5vZGU6NTMxODc1NA==,-525.0,-909.0,-909.0,-525.0,T3V0Y29tZU5vZGU6NTMxODc1NQ==,315.0,315.0,459.0,460.0
T2ZmZXJUYWJsZU9mZmVyTm9kZToxMDI3NTg1MjQ=,RmlnaHROb2RlOjUxNDg2,U3BvcnRzYm9va05vZGU6MTA=,T3V0Y29tZU5vZGU6NTMwODQ3OA==,-210.0,-900.0,-900.0,-210.0,T3V0Y29tZU5vZGU6NTMwODQ3Nw==,170.0,170.0,600.0,600.0
T2ZmZXJUYWJsZU9mZmVyTm9kZToxMDI3NzYwNDY=,RmlnaHROb2RlOjUxNDk1,U3BvcnRzYm9va05vZGU6MjE=,T3V0Y29tZU5vZGU6NTM0MjU0MQ==,129.0,114.0,120.0,129.0,T3V0Y29tZU5vZGU6NTM0MjU0MA==,-164.0,-164.0,-159.0,-149.0
T2ZmZXJUYWJsZU9mZmVyTm9kZToxMDI3NTg1MjM=,RmlnaHROb2RlOjUxNDk1,U3BvcnRzYm9va05vZGU6MTA=,T3V0Y29tZU5vZGU6NTMwODQ3NQ==,-115.0,-115.0,115.0,150.0,T3V0Y29tZU5vZGU6NTMwODQ3Ng==,-115.0,-180.0,-145.0,-115.0
T2ZmZXJUYWJsZU9mZmVyTm9kZToxMDI3NzU3NTk=,RmlnaHROb2RlOjUxNDk1,U3BvcnRzYm9va05vZGU6Mjg=,T3V0Y29tZU5vZGU6NTM0MTk2Ng==,120.0,105.0,120.0,140.0,T3V0Y29tZU5vZGU6NTM0MTk2Nw==,-160.0,-180.0,-160.0,-145.0
T2ZmZXJUYWJsZU9mZmVyTm9kZToxMDI3NzQyODg=,RmlnaHROb2RlOjUxNjgz,U3BvcnRzYm9va05vZGU6MjE=,T3V0Y29tZU5vZGU6NTMzOTAzOQ==,-833.0,-833.0,-833.0,-833.0,T3V0Y29tZU5vZGU6NTMzOTAzOA==,480.0,475.0,475.0,512.0
T2ZmZXJUYWJsZU9mZmVyTm9kZToxMDI3NTg0OTg=,RmlnaHROb2RlOjUxNjgz,U3BvcnRzYm9va05vZGU6MTA=,T3V0Y29tZU5vZGU6NTMwODQyNg==,-180.0,-725.0,-725.0,-155.0,T3V0Y29tZU5vZGU6NTMwODQyNQ==,150.0,125.0,525.0,525.0
T2ZmZXJUYWJsZU9mZmVyTm9kZToxMDI3NzY5OTU=,RmlnaHROb2RlOjUxNjgz,U3BvcnRzYm9va05vZGU6Mjg=,T3V0Y29tZU5vZGU6NTM0NDQyNA==,-590.0,-835.0,-714.0,-590.0,T3V0Y29tZU5vZGU6NTM0NDQyNQ==,345.0,345.0,414.0,460.0
T2ZmZXJUYWJsZU9mZmVyTm9kZToxMDI3NjM4MzM=,RmlnaHROb2RlOjUxNjgy,U3BvcnRzYm9va05vZGU6Mjg=,T3V0Y29tZU5vZGU6NTMxODc2Ng==,-305.0,-325.0,-280.0,-238.0,T3V0Y29tZU5vZGU6NTMxODc2Nw==,205.0,173.0,190.0,215.0
T2ZmZXJUYWJsZU9mZmVyTm9kZToxMDI3NTg1MDA=,RmlnaHROb2RlOjUxNjgy,U3BvcnRzYm9va05vZGU6MTA=,T3V0Y29tZU5vZGU6NTMwODQyOQ==,-115.0,-600.0,-240.0,-115.0,T3V0Y29tZU5vZGU6NTMwODQzMA==,-115.0,-115.0,190.0,425.0
T2ZmZXJUYWJsZU9mZmVyTm9kZToxMDI3NzQ1MzM=,RmlnaHROb2RlOjUxNjgy,U3BvcnRzYm9va05vZGU6MjE=,T3V0Y29tZU5vZGU6NTMzOTUyOQ==,-333.0,-333.0,-278.0,-278.0,T3V0Y29tZU5vZGU6NTMzOTUyOA==,241.0,200.0,200.0,241.0
T2ZmZXJUYWJsZU9mZmVyTm9kZToxMDI3NjM4MjM=,RmlnaHROb2RlOjUyNTUx,U3BvcnRzYm9va05vZGU6Mjg=,T3V0Y29tZU5vZGU6NTMxODc0Ng==,-525.0,-715.0,-715.0,-525.0,T3V0Y29tZU5vZGU6NTMxODc0Nw==,315.0,315.0,415.0,415.0
T2ZmZXJUYWJsZU9mZmVyTm9kZToxMDI3NTg0OTk=,RmlnaHROb2RlOjUyNTUx,U3BvcnRzYm9va05vZGU6MTA=,T3V0Y29tZU5vZGU6NTMwODQyOA==,-300.0,-740.0,-740.0,-300.0,T3V0Y29tZU5vZGU6NTMwODQyNw==,240.0,240.0,540.0,540.0
T2ZmZXJUYWJsZU9mZmVyTm9kZToxMDI4MTY5MTc=,RmlnaHROb2RlOjUyNTQw,U3BvcnRzYm9va05vZGU6Mjg=,T3V0Y29tZU5vZGU6NTQyMDQ0Nw==,-590.0,-715.0,-715.0,-525.0,T3V0Y29tZU5vZGU6NTQyMDQ0OA==,345.0,315.0,415.0,415.0
T2ZmZXJUYWJsZU9mZmVyTm9kZToxMDI4MTcwMzk=,RmlnaHROb2RlOjUyNTQw,U3BvcnRzYm9va05vZGU6Mjc=,T3V0Y29tZU5vZGU6NTQyMDYzOA==,-549.0,-549.0,-549.0,-549.0,T3V0Y29tZU5vZGU6NTQyMDYzOQ==,350.0,350.0,350.0,350.0
T2ZmZXJUYWJsZU9mZmVyTm9kZToxMDI4MTE3MDg=,RmlnaHROb2RlOjUyNTQw,U3BvcnRzYm9va05vZGU6MTA=,T3V0Y29tZU5vZGU6NTQxMDYzNQ==,-300.0,-725.0,-725.0,-300.0,T3V0Y29tZU5vZGU6NTQxMDYzNA==,240.0,240.0,525.0,525.0
T2ZmZXJUYWJsZU9mZmVyTm9kZToxMDI4MjExNDE=,RmlnaHROb2RlOjUyNTQw,U3BvcnRzYm9va05vZGU6MjE=,T3V0Y29tZU5vZGU6NTQyODI0OA==,-588.0,-1111.0,-1111.0,-588.0,T3V0Y29tZU5vZGU6NTQyODI0Nw==,382.0,382.0,495.0,500.0
T2ZmZXJUYWJsZU9mZmVyTm9kZToxMDI4MTcwMzE=,RmlnaHROb2RlOjUyNTYx,U3BvcnRzYm9va05vZGU6Mjc=,T3V0Y29tZU5vZGU6NTQyMDYyMg==,-450.0,-450.0,-450.0,-450.0,T3V0Y29tZU5vZGU6NTQyMDYyMw==,300.0,300.0,300.0,300.0
T2ZmZXJUYWJsZU9mZmVyTm9kZToxMDI4MTE3MTI=,RmlnaHROb2RlOjUyNTYx,U3BvcnRzYm9va05vZGU6MTA=,T3V0Y29tZU5vZGU6NTQxMDY0Mg==,160.0,-650.0,-600.0,160.0,T3V0Y29tZU5vZGU6NTQxMDY0Mw==,-200.0,-200.0,425.0,475.0
T2ZmZXJUYWJsZU9mZmVyTm9kZToxMDI4MjExNDQ=,RmlnaHROb2RlOjUyNTYx,U3BvcnRzYm9va05vZGU6MjE=,T3V0Y29tZU5vZGU6NTQyODI1NA==,-526.0,-833.0,-833.0,-526.0,T3V0Y29tZU5vZGU6NTQyODI1Mw==,348.0,348.0,403.0,425.0
T2ZmZXJUYWJsZU9mZmVyTm9kZToxMDI4MjIwNjQ=,RmlnaHROb2RlOjUyNTYx,U3BvcnRzYm9va05vZGU6Mjg=,T3V0Y29tZU5vZGU6NTQyOTg1Mw==,-588.0,-588.0,-588.0,-588.0,T3V0Y29tZU5vZGU6NTQyOTg1NA==,348.0,348.0,348.0,348.0
T2ZmZXJUYWJsZU9mZmVyTm9kZToxMDI4MjIwNjg=,RmlnaHROb2RlOjUyMzQy,U3BvcnRzYm9va05vZGU6MjE=,T3V0Y29tZU5vZGU6NTQyOTg2Mg==,-714.0,-1111.0,-1111.0,-714.0,T3V0Y29tZU5vZGU6NTQyOTg2MQ==,500.0,475.0,524.0,524.0
T2ZmZXJUYWJsZU9mZmVyTm9kZToxMDI4MTY5MjE=,RmlnaHROb2RlOjUyMzQy,U3BvcnRzYm9va05vZGU6Mjg=,T3V0Y29tZU5vZGU6NTQyMDQ1NQ==,-500.0,-835.0,-835.0,-500.0,T3V0Y29tZU5vZGU6NTQyMDQ1Ng==,300.0,300.0,460.0,460.0
T2ZmZXJUYWJsZU9mZmVyTm9kZToxMDI4MTE3MDc=,RmlnaHROb2RlOjUyMzQy,U3BvcnRzYm9va05vZGU6MTA=,T3V0Y29tZU5vZGU6NTQxMDYzMw==,-180.0,-1000.0,-1000.0,-180.0,T3V0Y29tZU5vZGU6NTQxMDYzMg==,150.0,150.0,700.0,700.0
T2ZmZXJUYWJsZU9mZmVyTm9kZToxMDI4MTcwMzA=,RmlnaHROb2RlOjUyMzQy,U3BvcnRzYm9va05vZGU6Mjc=,T3V0Y29tZU5vZGU6NTQyMDYyMA==,-450.0,-800.0,-800.0,-450.0,T3V0Y29tZU5vZGU6NTQyMDYyMQ==,300.0,300.0,475.0,475.0
T2ZmZXJUYWJsZU9mZmVyTm9kZToxMDI4MTY5MTU=,RmlnaHROb2RlOjUyNTQx,U3BvcnRzYm9va05vZGU6Mjg=,T3V0Y29tZU5vZGU6NTQyMDQ0Mw==,-500.0,-715.0,-715.0,-500.0,T3V0Y29tZU5vZGU6NTQyMDQ0NA==,300.0,300.0,415.0,415.0
T2ZmZXJUYWJsZU9mZmVyTm9kZToxMDI4MTE3MDk=,RmlnaHROb2RlOjUyNTQx,U3BvcnRzYm9va05vZGU6MTA=,T3V0Y29tZU5vZGU6NTQxMDYzNw==,-200.0,-700.0,-700.0,-200.0,T3V0Y29tZU5vZGU6NTQxMDYzNg==,160.0,160.0,500.0,500.0
T2ZmZXJUYWJsZU9mZmVyTm9kZToxMDI4MjIwNjk=,RmlnaHROb2RlOjUyNTQx,U3BvcnRzYm9va05vZGU6MjE=,T3V0Y29tZU5vZGU6NTQyOTg2NA==,-714.0,-1111.0,-1111.0,-714.0,T3V0Y29tZU5vZGU6NTQyOTg2Mw==,500.0,475.0,475.0,500.0
T2ZmZXJUYWJsZU9mZmVyTm9kZToxMDI4MTcwMzU=,RmlnaHROb2RlOjUyNTQx,U3BvcnRzYm9va05vZGU6Mjc=,T3V0Y29tZU5vZGU6NTQyMDYzMA==,-450.0,-649.0,-649.0,-450.0,T3V0Y29tZU5vZGU6NTQyMDYzMQ==,300.0,300.0,400.0,400.0
T2ZmZXJUYWJsZU9mZmVyTm9kZToxMDI4MjEyMjc=,RmlnaHROb2RlOjUyOTQx,U3BvcnRzYm9va05vZGU6Mjc=,T3V0Y29tZU5vZGU6NTQyODQxMw==,-800.0,-800.0,-800.0,-800.0,T3V0Y29tZU5vZGU6NTQyODQxNA==,450.0,450.0,450.0,450.0
T2ZmZXJUYWJsZU9mZmVyTm9kZToxMDI4MTg5NjQ=,RmlnaHROb2RlOjUyOTQx,U3BvcnRzYm9va05vZGU6MTA=,T3V0Y29tZU5vZGU6NTQyMzk0Ng==,-700.0,-900.0,-800.0,-700.0,T3V0Y29tZU5vZGU6NTQyMzk0NQ==,500.0,500.0,550.0,600.0
T2ZmZXJUYWJsZU9mZmVyTm9kZToxMDI4MjExNzY=,RmlnaHROb2RlOjUyNTY0,U3BvcnRzYm9va05vZGU6Mjg=,T3V0Y29tZU5vZGU6NTQyODMxNw==,-455.0,-525.0,-525.0,-455.0,T3V0Y29tZU5vZGU6NTQyODMxOA==,280.0,280.0,315.0,315.0
T2ZmZXJUYWJsZU9mZmVyTm9kZToxMDI4MjIwNzA=,RmlnaHROb2RlOjUyNTY0,U3BvcnRzYm9va05vZGU6MjE=,T3V0Y29tZU5vZGU6NTQyOTg2Ng==,-455.0,-769.0,-769.0,-455.0,T3V0Y29tZU5vZGU6NTQyOTg2NQ==,350.0,330.0,380.0,380.0
T2ZmZXJUYWJsZU9mZmVyTm9kZToxMDI4MjI3NzM=,RmlnaHROb2RlOjUyNTY0,U3BvcnRzYm9va05vZGU6Mjc=,T3V0Y29tZU5vZGU6NTQzMTIxNQ==,-450.0,-450.0,-450.0,-450.0,T3V0Y29tZU5vZGU6NTQzMTIxNg==,300.0,300.0,300.0,300.0
T2ZmZXJUYWJsZU9mZmVyTm9kZToxMDI4MTE3MTU=,RmlnaHROb2RlOjUyNTY0,U3BvcnRzYm9va05vZGU6MTA=,T3V0Y29tZU5vZGU6NTQxMDY0OQ==,-150.0,-550.0,-550.0,-115.0,T3V0Y29tZU5vZGU6NTQxMDY0OA==,120.0,-115.0,400.0,400.0
T2ZmZXJUYWJsZU9mZmVyTm9kZToxMDI4MTY5MTk=,RmlnaHROb2RlOjUyNTQy,U3BvcnRzYm9va05vZGU6Mjg=,T3V0Y29tZU5vZGU6NTQyMDQ1MQ==,-215.0,-215.0,-215.0,-215.0,T3V0Y29tZU5vZGU6NTQyMDQ1Mg==,160.0,160.0,160.0,160.0
T2ZmZXJUYWJsZU9mZmVyTm9kZToxMDI4MTE3MTE=,RmlnaHROb2RlOjUyNTQy,U3BvcnRzYm9va05vZGU6MTA=,T3V0Y29tZU5vZGU6NTQxMDY0MA==,180.0,-215.0,-215.0,180.0,T3V0Y29tZU5vZGU6NTQxMDY0MQ==,-220.0,-220.0,175.0,175.0
T2ZmZXJUYWJsZU9mZmVyTm9kZToxMDI4MjEyMTY=,RmlnaHROb2RlOjUyNTYz,U3BvcnRzYm9va05vZGU6Mjg=,T3V0Y29tZU5vZGU6NTQyODM5MQ==,-303.0,-323.0,-323.0,-303.0,T3V0Y29tZU5vZGU6NTQyODM5Mg==,203.0,203.0,213.0,213.0
T2ZmZXJUYWJsZU9mZmVyTm9kZToxMDI4MTE3MTQ=,RmlnaHROb2RlOjUyNTYz,U3BvcnRzYm9va05vZGU6MTA=,T3V0Y29tZU5vZGU6NTQxMDY0Nw==,-180.0,-550.0,-325.0,-180.0,T3V0Y29tZU5vZGU6NTQxMDY0Ng==,150.0,150.0,250.0,400.0
T2ZmZXJUYWJsZU9mZmVyTm9kZToxMDI4MjExNDM=,RmlnaHROb2RlOjUyNTYz,U3BvcnRzYm9va05vZGU6MjE=,T3V0Y29tZU5vZGU6NTQyODI1Mg==,-294.0,-357.0,-357.0,-294.0,T3V0Y29tZU5vZGU6NTQyODI1MQ==,217.0,217.0,237.0,240.0
T2ZmZXJUYWJsZU9mZmVyTm9kZToxMDI4MTcwMjc=,RmlnaHROb2RlOjUyNTYz,U3BvcnRzYm9va05vZGU6Mjc=,T3V0Y29tZU5vZGU6NTQyMDYxNA==,-275.0,-275.0,-275.0,-275.0,T3V0Y29tZU5vZGU6NTQyMDYxNQ==,200.0,200.0,200.0,200.0
T2ZmZXJUYWJsZU9mZmVyTm9kZToxMDI4MjExNDI=,RmlnaHROb2RlOjUyNTYy,U3BvcnRzYm9va05vZGU6MjE=,T3V0Y29tZU5vZGU6NTQyODI1MA==,-303.0,-400.0,-400.0,-303.0,T3V0Y29tZU5vZGU6NTQyODI0OQ==,224.0,224.0,258.0,258.0
T2ZmZXJUYWJsZU9mZmVyTm9kZToxMDI4MTE3MTM=,RmlnaHROb2RlOjUyNTYy,U3BvcnRzYm9va05vZGU6MTA=,T3V0Y29tZU5vZGU6NTQxMDY0NQ==,-200.0,-400.0,-400.0,-150.0,T3V0Y29tZU5vZGU6NTQxMDY0NA==,160.0,120.0,300.0,300.0
T2ZmZXJUYWJsZU9mZmVyTm9kZToxMDI4MjEyNzY=,RmlnaHROb2RlOjUyNTYy,U3BvcnRzYm9va05vZGU6Mjg=,T3V0Y29tZU5vZGU6NTQyODUxMQ==,-335.0,-355.0,-345.0,-270.0,T3V0Y29tZU5vZGU6NTQyODUxMg==,220.0,185.0,225.0,230.0
T2ZmZXJUYWJsZU9mZmVyTm9kZToxMDI4MTcwNDA=,RmlnaHROb2RlOjUyNTYy,U3BvcnRzYm9va05vZGU6Mjc=,T3V0Y29tZU5vZGU6NTQyMDY0MA==,-275.0,-350.0,-350.0,-275.0,T3V0Y29tZU5vZGU6NTQyMDY0MQ==,200.0,200.0,240.0,240.0
T2ZmZXJUYWJsZU9mZmVyTm9kZToxMDI4Mzc4MDY=,RmlnaHROb2RlOjUyMzkx,U3BvcnRzYm9va05vZGU6Mjc=,T3V0Y29tZU5vZGU6NTQ1OTU4NQ==,163.0,163.0,163.0,163.0,T3V0Y29tZU5vZGU6NTQ1OTU4NA==,-225.0,-225.0,-225.0,-225.0
T2ZmZXJUYWJsZU9mZmVyTm9kZToxMDI4MzEzMTM=,RmlnaHROb2RlOjUyMzkx,U3BvcnRzYm9va05vZGU6MTA=,T3V0Y29tZU5vZGU6NTQ0NzM3Mw==,120.0,120.0,240.0,240.0,T3V0Y29tZU5vZGU6NTQ0NzM3NA==,-150.0,-300.0,-300.0,-150.0
T2ZmZXJUYWJsZU9mZmVyTm9kZToxMDI4Mzc4MDI=,RmlnaHROb2RlOjUyNDA5,U3BvcnRzYm9va05vZGU6Mjc=,T3V0Y29tZU5vZGU6NTQ1OTU3Ng==,275.0,275.0,275.0,275.0,T3V0Y29tZU5vZGU6NTQ1OTU3Nw==,-400.0,-400.0,-400.0,-400.0
T2ZmZXJUYWJsZU9mZmVyTm9kZToxMDI4MzEzMjE=,RmlnaHROb2RlOjUyNDA5,U3BvcnRzYm9va05vZGU6MTA=,T3V0Y29tZU5vZGU6NTQ0NzM4OQ==,160.0,160.0,475.0,475.0,T3V0Y29tZU5vZGU6NTQ0NzM5MA==,-200.0,-650.0,-650.0,-200.0
T2ZmZXJUYWJsZU9mZmVyTm9kZToxMDI4MzEzMTE=,RmlnaHROb2RlOjUyMzkw,U3BvcnRzYm9va05vZGU6MTA=,T3V0Y29tZU5vZGU6NTQ0NzM2OQ==,160.0,130.0,160.0,160.0,T3V0Y29tZU5vZGU6NTQ0NzM3MA==,-200.0,-200.0,-200.0,-160.0
T2ZmZXJUYWJsZU9mZmVyTm9kZToxMDI4Mzc3OTU=,RmlnaHROb2RlOjUyMzkw,U3BvcnRzYm9va05vZGU6Mjc=,T3V0Y29tZU5vZGU6NTQ1OTU2Mw==,140.0,130.0,130.0,140.0,T3V0Y29tZU5vZGU6NTQ1OTU2Mg==,-188.0,-188.0,-175.0,-175.0
T2ZmZXJUYWJsZU9mZmVyTm9kZToxMDI4MzEzMTI=,RmlnaHROb2RlOjUyNDAy,U3BvcnRzYm9va05vZGU6MTA=,T3V0Y29tZU5vZGU6NTQ0NzM3MQ==,200.0,150.0,190.0,200.0,T3V0Y29tZU5vZGU6NTQ0NzM3Mg==,-260.0,-260.0,-240.0,-180.0
T2ZmZXJUYWJsZU9mZmVyTm9kZToxMDI4Mzc4MDA=,RmlnaHROb2RlOjUyNDAy,U3BvcnRzYm9va05vZGU6Mjc=,T3V0Y29tZU5vZGU6NTQ1OTU3Mg==,200.0,200.0,200.0,200.0,T3V0Y29tZU5vZGU6NTQ1OTU3Mw==,-275.0,-275.0,-275.0,-275.0
T2ZmZXJUYWJsZU9mZmVyTm9kZToxMDI4Mzc4MTI=,RmlnaHROb2RlOjUxNTgz,U3BvcnRzYm9va05vZGU6Mjc=,T3V0Y29tZU5vZGU6NTQ1OTU5Ng==,175.0,175.0,175.0,175.0,T3V0Y29tZU5vZGU6NTQ1OTU5Nw==,-250.0,-250.0,-250.0,-250.0
T2ZmZXJUYWJsZU9mZmVyTm9kZToxMDI4MzEzMTA=,RmlnaHROb2RlOjUxNTgz,U3BvcnRzYm9va05vZGU6MTA=,T3V0Y29tZU5vZGU6NTQ0NzM2Nw==,160.0,160.0,190.0,190.0,T3V0Y29tZU5vZGU6NTQ0NzM2OA==,-200.0,-240.0,-240.0,-200.0
T2ZmZXJUYWJsZU9mZmVyTm9kZToxMDI4MzEzMTQ=,RmlnaHROb2RlOjUyNDAz,U3BvcnRzYm9va05vZGU6MTA=,T3V0Y29tZU5vZGU6NTQ0NzM3NQ==,-115.0,-115.0,130.0,135.0,T3V0Y29tZU5vZGU6NTQ0NzM3Ng==,-115.0,-165.0,-160.0,-115.0
T2ZmZXJUYWJsZU9mZmVyTm9kZToxMDI4Mzc4MTM=,RmlnaHROb2RlOjUyNDAz,U3BvcnRzYm9va05vZGU6Mjc=,T3V0Y29tZU5vZGU6NTQ1OTU5OQ==,105.0,105.0,120.0,120.0,T3V0Y29tZU5vZGU6NTQ1OTU5OA==,-138.0,-163.0,-163.0,-138.0
T2ZmZXJUYWJsZU9mZmVyTm9kZToxMDI4Mzc4MTU=,RmlnaHROb2RlOjUyNDA4,U3BvcnRzYm9va05vZGU6Mjc=,T3V0Y29tZU5vZGU6NTQ1OTYwMg==,-163.0,-163.0,-163.0,-163.0,T3V0Y29tZU5vZGU6NTQ1OTYwMw==,120.0,120.0,120.0,120.0
T2ZmZXJUYWJsZU9mZmVyTm9kZToxMDI4MzEzMjA=,RmlnaHROb2RlOjUyNDA4,U3BvcnRzYm9va05vZGU6MTA=,T3V0Y29tZU5vZGU6NTQ0NzM4Nw==,120.0,-148.0,-148.0,120.0,T3V0Y29tZU5vZGU6NTQ0NzM4OA==,-150.0,-150.0,118.0,118.0
T2ZmZXJUYWJsZU9mZmVyTm9kZToxMDI4MzEzMTc=,RmlnaHROb2RlOjUyMzky,U3BvcnRzYm9va05vZGU6MTA=,T3V0Y29tZU5vZGU6NTQ0NzM4Mg==,-180.0,-400.0,-290.0,-180.0,T3V0Y29tZU5vZGU6NTQ0NzM4MQ==,150.0,150.0,230.0,300.0
T2ZmZXJUYWJsZU9mZmVyTm9kZToxMDI4Mzc4MTA=,RmlnaHROb2RlOjUyMzky,U3BvcnRzYm9va05vZGU6Mjc=,T3V0Y29tZU5vZGU6NTQ1OTU5Mw==,-275.0,-275.0,-275.0,-275.0,T3V0Y29tZU5vZGU6NTQ1OTU5Mg==,200.0,200.0,200.0,200.0
T2ZmZXJUYWJsZU9mZmVyTm9kZToxMDI4MzEzMTg=,RmlnaHROb2RlOjUyNDA2,U3BvcnRzYm9va05vZGU6MTA=,T3V0Y29tZU5vZGU6NTQ0NzM4NA==,-240.0,-240.0,-115.0,-115.0,T3V0Y29tZU5vZGU6NTQ0NzM4Mw==,190.0,-115.0,-115.0,190.0
T2ZmZXJUYWJsZU9mZmVyTm9kZToxMDI4Mzc3OTY=,RmlnaHROb2RlOjUyNDA2,U3BvcnRzYm9va05vZGU6Mjc=,T3V0Y29tZU5vZGU6NTQ1OTU2NA==,-188.0,-188.0,-163.0,-163.0,T3V0Y29tZU5vZGU6NTQ1OTU2NQ==,140.0,120.0,120.0,140.0
T2ZmZXJUYWJsZU9mZmVyTm9kZToxMDI4MzEzMTk=,RmlnaHROb2RlOjUyNDA3,U3BvcnRzYm9va05vZGU6MTA=,T3V0Y29tZU5vZGU6NTQ0NzM4NQ==,375.0,375.0,425.0,425.0,T3V0Y29tZU5vZGU6NTQ0NzM4Ng==,-500.0,-600.0,-600.0,-500.0
T2ZmZXJUYWJsZU9mZmVyTm9kZToxMDI4Mzc4MDU=,RmlnaHROb2RlOjUyNDA3,U3BvcnRzYm9va05vZGU6Mjc=,T3V0Y29tZU5vZGU6NTQ1OTU4Mg==,300.0,300.0,300.0,300.0,T3V0Y29tZU5vZGU6NTQ1OTU4Mw==,-450.0,-450.0,-450.0,-450.0
T2ZmZXJUYWJsZU9mZmVyTm9kZToxMDI4Mzc4MDc=,RmlnaHROb2RlOjUyNDA0,U3BvcnRzYm9va05vZGU6Mjc=,T3V0Y29tZU5vZGU6NTQ1OTU4Nw==,-450.0,-450.0,-450.0,-450.0,T3V0Y29tZU5vZGU6NTQ1OTU4Ng==,300.0,300.0,300.0,300.0
T2ZmZXJUYWJsZU9mZmVyTm9kZToxMDI4MzEzMTU=,RmlnaHROb2RlOjUyNDA0,U3BvcnRzYm9va05vZGU6MTA=,T3V0Y29tZU5vZGU6NTQ0NzM3OA==,-300.0,-500.0,-300.0,-280.0,T3V0Y29tZU5vZGU6NTQ0NzM3Nw==,240.0,220.0,240.0,375.0
T2ZmZXJUYWJsZU9mZmVyTm9kZToxMDI4NjQyMDU=,RmlnaHROb2RlOjUyMDI4,U3BvcnRzYm9va05vZGU6Mjg=,T3V0Y29tZU5vZGU6NTUwODQ3Ng==,-135.0,-145.0,-145.0,-135.0,T3V0Y29tZU5vZGU6NTUwODQ3Nw==,-105.0,-105.0,105.0,105.0
T2ZmZXJUYWJsZU9mZmVyTm9kZToxMDI4NjYzNDk=,RmlnaHROb2RlOjUyMDI4,U3BvcnRzYm9va05vZGU6Mjg=,T3V0Y29tZU5vZGU6NTUxMjU4NQ==,-145.0,-145.0,-145.0,-145.0,T3V0Y29tZU5vZGU6NTUxMjU4Ng==,105.0,105.0,105.0,105.0
T2ZmZXJUYWJsZU9mZmVyTm9kZToxMDI4NjYwODM=,RmlnaHROb2RlOjUyMDI4,U3BvcnRzYm9va05vZGU6Mjg=,T3V0Y29tZU5vZGU6NTUxMjA1Mw==,-145.0,-145.0,-145.0,-145.0,T3V0Y29tZU5vZGU6NTUxMjA1NA==,105.0,105.0,105.0,105.0
T2ZmZXJUYWJsZU9mZmVyTm9kZToxMDI4NTEyOTE=,RmlnaHROb2RlOjUyMDI4,U3BvcnRzYm9va05vZGU6MTA=,T3V0Y29tZU5vZGU6NTQ4NDU1Ng==,-300.0,-300.0,-125.0,-120.0,T3V0Y29tZU5vZGU6NTQ4NDU1NQ==,240.0,-110.0,-105.0,240.0
T2ZmZXJUYWJsZU9mZmVyTm9kZToxMDI4NTQzNjg=,RmlnaHROb2RlOjUyMDI4,U3BvcnRzYm9va05vZGU6MjE=,T3V0Y29tZU5vZGU6NTQ5MDUzNQ==,-164.0,-189.0,-137.0,-125.0,T3V0Y29tZU5vZGU6NTQ5MDUzNA==,113.0,-115.0,-110.0,130.0
T2ZmZXJUYWJsZU9mZmVyTm9kZToxMDI4NTMxNzU=,RmlnaHROb2RlOjUyMDI4,U3BvcnRzYm9va05vZGU6Mjc=,T3V0Y29tZU5vZGU6NTQ4ODMyMw==,-138.0,-138.0,-125.0,-125.0,T3V0Y29tZU5vZGU6NTQ4ODMyNA==,110.0,-111.0,-111.0,110.0
T2ZmZXJUYWJsZU9mZmVyTm9kZToxMDI4NTQzNjc=,RmlnaHROb2RlOjUyMzMw,U3BvcnRzYm9va05vZGU6MjE=,T3V0Y29tZU5vZGU6NTQ5MDUzMw==,-323.0,-588.0,-588.0,-323.0,T3V0Y29tZU5vZGU6NTQ5MDUzMg==,204.0,204.0,355.0,355.0
T2ZmZXJUYWJsZU9mZmVyTm9kZToxMDI4NTMxOTY=,RmlnaHROb2RlOjUyMzMw,U3BvcnRzYm9va05vZGU6Mjc=,T3V0Y29tZU5vZGU6NTQ4ODM2NQ==,-275.0,-350.0,-350.0,-275.0,T3V0Y29tZU5vZGU6NTQ4ODM2Ng==,210.0,210.0,250.0,250.0
T2ZmZXJUYWJsZU9mZmVyTm9kZToxMDI4NTEyOTI=,RmlnaHROb2RlOjUyMzMw,U3BvcnRzYm9va05vZGU6MTA=,T3V0Y29tZU5vZGU6NTQ4NDU1OA==,-200.0,-550.0,-500.0,-200.0,T3V0Y29tZU5vZGU6NTQ4NDU1Nw==,160.0,160.0,375.0,400.0
T2ZmZXJUYWJsZU9mZmVyTm9kZToxMDI4NjQ4MTY=,RmlnaHROb2RlOjUyMzMw,U3BvcnRzYm9va05vZGU6Mjg=,T3V0Y29tZU5vZGU6NTUwOTU3Mg==,-345.0,-455.0,-335.0,-335.0,T3V0Y29tZU5vZGU6NTUwOTU3Mw==,225.0,220.0,220.0,280.0
T2ZmZXJUYWJsZU9mZmVyTm9kZToxMDI4NjUyNDA=,RmlnaHROb2RlOjUyODU1,U3BvcnRzYm9va05vZGU6Mjg=,T3V0Y29tZU5vZGU6NTUxMDQyMA==,148.0,148.0,148.0,148.0,T3V0Y29tZU5vZGU6NTUxMDQyMQ==,-195.0,-195.0,-195.0,-195.0
T2ZmZXJUYWJsZU9mZmVyTm9kZToxMDI4NTEyOTk=,RmlnaHROb2RlOjUyODU1,U3BvcnRzYm9va05vZGU6MTA=,T3V0Y29tZU5vZGU6NTQ4NDU3MQ==,120.0,-125.0,155.0,165.0,T3V0Y29tZU5vZGU6NTQ4NDU3Mg==,-150.0,-205.0,-185.0,-105.0
T2ZmZXJUYWJsZU9mZmVyTm9kZToxMDI4NjQ4ODE=,RmlnaHROb2RlOjUyODU1,U3BvcnRzYm9va05vZGU6MjE=,T3V0Y29tZU5vZGU6NTUwOTcwMw==,144.0,144.0,144.0,144.0,T3V0Y29tZU5vZGU6NTUwOTcwMg==,-213.0,-213.0,-213.0,-213.0
T2ZmZXJUYWJsZU9mZmVyTm9kZToxMDI4NTMxOTQ=,RmlnaHROb2RlOjUyODU1,U3BvcnRzYm9va05vZGU6Mjc=,T3V0Y29tZU5vZGU6NTQ4ODM2MQ==,150.0,150.0,150.0,150.0,T3V0Y29tZU5vZGU6NTQ4ODM2Mg==,-188.0,-200.0,-200.0,-188.0
T2ZmZXJUYWJsZU9mZmVyTm9kZToxMDI4NTMxODg=,RmlnaHROb2RlOjUyOTY4,U3BvcnRzYm9va05vZGU6Mjc=,T3V0Y29tZU5vZGU6NTQ4ODM0OQ==,-275.0,-350.0,-222.0,-222.0,T3V0Y29tZU5vZGU6NTQ4ODM1MA==,210.0,155.0,155.0,250.0
T2ZmZXJUYWJsZU9mZmVyTm9kZToxMDI4NjQ4ODI=,RmlnaHROb2RlOjUyOTY4,U3BvcnRzYm9va05vZGU6MjE=,T3V0Y29tZU5vZGU6NTUwOTcwNQ==,-435.0,-435.0,-222.0,-222.0,T3V0Y29tZU5vZGU6NTUwOTcwNA==,258.0,151.0,151.0,258.0
T2ZmZXJUYWJsZU9mZmVyTm9kZToxMDI4NjUyNDE=,RmlnaHROb2RlOjUyOTY4,U3BvcnRzYm9va05vZGU6Mjg=,T3V0Y29tZU5vZGU6NTUxMDQyMg==,-345.0,-345.0,-215.0,-215.0,T3V0Y29tZU5vZGU6NTUxMDQyMw==,225.0,160.0,160.0,225.0
T2ZmZXJUYWJsZU9mZmVyTm9kZToxMDI4NTEyOTg=,RmlnaHROb2RlOjUyOTY4,U3BvcnRzYm9va05vZGU6MTA=,T3V0Y29tZU5vZGU6NTQ4NDU3MA==,-300.0,-350.0,-210.0,-200.0,T3V0Y29tZU5vZGU6NTQ4NDU2OQ==,240.0,160.0,170.0,275.0
T2ZmZXJUYWJsZU9mZmVyTm9kZToxMDI4NTQyODU=,RmlnaHROb2RlOjUyNTM5,U3BvcnRzYm9va05vZGU6MjE=,T3V0Y29tZU5vZGU6NTQ5MDM3NQ==,-1111.0,-1111.0,-588.0,-357.0,T3V0Y29tZU5vZGU6NTQ5MDM3NA==,475.0,226.0,355.0,475.0
T2ZmZXJUYWJsZU9mZmVyTm9kZToxMDI4NTMxNzY=,RmlnaHROb2RlOjUyNTM5,U3BvcnRzYm9va05vZGU6Mjc=,T3V0Y29tZU5vZGU6NTQ4ODMyNQ==,-649.0,-649.0,-450.0,-450.0,T3V0Y29tZU5vZGU6NTQ4ODMyNg==,450.0,300.0,300.0,450.0
T2ZmZXJUYWJsZU9mZmVyTm9kZToxMDI4NjQ4MTU=,RmlnaHROb2RlOjUyNTM5,U3BvcnRzYm9va05vZGU6Mjg=,T3V0Y29tZU5vZGU6NTUwOTU3MA==,-435.0,-455.0,-400.0,-400.0,T3V0Y29tZU5vZGU6NTUwOTU3MQ==,270.0,250.0,250.0,280.0
T2ZmZXJUYWJsZU9mZmVyTm9kZToxMDI4NTEyOTc=,RmlnaHROb2RlOjUyNTM5,U3BvcnRzYm9va05vZGU6MTA=,T3V0Y29tZU5vZGU6NTQ4NDU2OA==,-700.0,-700.0,-500.0,-300.0,T3V0Y29tZU5vZGU6NTQ4NDU2Nw==,500.0,240.0,375.0,500.0
T2ZmZXJUYWJsZU9mZmVyTm9kZToxMDI4NjQ4ODM=,RmlnaHROb2RlOjUyODc2,U3BvcnRzYm9va05vZGU6MjE=,T3V0Y29tZU5vZGU6NTUwOTcwNw==,226.0,226.0,355.0,355.0,T3V0Y29tZU5vZGU6NTUwOTcwNg==,-357.0,-667.0,-667.0,-357.0
T2ZmZXJUYWJsZU9mZmVyTm9kZToxMDI4NTMxODE=,RmlnaHROb2RlOjUyODc2,U3BvcnRzYm9va05vZGU6Mjc=,T3V0Y29tZU5vZGU6NTQ4ODMzNQ==,200.0,200.0,210.0,210.0,T3V0Y29tZU5vZGU6NTQ4ODMzNg==,-250.0,-300.0,-300.0,-250.0
T2ZmZXJUYWJsZU9mZmVyTm9kZToxMDI4NTEyOTU=,RmlnaHROb2RlOjUyODc2,U3BvcnRzYm9va05vZGU6MTA=,T3V0Y29tZU5vZGU6NTQ4NDU2NA==,-130.0,-130.0,400.0,400.0,T3V0Y29tZU5vZGU6NTQ4NDU2Mw==,100.0,-550.0,-550.0,100.0
T2ZmZXJUYWJsZU9mZmVyTm9kZToxMDI4NjAyNDY=,RmlnaHROb2RlOjUyNDQw,U3BvcnRzYm9va05vZGU6MjE=,T3V0Y29tZU5vZGU6NTUwMTEyNg==,450.0,403.0,403.0,475.0,T3V0Y29tZU5vZGU6NTUwMTEyNQ==,-1000.0,-1000.0,-1000.0,-1000.0
T2ZmZXJUYWJsZU9mZmVyTm9kZToxMDI4NTMxOTM=,RmlnaHROb2RlOjUyNDQw,U3BvcnRzYm9va05vZGU6Mjc=,T3V0Y29tZU5vZGU6NTQ4ODM1OQ==,450.0,400.0,400.0,450.0,T3V0Y29tZU5vZGU6NTQ4ODM2MA==,-649.0,-649.0,-649.0,-649.0
T2ZmZXJUYWJsZU9mZmVyTm9kZToxMDI4NTEyOTQ=,RmlnaHROb2RlOjUyNDQw,U3BvcnRzYm9va05vZGU6MTA=,T3V0Y29tZU5vZGU6NTQ4NDU2MQ==,240.0,240.0,425.0,500.0,T3V0Y29tZU5vZGU6NTQ4NDU2Mg==,-300.0,-700.0,-600.0,-300.0
T2ZmZXJUYWJsZU9mZmVyTm9kZToxMDI4NjYyMjM=,RmlnaHROb2RlOjUyNDQw,U3BvcnRzYm9va05vZGU6Mjg=,T3V0Y29tZU5vZGU6NTUxMjMzMw==,415.0,415.0,415.0,415.0,T3V0Y29tZU5vZGU6NTUxMjMzNA==,-715.0,-715.0,-715.0,-715.0
T2ZmZXJUYWJsZU9mZmVyTm9kZToxMDI4NjQ4MTc=,RmlnaHROb2RlOjUyNDQw,U3BvcnRzYm9va05vZGU6Mjg=,T3V0Y29tZU5vZGU6NTUwOTU3NA==,345.0,345.0,415.0,415.0,T3V0Y29tZU5vZGU6NTUwOTU3NQ==,-590.0,-715.0,-715.0,-590.0
T2ZmZXJUYWJsZU9mZmVyTm9kZToxMDI4NTEzMDE=,RmlnaHROb2RlOjUyNTU5,U3BvcnRzYm9va05vZGU6MTA=,T3V0Y29tZU5vZGU6NTQ4NDU3Ng==,-400.0,-1100.0,-650.0,-350.0,T3V0Y29tZU5vZGU6NTQ4NDU3NQ==,300.0,275.0,475.0,725.0
T2ZmZXJUYWJsZU9mZmVyTm9kZToxMDI4NTMxODI=,RmlnaHROb2RlOjUyNTU5,U3BvcnRzYm9va05vZGU6Mjc=,T3V0Y29tZU5vZGU6NTQ4ODMzNw==,-800.0,-1408.0,-833.0,-800.0,T3V0Y29tZU5vZGU6NTQ4ODMzOA==,500.0,425.0,425.0,650.0
T2ZmZXJUYWJsZU9mZmVyTm9kZToxMDI4NjQ4Mzc=,RmlnaHROb2RlOjUyNDAx,U3BvcnRzYm9va05vZGU6Mjg=,T3V0Y29tZU5vZGU6NTUwOTYxNA==,-270.0,-270.0,-270.0,-270.0,T3V0Y29tZU5vZGU6NTUwOTYxNQ==,185.0,185.0,185.0,185.0
T2ZmZXJUYWJsZU9mZmVyTm9kZToxMDI4NTEzMDA=,RmlnaHROb2RlOjUyNDAx,U3BvcnRzYm9va05vZGU6MTA=,T3V0Y29tZU5vZGU6NTQ4NDU3NA==,-240.0,-295.0,-295.0,125.0,T3V0Y29tZU5vZGU6NTQ4NDU3Mw==,190.0,-155.0,235.0,235.0
T2ZmZXJUYWJsZU9mZmVyTm9kZToxMDI4NTMxNzk=,RmlnaHROb2RlOjUyNDAx,U3BvcnRzYm9va05vZGU6Mjc=,T3V0Y29tZU5vZGU6NTQ4ODMzMQ==,-225.0,-275.0,-275.0,-225.0,T3V0Y29tZU5vZGU6NTQ4ODMzMg==,175.0,175.0,200.0,200.0
T2ZmZXJUYWJsZU9mZmVyTm9kZToxMDI4OTg5MDI=,RmlnaHROb2RlOjUyMzI3,U3BvcnRzYm9va05vZGU6Mjg=,T3V0Y29tZU5vZGU6NTU3NDUyNg==,-270.0,-270.0,-200.0,-200.0,T3V0Y29tZU5vZGU6NTU3NDUyNw==,185.0,150.0,150.0,185.0
T2ZmZXJUYWJsZU9mZmVyTm9kZToxMDI4NzU2OTM=,RmlnaHROb2RlOjUyMzI3,U3BvcnRzYm9va05vZGU6MTA=,T3V0Y29tZU5vZGU6NTUzMDU3Nw==,200.0,-240.0,-200.0,200.0,T3V0Y29tZU5vZGU6NTUzMDU3OA==,-260.0,-260.0,160.0,190.0
T2ZmZXJUYWJsZU9mZmVyTm9kZToxMDI4ODY0MTg=,RmlnaHROb2RlOjUyMzI3,U3BvcnRzYm9va05vZGU6MjE=,T3V0Y29tZU5vZGU6NTU1MDczMw==,-250.0,-250.0,-222.0,-222.0,T3V0Y29tZU5vZGU6NTU1MDczMg==,168.0,151.0,151.0,168.0
T2ZmZXJUYWJsZU9mZmVyTm9kZToxMDI4OTQ4MzY=,RmlnaHROb2RlOjUyMzI3,U3BvcnRzYm9va05vZGU6Mjc=,T3V0Y29tZU5vZGU6NTU2NjcxNA==,-225.0,-225.0,-225.0,-225.0,T3V0Y29tZU5vZGU6NTU2NjcxNQ==,163.0,163.0,163.0,163.0
T2ZmZXJUYWJsZU9mZmVyTm9kZToxMDI4OTMyMjY=,RmlnaHROb2RlOjUyMTUw,U3BvcnRzYm9va05vZGU6Mjg=,T3V0Y29tZU5vZGU6NTU2MzU5MA==,-180.0,-345.0,-345.0,-180.0,T3V0Y29tZU5vZGU6NTU2MzU5MQ==,140.0,140.0,225.0,225.0
T2ZmZXJUYWJsZU9mZmVyTm9kZToxMDI4NzU2OTE=,RmlnaHROb2RlOjUyMTUw,U3BvcnRzYm9va05vZGU6MTA=,T3V0Y29tZU5vZGU6NTUzMDU3NA==,-400.0,-400.0,-300.0,-180.0,T3V0Y29tZU5vZGU6NTUzMDU3Mw==,300.0,150.0,240.0,300.0
T2ZmZXJUYWJsZU9mZmVyTm9kZToxMDI4NzkxNzE=,RmlnaHROb2RlOjUyMTUw,U3BvcnRzYm9va05vZGU6MjE=,T3V0Y29tZU5vZGU6NTUzNzMyNQ==,-222.0,-435.0,-345.0,-204.0,T3V0Y29tZU5vZGU6NTUzNzMyNA==,151.0,139.0,226.0,258.0
T2ZmZXJUYWJsZU9mZmVyTm9kZToxMDI4OTQ4MzQ=,RmlnaHROb2RlOjUyMTUw,U3BvcnRzYm9va05vZGU6Mjc=,T3V0Y29tZU5vZGU6NTU2NjcxMA==,-350.0,-350.0,-350.0,-350.0,T3V0Y29tZU5vZGU6NTU2NjcxMQ==,240.0,240.0,240.0,240.0
T2ZmZXJUYWJsZU9mZmVyTm9kZToxMDI4NzU2OTI=,RmlnaHROb2RlOjUzMTY1,U3BvcnRzYm9va05vZGU6MTA=,T3V0Y29tZU5vZGU6NTUzMDU3Ng==,-200.0,-200.0,110.0,120.0,T3V0Y29tZU5vZGU6NTUzMDU3NQ==,160.0,-150.0,-140.0,160.0
T2ZmZXJUYWJsZU9mZmVyTm9kZToxMDI4OTMzNzI=,RmlnaHROb2RlOjUzMTY1,U3BvcnRzYm9va05vZGU6Mjg=,T3V0Y29tZU5vZGU6NTU2Mzg4Mg==,-110.0,-120.0,-120.0,110.0,T3V0Y29tZU5vZGU6NTU2Mzg4Mw==,-130.0,-150.0,-120.0,-120.0
T2ZmZXJUYWJsZU9mZmVyTm9kZToxMDI4NzkxNzI=,RmlnaHROb2RlOjUzMTY1,U3BvcnRzYm9va05vZGU6MjE=,T3V0Y29tZU5vZGU6NTUzNzMyNw==,113.0,-120.0,104.0,113.0,T3V0Y29tZU5vZGU6NTUzNzMyNg==,-164.0,-164.0,-152.0,-120.0
T2ZmZXJUYWJsZU9mZmVyTm9kZToxMDI4OTQ4Mjg=,RmlnaHROb2RlOjUzMTY1,U3BvcnRzYm9va05vZGU6Mjc=,T3V0Y29tZU5vZGU6NTU2NjY5OA==,110.0,-110.0,105.0,110.0,T3V0Y29tZU5vZGU6NTU2NjY5OQ==,-150.0,-150.0,-138.0,-120.0
T2ZmZXJUYWJsZU9mZmVyTm9kZToxMDI4OTQ4MjU=,RmlnaHROb2RlOjUyOTY2,U3BvcnRzYm9va05vZGU6Mjc=,T3V0Y29tZU5vZGU6NTU2NjY5Mg==,240.0,240.0,240.0,240.0,T3V0Y29tZU5vZGU6NTU2NjY5Mw==,-350.0,-350.0,-350.0,-350.0
T2ZmZXJUYWJsZU9mZmVyTm9kZToxMDI4NzkxNzM=,RmlnaHROb2RlOjUyOTY2,U3BvcnRzYm9va05vZGU6MjE=,T3V0Y29tZU5vZGU6NTUzNzMyOQ==,285.0,258.0,306.0,330.0,T3V0Y29tZU5vZGU6NTUzNzMyOA==,-500.0,-588.0,-588.0,-435.0
T2ZmZXJUYWJsZU9mZmVyTm9kZToxMDI4OTg5MDA=,RmlnaHROb2RlOjUyOTY2,U3BvcnRzYm9va05vZGU6Mjg=,T3V0Y29tZU5vZGU6NTU3NDUyMg==,220.0,220.0,245.0,245.0,T3V0Y29tZU5vZGU6NTU3NDUyMw==,-335.0,-385.0,-385.0,-335.0
T2ZmZXJUYWJsZU9mZmVyTm9kZToxMDI4NzU2OTU=,RmlnaHROb2RlOjUyOTY2,U3BvcnRzYm9va05vZGU6MTA=,T3V0Y29tZU5vZGU6NTUzMDU4MQ==,300.0,275.0,325.0,350.0,T3V0Y29tZU5vZGU6NTUzMDU4Mg==,-400.0,-450.0,-425.0,-350.0
T2ZmZXJUYWJsZU9mZmVyTm9kZToxMDI4NzU2OTg=,RmlnaHROb2RlOjUyMzYz,U3BvcnRzYm9va05vZGU6MTA=,T3V0Y29tZU5vZGU6NTUzMDU4Nw==,150.0,-105.0,105.0,150.0,T3V0Y29tZU5vZGU6NTUzMDU4OA==,-180.0,-180.0,-135.0,-125.0
T2ZmZXJUYWJsZU9mZmVyTm9kZToxMDI4OTUxNzM=,RmlnaHROb2RlOjUyMzYz,U3BvcnRzYm9va05vZGU6MjE=,T3V0Y29tZU5vZGU6NTU2NzM4NQ==,-110.0,-110.0,100.0,100.0,T3V0Y29tZU5vZGU6NTU2NzM4NA==,-132.0,-143.0,-143.0,-132.0
T2ZmZXJUYWJsZU9mZmVyTm9kZToxMDI4OTkzNzE=,RmlnaHROb2RlOjUyMzYz,U3BvcnRzYm9va05vZGU6Mjg=,T3V0Y29tZU5vZGU6NTU3NTQ2NA==,-105.0,-105.0,-105.0,-105.0,T3V0Y29tZU5vZGU6NTU3NTQ2NQ==,-135.0,-135.0,-135.0,-135.0
T2ZmZXJUYWJsZU9mZmVyTm9kZToxMDI4OTQ4NDA=,RmlnaHROb2RlOjUyMzYz,U3BvcnRzYm9va05vZGU6Mjc=,T3V0Y29tZU5vZGU6NTU2NjcyMg==,-110.0,-110.0,-110.0,-110.0,T3V0Y29tZU5vZGU6NTU2NjcyMw==,-120.0,-120.0,-120.0,-120.0
T2ZmZXJUYWJsZU9mZmVyTm9kZToxMDI4NzU2OTc=,RmlnaHROb2RlOjUyMzI5,U3BvcnRzYm9va05vZGU6MTA=,T3V0Y29tZU5vZGU6NTUzMDU4NQ==,160.0,-178.0,-165.0,160.0,T3V0Y29tZU5vZGU6NTUzMDU4Ng==,-200.0,-200.0,135.0,148.0
T2ZmZXJUYWJsZU9mZmVyTm9kZToxMDI4ODY0MjE=,RmlnaHROb2RlOjUyMzI5,U3BvcnRzYm9va05vZGU6MjE=,T3V0Y29tZU5vZGU6NTU1MDczOQ==,-204.0,-204.0,-182.0,-182.0,T3V0Y29tZU5vZGU6NTU1MDczOA==,138.0,126.0,126.0,138.0
T2ZmZXJUYWJsZU9mZmVyTm9kZToxMDI4ODY5Nzc=,RmlnaHROb2RlOjUyMzI5,U3BvcnRzYm9va05vZGU6Mjg=,T3V0Y29tZU5vZGU6NTU1MTY4MQ==,-179.0,-179.0,-164.0,-164.0,T3V0Y29tZU5vZGU6NTU1MTY4Mg==,139.0,124.0,124.0,139.0
T2ZmZXJUYWJsZU9mZmVyTm9kZToxMDI4OTQ4Mzg=,RmlnaHROb2RlOjUyMzI5,U3BvcnRzYm9va05vZGU6Mjc=,T3V0Y29tZU5vZGU6NTU2NjcxOA==,-175.0,-175.0,-175.0,-175.0,T3V0Y29tZU5vZGU6NTU2NjcxOQ==,130.0,130.0,130.0,130.0
T2ZmZXJUYWJsZU9mZmVyTm9kZToxMDI4NzU2OTA=,RmlnaHROb2RlOjUyMTQ5,U3BvcnRzYm9va05vZGU6MTA=,T3V0Y29tZU5vZGU6NTUzMDU3Mg==,-300.0,-525.0,-450.0,-300.0,T3V0Y29tZU5vZGU6NTUzMDU3MQ==,240.0,240.0,350.0,400.0
T2ZmZXJUYWJsZU9mZmVyTm9kZToxMDI4OTg5MDE=,RmlnaHROb2RlOjUyMTQ5,U3BvcnRzYm9va05vZGU6Mjg=,T3V0Y29tZU5vZGU6NTU3NDUyNA==,-415.0,-525.0,-345.0,-335.0,T3V0Y29tZU5vZGU6NTU3NDUyNQ==,260.0,220.0,225.0,315.0
T2ZmZXJUYWJsZU9mZmVyTm9kZToxMDI4OTQ4MjE=,RmlnaHROb2RlOjUyMTQ5,U3BvcnRzYm9va05vZGU6Mjc=,T3V0Y29tZU5vZGU6NTU2NjY4NA==,-350.0,-350.0,-225.0,-175.0,T3V0Y29tZU5vZGU6NTU2NjY4NQ==,240.0,130.0,163.0,240.0
T2ZmZXJUYWJsZU9mZmVyTm9kZToxMDI4NzkxNzQ=,RmlnaHROb2RlOjUyMTQ5,U3BvcnRzYm9va05vZGU6MjE=,T3V0Y29tZU5vZGU6NTUzNzMzMQ==,-588.0,-714.0,-588.0,-588.0,T3V0Y29tZU5vZGU6NTUzNzMzMA==,330.0,306.0,330.0,352.0
T2ZmZXJUYWJsZU9mZmVyTm9kZToxMDI4OTUxNzI=,RmlnaHROb2RlOjUzMTY2,U3BvcnRzYm9va05vZGU6MjE=,T3V0Y29tZU5vZGU6NTU2NzM4Mw==,-169.0,-222.0,-222.0,-169.0,T3V0Y29tZU5vZGU6NTU2NzM4Mg==,118.0,118.0,151.0,151.0
T2ZmZXJUYWJsZU9mZmVyTm9kZToxMDI4OTkzNzM=,RmlnaHROb2RlOjUzMTY2,U3BvcnRzYm9va05vZGU6Mjg=,T3V0Y29tZU5vZGU6NTU3NTQ2OA==,-200.0,-200.0,-200.0,-200.0,T3V0Y29tZU5vZGU6NTU3NTQ2OQ==,150.0,150.0,150.0,150.0
T2ZmZXJUYWJsZU9mZmVyTm9kZToxMDI4OTQ4MjI=,RmlnaHROb2RlOjUzMTY2,U3BvcnRzYm9va05vZGU6Mjc=,T3V0Y29tZU5vZGU6NTU2NjY4Ng==,-150.0,-150.0,-150.0,-150.0,T3V0Y29tZU5vZGU6NTU2NjY4Nw==,110.0,110.0,110.0,110.0
T2ZmZXJUYWJsZU9mZmVyTm9kZToxMDI4NzU3MDA=,RmlnaHROb2RlOjUzMTY2,U3BvcnRzYm9va05vZGU6MTA=,T3V0Y29tZU5vZGU6NTUzMDU5Mg==,-180.0,-245.0,-170.0,-155.0,T3V0Y29tZU5vZGU6NTUzMDU5MQ==,150.0,125.0,140.0,195.0
T2ZmZXJUYWJsZU9mZmVyTm9kZToxMDI4NzU2OTY=,RmlnaHROb2RlOjUyMzYy,U3BvcnRzYm9va05vZGU6MTA=,T3V0Y29tZU5vZGU6NTUzMDU4Mw==,375.0,275.0,325.0,375.0,T3V0Y29tZU5vZGU6NTUzMDU4NA==,-500.0,-500.0,-425.0,-350.0
T2ZmZXJUYWJsZU9mZmVyTm9kZToxMDI4OTQ4MjA=,RmlnaHROb2RlOjUyMzYy,U3BvcnRzYm9va05vZGU6Mjc=,T3V0Y29tZU5vZGU6NTU2NjY4Mg==,275.0,275.0,275.0,275.0,T3V0Y29tZU5vZGU6NTU2NjY4Mw==,-400.0,-400.0,-400.0,-400.0
T2ZmZXJUYWJsZU9mZmVyTm9kZToxMDI4OTg4NTM=,RmlnaHROb2RlOjUyMzYy,U3BvcnRzYm9va05vZGU6Mjg=,T3V0Y29tZU5vZGU6NTU3NDQyOA==,260.0,260.0,260.0,300.0,T3V0Y29tZU5vZGU6NTU3NDQyOQ==,-415.0,-500.0,-415.0,-415.0
T2ZmZXJUYWJsZU9mZmVyTm9kZToxMDI4ODY0MTk=,RmlnaHROb2RlOjUyMzYy,U3BvcnRzYm9va05vZGU6MjE=,T3V0Y29tZU5vZGU6NTU1MDczNQ==,306.0,285.0,306.0,306.0,T3V0Y29tZU5vZGU6NTU1MDczNA==,-526.0,-526.0,-526.0,-526.0
T2ZmZXJUYWJsZU9mZmVyTm9kZToxMDI5MTEyNjQ=,RmlnaHROb2RlOjUyOTU2,U3BvcnRzYm9va05vZGU6MTA=,T3V0Y29tZU5vZGU6NTU5ODMwNQ==,-240.0,-240.0,135.0,140.0,T3V0Y29tZU5vZGU6NTU5ODMwNA==,190.0,-170.0,-165.0,190.0
T2ZmZXJUYWJsZU9mZmVyTm9kZToxMDI5MTc4MjU=,RmlnaHROb2RlOjUyOTU2,U3BvcnRzYm9va05vZGU6Mjc=,T3V0Y29tZU5vZGU6NTYxMTIwMg==,120.0,-105.0,130.0,130.0,T3V0Y29tZU5vZGU6NTYxMTIwMw==,-163.0,-175.0,-175.0,-120.0
T2ZmZXJUYWJsZU9mZmVyTm9kZToxMDI5MTM2ODE=,RmlnaHROb2RlOjUyOTU2,U3BvcnRzYm9va05vZGU6Mjg=,T3V0Y29tZU5vZGU6NTYwMzA2Mg==,125.0,125.0,125.0,125.0,T3V0Y29tZU5vZGU6NTYwMzA2Mw==,-165.0,-165.0,-165.0,-165.0
T2ZmZXJUYWJsZU9mZmVyTm9kZToxMDI5MTE4Nzk=,RmlnaHROb2RlOjUyOTU2,U3BvcnRzYm9va05vZGU6MjE=,T3V0Y29tZU5vZGU6NTU5OTUzNQ==,-152.0,-152.0,126.0,126.0,T3V0Y29tZU5vZGU6NTU5OTUzNA==,104.0,-182.0,-182.0,104.0
T2ZmZXJUYWJsZU9mZmVyTm9kZToxMDI5MTM2ODk=,RmlnaHROb2RlOjUyNzk1,U3BvcnRzYm9va05vZGU6Mjg=,T3V0Y29tZU5vZGU6NTYwMzA3Ng==,-415.0,-415.0,-415.0,-415.0,T3V0Y29tZU5vZGU6NTYwMzA3OA==,260.0,260.0,260.0,260.0
T2ZmZXJUYWJsZU9mZmVyTm9kZToxMDI5MTEyNjM=,RmlnaHROb2RlOjUyNzk1,U3BvcnRzYm9va05vZGU6MTA=,T3V0Y29tZU5vZGU6NTU5ODMwMw==,-300.0,-650.0,-620.0,-300.0,T3V0Y29tZU5vZGU6NTU5ODMwMg==,240.0,240.0,445.0,475.0
T2ZmZXJUYWJsZU9mZmVyTm9kZToxMDI5MTc4MTU=,RmlnaHROb2RlOjUyNzk1,U3BvcnRzYm9va05vZGU6Mjc=,T3V0Y29tZU5vZGU6NTYxMTE4Mg==,-450.0,-450.0,-450.0,-450.0,T3V0Y29tZU5vZGU6NTYxMTE4Mw==,300.0,300.0,300.0,300.0
T2ZmZXJUYWJsZU9mZmVyTm9kZToxMDI5MTEzMTU=,RmlnaHROb2RlOjUyNzk1,U3BvcnRzYm9va05vZGU6MjE=,T3V0Y29tZU5vZGU6NTU5ODQwNw==,-357.0,-476.0,-476.0,-357.0,T3V0Y29tZU5vZGU6NTU5ODQwNg==,226.0,226.0,281.0,281.0
T2ZmZXJUYWJsZU9mZmVyTm9kZToxMDI5MTEyNjg=,RmlnaHROb2RlOjUzMjAy,U3BvcnRzYm9va05vZGU6MTA=,T3V0Y29tZU5vZGU6NTU5ODMxMw==,-200.0,-210.0,-210.0,-175.0,T3V0Y29tZU5vZGU6NTU5ODMxMg==,160.0,145.0,170.0,170.0
T2ZmZXJUYWJsZU9mZmVyTm9kZToxMDI5MTc4MTc=,RmlnaHROb2RlOjUzMjAy,U3BvcnRzYm9va05vZGU6Mjc=,T3V0Y29tZU5vZGU6NTYxMTE4Ng==,-200.0,-200.0,-200.0,-200.0,T3V0Y29tZU5vZGU6NTYxMTE4Nw==,150.0,150.0,150.0,150.0
T2ZmZXJUYWJsZU9mZmVyTm9kZToxMDI5MTc4Mjc=,RmlnaHROb2RlOjUyOTU5,U3BvcnRzYm9va05vZGU6Mjc=,T3V0Y29tZU5vZGU6NTYxMTIwNg==,-138.0,-138.0,-138.0,-138.0,T3V0Y29tZU5vZGU6NTYxMTIwNw==,105.0,105.0,105.0,105.0
T2ZmZXJUYWJsZU9mZmVyTm9kZToxMDI5MTM2ODM=,RmlnaHROb2RlOjUyOTU5,U3BvcnRzYm9va05vZGU6Mjg=,T3V0Y29tZU5vZGU6NTYwMzA2Ng==,-140.0,-140.0,-140.0,-140.0,T3V0Y29tZU5vZGU6NTYwMzA2Nw==,100.0,100.0,100.0,100.0
T2ZmZXJUYWJsZU9mZmVyTm9kZToxMDI5MTEyNjc=,RmlnaHROb2RlOjUyOTU5,U3BvcnRzYm9va05vZGU6MTA=,T3V0Y29tZU5vZGU6NTU5ODMxMQ==,-400.0,-400.0,-170.0,-140.0,T3V0Y29tZU5vZGU6NTU5ODMxMA==,300.0,110.0,140.0,300.0
T2ZmZXJUYWJsZU9mZmVyTm9kZToxMDI5MTE5MjU=,RmlnaHROb2RlOjUyOTU5,U3BvcnRzYm9va05vZGU6MjE=,T3V0Y29tZU5vZGU6NTU5OTYyNw==,-357.0,-357.0,-152.0,-152.0,T3V0Y29tZU5vZGU6NTU5OTYyNg==,226.0,104.0,104.0,226.0
T2ZmZXJUYWJsZU9mZmVyTm9kZToxMDI5MTM2ODc=,RmlnaHROb2RlOjUzMTU0,U3BvcnRzYm9va05vZGU6Mjg=,T3V0Y29tZU5vZGU6NTYwMzA3NQ==,-145.0,-145.0,-145.0,-145.0,T3V0Y29tZU5vZGU6NTYwMzA3NA==,105.0,105.0,105.0,105.0
T2ZmZXJUYWJsZU9mZmVyTm9kZToxMDI5MTEyNzE=,RmlnaHROb2RlOjUzMTU0,U3BvcnRzYm9va05vZGU6MTA=,T3V0Y29tZU5vZGU6NTU5ODMxOA==,160.0,-145.0,-145.0,160.0,T3V0Y29tZU5vZGU6NTU5ODMxOQ==,-200.0,-200.0,115.0,115.0
T2ZmZXJUYWJsZU9mZmVyTm9kZToxMDI5MTc4MTg=,RmlnaHROb2RlOjUzMTU0,U3BvcnRzYm9va05vZGU6Mjc=,T3V0Y29tZU5vZGU6NTYxMTE4OA==,-150.0,-150.0,-150.0,-150.0,T3V0Y29tZU5vZGU6NTYxMTE4OQ==,110.0,110.0,110.0,110.0
T2ZmZXJUYWJsZU9mZmVyTm9kZToxMDI5MTE5Mjk=,RmlnaHROb2RlOjUzMTU0,U3BvcnRzYm9va05vZGU6MjE=,T3V0Y29tZU5vZGU6NTU5OTYzNA==,-120.0,-156.0,-156.0,-120.0,T3V0Y29tZU5vZGU6NTU5OTYzNQ==,-120.0,-120.0,108.0,108.0
T2ZmZXJUYWJsZU9mZmVyTm9kZToxMDI5MTc4MjM=,RmlnaHROb2RlOjUyOTYw,U3BvcnRzYm9va05vZGU6Mjc=,T3V0Y29tZU5vZGU6NTYxMTE5OA==,-188.0,-188.0,-188.0,-188.0,T3V0Y29tZU5vZGU6NTYxMTE5OQ==,140.0,140.0,140.0,140.0
T2ZmZXJUYWJsZU9mZmVyTm9kZToxMDI5MTEyNjk=,RmlnaHROb2RlOjUyOTYw,U3BvcnRzYm9va05vZGU6MTA=,T3V0Y29tZU5vZGU6NTU5ODMxNQ==,-400.0,-400.0,-255.0,-185.0,T3V0Y29tZU5vZGU6NTU5ODMxNA==,300.0,155.0,205.0,300.0
T2ZmZXJUYWJsZU9mZmVyTm9kZToxMDI5MTE5Mjc=,RmlnaHROb2RlOjUyOTYw,U3BvcnRzYm9va05vZGU6MjE=,T3V0Y29tZU5vZGU6NTU5OTYzMQ==,-500.0,-500.0,-213.0,-213.0,T3V0Y29tZU5vZGU6NTU5OTYzMA==,285.0,144.0,144.0,285.0
T2ZmZXJUYWJsZU9mZmVyTm9kZToxMDI5MTM2ODI=,RmlnaHROb2RlOjUyOTYw,U3BvcnRzYm9va05vZGU6Mjg=,T3V0Y29tZU5vZGU6NTYwMzA2NA==,-185.0,-185.0,-185.0,-185.0,T3V0Y29tZU5vZGU6NTYwMzA2NQ==,142.0,142.0,142.0,142.0
T2ZmZXJUYWJsZU9mZmVyTm9kZToxMDI5MTM2ODQ=,RmlnaHROb2RlOjUyOTU3,U3BvcnRzYm9va05vZGU6Mjg=,T3V0Y29tZU5vZGU6NTYwMzA2OA==,-285.0,-285.0,-285.0,-285.0,T3V0Y29tZU5vZGU6NTYwMzA2OQ==,195.0,195.0,195.0,195.0
T2ZmZXJUYWJsZU9mZmVyTm9kZToxMDI5MTE5MjM=,RmlnaHROb2RlOjUyOTU3,U3BvcnRzYm9va05vZGU6MjE=,T3V0Y29tZU5vZGU6NTU5OTYyMw==,-196.0,-333.0,-333.0,-196.0,T3V0Y29tZU5vZGU6NTU5OTYyMg==,135.0,135.0,213.0,213.0
T2ZmZXJUYWJsZU9mZmVyTm9kZToxMDI5MTEyNjU=,RmlnaHROb2RlOjUyOTU3,U3BvcnRzYm9va05vZGU6MTA=,T3V0Y29tZU5vZGU6NTU5ODMwNw==,-200.0,-325.0,-300.0,-150.0,T3V0Y29tZU5vZGU6NTU5ODMwNg==,160.0,120.0,240.0,250.0
T2ZmZXJUYWJsZU9mZmVyTm9kZToxMDI5MTc4MTk=,RmlnaHROb2RlOjUyOTU3,U3BvcnRzYm9va05vZGU6Mjc=,T3V0Y29tZU5vZGU6NTYxMTE5MA==,-275.0,-275.0,-275.0,-275.0,T3V0Y29tZU5vZGU6NTYxMTE5MQ==,200.0,200.0,200.0,200.0
T2ZmZXJUYWJsZU9mZmVyTm9kZToxMDI5MTM2ODU=,RmlnaHROb2RlOjUyOTU4,U3BvcnRzYm9va05vZGU6Mjg=,T3V0Y29tZU5vZGU6NTYwMzA3MQ==,-120.0,-120.0,-120.0,-120.0,T3V0Y29tZU5vZGU6NTYwMzA3MA==,-120.0,-120.0,-120.0,-120.0
T2ZmZXJUYWJsZU9mZmVyTm9kZToxMDI5MTE5MjQ=,RmlnaHROb2RlOjUyOTU4,U3BvcnRzYm9va05vZGU6MjE=,T3V0Y29tZU5vZGU6NTU5OTYyNA==,191.0,-115.0,-115.0,191.0,T3V0Y29tZU5vZGU6NTU5OTYyNQ==,-294.0,-294.0,-125.0,-125.0
T2ZmZXJUYWJsZU9mZmVyTm9kZToxMDI5MTc4MjQ=,RmlnaHROb2RlOjUyOTU4,U3BvcnRzYm9va05vZGU6Mjc=,T3V0Y29tZU5vZGU6NTYxMTIwMA==,-110.0,-110.0,-110.0,-110.0,T3V0Y29tZU5vZGU6NTYxMTIwMQ==,-120.0,-120.0,-120.0,-120.0
T2ZmZXJUYWJsZU9mZmVyTm9kZToxMDI5MTEyNjY=,RmlnaHROb2RlOjUyOTU4,U3BvcnRzYm9va05vZGU6MTA=,T3V0Y29tZU5vZGU6NTU5ODMwOA==,200.0,-110.0,-105.0,200.0,T3V0Y29tZU5vZGU6NTU5ODMwOQ==,-260.0,-260.0,-125.0,-120.0
T2ZmZXJUYWJsZU9mZmVyTm9kZToxMDI5NjY5NjM=,RmlnaHROb2RlOjUzNDY2,U3BvcnRzYm9va05vZGU6Mjg=,T3V0Y29tZU5vZGU6NTcwNzI1Mw==,-200.0,-205.0,-205.0,-160.0,T3V0Y29tZU5vZGU6NTcwNzI1Mg==,150.0,120.0,155.0,155.0
T2ZmZXJUYWJsZU9mZmVyTm9kZToxMDI5NTc4MDU=,RmlnaHROb2RlOjUzNDY2,U3BvcnRzYm9va05vZGU6Mjc=,T3V0Y29tZU5vZGU6NTY4OTIyNg==,-150.0,-188.0,-182.0,-150.0,T3V0Y29tZU5vZGU6NTY4OTIyNw==,110.0,110.0,130.0,140.0
T2ZmZXJUYWJsZU9mZmVyTm9kZToxMDI5NTYwODM=,RmlnaHROb2RlOjUzNDY2,U3BvcnRzYm9va05vZGU6MTA=,T3V0Y29tZU5vZGU6NTY4NTc4Mg==,-150.0,-220.0,-205.0,-150.0,T3V0Y29tZU5vZGU6NTY4NTc4Mw==,120.0,120.0,165.0,180.0
T2ZmZXJUYWJsZU9mZmVyTm9kZToxMDI5NTYwNzM=,RmlnaHROb2RlOjUyNjA0,U3BvcnRzYm9va05vZGU6MTA=,T3V0Y29tZU5vZGU6NTY4NTc2Mw==,-300.0,-800.0,-500.0,-300.0,T3V0Y29tZU5vZGU6NTY4NTc2Mg==,240.0,240.0,375.0,550.0
T2ZmZXJUYWJsZU9mZmVyTm9kZToxMDI5NTc3Nzk=,RmlnaHROb2RlOjUyNjA0,U3BvcnRzYm9va05vZGU6Mjc=,T3V0Y29tZU5vZGU6NTY4OTE3NA==,-333.0,-800.0,-649.0,-333.0,T3V0Y29tZU5vZGU6NTY4OTE3NQ==,250.0,250.0,400.0,450.0
T2ZmZXJUYWJsZU9mZmVyTm9kZToxMDI5NzMyMzc=,RmlnaHROb2RlOjUyNjA0,U3BvcnRzYm9va05vZGU6Mjg=,T3V0Y29tZU5vZGU6NTcxOTQxMw==,-665.0,-665.0,-665.0,-665.0,T3V0Y29tZU5vZGU6NTcxOTQxNA==,390.0,390.0,390.0,390.0
T2ZmZXJUYWJsZU9mZmVyTm9kZToxMDI5NjY5OTI=,RmlnaHROb2RlOjUyNjA0,U3BvcnRzYm9va05vZGU6Mjg=,T3V0Y29tZU5vZGU6NTcwNzMwNA==,-725.0,-833.0,-590.0,-588.0,T3V0Y29tZU5vZGU6NTcwNzMwNQ==,425.0,345.0,345.0,458.0
T2ZmZXJUYWJsZU9mZmVyTm9kZToxMDI5NTc3Nzc=,RmlnaHROb2RlOjUzNDYz,U3BvcnRzYm9va05vZGU6Mjc=,T3V0Y29tZU5vZGU6NTY4OTE3MA==,-138.0,-225.0,-225.0,-138.0,T3V0Y29tZU5vZGU6NTY4OTE3MQ==,105.0,105.0,163.0,163.0
T2ZmZXJUYWJsZU9mZmVyTm9kZToxMDI5NjY5OTA=,RmlnaHROb2RlOjUzNDYz,U3BvcnRzYm9va05vZGU6Mjg=,T3V0Y29tZU5vZGU6NTcwNzMwMA==,-175.0,-227.0,-217.0,-175.0,T3V0Y29tZU5vZGU6NTcwNzMwMQ==,135.0,135.0,162.0,167.0
T2ZmZXJUYWJsZU9mZmVyTm9kZToxMDI5NTYwODE=,RmlnaHROb2RlOjUzNDYz,U3BvcnRzYm9va05vZGU6MTA=,T3V0Y29tZU5vZGU6NTY4NTc3OQ==,-150.0,-225.0,-200.0,125.0,T3V0Y29tZU5vZGU6NTY4NTc3OA==,120.0,-155.0,160.0,185.0
T2ZmZXJUYWJsZU9mZmVyTm9kZToxMDI5NTc4MDc=,RmlnaHROb2RlOjUzMTM2,U3BvcnRzYm9va05vZGU6Mjc=,T3V0Y29tZU5vZGU6NTY4OTIzMA==,-200.0,-200.0,120.0,130.0,T3V0Y29tZU5vZGU6NTY4OTIzMQ==,150.0,-175.0,-163.0,150.0
T2ZmZXJUYWJsZU9mZmVyTm9kZToxMDI5NjY5ODk=,RmlnaHROb2RlOjUzMTM2,U3BvcnRzYm9va05vZGU6Mjg=,T3V0Y29tZU5vZGU6NTcwNzI5OA==,-135.0,-135.0,103.0,109.0,T3V0Y29tZU5vZGU6NTcwNzI5OQ==,-105.0,-149.0,-143.0,-105.0
T2ZmZXJUYWJsZU9mZmVyTm9kZToxMDI5NTYwNzk=,RmlnaHROb2RlOjUzMTM2,U3BvcnRzYm9va05vZGU6MTA=,T3V0Y29tZU5vZGU6NTY4NTc3NQ==,-200.0,-200.0,150.0,150.0,T3V0Y29tZU5vZGU6NTY4NTc3NA==,160.0,-180.0,-180.0,160.0
T2ZmZXJUYWJsZU9mZmVyTm9kZToxMDI5NjY5OTQ=,RmlnaHROb2RlOjUzNDYx,U3BvcnRzYm9va05vZGU6Mjg=,T3V0Y29tZU5vZGU6NTcwNzMwOA==,-400.0,-417.0,-417.0,-345.0,T3V0Y29tZU5vZGU6NTcwNzMwOQ==,250.0,225.0,262.0,262.0
T2ZmZXJUYWJsZU9mZmVyTm9kZToxMDI5NTYwODA=,RmlnaHROb2RlOjUzNDYx,U3BvcnRzYm9va05vZGU6MTA=,T3V0Y29tZU5vZGU6NTY4NTc3Nw==,-240.0,-500.0,-500.0,-240.0,T3V0Y29tZU5vZGU6NTY4NTc3Ng==,190.0,190.0,375.0,375.0
T2ZmZXJUYWJsZU9mZmVyTm9kZToxMDI5NTc3ODc=,RmlnaHROb2RlOjUzNDYx,U3BvcnRzYm9va05vZGU6Mjc=,T3V0Y29tZU5vZGU6NTY4OTE5MA==,-225.0,-400.0,-400.0,-225.0,T3V0Y29tZU5vZGU6NTY4OTE5MQ==,163.0,163.0,275.0,275.0
T2ZmZXJUYWJsZU9mZmVyTm9kZToxMDI5NjY5OTM=,RmlnaHROb2RlOjUzOTIz,U3BvcnRzYm9va05vZGU6Mjg=,T3V0Y29tZU5vZGU6NTcwNzMwNw==,-185.0,-185.0,-135.0,-120.0,T3V0Y29tZU5vZGU6NTcwNzMwNg==,142.0,-120.0,-105.0,142.0
T2ZmZXJUYWJsZU9mZmVyTm9kZToxMDI5NTYwNzc=,RmlnaHROb2RlOjUzOTIz,U3BvcnRzYm9va05vZGU6MTA=,T3V0Y29tZU5vZGU6NTY4NTc3MA==,120.0,-229.0,131.0,135.0,T3V0Y29tZU5vZGU6NTY4NTc3MQ==,-150.0,-165.0,-161.0,189.0
T2ZmZXJUYWJsZU9mZmVyTm9kZToxMDI5NTc4MDg=,RmlnaHROb2RlOjUzOTIz,U3BvcnRzYm9va05vZGU6Mjc=,T3V0Y29tZU5vZGU6NTY4OTIzMg==,-200.0,-225.0,105.0,105.0,T3V0Y29tZU5vZGU6NTY4OTIzMw==,150.0,-138.0,-138.0,163.0
T2ZmZXJUYWJsZU9mZmVyTm9kZToxMDI5NzMyNDA=,RmlnaHROb2RlOjUzNTEy,U3BvcnRzYm9va05vZGU6Mjg=,T3V0Y29tZU5vZGU6NTcxOTQxOQ==,-222.0,-222.0,-222.0,-222.0,T3V0Y29tZU5vZGU6NTcxOTQyMA==,162.0,162.0,162.0,162.0
T2ZmZXJUYWJsZU9mZmVyTm9kZToxMDI5NjUxMDI=,RmlnaHROb2RlOjUzNTEy,U3BvcnRzYm9va05vZGU6Mjc=,T3V0Y29tZU5vZGU6NTcwMzY1Mg==,-250.0,-250.0,-222.0,-222.0,T3V0Y29tZU5vZGU6NTcwMzY1MQ==,175.0,155.0,155.0,175.0
T2ZmZXJUYWJsZU9mZmVyTm9kZToxMDI5NjY5NTk=,RmlnaHROb2RlOjUzNTEy,U3BvcnRzYm9va05vZGU6Mjg=,T3V0Y29tZU5vZGU6NTcwNzI0NA==,-300.0,-300.0,-250.0,-185.0,T3V0Y29tZU5vZGU6NTcwNzI0NQ==,200.0,142.0,175.0,200.0
T2ZmZXJUYWJsZU9mZmVyTm9kZToxMDI5NTc3OTk=,RmlnaHROb2RlOjUzNTEz,U3BvcnRzYm9va05vZGU6Mjc=,T3V0Y29tZU5vZGU6NTY4OTIxNA==,110.0,-105.0,-105.0,130.0,T3V0Y29tZU5vZGU6NTY4OTIxNQ==,-150.0,-175.0,-125.0,-125.0
T2ZmZXJUYWJsZU9mZmVyTm9kZToxMDI5NjY5NjQ=,RmlnaHROb2RlOjUzNTEz,U3BvcnRzYm9va05vZGU6Mjg=,T3V0Y29tZU5vZGU6NTcwNzI1NA==,110.0,-172.0,-130.0,110.0,T3V0Y29tZU5vZGU6NTcwNzI1NQ==,-150.0,-150.0,-110.0,132.0
T2ZmZXJUYWJsZU9mZmVyTm9kZToxMDI5NTYwODQ=,RmlnaHROb2RlOjUzNTEz,U3BvcnRzYm9va05vZGU6MTA=,T3V0Y29tZU5vZGU6NTY4NTc4NQ==,-180.0,-180.0,-135.0,150.0,T3V0Y29tZU5vZGU6NTY4NTc4NA==,150.0,-180.0,105.0,150.0
T2ZmZXJUYWJsZU9mZmVyTm9kZToxMDI5NzMyNDM=,RmlnaHROb2RlOjUzNDU5,U3BvcnRzYm9va05vZGU6Mjg=,T3V0Y29tZU5vZGU6NTcxOTQyNQ==,331.0,331.0,331.0,331.0,T3V0Y29tZU5vZGU6NTcxOTQyNg==,-556.0,-556.0,-556.0,-556.0
T2ZmZXJUYWJsZU9mZmVyTm9kZToxMDI5NTc3ODI=,RmlnaHROb2RlOjUzNDU5,U3BvcnRzYm9va05vZGU6Mjc=,T3V0Y29tZU5vZGU6NTY4OTE4MA==,240.0,240.0,275.0,333.0,T3V0Y29tZU5vZGU6NTY4OTE4MQ==,-350.0,-500.0,-400.0,-350.0
T2ZmZXJUYWJsZU9mZmVyTm9kZToxMDI5NjY5OTY=,RmlnaHROb2RlOjUzNDU5,U3BvcnRzYm9va05vZGU6Mjg=,T3V0Y29tZU5vZGU6NTcwNzMxMg==,-450.0,-450.0,331.0,458.0,T3V0Y29tZU5vZGU6NTcwNzMxMw==,275.0,-833.0,-556.0,275.0
T2ZmZXJUYWJsZU9mZmVyTm9kZToxMDI5NTYwNzU=,RmlnaHROb2RlOjUzNDU5,U3BvcnRzYm9va05vZGU6MTA=,T3V0Y29tZU5vZGU6NTY4NTc2Ng==,300.0,160.0,400.0,550.0,T3V0Y29tZU5vZGU6NTY4NTc2Nw==,-400.0,-800.0,-550.0,-200.0
T2ZmZXJUYWJsZU9mZmVyTm9kZToxMDI5NTYwNzY=,RmlnaHROb2RlOjUzMzY3,U3BvcnRzYm9va05vZGU6MTA=,T3V0Y29tZU5vZGU6NTY4NTc2OA==,-115.0,-350.0,-295.0,-115.0,T3V0Y29tZU5vZGU6NTY4NTc2OQ==,-115.0,-115.0,235.0,275.0
T2ZmZXJUYWJsZU9mZmVyTm9kZToxMDI5NjY5ODg=,RmlnaHROb2RlOjUzMzY3,U3BvcnRzYm9va05vZGU6Mjg=,T3V0Y29tZU5vZGU6NTcwNzI5Nw==,-330.0,-345.0,-227.0,-185.0,T3V0Y29tZU5vZGU6NTcwNzI5Ng==,215.0,142.0,167.0,225.0
T2ZmZXJUYWJsZU9mZmVyTm9kZToxMDI5NTc3OTQ=,RmlnaHROb2RlOjUzMzY3,U3BvcnRzYm9va05vZGU6Mjc=,T3V0Y29tZU5vZGU6NTY4OTIwNA==,-225.0,-350.0,-225.0,-225.0,T3V0Y29tZU5vZGU6NTY4OTIwNQ==,163.0,163.0,163.0,240.0
T2ZmZXJUYWJsZU9mZmVyTm9kZToxMDI5NjY5OTE=,RmlnaHROb2RlOjUzMjE2,U3BvcnRzYm9va05vZGU6Mjg=,T3V0Y29tZU5vZGU6NTcwNzMwMg==,-180.0,-270.0,-244.0,-179.0,T3V0Y29tZU5vZGU6NTcwNzMwMw==,140.0,139.0,174.0,185.0
T2ZmZXJUYWJsZU9mZmVyTm9kZToxMDI5NTYwNzg=,RmlnaHROb2RlOjUzMjE2,U3BvcnRzYm9va05vZGU6MTA=,T3V0Y29tZU5vZGU6NTY4NTc3Mw==,-300.0,-300.0,-245.0,-115.0,T3V0Y29tZU5vZGU6NTY4NTc3Mg==,240.0,-115.0,195.0,240.0
T2ZmZXJUYWJsZU9mZmVyTm9kZToxMDI5NTc3ODQ=,RmlnaHROb2RlOjUzMjE2,U3BvcnRzYm9va05vZGU6Mjc=,T3V0Y29tZU5vZGU6NTY4OTE4NA==,-188.0,-250.0,-250.0,-188.0,T3V0Y29tZU5vZGU6NTY4OTE4NQ==,140.0,140.0,175.0,175.0
T2ZmZXJUYWJsZU9mZmVyTm9kZToxMDMwMDI5MjU=,RmlnaHROb2RlOjUzNDM1,U3BvcnRzYm9va05vZGU6Mjc=,T3V0Y29tZU5vZGU6NTc3NjYxNQ==,-225.0,-300.0,-300.0,-225.0,T3V0Y29tZU5vZGU6NTc3NjYxNg==,175.0,175.0,210.0,210.0
T2ZmZXJUYWJsZU9mZmVyTm9kZToxMDI5OTYxODM=,RmlnaHROb2RlOjUzNDM1,U3BvcnRzYm9va05vZGU6MTA=,T3V0Y29tZU5vZGU6NTc2MzQxMA==,-200.0,-350.0,-350.0,-150.0,T3V0Y29tZU5vZGU6NTc2MzQwOQ==,160.0,120.0,275.0,275.0
T2ZmZXJUYWJsZU9mZmVyTm9kZToxMDMwMDcwNjU=,RmlnaHROb2RlOjUzNDM1,U3BvcnRzYm9va05vZGU6Mjg=,T3V0Y29tZU5vZGU6NTc4NDM2Ng==,-240.0,-345.0,-295.0,-240.0,T3V0Y29tZU5vZGU6NTc4NDM2Nw==,170.0,170.0,200.0,225.0
T2ZmZXJUYWJsZU9mZmVyTm9kZToxMDMwMTAxOTM=,RmlnaHROb2RlOjUzNDM1,U3BvcnRzYm9va05vZGU6MjE=,T3V0Y29tZU5vZGU6NTc5MDIzMg==,-357.0,-370.0,-312.0,-294.0,T3V0Y29tZU5vZGU6NTc5MDIzMQ==,214.0,193.0,203.0,230.0
T2ZmZXJUYWJsZU9mZmVyTm9kZToxMDMwMDk5NTY=,RmlnaHROb2RlOjU0MjU5,U3BvcnRzYm9va05vZGU6Mjg=,T3V0Y29tZU5vZGU6NTc4OTc1Nw==,-555.0,-1000.0,-1000.0,-525.0,T3V0Y29tZU5vZGU6NTc4OTc1OA==,330.0,315.0,500.0,500.0
T2ZmZXJUYWJsZU9mZmVyTm9kZToxMDMwMDM0MTQ=,RmlnaHROb2RlOjU0MjU5,U3BvcnRzYm9va05vZGU6Mjc=,T3V0Y29tZU5vZGU6NTc3NzQ4OA==,-549.0,-1000.0,-1000.0,-549.0,T3V0Y29tZU5vZGU6NTc3NzQ4OQ==,350.0,350.0,500.0,500.0
T2ZmZXJUYWJsZU9mZmVyTm9kZToxMDMwMTAyMDE=,RmlnaHROb2RlOjU0MjU5,U3BvcnRzYm9va05vZGU6MjE=,T3V0Y29tZU5vZGU6NTc5MDI0OA==,-1429.0,-1429.0,-1429.0,-1429.0,T3V0Y29tZU5vZGU6NTc5MDI0Nw==,539.0,508.0,508.0,539.0
T2ZmZXJUYWJsZU9mZmVyTm9kZToxMDI5OTYyMDM=,RmlnaHROb2RlOjU0MjU5,U3BvcnRzYm9va05vZGU6MTA=,T3V0Y29tZU5vZGU6NTc2MzQ1MA==,-300.0,-1000.0,-900.0,-300.0,T3V0Y29tZU5vZGU6NTc2MzQ0OQ==,240.0,240.0,600.0,650.0
T2ZmZXJUYWJsZU9mZmVyTm9kZToxMDMwMDI5MDc=,RmlnaHROb2RlOjU0MDM4,U3BvcnRzYm9va05vZGU6Mjc=,T3V0Y29tZU5vZGU6NTc3NjU4Mg==,-450.0,-500.0,-500.0,-450.0,T3V0Y29tZU5vZGU6NTc3NjU4Mw==,300.0,300.0,333.0,333.0
T2ZmZXJUYWJsZU9mZmVyTm9kZToxMDMwMTAyMDA=,RmlnaHROb2RlOjU0MDM4,U3BvcnRzYm9va05vZGU6MjE=,T3V0Y29tZU5vZGU6NTc5MDI0Ng==,-667.0,-667.0,-667.0,-667.0,T3V0Y29tZU5vZGU6NTc5MDI0NQ==,335.0,335.0,335.0,335.0
T2ZmZXJUYWJsZU9mZmVyTm9kZToxMDMwMTA5NjI=,RmlnaHROb2RlOjU0MDM4,U3BvcnRzYm9va05vZGU6Mjg=,T3V0Y29tZU5vZGU6NTc5MTc0MQ==,-500.0,-500.0,-500.0,-475.0,T3V0Y29tZU5vZGU6NTc5MTc0Mg==,300.0,290.0,300.0,300.0
T2ZmZXJUYWJsZU9mZmVyTm9kZToxMDI5OTYyMDI=,RmlnaHROb2RlOjU0MDM4,U3BvcnRzYm9va05vZGU6MTA=,T3V0Y29tZU5vZGU6NTc2MzQ0OA==,-350.0,-500.0,-500.0,-350.0,T3V0Y29tZU5vZGU6NTc2MzQ0Nw==,275.0,275.0,375.0,375.0
T2ZmZXJUYWJsZU9mZmVyTm9kZToxMDMwMDYwNjg=,RmlnaHROb2RlOjUzNDQy,U3BvcnRzYm9va05vZGU6Mjg=,T3V0Y29tZU5vZGU6NTc4MjM4Nw==,-110.0,-149.0,-149.0,-110.0,T3V0Y29tZU5vZGU6NTc4MjM4OA==,-130.0,-130.0,109.0,109.0
T2ZmZXJUYWJsZU9mZmVyTm9kZToxMDMwMTAxOTU=,RmlnaHROb2RlOjUzNDQy,U3BvcnRzYm9va05vZGU6MjE=,T3V0Y29tZU5vZGU6NTc5MDIzNg==,-103.0,-128.0,-128.0,-103.0,T3V0Y29tZU5vZGU6NTc5MDIzNQ==,-133.0,-141.0,-111.0,-111.0
T2ZmZXJUYWJsZU9mZmVyTm9kZToxMDMwMDI5NTQ=,RmlnaHROb2RlOjUzNDQy,U3BvcnRzYm9va05vZGU6Mjc=,T3V0Y29tZU5vZGU6NTc3NjY1Ng==,-105.0,-105.0,-100.0,-100.0,T3V0Y29tZU5vZGU6NTc3NjY1Nw==,-125.0,-138.0,-138.0,-125.0
T2ZmZXJUYWJsZU9mZmVyTm9kZToxMDI5OTYyMDQ=,RmlnaHROb2RlOjUzNDQy,U3BvcnRzYm9va05vZGU6MTA=,T3V0Y29tZU5vZGU6NTc2MzQ1Mg==,-200.0,-200.0,-150.0,115.0,T3V0Y29tZU5vZGU6NTc2MzQ1MQ==,160.0,-145.0,120.0,160.0
T2ZmZXJUYWJsZU9mZmVyTm9kZToxMDMwMDI5MjI=,RmlnaHROb2RlOjUzMjc4,U3BvcnRzYm9va05vZGU6Mjc=,T3V0Y29tZU5vZGU6NTc3NjYwOQ==,-350.0,-450.0,-450.0,-350.0,T3V0Y29tZU5vZGU6NTc3NjYxMA==,240.0,240.0,300.0,300.0
T2ZmZXJUYWJsZU9mZmVyTm9kZToxMDMwMDk5Njk=,RmlnaHROb2RlOjUzMjc4,U3BvcnRzYm9va05vZGU6Mjg=,T3V0Y29tZU5vZGU6NTc4OTc4Mw==,-305.0,-455.0,-455.0,-305.0,T3V0Y29tZU5vZGU6NTc4OTc4NA==,205.0,205.0,280.0,280.0
T2ZmZXJUYWJsZU9mZmVyTm9kZToxMDI5OTYxOTc=,RmlnaHROb2RlOjUzMjc4,U3BvcnRzYm9va05vZGU6MTA=,T3V0Y29tZU5vZGU6NTc2MzQzOA==,-200.0,-700.0,-700.0,-200.0,T3V0Y29tZU5vZGU6NTc2MzQzNw==,160.0,160.0,500.0,500.0
T2ZmZXJUYWJsZU9mZmVyTm9kZToxMDMwMTAxOTQ=,RmlnaHROb2RlOjUzMjc4,U3BvcnRzYm9va05vZGU6MjE=,T3V0Y29tZU5vZGU6NTc5MDIzNA==,-556.0,-556.0,-500.0,-500.0,T3V0Y29tZU5vZGU6NTc5MDIzMw==,308.0,287.0,287.0,308.0
T2ZmZXJUYWJsZU9mZmVyTm9kZToxMDI5OTYyMDA=,RmlnaHROb2RlOjUzNDM3,U3BvcnRzYm9va05vZGU6MTA=,T3V0Y29tZU5vZGU6NTc2MzQ0NA==,-200.0,-200.0,-200.0,-200.0,T3V0Y29tZU5vZGU6NTc2MzQ0Mw==,160.0,160.0,160.0,160.0
T2ZmZXJUYWJsZU9mZmVyTm9kZToxMDMwMTAxOTk=,RmlnaHROb2RlOjUzNDM3,U3BvcnRzYm9va05vZGU6MjE=,T3V0Y29tZU5vZGU6NTc5MDI0NA==,-238.0,-238.0,-238.0,-238.0,T3V0Y29tZU5vZGU6NTc5MDI0Mw==,154.0,154.0,154.0,154.0
T2ZmZXJUYWJsZU9mZmVyTm9kZToxMDMwMDI5MjM=,RmlnaHROb2RlOjUzNDM3,U3BvcnRzYm9va05vZGU6Mjc=,T3V0Y29tZU5vZGU6NTc3NjYxMQ==,-200.0,-250.0,-225.0,-200.0,T3V0Y29tZU5vZGU6NTc3NjYxMg==,150.0,150.0,163.0,175.0
T2ZmZXJUYWJsZU9mZmVyTm9kZToxMDMwMDcwNjE=,RmlnaHROb2RlOjUzNDM3,U3BvcnRzYm9va05vZGU6Mjg=,T3V0Y29tZU5vZGU6NTc4NDM1OA==,-190.0,-200.0,-200.0,-190.0,T3V0Y29tZU5vZGU6NTc4NDM1OQ==,145.0,145.0,150.0,150.0
T2ZmZXJUYWJsZU9mZmVyTm9kZToxMDMwMTAxOTg=,RmlnaHROb2RlOjUzNTA2,U3BvcnRzYm9va05vZGU6MjE=,T3V0Y29tZU5vZGU6NTc5MDI0Mg==,-2500.0,-2500.0,-1667.0,-1667.0,T3V0Y29tZU5vZGU6NTc5MDI0MQ==,610.0,563.0,563.0,610.0
T2ZmZXJUYWJsZU9mZmVyTm9kZToxMDMwMTAwODA=,RmlnaHROb2RlOjUzNTA2,U3BvcnRzYm9va05vZGU6Mjc=,T3V0Y29tZU5vZGU6NTc5MDAwNQ==,-1205.0,-1205.0,-1205.0,-1205.0,T3V0Y29tZU5vZGU6NTc5MDAwNg==,550.0,550.0,550.0,550.0
T2ZmZXJUYWJsZU9mZmVyTm9kZToxMDI5OTYxOTk=,RmlnaHROb2RlOjUzNTA2,U3BvcnRzYm9va05vZGU6MTA=,T3V0Y29tZU5vZGU6NTc2MzQ0Mg==,-225.0,-1000.0,-1000.0,-225.0,T3V0Y29tZU5vZGU6NTc2MzQ0MQ==,185.0,185.0,700.0,700.0
T2ZmZXJUYWJsZU9mZmVyTm9kZToxMDMwMDcwNjY=,RmlnaHROb2RlOjUzNTA2,U3BvcnRzYm9va05vZGU6Mjg=,T3V0Y29tZU5vZGU6NTc4NDM2OA==,-1000.0,-1250.0,-1250.0,-1000.0,T3V0Y29tZU5vZGU6NTc4NDM2OQ==,500.0,500.0,650.0,650.0
T2ZmZXJUYWJsZU9mZmVyTm9kZToxMDMwMDI5NjA=,RmlnaHROb2RlOjUzNDM5,U3BvcnRzYm9va05vZGU6Mjc=,T3V0Y29tZU5vZGU6NTc3NjY2NQ==,120.0,120.0,120.0,120.0,T3V0Y29tZU5vZGU6NTc3NjY2Ng==,-163.0,-163.0,-163.0,-163.0
T2ZmZXJUYWJsZU9mZmVyTm9kZToxMDMwMDcwNjM=,RmlnaHROb2RlOjUzNDM5,U3BvcnRzYm9va05vZGU6Mjg=,T3V0Y29tZU5vZGU6NTc4NDM2Mg==,119.0,-120.0,-115.0,119.0,T3V0Y29tZU5vZGU6NTc4NDM2Mw==,-159.0,-159.0,-125.0,-120.0
T2ZmZXJUYWJsZU9mZmVyTm9kZToxMDI5OTYxOTg=,RmlnaHROb2RlOjUzNDM5,U3BvcnRzYm9va05vZGU6MTA=,T3V0Y29tZU5vZGU6NTc2MzQzOQ==,-155.0,-155.0,-105.0,129.0,T3V0Y29tZU5vZGU6NTc2MzQ0MA==,125.0,-159.0,-125.0,125.0
T2ZmZXJUYWJsZU9mZmVyTm9kZToxMDMwMTAxOTY=,RmlnaHROb2RlOjUzNDM5,U3BvcnRzYm9va05vZGU6MjE=,T3V0Y29tZU5vZGU6NTc5MDIzOA==,113.0,101.0,101.0,113.0,T3V0Y29tZU5vZGU6NTc5MDIzNw==,-169.0,-169.0,-145.0,-145.0
T2ZmZXJUYWJsZU9mZmVyTm9kZToxMDI5OTYyMDE=,RmlnaHROb2RlOjUzMjEz,U3BvcnRzYm9va05vZGU6MTA=,T3V0Y29tZU5vZGU6NTc2MzQ0Ng==,-300.0,-800.0,-800.0,-300.0,T3V0Y29tZU5vZGU6NTc2MzQ0NQ==,240.0,240.0,550.0,550.0
T2ZmZXJUYWJsZU9mZmVyTm9kZToxMDMwMTEwMjg=,RmlnaHROb2RlOjUzMjEz,U3BvcnRzYm9va05vZGU6Mjg=,T3V0Y29tZU5vZGU6NTc5MTg3Mw==,-835.0,-835.0,-835.0,-835.0,T3V0Y29tZU5vZGU6NTc5MTg3NA==,460.0,460.0,460.0,460.0
T2ZmZXJUYWJsZU9mZmVyTm9kZToxMDMwMDI5MjE=,RmlnaHROb2RlOjUzMjEz,U3BvcnRzYm9va05vZGU6Mjc=,T3V0Y29tZU5vZGU6NTc3NjYwNw==,-800.0,-800.0,-800.0,-800.0,T3V0Y29tZU5vZGU6NTc3NjYwOA==,450.0,450.0,450.0,450.0
T2ZmZXJUYWJsZU9mZmVyTm9kZToxMDMwMTAxOTI=,RmlnaHROb2RlOjUzMjEz,U3BvcnRzYm9va05vZGU6MjE=,T3V0Y29tZU5vZGU6NTc5MDIzMA==,-1250.0,-1250.0,-1250.0,-1250.0,T3V0Y29tZU5vZGU6NTc5MDIyOQ==,488.0,452.0,452.0,488.0
T2ZmZXJUYWJsZU9mZmVyTm9kZToxMDMwMDI5Njg=,RmlnaHROb2RlOjUzNDQx,U3BvcnRzYm9va05vZGU6Mjc=,T3V0Y29tZU5vZGU6NTc3NjY3Ng==,-549.0,-1000.0,-1000.0,-549.0,T3V0Y29tZU5vZGU6NTc3NjY3Nw==,350.0,350.0,500.0,500.0
T2ZmZXJUYWJsZU9mZmVyTm9kZToxMDI5OTYyMDU=,RmlnaHROb2RlOjUzNDQx,U3BvcnRzYm9va05vZGU6MTA=,T3V0Y29tZU5vZGU6NTc2MzQ1NA==,-500.0,-900.0,-900.0,-500.0,T3V0Y29tZU5vZGU6NTc2MzQ1Mw==,375.0,375.0,600.0,600.0
T2ZmZXJUYWJsZU9mZmVyTm9kZToxMDMwMDYwNzI=,RmlnaHROb2RlOjUzNDQx,U3BvcnRzYm9va05vZGU6Mjg=,T3V0Y29tZU5vZGU6NTc4MjM5NQ==,-555.0,-1000.0,-1000.0,-555.0,T3V0Y29tZU5vZGU6NTc4MjM5Ng==,330.0,330.0,500.0,500.0
T2ZmZXJUYWJsZU9mZmVyTm9kZToxMDMwMTAyMDI=,RmlnaHROb2RlOjUzNDQx,U3BvcnRzYm9va05vZGU6MjE=,T3V0Y29tZU5vZGU6NTc5MDI1MA==,-1250.0,-1250.0,-1250.0,-1250.0,T3V0Y29tZU5vZGU6NTc5MDI0OQ==,539.0,539.0,539.0,539.0
T2ZmZXJUYWJsZU9mZmVyTm9kZToxMDMwMTE2Njk=,RmlnaHROb2RlOjUzNTI1,U3BvcnRzYm9va05vZGU6MjE=,T3V0Y29tZU5vZGU6NTc5MjkwMA==,151.0,107.0,143.0,159.0,T3V0Y29tZU5vZGU6NTc5MjkwMQ==,-222.0,-238.0,-213.0,-145.0
T2ZmZXJUYWJsZU9mZmVyTm9kZToxMDMwMjU1Mzk=,RmlnaHROb2RlOjUzNTI1,U3BvcnRzYm9va05vZGU6Mjc=,T3V0Y29tZU5vZGU6NTgxOTcyNQ==,150.0,110.0,140.0,150.0,T3V0Y29tZU5vZGU6NTgxOTcyNg==,-200.0,-200.0,-188.0,-150.0
T2ZmZXJUYWJsZU9mZmVyTm9kZToxMDMwMTE2Mzk=,RmlnaHROb2RlOjUzNTI1,U3BvcnRzYm9va05vZGU6MTA=,T3V0Y29tZU5vZGU6NTc5Mjg0MA==,160.0,-125.0,135.0,185.0,T3V0Y29tZU5vZGU6NTc5Mjg0MQ==,-200.0,-225.0,-165.0,-105.0
T2ZmZXJUYWJsZU9mZmVyTm9kZToxMDMwMTg3Njg=,RmlnaHROb2RlOjUzNTI1,U3BvcnRzYm9va05vZGU6Mjg=,T3V0Y29tZU5vZGU6NTgwNjgwMA==,148.0,-120.0,120.0,160.0,T3V0Y29tZU5vZGU6NTgwNjc5OQ==,-195.0,-215.0,-160.0,-120.0
T2ZmZXJUYWJsZU9mZmVyTm9kZToxMDMwMjY5NTM=,RmlnaHROb2RlOjUzNDMz,U3BvcnRzYm9va05vZGU6Mjg=,T3V0Y29tZU5vZGU6NTgyMjQ4NA==,-170.0,-303.0,-303.0,-170.0,T3V0Y29tZU5vZGU6NTgyMjQ4NQ==,130.0,130.0,203.0,203.0
T2ZmZXJUYWJsZU9mZmVyTm9kZToxMDMwMjU1MjM=,RmlnaHROb2RlOjUzNDMz,U3BvcnRzYm9va05vZGU6Mjc=,T3V0Y29tZU5vZGU6NTgxOTY5Mw==,110.0,-163.0,-163.0,110.0,T3V0Y29tZU5vZGU6NTgxOTY5NA==,-150.0,-150.0,120.0,120.0
T2ZmZXJUYWJsZU9mZmVyTm9kZToxMDMwMjQ3Njk=,RmlnaHROb2RlOjUzNDMz,U3BvcnRzYm9va05vZGU6MjE=,T3V0Y29tZU5vZGU6NTgxODIyNg==,-161.0,-303.0,-303.0,-161.0,T3V0Y29tZU5vZGU6NTgxODIyNQ==,111.0,111.0,178.0,178.0
T2ZmZXJUYWJsZU9mZmVyTm9kZToxMDMwMTE2NDM=,RmlnaHROb2RlOjUzNDMz,U3BvcnRzYm9va05vZGU6MTA=,T3V0Y29tZU5vZGU6NTc5Mjg0OA==,120.0,-300.0,-300.0,120.0,T3V0Y29tZU5vZGU6NTc5Mjg0OQ==,-150.0,-150.0,240.0,240.0
T2ZmZXJUYWJsZU9mZmVyTm9kZToxMDMwMTg3Njc=,RmlnaHROb2RlOjUzNDMw,U3BvcnRzYm9va05vZGU6Mjg=,T3V0Y29tZU5vZGU6NTgwNjc5OA==,150.0,-110.0,150.0,150.0,T3V0Y29tZU5vZGU6NTgwNjc5Nw==,-200.0,-200.0,-200.0,-130.0
T2ZmZXJUYWJsZU9mZmVyTm9kZToxMDMwMTE2MzY=,RmlnaHROb2RlOjUzNDMw,U3BvcnRzYm9va05vZGU6MTA=,T3V0Y29tZU5vZGU6NTc5MjgzNA==,120.0,100.0,200.0,200.0,T3V0Y29tZU5vZGU6NTc5MjgzNQ==,-150.0,-260.0,-260.0,-130.0
T2ZmZXJUYWJsZU9mZmVyTm9kZToxMDMwMTM4NTA=,RmlnaHROb2RlOjUzNDMw,U3BvcnRzYm9va05vZGU6Mjc=,T3V0Y29tZU5vZGU6NTc5NzE4MQ==,163.0,163.0,163.0,163.0,T3V0Y29tZU5vZGU6NTc5NzE4Mg==,-225.0,-225.0,-225.0,-225.0
T2ZmZXJUYWJsZU9mZmVyTm9kZToxMDMwMTE2NjY=,RmlnaHROb2RlOjUzNDMw,U3BvcnRzYm9va05vZGU6MjE=,T3V0Y29tZU5vZGU6NTc5Mjg5NA==,138.0,134.0,134.0,151.0,T3V0Y29tZU5vZGU6NTc5Mjg5NQ==,-204.0,-222.0,-145.0,-145.0
T2ZmZXJUYWJsZU9mZmVyTm9kZToxMDMwMjU5NDA=,RmlnaHROb2RlOjUzNDI4,U3BvcnRzYm9va05vZGU6Mjg=,T3V0Y29tZU5vZGU6NTgyMDQ5MQ==,-135.0,-175.0,-155.0,-135.0,T3V0Y29tZU5vZGU6NTgyMDQ5Mg==,-105.0,-105.0,115.0,135.0
T2ZmZXJUYWJsZU9mZmVyTm9kZToxMDMwMjU1MzI=,RmlnaHROb2RlOjUzNDI4,U3BvcnRzYm9va05vZGU6Mjc=,T3V0Y29tZU5vZGU6NTgxOTcxMg==,-138.0,-175.0,-175.0,-138.0,T3V0Y29tZU5vZGU6NTgxOTcxMQ==,105.0,105.0,130.0,130.0
T2ZmZXJUYWJsZU9mZmVyTm9kZToxMDMwMTE2Njg=,RmlnaHROb2RlOjUzNDI4,U3BvcnRzYm9va05vZGU6MjE=,T3V0Y29tZU5vZGU6NTc5Mjg5OQ==,-238.0,-238.0,-185.0,-154.0,T3V0Y29tZU5vZGU6NTc5Mjg5OA==,159.0,106.0,126.0,159.0
T2ZmZXJUYWJsZU9mZmVyTm9kZToxMDMwMTE2MzQ=,RmlnaHROb2RlOjUzNDI4,U3BvcnRzYm9va05vZGU6MTA=,T3V0Y29tZU5vZGU6NTc5MjgzMQ==,-200.0,-280.0,-260.0,-150.0,T3V0Y29tZU5vZGU6NTc5MjgzMA==,160.0,120.0,200.0,220.0
T2ZmZXJUYWJsZU9mZmVyTm9kZToxMDMwMjYyMTA=,RmlnaHROb2RlOjUzNDI5,U3BvcnRzYm9va05vZGU6Mjg=,T3V0Y29tZU5vZGU6NTgyMTAyNQ==,-105.0,-110.0,120.0,120.0,T3V0Y29tZU5vZGU6NTgyMTAyNg==,-135.0,-160.0,-160.0,-130.0
T2ZmZXJUYWJsZU9mZmVyTm9kZToxMDMwMjYxMzY=,RmlnaHROb2RlOjUzNDI5,U3BvcnRzYm9va05vZGU6MjE=,T3V0Y29tZU5vZGU6NTgyMDg3OA==,100.0,-104.0,101.0,113.0,T3V0Y29tZU5vZGU6NTgyMDg3Nw==,-143.0,-164.0,-161.0,-143.0
T2ZmZXJUYWJsZU9mZmVyTm9kZToxMDMwMjU1MjI=,RmlnaHROb2RlOjUzNDI5,U3BvcnRzYm9va05vZGU6Mjc=,T3V0Y29tZU5vZGU6NTgxOTY5MQ==,-120.0,-120.0,110.0,110.0,T3V0Y29tZU5vZGU6NTgxOTY5Mg==,-110.0,-150.0,-150.0,-110.0
T2ZmZXJUYWJsZU9mZmVyTm9kZToxMDMwMTE2MzU=,RmlnaHROb2RlOjUzNDI5,U3BvcnRzYm9va05vZGU6MTA=,T3V0Y29tZU5vZGU6NTc5MjgzMw==,-300.0,-300.0,130.0,130.0,T3V0Y29tZU5vZGU6NTc5MjgzMg==,240.0,-160.0,-160.0,240.0
T2ZmZXJUYWJsZU9mZmVyTm9kZToxMDMwMTE2Njc=,RmlnaHROb2RlOjUzNTI0,U3BvcnRzYm9va05vZGU6MjE=,T3V0Y29tZU5vZGU6NTc5Mjg5Nw==,-120.0,-120.0,133.0,133.0,T3V0Y29tZU5vZGU6NTc5Mjg5Ng==,-120.0,-200.0,-200.0,-120.0
T2ZmZXJUYWJsZU9mZmVyTm9kZToxMDMwMTE2Mzc=,RmlnaHROb2RlOjUzNTI0,U3BvcnRzYm9va05vZGU6MTA=,T3V0Y29tZU5vZGU6NTc5MjgzNw==,-400.0,-400.0,160.0,175.0,T3V0Y29tZU5vZGU6NTc5MjgzNg==,300.0,-215.0,-200.0,300.0
T2ZmZXJUYWJsZU9mZmVyTm9kZToxMDMwMjU1MzA=,RmlnaHROb2RlOjUzNTI0,U3BvcnRzYm9va05vZGU6Mjc=,T3V0Y29tZU5vZGU6NTgxOTcwNw==,-110.0,-110.0,140.0,140.0,T3V0Y29tZU5vZGU6NTgxOTcwOA==,-120.0,-188.0,-188.0,-120.0
T2ZmZXJUYWJsZU9mZmVyTm9kZToxMDMwMTg3NjY=,RmlnaHROb2RlOjUzNTI0,U3BvcnRzYm9va05vZGU6Mjg=,T3V0Y29tZU5vZGU6NTgwNjc5NQ==,-120.0,-120.0,150.0,150.0,T3V0Y29tZU5vZGU6NTgwNjc5Ng==,-120.0,-200.0,-200.0,-120.0
T2ZmZXJUYWJsZU9mZmVyTm9kZToxMDMwMjU5OTk=,RmlnaHROb2RlOjUzNDMx,U3BvcnRzYm9va05vZGU6MjE=,T3V0Y29tZU5vZGU6NTgyMDYwNA==,230.0,230.0,403.0,403.0,T3V0Y29tZU5vZGU6NTgyMDYwMw==,-370.0,-769.0,-769.0,-370.0
T2ZmZXJUYWJsZU9mZmVyTm9kZToxMDMwMjYwMTA=,RmlnaHROb2RlOjUzNDMx,U3BvcnRzYm9va05vZGU6Mjg=,T3V0Y29tZU5vZGU6NTgyMDYyNQ==,240.0,235.0,345.0,345.0,T3V0Y29tZU5vZGU6NTgyMDYyNg==,-380.0,-590.0,-590.0,-370.0
T2ZmZXJUYWJsZU9mZmVyTm9kZToxMDMwMjU1Mjg=,RmlnaHROb2RlOjUzNDMx,U3BvcnRzYm9va05vZGU6Mjc=,T3V0Y29tZU5vZGU6NTgxOTcwMw==,163.0,163.0,240.0,240.0,T3V0Y29tZU5vZGU6NTgxOTcwNA==,-225.0,-350.0,-350.0,-225.0
T2ZmZXJUYWJsZU9mZmVyTm9kZToxMDMwMTE2NDI=,RmlnaHROb2RlOjUzNDMx,U3BvcnRzYm9va05vZGU6MTA=,T3V0Y29tZU5vZGU6NTc5Mjg0Nw==,114.0,114.0,425.0,425.0,T3V0Y29tZU5vZGU6NTc5Mjg0Ng==,-144.0,-600.0,-600.0,-144.0
T2ZmZXJUYWJsZU9mZmVyTm9kZToxMDMwMTE2NzA=,RmlnaHROb2RlOjUzNDc4,U3BvcnRzYm9va05vZGU6MjE=,T3V0Y29tZU5vZGU6NTc5MjkwMw==,-250.0,-303.0,-303.0,-250.0,T3V0Y29tZU5vZGU6NTc5MjkwMg==,165.0,165.0,189.0,197.0
T2ZmZXJUYWJsZU9mZmVyTm9kZToxMDMwMjU1MzQ=,RmlnaHROb2RlOjUzNDc4,U3BvcnRzYm9va05vZGU6Mjc=,T3V0Y29tZU5vZGU6NTgxOTcxNQ==,-250.0,-250.0,-250.0,-250.0,T3V0Y29tZU5vZGU6NTgxOTcxNg==,175.0,175.0,175.0,175.0
T2ZmZXJUYWJsZU9mZmVyTm9kZToxMDMwMTg4MTg=,RmlnaHROb2RlOjUzNDc4,U3BvcnRzYm9va05vZGU6Mjg=,T3V0Y29tZU5vZGU6NTgwNjg5OQ==,-225.0,-280.0,-240.0,-225.0,T3V0Y29tZU5vZGU6NTgwNjkwMA==,165.0,165.0,170.0,190.0
T2ZmZXJUYWJsZU9mZmVyTm9kZToxMDMwMTE2NDE=,RmlnaHROb2RlOjUzNDc4,U3BvcnRzYm9va05vZGU6MTA=,T3V0Y29tZU5vZGU6NTc5Mjg0NQ==,-215.0,-325.0,-280.0,-215.0,T3V0Y29tZU5vZGU6NTc5Mjg0NA==,175.0,175.0,220.0,250.0
T2ZmZXJUYWJsZU9mZmVyTm9kZToxMDMwMTE2NDA=,RmlnaHROb2RlOjUzNTQw,U3BvcnRzYm9va05vZGU6MTA=,T3V0Y29tZU5vZGU6NTc5Mjg0Mw==,-300.0,-300.0,-260.0,-220.0,T3V0Y29tZU5vZGU6NTc5Mjg0Mg==,240.0,180.0,200.0,240.0
T2ZmZXJUYWJsZU9mZmVyTm9kZToxMDMwMjc0NTc=,RmlnaHROb2RlOjUzNTQw,U3BvcnRzYm9va05vZGU6Mjg=,T3V0Y29tZU5vZGU6NTgyMzQ0Ng==,-190.0,-195.0,-195.0,-190.0,T3V0Y29tZU5vZGU6NTgyMzQ0Nw==,145.0,145.0,148.0,148.0
T2ZmZXJUYWJsZU9mZmVyTm9kZToxMDMwMjY5NTU=,RmlnaHROb2RlOjUzNTQw,U3BvcnRzYm9va05vZGU6Mjg=,T3V0Y29tZU5vZGU6NTgyMjQ4OA==,-215.0,-240.0,-190.0,-190.0,T3V0Y29tZU5vZGU6NTgyMjQ4OQ==,160.0,145.0,145.0,170.0
T2ZmZXJUYWJsZU9mZmVyTm9kZToxMDMwMjU1MjY=,RmlnaHROb2RlOjUzNTQw,U3BvcnRzYm9va05vZGU6Mjc=,T3V0Y29tZU5vZGU6NTgxOTY5OQ==,-200.0,-225.0,-225.0,-200.0,T3V0Y29tZU5vZGU6NTgxOTcwMA==,150.0,150.0,163.0,163.0
T2ZmZXJUYWJsZU9mZmVyTm9kZToxMDMwMTE2NDQ=,RmlnaHROb2RlOjUzNDMy,U3BvcnRzYm9va05vZGU6MTA=,T3V0Y29tZU5vZGU6NTc5Mjg1MQ==,-161.0,-205.0,-110.0,105.0,T3V0Y29tZU5vZGU6NTc5Mjg1MA==,131.0,-135.0,-120.0,165.0
T2ZmZXJUYWJsZU9mZmVyTm9kZToxMDMwMjYyMDk=,RmlnaHROb2RlOjUzNDMy,U3BvcnRzYm9va05vZGU6Mjg=,T3V0Y29tZU5vZGU6NTgyMTAyNA==,-150.0,-160.0,-130.0,-130.0,T3V0Y29tZU5vZGU6NTgyMTAyMw==,110.0,-110.0,-110.0,120.0
T2ZmZXJUYWJsZU9mZmVyTm9kZToxMDMwMjU1NDA=,RmlnaHROb2RlOjUzNDMy,U3BvcnRzYm9va05vZGU6Mjc=,T3V0Y29tZU5vZGU6NTgxOTcyNw==,105.0,-138.0,-138.0,105.0,T3V0Y29tZU5vZGU6NTgxOTcyOA==,-138.0,-138.0,105.0,105.0
T2ZmZXJUYWJsZU9mZmVyTm9kZToxMDMwMjYwNzY=,RmlnaHROb2RlOjUzNDMy,U3BvcnRzYm9va05vZGU6MjE=,T3V0Y29tZU5vZGU6NTgyMDc1Nw==,-135.0,-189.0,-137.0,-135.0,T3V0Y29tZU5vZGU6NTgyMDc1OA==,-106.0,-106.0,-103.0,135.0
T2ZmZXJUYWJsZU9mZmVyTm9kZToxMDMwMzkyMDQ=,RmlnaHROb2RlOjU0MzQ0,U3BvcnRzYm9va05vZGU6Mjc=,T3V0Y29tZU5vZGU6NTg0NjQ3Ng==,200.0,200.0,350.0,350.0,T3V0Y29tZU5vZGU6NTg0NjQ3Nw==,-275.0,-549.0,-549.0,-275.0
T2ZmZXJUYWJsZU9mZmVyTm9kZToxMDMwMzczMTI=,RmlnaHROb2RlOjU0MzQ0,U3BvcnRzYm9va05vZGU6MTA=,T3V0Y29tZU5vZGU6NTg0MjY5Mg==,240.0,240.0,400.0,550.0,T3V0Y29tZU5vZGU6NTg0MjY5Mw==,-300.0,-800.0,-550.0,-300.0
T2ZmZXJUYWJsZU9mZmVyTm9kZToxMDMwNDY2ODM=,RmlnaHROb2RlOjU0MzQ0,U3BvcnRzYm9va05vZGU6Mjg=,T3V0Y29tZU5vZGU6NTg2MTM2OA==,300.0,291.0,291.0,300.0,T3V0Y29tZU5vZGU6NTg2MTM2Nw==,-500.0,-500.0,-476.0,-476.0
T2ZmZXJUYWJsZU9mZmVyTm9kZToxMDMwNDExNTI=,RmlnaHROb2RlOjU0MzQ0,U3BvcnRzYm9va05vZGU6MjE=,T3V0Y29tZU5vZGU6NTg1MDM3Mg==,450.0,355.0,380.0,450.0,T3V0Y29tZU5vZGU6NTg1MDM3Mw==,-1000.0,-1000.0,-833.0,-667.0
T2ZmZXJUYWJsZU9mZmVyTm9kZToxMDMwMzkxODU=,RmlnaHROb2RlOjU0MzQz,U3BvcnRzYm9va05vZGU6Mjc=,T3V0Y29tZU5vZGU6NTg0NjQzOA==,-163.0,-163.0,-163.0,-163.0,T3V0Y29tZU5vZGU6NTg0NjQzOQ==,120.0,120.0,120.0,120.0
T2ZmZXJUYWJsZU9mZmVyTm9kZToxMDMwNDExNTU=,RmlnaHROb2RlOjUzNTM3,U3BvcnRzYm9va05vZGU6MjE=,T3V0Y29tZU5vZGU6NTg1MDM3OQ==,168.0,157.0,165.0,168.0,T3V0Y29tZU5vZGU6NTg1MDM3OA==,-250.0,-250.0,-250.0,-233.0
T2ZmZXJUYWJsZU9mZmVyTm9kZToxMDMwMzkxODY=,RmlnaHROb2RlOjUzNTM3,U3BvcnRzYm9va05vZGU6Mjc=,T3V0Y29tZU5vZGU6NTg0NjQ0MA==,163.0,163.0,163.0,163.0,T3V0Y29tZU5vZGU6NTg0NjQ0MQ==,-225.0,-225.0,-225.0,-225.0
T2ZmZXJUYWJsZU9mZmVyTm9kZToxMDMwNDI3NDQ=,RmlnaHROb2RlOjUzNTM3,U3BvcnRzYm9va05vZGU6Mjg=,T3V0Y29tZU5vZGU6NTg1MzUxMw==,160.0,160.0,160.0,165.0,T3V0Y29tZU5vZGU6NTg1MzUxNA==,-215.0,-225.0,-220.0,-215.0
T2ZmZXJUYWJsZU9mZmVyTm9kZToxMDMwMzcyOTI=,RmlnaHROb2RlOjUzNTM3,U3BvcnRzYm9va05vZGU6MTA=,T3V0Y29tZU5vZGU6NTg0MjY1Mg==,180.0,180.0,185.0,185.0,T3V0Y29tZU5vZGU6NTg0MjY1Mw==,-220.0,-225.0,-225.0,-220.0
T2ZmZXJUYWJsZU9mZmVyTm9kZToxMDMwMzkxOTY=,RmlnaHROb2RlOjU0MzQx,U3BvcnRzYm9va05vZGU6Mjc=,T3V0Y29tZU5vZGU6NTg0NjQ2MA==,-200.0,-200.0,-150.0,-150.0,T3V0Y29tZU5vZGU6NTg0NjQ2MQ==,150.0,110.0,110.0,150.0
T2ZmZXJUYWJsZU9mZmVyTm9kZToxMDMwMzczMDk=,RmlnaHROb2RlOjU0MzQx,U3BvcnRzYm9va05vZGU6MTA=,T3V0Y29tZU5vZGU6NTg0MjY4Nw==,-200.0,-200.0,-131.0,-130.0,T3V0Y29tZU5vZGU6NTg0MjY4Ng==,160.0,100.0,101.0,160.0
T2ZmZXJUYWJsZU9mZmVyTm9kZToxMDMwNDExNTM=,RmlnaHROb2RlOjU0MzQx,U3BvcnRzYm9va05vZGU6MjE=,T3V0Y29tZU5vZGU6NTg1MDM3NQ==,-164.0,-185.0,-145.0,-145.0,T3V0Y29tZU5vZGU6NTg1MDM3NA==,113.0,113.0,113.0,113.0
T2ZmZXJUYWJsZU9mZmVyTm9kZToxMDMwNDI3NTE=,RmlnaHROb2RlOjU0MzQx,U3BvcnRzYm9va05vZGU6Mjg=,T3V0Y29tZU5vZGU6NTg1MzUyNw==,-149.0,-149.0,-141.0,-130.0,T3V0Y29tZU5vZGU6NTg1MzUyOA==,109.0,-110.0,101.0,109.0
T2ZmZXJUYWJsZU9mZmVyTm9kZToxMDMwNDI3NDU=,RmlnaHROb2RlOjU0MzM5,U3BvcnRzYm9va05vZGU6Mjg=,T3V0Y29tZU5vZGU6NTg1MzUxNQ==,109.0,-120.0,-105.0,109.0,T3V0Y29tZU5vZGU6NTg1MzUxNg==,-149.0,-149.0,-135.0,-120.0
T2ZmZXJUYWJsZU9mZmVyTm9kZToxMDMwNDExNTE=,RmlnaHROb2RlOjU0MzM5,U3BvcnRzYm9va05vZGU6MjE=,T3V0Y29tZU5vZGU6NTg1MDM3MQ==,-145.0,-145.0,103.0,106.0,T3V0Y29tZU5vZGU6NTg1MDM3MA==,-114.0,-149.0,-141.0,-114.0
T2ZmZXJUYWJsZU9mZmVyTm9kZToxMDMwMzkyMDE=,RmlnaHROb2RlOjU0MzM5,U3BvcnRzYm9va05vZGU6Mjc=,T3V0Y29tZU5vZGU6NTg0NjQ3MA==,-150.0,-150.0,105.0,105.0,T3V0Y29tZU5vZGU6NTg0NjQ3MQ==,110.0,-138.0,-138.0,110.0
T2ZmZXJUYWJsZU9mZmVyTm9kZToxMDMwMzczMDc=,RmlnaHROb2RlOjU0MzM5,U3BvcnRzYm9va05vZGU6MTA=,,,,,,T3V0Y29tZU5vZGU6NTg0MjY4Mg==,120.0,-150.0,-140.0,120.0
T2ZmZXJUYWJsZU9mZmVyTm9kZToxMDMwMzczMDU=,RmlnaHROb2RlOjU0MzIz,U3BvcnRzYm9va05vZGU6MTA=,T3V0Y29tZU5vZGU6NTg0MjY3OA==,160.0,153.0,153.0,160.0,T3V0Y29tZU5vZGU6NTg0MjY3OQ==,-200.0,-200.0,-183.0,-183.0
T2ZmZXJUYWJsZU9mZmVyTm9kZToxMDMwMzkxOTc=,RmlnaHROb2RlOjU0MzIz,U3BvcnRzYm9va05vZGU6Mjc=,T3V0Y29tZU5vZGU6NTg0NjQ2Mg==,150.0,150.0,150.0,150.0,T3V0Y29tZU5vZGU6NTg0NjQ2Mw==,-200.0,-200.0,-200.0,-200.0
T2ZmZXJUYWJsZU9mZmVyTm9kZToxMDMwNDI3NDk=,RmlnaHROb2RlOjU0MzIz,U3BvcnRzYm9va05vZGU6Mjg=,T3V0Y29tZU5vZGU6NTg1MzUyNA==,150.0,142.0,142.0,150.0,T3V0Y29tZU5vZGU6NTg1MzUyMw==,-200.0,-200.0,-185.0,-185.0
T2ZmZXJUYWJsZU9mZmVyTm9kZToxMDMwNDExOTA=,RmlnaHROb2RlOjU0MzIz,U3BvcnRzYm9va05vZGU6MjE=,T3V0Y29tZU5vZGU6NTg1MDQ0OA==,144.0,144.0,144.0,144.0,T3V0Y29tZU5vZGU6NTg1MDQ0OQ==,-213.0,-213.0,-213.0,-213.0
T2ZmZXJUYWJsZU9mZmVyTm9kZToxMDMwMzkxODQ=,RmlnaHROb2RlOjU0MTYw,U3BvcnRzYm9va05vZGU6Mjc=,T3V0Y29tZU5vZGU6NTg0NjQzNg==,-200.0,-250.0,-250.0,-200.0,T3V0Y29tZU5vZGU6NTg0NjQzNw==,150.0,150.0,175.0,175.0
T2ZmZXJUYWJsZU9mZmVyTm9kZToxMDMwNDExNTY=,RmlnaHROb2RlOjU0MTYw,U3BvcnRzYm9va05vZGU6MjE=,T3V0Y29tZU5vZGU6NTg1MDM4MQ==,-250.0,-312.0,-312.0,-250.0,T3V0Y29tZU5vZGU6NTg1MDM4MA==,166.0,166.0,203.0,203.0
T2ZmZXJUYWJsZU9mZmVyTm9kZToxMDMwMzcyOTM=,RmlnaHROb2RlOjU0MTYw,U3BvcnRzYm9va05vZGU6MTA=,T3V0Y29tZU5vZGU6NTg0MjY1NQ==,-150.0,-315.0,-305.0,-150.0,T3V0Y29tZU5vZGU6NTg0MjY1NA==,120.0,120.0,245.0,255.0
T2ZmZXJUYWJsZU9mZmVyTm9kZToxMDMwNDI3NDY=,RmlnaHROb2RlOjU0MTYw,U3BvcnRzYm9va05vZGU6Mjg=,T3V0Y29tZU5vZGU6NTg1MzUxNw==,-263.0,-312.0,-312.0,-263.0,T3V0Y29tZU5vZGU6NTg1MzUxOA==,183.0,183.0,207.0,207.0
T2ZmZXJUYWJsZU9mZmVyTm9kZToxMDMwNDExNTA=,RmlnaHROb2RlOjU0MzQw,U3BvcnRzYm9va05vZGU6MjE=,T3V0Y29tZU5vZGU6NTg1MDM2OQ==,138.0,138.0,199.0,199.0,T3V0Y29tZU5vZGU6NTg1MDM2OA==,-217.0,-312.0,-312.0,-217.0
T2ZmZXJUYWJsZU9mZmVyTm9kZToxMDMwMzczMDg=,RmlnaHROb2RlOjU0MzQw,U3BvcnRzYm9va05vZGU6MTA=,T3V0Y29tZU5vZGU6NTg0MjY4NA==,150.0,150.0,220.0,220.0,T3V0Y29tZU5vZGU6NTg0MjY4NQ==,-180.0,-280.0,-280.0,-180.0
T2ZmZXJUYWJsZU9mZmVyTm9kZToxMDMwNDI3NTA=,RmlnaHROb2RlOjU0MzQw,U3BvcnRzYm9va05vZGU6Mjg=,T3V0Y29tZU5vZGU6NTg1MzUyNQ==,193.0,193.0,193.0,193.0,T3V0Y29tZU5vZGU6NTg1MzUyNg==,-278.0,-278.0,-278.0,-278.0
T2ZmZXJUYWJsZU9mZmVyTm9kZToxMDMwMzkyMDM=,RmlnaHROb2RlOjU0MzQw,U3BvcnRzYm9va05vZGU6Mjc=,T3V0Y29tZU5vZGU6NTg0NjQ3NA==,140.0,140.0,200.0,200.0,T3V0Y29tZU5vZGU6NTg0NjQ3NQ==,-188.0,-275.0,-275.0,-188.0
T2ZmZXJUYWJsZU9mZmVyTm9kZToxMDMwNTcxODU=,RmlnaHROb2RlOjUzNTIz,U3BvcnRzYm9va05vZGU6MTA=,T3V0Y29tZU5vZGU6NTg4MTgyNA==,-300.0,-800.0,-800.0,-300.0,T3V0Y29tZU5vZGU6NTg4MTgyMw==,240.0,240.0,550.0,550.0
T2ZmZXJUYWJsZU9mZmVyTm9kZToxMDMwNTk5NzA=,RmlnaHROb2RlOjUzNTIz,U3BvcnRzYm9va05vZGU6MjE=,T3V0Y29tZU5vZGU6NTg4NzM3MA==,-1429.0,-1429.0,-1429.0,-1429.0,T3V0Y29tZU5vZGU6NTg4NzM2OQ==,544.0,497.0,534.0,544.0
T2ZmZXJUYWJsZU9mZmVyTm9kZToxMDMwNjA3NTE=,RmlnaHROb2RlOjUzNTIz,U3BvcnRzYm9va05vZGU6Mjg=,T3V0Y29tZU5vZGU6NTg4ODkxNw==,-665.0,-1000.0,-1000.0,-665.0,T3V0Y29tZU5vZGU6NTg4ODkxOA==,390.0,390.0,500.0,500.0
T2ZmZXJUYWJsZU9mZmVyTm9kZToxMDMwNjU2MzA=,RmlnaHROb2RlOjUzNDE3,U3BvcnRzYm9va05vZGU6MjE=,T3V0Y29tZU5vZGU6NTg5ODM2Mw==,-909.0,-909.0,-909.0,-909.0,T3V0Y29tZU5vZGU6NTg5ODM2Mg==,433.0,433.0,433.0,433.0
T2ZmZXJUYWJsZU9mZmVyTm9kZToxMDMwNTcxODg=,RmlnaHROb2RlOjUzNDE3,U3BvcnRzYm9va05vZGU6MTA=,T3V0Y29tZU5vZGU6NTg4MTgzMA==,-500.0,-600.0,-600.0,-500.0,T3V0Y29tZU5vZGU6NTg4MTgyOQ==,375.0,375.0,425.0,425.0
T2ZmZXJUYWJsZU9mZmVyTm9kZToxMDMwNjQyMzc=,RmlnaHROb2RlOjUzNDE3,U3BvcnRzYm9va05vZGU6Mjg=,T3V0Y29tZU5vZGU6NTg5NTc1Mg==,-770.0,-770.0,-770.0,-770.0,T3V0Y29tZU5vZGU6NTg5NTc1Mw==,435.0,435.0,435.0,435.0
T2ZmZXJUYWJsZU9mZmVyTm9kZToxMDMwNTcxODk=,RmlnaHROb2RlOjUzNTM2,U3BvcnRzYm9va05vZGU6MTA=,T3V0Y29tZU5vZGU6NTg4MTgzMQ==,100.0,-240.0,-240.0,100.0,T3V0Y29tZU5vZGU6NTg4MTgzMg==,-130.0,-130.0,190.0,190.0
T2ZmZXJUYWJsZU9mZmVyTm9kZToxMDMwNjIwMDY=,RmlnaHROb2RlOjUzNTM2,U3BvcnRzYm9va05vZGU6MjE=,T3V0Y29tZU5vZGU6NTg5MTQyOA==,-196.0,-222.0,-222.0,-196.0,T3V0Y29tZU5vZGU6NTg5MTQyNw==,129.0,129.0,151.0,151.0
T2ZmZXJUYWJsZU9mZmVyTm9kZToxMDMwNjcwNjI=,RmlnaHROb2RlOjUzNTM2,U3BvcnRzYm9va05vZGU6Mjg=,T3V0Y29tZU5vZGU6NTkwMTE3Nw==,-170.0,-185.0,-185.0,-170.0,T3V0Y29tZU5vZGU6NTkwMTE3OA==,130.0,130.0,142.0,142.0
T2ZmZXJUYWJsZU9mZmVyTm9kZToxMDMwNTk5NzE=,RmlnaHROb2RlOjU0Mjg4,U3BvcnRzYm9va05vZGU6MjE=,T3V0Y29tZU5vZGU6NTg4NzM3Mg==,-128.0,-189.0,-189.0,101.0,T3V0Y29tZU5vZGU6NTg4NzM3MQ==,-111.0,-145.0,130.0,130.0
T2ZmZXJUYWJsZU9mZmVyTm9kZToxMDMwNjc4MzA=,RmlnaHROb2RlOjU0Mjg4,U3BvcnRzYm9va05vZGU6Mjg=,T3V0Y29tZU5vZGU6NTkwMjY4MQ==,-120.0,-125.0,-125.0,-115.0,T3V0Y29tZU5vZGU6NTkwMjY4Mg==,-120.0,-125.0,-115.0,-115.0
T2ZmZXJUYWJsZU9mZmVyTm9kZToxMDMwNTcxOTE=,RmlnaHROb2RlOjU0Mjg4,U3BvcnRzYm9va05vZGU6MTA=,T3V0Y29tZU5vZGU6NTg4MTgzNg==,-115.0,-179.0,-170.0,160.0,T3V0Y29tZU5vZGU6NTg4MTgzNQ==,-115.0,-200.0,140.0,149.0
T2ZmZXJUYWJsZU9mZmVyTm9kZToxMDMwNTcxODQ=,RmlnaHROb2RlOjUzNDAx,U3BvcnRzYm9va05vZGU6MTA=,T3V0Y29tZU5vZGU6NTg4MTgyMQ==,120.0,-189.0,-189.0,120.0,T3V0Y29tZU5vZGU6NTg4MTgyMg==,-150.0,-150.0,159.0,159.0
T2ZmZXJUYWJsZU9mZmVyTm9kZToxMDMwNjc4Mjg=,RmlnaHROb2RlOjUzNDAx,U3BvcnRzYm9va05vZGU6Mjg=,T3V0Y29tZU5vZGU6NTkwMjY3Nw==,-120.0,-125.0,-125.0,105.0,T3V0Y29tZU5vZGU6NTkwMjY3OA==,-120.0,-145.0,-115.0,-115.0
T2ZmZXJUYWJsZU9mZmVyTm9kZToxMDMwNjAwMjQ=,RmlnaHROb2RlOjUzNDAx,U3BvcnRzYm9va05vZGU6MjE=,T3V0Y29tZU5vZGU6NTg4NzQ3OA==,-120.0,-185.0,-185.0,108.0,T3V0Y29tZU5vZGU6NTg4NzQ3Nw==,-119.0,-156.0,128.0,128.0
T2ZmZXJUYWJsZU9mZmVyTm9kZToxMDMwNjc5MjY=,RmlnaHROb2RlOjUzNDAy,U3BvcnRzYm9va05vZGU6Mjg=,T3V0Y29tZU5vZGU6NTkwMjg3Mw==,-305.0,-400.0,-400.0,-305.0,T3V0Y29tZU5vZGU6NTkwMjg3NA==,205.0,205.0,250.0,250.0
T2ZmZXJUYWJsZU9mZmVyTm9kZToxMDMwNjIwMDc=,RmlnaHROb2RlOjUzNDAy,U3BvcnRzYm9va05vZGU6MjE=,T3V0Y29tZU5vZGU6NTg5MTQzMA==,-357.0,-714.0,-714.0,-357.0,T3V0Y29tZU5vZGU6NTg5MTQyOQ==,226.0,226.0,370.0,370.0
T2ZmZXJUYWJsZU9mZmVyTm9kZToxMDMwNTcxODY=,RmlnaHROb2RlOjUzNDAy,U3BvcnRzYm9va05vZGU6MTA=,T3V0Y29tZU5vZGU6NTg4MTgyNg==,-400.0,-550.0,-515.0,-300.0,T3V0Y29tZU5vZGU6NTg4MTgyNQ==,300.0,240.0,390.0,400.0
T2ZmZXJUYWJsZU9mZmVyTm9kZToxMDMwNTcxOTQ=,RmlnaHROb2RlOjUzOTUz,U3BvcnRzYm9va05vZGU6MTA=,T3V0Y29tZU5vZGU6NTg4MTg0MQ==,275.0,275.0,550.0,550.0,T3V0Y29tZU5vZGU6NTg4MTg0Mg==,-350.0,-800.0,-800.0,-350.0
T2ZmZXJUYWJsZU9mZmVyTm9kZToxMDMwNjA3NTY=,RmlnaHROb2RlOjUzOTUz,U3BvcnRzYm9va05vZGU6Mjg=,T3V0Y29tZU5vZGU6NTg4ODkyNw==,300.0,300.0,435.0,435.0,T3V0Y29tZU5vZGU6NTg4ODkyOA==,-500.0,-770.0,-770.0,-500.0
T2ZmZXJUYWJsZU9mZmVyTm9kZToxMDMwNTk5NzI=,RmlnaHROb2RlOjUzOTUz,U3BvcnRzYm9va05vZGU6MjE=,T3V0Y29tZU5vZGU6NTg4NzM3NA==,372.0,372.0,482.0,482.0,T3V0Y29tZU5vZGU6NTg4NzM3Mw==,-714.0,-909.0,-909.0,-714.0
T2ZmZXJUYWJsZU9mZmVyTm9kZToxMDMwNTcxOTA=,RmlnaHROb2RlOjUzNDE2,U3BvcnRzYm9va05vZGU6MTA=,T3V0Y29tZU5vZGU6NTg4MTgzNA==,-500.0,-1200.0,-1200.0,-500.0,T3V0Y29tZU5vZGU6NTg4MTgzMw==,375.0,375.0,750.0,750.0
T2ZmZXJUYWJsZU9mZmVyTm9kZToxMDMwNjI4NTE=,RmlnaHROb2RlOjUzNDE2,U3BvcnRzYm9va05vZGU6MjE=,T3V0Y29tZU5vZGU6NTg5MzEwMw==,-1429.0,-2500.0,-2500.0,-1429.0,T3V0Y29tZU5vZGU6NTg5MzEwMg==,550.0,516.0,714.0,714.0
T2ZmZXJUYWJsZU9mZmVyTm9kZToxMDMwNjc4MzE=,RmlnaHROb2RlOjUzNDE2,U3BvcnRzYm9va05vZGU6Mjg=,T3V0Y29tZU5vZGU6NTkwMjY4Mw==,-835.0,-1250.0,-1000.0,-835.0,T3V0Y29tZU5vZGU6NTkwMjY4NA==,460.0,460.0,500.0,650.0
T2ZmZXJUYWJsZU9mZmVyTm9kZToxMDMwNjE5NTg=,RmlnaHROb2RlOjUzNDE4,U3BvcnRzYm9va05vZGU6MjE=,T3V0Y29tZU5vZGU6NTg5MTMzMg==,-263.0,-286.0,-270.0,-238.0,T3V0Y29tZU5vZGU6NTg5MTMzMQ==,175.0,158.0,179.0,179.0
T2ZmZXJUYWJsZU9mZmVyTm9kZToxMDMwNTcxOTM=,RmlnaHROb2RlOjUzNDE4,U3BvcnRzYm9va05vZGU6MTA=,T3V0Y29tZU5vZGU6NTg4MTg0MA==,-200.0,-300.0,-240.0,-200.0,T3V0Y29tZU5vZGU6NTg4MTgzOQ==,160.0,160.0,190.0,240.0
T2ZmZXJUYWJsZU9mZmVyTm9kZToxMDMwNjc5Mjg=,RmlnaHROb2RlOjUzNDE4,U3BvcnRzYm9va05vZGU6Mjg=,T3V0Y29tZU5vZGU6NTkwMjg3Nw==,-200.0,-278.0,-278.0,-200.0,T3V0Y29tZU5vZGU6NTkwMjg3OA==,150.0,150.0,193.0,193.0
T2ZmZXJUYWJsZU9mZmVyTm9kZToxMDMwNjc5MzA=,RmlnaHROb2RlOjUzNDAz,U3BvcnRzYm9va05vZGU6Mjg=,T3V0Y29tZU5vZGU6NTkwMjg4MQ==,-120.0,-159.0,-159.0,-120.0,T3V0Y29tZU5vZGU6NTkwMjg4Mg==,-120.0,-120.0,119.0,119.0
T2ZmZXJUYWJsZU9mZmVyTm9kZToxMDMwNTcxODc=,RmlnaHROb2RlOjUzNDAz,U3BvcnRzYm9va05vZGU6MTA=,T3V0Y29tZU5vZGU6NTg4MTgyOA==,-150.0,-177.0,-142.0,-115.0,T3V0Y29tZU5vZGU6NTg4MTgyNw==,120.0,-115.0,112.0,147.0
T2ZmZXJUYWJsZU9mZmVyTm9kZToxMDMwNTk5Njk=,RmlnaHROb2RlOjUzNDAz,U3BvcnRzYm9va05vZGU6MjE=,T3V0Y29tZU5vZGU6NTg4NzM2OA==,-115.0,-175.0,-154.0,-115.0,T3V0Y29tZU5vZGU6NTg4NzM2Nw==,-125.0,-125.0,106.0,114.0
T2ZmZXJUYWJsZU9mZmVyTm9kZToxMDMwOTAyMzM=,RmlnaHROb2RlOjU0Mjgy,U3BvcnRzYm9va05vZGU6Mjc=,T3V0Y29tZU5vZGU6NTk0NTk5NA==,-150.0,-188.0,-188.0,-150.0,T3V0Y29tZU5vZGU6NTk0NTk5NQ==,110.0,110.0,140.0,140.0
T2ZmZXJUYWJsZU9mZmVyTm9kZToxMDMwOTA2MjA=,RmlnaHROb2RlOjU0Mjgy,U3BvcnRzYm9va05vZGU6Mjg=,T3V0Y29tZU5vZGU6NTk0NjczOA==,-150.0,-210.0,-210.0,-150.0,T3V0Y29tZU5vZGU6NTk0NjczOQ==,110.0,110.0,155.0,155.0
T2ZmZXJUYWJsZU9mZmVyTm9kZToxMDMwNzQxMjg=,RmlnaHROb2RlOjU0Mjgy,U3BvcnRzYm9va05vZGU6MTA=,T3V0Y29tZU5vZGU6NTkxNDUxMA==,-150.0,-275.0,-240.0,-150.0,T3V0Y29tZU5vZGU6NTkxNDUwOQ==,120.0,120.0,190.0,215.0
T2ZmZXJUYWJsZU9mZmVyTm9kZToxMDMwODgxNTY=,RmlnaHROb2RlOjU0Mjgy,U3BvcnRzYm9va05vZGU6MjE=,T3V0Y29tZU5vZGU6NTk0MTkzMA==,-164.0,-213.0,-213.0,-164.0,T3V0Y29tZU5vZGU6NTk0MTkyOQ==,113.0,113.0,145.0,145.0
T2ZmZXJUYWJsZU9mZmVyTm9kZToxMDMwOTA2MTk=,RmlnaHROb2RlOjUzOTQy,U3BvcnRzYm9va05vZGU6Mjg=,T3V0Y29tZU5vZGU6NTk0NjczNw==,-155.0,-185.0,-185.0,-155.0,T3V0Y29tZU5vZGU6NTk0NjczNg==,115.0,115.0,142.0,142.0
T2ZmZXJUYWJsZU9mZmVyTm9kZToxMDMwODgwODE=,RmlnaHROb2RlOjUzOTQy,U3BvcnRzYm9va05vZGU6MjE=,T3V0Y29tZU5vZGU6NTk0MTc4NQ==,-132.0,-200.0,-200.0,-132.0,T3V0Y29tZU5vZGU6NTk0MTc4Ng==,-110.0,-110.0,136.0,136.0
T2ZmZXJUYWJsZU9mZmVyTm9kZToxMDMwOTAyMjg=,RmlnaHROb2RlOjUzOTQy,U3BvcnRzYm9va05vZGU6Mjc=,T3V0Y29tZU5vZGU6NTk0NTk4NQ==,-175.0,-188.0,-188.0,-175.0,T3V0Y29tZU5vZGU6NTk0NTk4NA==,130.0,130.0,140.0,140.0
T2ZmZXJUYWJsZU9mZmVyTm9kZToxMDMwNzQxMTg=,RmlnaHROb2RlOjUzOTQy,U3BvcnRzYm9va05vZGU6MTA=,T3V0Y29tZU5vZGU6NTkxNDQ4OQ==,160.0,-200.0,-189.0,160.0,T3V0Y29tZU5vZGU6NTkxNDQ5MA==,-200.0,-200.0,159.0,160.0
T2ZmZXJUYWJsZU9mZmVyTm9kZToxMDMwODgwODI=,RmlnaHROb2RlOjU0Mjcz,U3BvcnRzYm9va05vZGU6MjE=,T3V0Y29tZU5vZGU6NTk0MTc4OA==,-667.0,-667.0,-667.0,-667.0,T3V0Y29tZU5vZGU6NTk0MTc4Nw==,355.0,335.0,349.0,355.0
T2ZmZXJUYWJsZU9mZmVyTm9kZToxMDMwNzQxMTk=,RmlnaHROb2RlOjU0Mjcz,U3BvcnRzYm9va05vZGU6MTA=,T3V0Y29tZU5vZGU6NTkxNDQ5Mg==,-500.0,-500.0,-500.0,-500.0,T3V0Y29tZU5vZGU6NTkxNDQ5MQ==,375.0,375.0,375.0,375.0
T2ZmZXJUYWJsZU9mZmVyTm9kZToxMDMwOTAyMzE=,RmlnaHROb2RlOjU0Mjcz,U3BvcnRzYm9va05vZGU6Mjc=,T3V0Y29tZU5vZGU6NTk0NTk5MA==,-450.0,-549.0,-549.0,-450.0,T3V0Y29tZU5vZGU6NTk0NTk5MQ==,300.0,300.0,350.0,350.0
T2ZmZXJUYWJsZU9mZmVyTm9kZToxMDMwOTA2MTc=,RmlnaHROb2RlOjU0Mjcz,U3BvcnRzYm9va05vZGU6Mjg=,T3V0Y29tZU5vZGU6NTk0NjczMg==,-500.0,-500.0,-500.0,-475.0,T3V0Y29tZU5vZGU6NTk0NjczMw==,300.0,290.0,300.0,300.0
T2ZmZXJUYWJsZU9mZmVyTm9kZToxMDMwODgxNDk=,RmlnaHROb2RlOjU0Mjc0,U3BvcnRzYm9va05vZGU6MjE=,T3V0Y29tZU5vZGU6NTk0MTkxNg==,100.0,-169.0,-156.0,100.0,T3V0Y29tZU5vZGU6NTk0MTkxNQ==,-143.0,-143.0,108.0,113.0
T2ZmZXJUYWJsZU9mZmVyTm9kZToxMDMwOTA2MTU=,RmlnaHROb2RlOjU0Mjc0,U3BvcnRzYm9va05vZGU6Mjg=,T3V0Y29tZU5vZGU6NTk0NjcyOA==,-105.0,-175.0,-164.0,-105.0,T3V0Y29tZU5vZGU6NTk0NjcyOQ==,-135.0,-135.0,124.0,135.0
T2ZmZXJUYWJsZU9mZmVyTm9kZToxMDMwNzQxMjE=,RmlnaHROb2RlOjU0Mjc0,U3BvcnRzYm9va05vZGU6MTA=,T3V0Y29tZU5vZGU6NTkxNDQ5Ng==,-250.0,-250.0,-160.0,115.0,T3V0Y29tZU5vZGU6NTkxNDQ5NQ==,200.0,-145.0,130.0,200.0
T2ZmZXJUYWJsZU9mZmVyTm9kZToxMDMwOTAyMjc=,RmlnaHROb2RlOjU0Mjc0,U3BvcnRzYm9va05vZGU6Mjc=,T3V0Y29tZU5vZGU6NTk0NTk4Mg==,-105.0,-175.0,-138.0,-105.0,T3V0Y29tZU5vZGU6NTk0NTk4Mw==,-125.0,-125.0,105.0,130.0
T2ZmZXJUYWJsZU9mZmVyTm9kZToxMDMwOTA2Mjg=,RmlnaHROb2RlOjU0MjUy,U3BvcnRzYm9va05vZGU6Mjg=,T3V0Y29tZU5vZGU6NTk0Njc1NA==,-400.0,-475.0,-475.0,-400.0,T3V0Y29tZU5vZGU6NTk0Njc1NQ==,250.0,250.0,290.0,290.0
T2ZmZXJUYWJsZU9mZmVyTm9kZToxMDMwOTAyMzg=,RmlnaHROb2RlOjU0MjUy,U3BvcnRzYm9va05vZGU6Mjc=,T3V0Y29tZU5vZGU6NTk0NjAwNA==,-400.0,-549.0,-549.0,-400.0,T3V0Y29tZU5vZGU6NTk0NjAwNQ==,275.0,275.0,350.0,350.0
T2ZmZXJUYWJsZU9mZmVyTm9kZToxMDMwNzk3MTA=,RmlnaHROb2RlOjU0MjUy,U3BvcnRzYm9va05vZGU6MjE=,T3V0Y29tZU5vZGU6NTkyNTY2Mg==,-500.0,-625.0,-625.0,-500.0,T3V0Y29tZU5vZGU6NTkyNTY2MQ==,285.0,285.0,335.0,335.0
T2ZmZXJUYWJsZU9mZmVyTm9kZToxMDMwNzQxMjA=,RmlnaHROb2RlOjU0MjUy,U3BvcnRzYm9va05vZGU6MTA=,T3V0Y29tZU5vZGU6NTkxNDQ5NA==,-400.0,-475.0,-475.0,-400.0,T3V0Y29tZU5vZGU6NTkxNDQ5Mw==,300.0,300.0,375.0,375.0
T2ZmZXJUYWJsZU9mZmVyTm9kZToxMDMwODgxNTM=,RmlnaHROb2RlOjU0Mjc5,U3BvcnRzYm9va05vZGU6MjE=,T3V0Y29tZU5vZGU6NTk0MTkyNA==,-294.0,-294.0,-294.0,-294.0,T3V0Y29tZU5vZGU6NTk0MTkyMw==,191.0,181.0,181.0,191.0
T2ZmZXJUYWJsZU9mZmVyTm9kZToxMDMwNzQxMjU=,RmlnaHROb2RlOjU0Mjc5,U3BvcnRzYm9va05vZGU6MTA=,T3V0Y29tZU5vZGU6NTkxNDUwNA==,-200.0,-260.0,-260.0,-200.0,T3V0Y29tZU5vZGU6NTkxNDUwMw==,160.0,160.0,200.0,200.0
T2ZmZXJUYWJsZU9mZmVyTm9kZToxMDMwOTAyMzk=,RmlnaHROb2RlOjU0Mjc5,U3BvcnRzYm9va05vZGU6Mjc=,T3V0Y29tZU5vZGU6NTk0NjAwNg==,-275.0,-275.0,-275.0,-275.0,T3V0Y29tZU5vZGU6NTk0NjAwNw==,200.0,200.0,200.0,200.0
T2ZmZXJUYWJsZU9mZmVyTm9kZToxMDMwOTA2MjU=,RmlnaHROb2RlOjU0Mjc5,U3BvcnRzYm9va05vZGU6Mjg=,T3V0Y29tZU5vZGU6NTk0Njc0OA==,-263.0,-263.0,-263.0,-263.0,T3V0Y29tZU5vZGU6NTk0Njc0OQ==,183.0,183.0,183.0,183.0
T2ZmZXJUYWJsZU9mZmVyTm9kZToxMDMwNzQxMjY=,RmlnaHROb2RlOjU0Mjc1,U3BvcnRzYm9va05vZGU6MTA=,T3V0Y29tZU5vZGU6NTkxNDUwNQ==,190.0,-140.0,-130.0,190.0,T3V0Y29tZU5vZGU6NTkxNDUwNg==,-240.0,-240.0,100.0,110.0
T2ZmZXJUYWJsZU9mZmVyTm9kZToxMDMwODgxNTQ=,RmlnaHROb2RlOjU0Mjc1,U3BvcnRzYm9va05vZGU6MjE=,T3V0Y29tZU5vZGU6NTk0MTkyNQ==,108.0,-143.0,-143.0,108.0,T3V0Y29tZU5vZGU6NTk0MTkyNg==,-156.0,-156.0,-105.0,-101.0
T2ZmZXJUYWJsZU9mZmVyTm9kZToxMDMwOTA2MjQ=,RmlnaHROb2RlOjU0Mjc1,U3BvcnRzYm9va05vZGU6Mjg=,T3V0Y29tZU5vZGU6NTk0Njc0Nw==,105.0,-135.0,-130.0,105.0,T3V0Y29tZU5vZGU6NTk0Njc0Ng==,-145.0,-145.0,-110.0,-105.0
T2ZmZXJUYWJsZU9mZmVyTm9kZToxMDMwOTAyNDY=,RmlnaHROb2RlOjU0Mjc1,U3BvcnRzYm9va05vZGU6Mjc=,T3V0Y29tZU5vZGU6NTk0NjAyMA==,105.0,-138.0,-138.0,105.0,T3V0Y29tZU5vZGU6NTk0NjAyMQ==,-138.0,-138.0,105.0,105.0
T2ZmZXJUYWJsZU9mZmVyTm9kZToxMDMwOTA2MTE=,RmlnaHROb2RlOjU0MzIw,U3BvcnRzYm9va05vZGU6Mjg=,T3V0Y29tZU5vZGU6NTk0NjcyMA==,-205.0,-260.0,-260.0,-205.0,T3V0Y29tZU5vZGU6NTk0NjcyMQ==,155.0,155.0,180.0,180.0
T2ZmZXJUYWJsZU9mZmVyTm9kZToxMDMwOTAyNDM=,RmlnaHROb2RlOjU0MzIw,U3BvcnRzYm9va05vZGU6Mjc=,T3V0Y29tZU5vZGU6NTk0NjAxNA==,-200.0,-225.0,-225.0,-200.0,T3V0Y29tZU5vZGU6NTk0NjAxNQ==,150.0,150.0,163.0,163.0
T2ZmZXJUYWJsZU9mZmVyTm9kZToxMDMwNzQxMjM=,RmlnaHROb2RlOjU0MzIw,U3BvcnRzYm9va05vZGU6MTA=,T3V0Y29tZU5vZGU6NTkxNDUwMA==,-300.0,-300.0,-260.0,-205.0,T3V0Y29tZU5vZGU6NTkxNDQ5OQ==,240.0,165.0,200.0,240.0
T2ZmZXJUYWJsZU9mZmVyTm9kZToxMDMwODgxNTE=,RmlnaHROb2RlOjU0MzIw,U3BvcnRzYm9va05vZGU6MjE=,T3V0Y29tZU5vZGU6NTk0MTkyMA==,-233.0,-250.0,-250.0,-233.0,T3V0Y29tZU5vZGU6NTk0MTkxOQ==,155.0,155.0,167.0,167.0
T2ZmZXJUYWJsZU9mZmVyTm9kZToxMDMwNzQxMjI=,RmlnaHROb2RlOjU0Mjc2,U3BvcnRzYm9va05vZGU6MTA=,T3V0Y29tZU5vZGU6NTkxNDQ5Nw==,300.0,120.0,145.0,300.0,T3V0Y29tZU5vZGU6NTkxNDQ5OA==,-400.0,-400.0,-175.0,-150.0
T2ZmZXJUYWJsZU9mZmVyTm9kZToxMDMwOTA2MTM=,RmlnaHROb2RlOjU0Mjc2,U3BvcnRzYm9va05vZGU6Mjg=,T3V0Y29tZU5vZGU6NTk0NjcyNQ==,130.0,109.0,140.0,140.0,T3V0Y29tZU5vZGU6NTk0NjcyNA==,-170.0,-180.0,-180.0,-149.0
T2ZmZXJUYWJsZU9mZmVyTm9kZToxMDMwOTAyMzI=,RmlnaHROb2RlOjU0Mjc2,U3BvcnRzYm9va05vZGU6Mjc=,T3V0Y29tZU5vZGU6NTk0NTk5Mg==,130.0,110.0,120.0,130.0,T3V0Y29tZU5vZGU6NTk0NTk5Mw==,-175.0,-175.0,-163.0,-150.0
T2ZmZXJUYWJsZU9mZmVyTm9kZToxMDMwODgxNTA=,RmlnaHROb2RlOjU0Mjc2,U3BvcnRzYm9va05vZGU6MjE=,T3V0Y29tZU5vZGU6NTk0MTkxNw==,208.0,118.0,145.0,208.0,T3V0Y29tZU5vZGU6NTk0MTkxOA==,-323.0,-323.0,-213.0,-156.0
T2ZmZXJUYWJsZU9mZmVyTm9kZToxMDMwODgxNTU=,RmlnaHROb2RlOjU0Mjgx,U3BvcnRzYm9va05vZGU6MjE=,T3V0Y29tZU5vZGU6NTk0MTkyOA==,179.0,122.0,122.0,179.0,T3V0Y29tZU5vZGU6NTk0MTkyNw==,-270.0,-270.0,-189.0,-189.0
T2ZmZXJUYWJsZU9mZmVyTm9kZToxMDMwOTA2MjI=,RmlnaHROb2RlOjU0Mjgx,U3BvcnRzYm9va05vZGU6Mjg=,T3V0Y29tZU5vZGU6NTk0Njc0Mg==,162.0,124.0,124.0,162.0,T3V0Y29tZU5vZGU6NTk0Njc0Mw==,-217.0,-217.0,-164.0,-164.0
T2ZmZXJUYWJsZU9mZmVyTm9kZToxMDMwOTAyNDg=,RmlnaHROb2RlOjU0Mjgx,U3BvcnRzYm9va05vZGU6Mjc=,T3V0Y29tZU5vZGU6NTk0NjAyNA==,163.0,150.0,150.0,163.0,T3V0Y29tZU5vZGU6NTk0NjAyNQ==,-225.0,-225.0,-200.0,-200.0
T2ZmZXJUYWJsZU9mZmVyTm9kZToxMDMwNzQxMjc=,RmlnaHROb2RlOjU0Mjgx,U3BvcnRzYm9va05vZGU6MTA=,T3V0Y29tZU5vZGU6NTkxNDUwOA==,-115.0,-115.0,135.0,200.0,T3V0Y29tZU5vZGU6NTkxNDUwNw==,-115.0,-260.0,-165.0,-115.0
T2ZmZXJUYWJsZU9mZmVyTm9kZToxMDMwOTg3NTA=,RmlnaHROb2RlOjU0MTI2,U3BvcnRzYm9va05vZGU6Mjc=,T3V0Y29tZU5vZGU6NTk2MTI4NQ==,105.0,105.0,130.0,140.0,T3V0Y29tZU5vZGU6NTk2MTI4Ng==,-138.0,-188.0,-175.0,-138.0
T2ZmZXJUYWJsZU9mZmVyTm9kZToxMDMwOTg2ODc=,RmlnaHROb2RlOjU0MTI2,U3BvcnRzYm9va05vZGU6MjE=,T3V0Y29tZU5vZGU6NTk2MTE2MA==,100.0,100.0,147.0,149.0,T3V0Y29tZU5vZGU6NTk2MTE1OQ==,-143.0,-217.0,-217.0,-143.0
T2ZmZXJUYWJsZU9mZmVyTm9kZToxMDMwOTg1ODU=,RmlnaHROb2RlOjU0MTI2,U3BvcnRzYm9va05vZGU6MTA=,T3V0Y29tZU5vZGU6NTk2MDk1Ng==,-200.0,-200.0,160.0,160.0,T3V0Y29tZU5vZGU6NTk2MDk1NQ==,160.0,-200.0,-200.0,160.0
T2ZmZXJUYWJsZU9mZmVyTm9kZToxMDMxMDA2Nzk=,RmlnaHROb2RlOjU0MTI2,U3BvcnRzYm9va05vZGU6Mjg=,T3V0Y29tZU5vZGU6NTk2NDIzNg==,-105.0,-105.0,150.0,150.0,T3V0Y29tZU5vZGU6NTk2NDIzNw==,-135.0,-200.0,-200.0,-135.0
T2ZmZXJUYWJsZU9mZmVyTm9kZToxMDMwOTg2OTE=,RmlnaHROb2RlOjU0OTg0,U3BvcnRzYm9va05vZGU6MjE=,T3V0Y29tZU5vZGU6NTk2MTE2OA==,-833.0,-833.0,-714.0,-500.0,T3V0Y29tZU5vZGU6NTk2MTE2Nw==,403.0,285.0,380.0,403.0
T2ZmZXJUYWJsZU9mZmVyTm9kZToxMDMwOTg3NjE=,RmlnaHROb2RlOjU0OTg0,U3BvcnRzYm9va05vZGU6Mjc=,T3V0Y29tZU5vZGU6NTk2MTMwNw==,-649.0,-649.0,-450.0,-450.0,T3V0Y29tZU5vZGU6NTk2MTMwOA==,400.0,300.0,300.0,400.0
T2ZmZXJUYWJsZU9mZmVyTm9kZToxMDMwOTg1ODY=,RmlnaHROb2RlOjU0OTg0,U3BvcnRzYm9va05vZGU6MTA=,T3V0Y29tZU5vZGU6NTk2MDk1OA==,-400.0,-605.0,-550.0,-400.0,T3V0Y29tZU5vZGU6NTk2MDk1Nw==,300.0,300.0,400.0,430.0
T2ZmZXJUYWJsZU9mZmVyTm9kZToxMDMwOTkwODM=,RmlnaHROb2RlOjU0OTg0,U3BvcnRzYm9va05vZGU6Mjg=,T3V0Y29tZU5vZGU6NTk2MTc1OQ==,-590.0,-590.0,-556.0,-400.0,T3V0Y29tZU5vZGU6NTk2MTc2MA==,345.0,250.0,331.0,348.0
T2ZmZXJUYWJsZU9mZmVyTm9kZToxMDMwOTg2ODU=,RmlnaHROb2RlOjU0MDky,U3BvcnRzYm9va05vZGU6MjE=,T3V0Y29tZU5vZGU6NTk2MTE1Ng==,-222.0,-238.0,-222.0,-164.0,T3V0Y29tZU5vZGU6NTk2MTE1NQ==,151.0,113.0,145.0,159.0
T2ZmZXJUYWJsZU9mZmVyTm9kZToxMDMwOTg3NTY=,RmlnaHROb2RlOjU0MDky,U3BvcnRzYm9va05vZGU6Mjc=,T3V0Y29tZU5vZGU6NTk2MTI5Nw==,-163.0,-175.0,-175.0,-163.0,T3V0Y29tZU5vZGU6NTk2MTI5OA==,120.0,120.0,130.0,130.0
T2ZmZXJUYWJsZU9mZmVyTm9kZToxMDMwOTkwNzY=,RmlnaHROb2RlOjU0MDky,U3BvcnRzYm9va05vZGU6Mjg=,T3V0Y29tZU5vZGU6NTk2MTc0NQ==,-169.0,-210.0,-185.0,-149.0,T3V0Y29tZU5vZGU6NTk2MTc0Ng==,129.0,109.0,142.0,155.0
T2ZmZXJUYWJsZU9mZmVyTm9kZToxMDMwOTg1ODc=,RmlnaHROb2RlOjU0MDky,U3BvcnRzYm9va05vZGU6MTA=,T3V0Y29tZU5vZGU6NTk2MDk2MA==,-400.0,-400.0,-182.0,-150.0,T3V0Y29tZU5vZGU6NTk2MDk1OQ==,300.0,120.0,152.0,300.0
T2ZmZXJUYWJsZU9mZmVyTm9kZToxMDMwOTkzMzM=,RmlnaHROb2RlOjU0MDkw,U3BvcnRzYm9va05vZGU6MjE=,T3V0Y29tZU5vZGU6NTk2MjE5Mg==,-1429.0,-1429.0,-1429.0,-1429.0,T3V0Y29tZU5vZGU6NTk2MjE5MQ==,555.0,555.0,555.0,555.0
T2ZmZXJUYWJsZU9mZmVyTm9kZToxMDMwOTg1ODQ=,RmlnaHROb2RlOjU0MDkw,U3BvcnRzYm9va05vZGU6MTA=,T3V0Y29tZU5vZGU6NTk2MDk1NA==,-300.0,-700.0,-700.0,-300.0,T3V0Y29tZU5vZGU6NTk2MDk1Mw==,240.0,240.0,500.0,500.0
T2ZmZXJUYWJsZU9mZmVyTm9kZToxMDMwOTgyNTE=,RmlnaHROb2RlOjU0MDgz,U3BvcnRzYm9va05vZGU6MjE=,T3V0Y29tZU5vZGU6NTk2MDU3MA==,124.0,-108.0,104.0,128.0,T3V0Y29tZU5vZGU6NTk2MDU2OQ==,-189.0,-189.0,-149.0,-135.0
T2ZmZXJUYWJsZU9mZmVyTm9kZToxMDMwOTg1NzU=,RmlnaHROb2RlOjU0MDgz,U3BvcnRzYm9va05vZGU6MTA=,T3V0Y29tZU5vZGU6NTk2MDkzNg==,135.0,-180.0,-101.0,160.0,T3V0Y29tZU5vZGU6NTk2MDkzNQ==,-165.0,-200.0,-129.0,150.0
T2ZmZXJUYWJsZU9mZmVyTm9kZToxMDMxMDExMDA=,RmlnaHROb2RlOjU0MDgz,U3BvcnRzYm9va05vZGU6Mjg=,T3V0Y29tZU5vZGU6NTk2NDgzNw==,100.0,-120.0,-115.0,130.0,T3V0Y29tZU5vZGU6NTk2NDgzOA==,-140.0,-170.0,-125.0,-120.0
T2ZmZXJUYWJsZU9mZmVyTm9kZToxMDMwOTg3NjA=,RmlnaHROb2RlOjU0MDgz,U3BvcnRzYm9va05vZGU6Mjc=,T3V0Y29tZU5vZGU6NTk2MTMwNQ==,105.0,-110.0,-110.0,105.0,T3V0Y29tZU5vZGU6NTk2MTMwNg==,-138.0,-138.0,-120.0,-120.0
T2ZmZXJUYWJsZU9mZmVyTm9kZToxMDMxMDExOTE=,RmlnaHROb2RlOjU0MDgz,U3BvcnRzYm9va05vZGU6Mjg=,T3V0Y29tZU5vZGU6NTk2NTAwNw==,-115.0,-115.0,115.0,115.0,T3V0Y29tZU5vZGU6NTk2NTAwOA==,-125.0,-155.0,-155.0,-125.0
T2ZmZXJUYWJsZU9mZmVyTm9kZToxMDMxMDExNDQ=,RmlnaHROb2RlOjU0MDgz,U3BvcnRzYm9va05vZGU6Mjg=,T3V0Y29tZU5vZGU6NTk2NDkyNQ==,-115.0,-115.0,115.0,115.0,T3V0Y29tZU5vZGU6NTk2NDkyNg==,-125.0,-155.0,-155.0,-125.0
T2ZmZXJUYWJsZU9mZmVyTm9kZToxMDMxMDEyMzM=,RmlnaHROb2RlOjU0MDgz,U3BvcnRzYm9va05vZGU6Mjg=,T3V0Y29tZU5vZGU6NTk2NTA4NA==,140.0,140.0,140.0,140.0,T3V0Y29tZU5vZGU6NTk2NTA4NQ==,-180.0,-180.0,-180.0,-180.0
T2ZmZXJUYWJsZU9mZmVyTm9kZToxMDMxMDEyMzI=,RmlnaHROb2RlOjU0MDgz,U3BvcnRzYm9va05vZGU6Mjg=,T3V0Y29tZU5vZGU6NTk2NTA4Mg==,140.0,140.0,140.0,140.0,T3V0Y29tZU5vZGU6NTk2NTA4Mw==,-180.0,-180.0,-180.0,-180.0
T2ZmZXJUYWJsZU9mZmVyTm9kZToxMDMwOTkwODI=,RmlnaHROb2RlOjU0MDkx,U3BvcnRzYm9va05vZGU6Mjg=,T3V0Y29tZU5vZGU6NTk2MTc1Nw==,-225.0,-303.0,-244.0,-225.0,T3V0Y29tZU5vZGU6NTk2MTc1OA==,165.0,165.0,174.0,203.0
T2ZmZXJUYWJsZU9mZmVyTm9kZToxMDMwOTg1ODM=,RmlnaHROb2RlOjU0MDkx,U3BvcnRzYm9va05vZGU6MTA=,T3V0Y29tZU5vZGU6NTk2MDk1Mg==,-150.0,-350.0,-245.0,-150.0,T3V0Y29tZU5vZGU6NTk2MDk1MQ==,120.0,120.0,195.0,275.0
T2ZmZXJUYWJsZU9mZmVyTm9kZToxMDMxMDExODA=,RmlnaHROb2RlOjU0MDkx,U3BvcnRzYm9va05vZGU6Mjg=,T3V0Y29tZU5vZGU6NTk2NDk4NQ==,-244.0,-244.0,-244.0,-244.0,T3V0Y29tZU5vZGU6NTk2NDk4Ng==,174.0,174.0,174.0,174.0
T2ZmZXJUYWJsZU9mZmVyTm9kZToxMDMwOTg3NTQ=,RmlnaHROb2RlOjU0MDkx,U3BvcnRzYm9va05vZGU6Mjc=,T3V0Y29tZU5vZGU6NTk2MTI5Mw==,-250.0,-250.0,-250.0,-250.0,T3V0Y29tZU5vZGU6NTk2MTI5NA==,175.0,175.0,175.0,175.0
T2ZmZXJUYWJsZU9mZmVyTm9kZToxMDMwOTg2ODY=,RmlnaHROb2RlOjU0MDkx,U3BvcnRzYm9va05vZGU6MjE=,T3V0Y29tZU5vZGU6NTk2MTE1OA==,-263.0,-323.0,-270.0,-263.0,T3V0Y29tZU5vZGU6NTk2MTE1Nw==,173.0,173.0,177.0,207.0
T2ZmZXJUYWJsZU9mZmVyTm9kZToxMDMwOTg3NTk=,RmlnaHROb2RlOjU0MDg5,U3BvcnRzYm9va05vZGU6Mjc=,T3V0Y29tZU5vZGU6NTk2MTMwMw==,-1000.0,-1000.0,-1000.0,-1000.0,T3V0Y29tZU5vZGU6NTk2MTMwNA==,500.0,500.0,500.0,500.0
T2ZmZXJUYWJsZU9mZmVyTm9kZToxMDMwOTgyNTM=,RmlnaHROb2RlOjU0MDg0,U3BvcnRzYm9va05vZGU6MjE=,T3V0Y29tZU5vZGU6NTk2MDU3NA==,-102.0,-102.0,113.0,120.0,T3V0Y29tZU5vZGU6NTk2MDU3Mw==,-141.0,-169.0,-169.0,-141.0
T2ZmZXJUYWJsZU9mZmVyTm9kZToxMDMxMDEwOTk=,RmlnaHROb2RlOjU0MDg0,U3BvcnRzYm9va05vZGU6Mjg=,T3V0Y29tZU5vZGU6NTk2NDgzNQ==,121.0,116.0,121.0,129.0,T3V0Y29tZU5vZGU6NTk2NDgzNg==,-161.0,-169.0,-161.0,-156.0
T2ZmZXJUYWJsZU9mZmVyTm9kZToxMDMxMDExNDA=,RmlnaHROb2RlOjU0MDg0,U3BvcnRzYm9va05vZGU6Mjg=,T3V0Y29tZU5vZGU6NTk2NDkxNw==,121.0,121.0,121.0,121.0,T3V0Y29tZU5vZGU6NTk2NDkxOA==,-161.0,-161.0,-161.0,-161.0
T2ZmZXJUYWJsZU9mZmVyTm9kZToxMDMwOTg1NzY=,RmlnaHROb2RlOjU0MDg0,U3BvcnRzYm9va05vZGU6MTA=,T3V0Y29tZU5vZGU6NTk2MDkzOA==,145.0,125.0,130.0,145.0,T3V0Y29tZU5vZGU6NTk2MDkzNw==,-175.0,-175.0,-160.0,-155.0
T2ZmZXJUYWJsZU9mZmVyTm9kZToxMDMwOTg3NTI=,RmlnaHROb2RlOjU0MDg0,U3BvcnRzYm9va05vZGU6Mjc=,T3V0Y29tZU5vZGU6NTk2MTI4OQ==,120.0,120.0,120.0,120.0,T3V0Y29tZU5vZGU6NTk2MTI5MA==,-163.0,-163.0,-163.0,-163.0
T2ZmZXJUYWJsZU9mZmVyTm9kZToxMDMwOTg2ODQ=,RmlnaHROb2RlOjU0MDg2,U3BvcnRzYm9va05vZGU6MjE=,T3V0Y29tZU5vZGU6NTk2MTE1NA==,-400.0,-400.0,-270.0,-270.0,T3V0Y29tZU5vZGU6NTk2MTE1Mw==,242.0,179.0,179.0,242.0
T2ZmZXJUYWJsZU9mZmVyTm9kZToxMDMwOTg1ODE=,RmlnaHROb2RlOjU0MDg2,U3BvcnRzYm9va05vZGU6MTA=,T3V0Y29tZU5vZGU6NTk2MDk0OA==,-600.0,-600.0,-240.0,-240.0,T3V0Y29tZU5vZGU6NTk2MDk0Nw==,425.0,190.0,190.0,425.0
T2ZmZXJUYWJsZU9mZmVyTm9kZToxMDMwOTg3NTc=,RmlnaHROb2RlOjU0MDg2,U3BvcnRzYm9va05vZGU6Mjc=,T3V0Y29tZU5vZGU6NTk2MTI5OQ==,-333.0,-333.0,-275.0,-275.0,T3V0Y29tZU5vZGU6NTk2MTMwMA==,225.0,200.0,200.0,225.0
T2ZmZXJUYWJsZU9mZmVyTm9kZToxMDMxMDExMDE=,RmlnaHROb2RlOjU0MDg2,U3BvcnRzYm9va05vZGU6Mjg=,T3V0Y29tZU5vZGU6NTk2NDgzOQ==,-335.0,-335.0,-240.0,-240.0,T3V0Y29tZU5vZGU6NTk2NDg0MA==,220.0,170.0,170.0,220.0
T2ZmZXJUYWJsZU9mZmVyTm9kZToxMDMxMDEyMTM=,RmlnaHROb2RlOjU0MDg1,U3BvcnRzYm9va05vZGU6Mjg=,T3V0Y29tZU5vZGU6NTk2NTA1MQ==,-160.0,-160.0,-160.0,-160.0,T3V0Y29tZU5vZGU6NTk2NTA1Mg==,120.0,120.0,120.0,120.0
T2ZmZXJUYWJsZU9mZmVyTm9kZToxMDMxMDExNDI=,RmlnaHROb2RlOjU0MDg1,U3BvcnRzYm9va05vZGU6Mjg=,T3V0Y29tZU5vZGU6NTk2NDkyMQ==,-160.0,-160.0,-160.0,-160.0,T3V0Y29tZU5vZGU6NTk2NDkyMg==,120.0,120.0,120.0,120.0
T2ZmZXJUYWJsZU9mZmVyTm9kZToxMDMwOTg1Nzc=,RmlnaHROb2RlOjU0MDg1,U3BvcnRzYm9va05vZGU6MTA=,T3V0Y29tZU5vZGU6NTk2MDkzOQ==,100.0,-180.0,-145.0,100.0,T3V0Y29tZU5vZGU6NTk2MDk0MA==,-130.0,-130.0,115.0,150.0
T2ZmZXJUYWJsZU9mZmVyTm9kZToxMDMwOTgyNTI=,RmlnaHROb2RlOjU0MDg1,U3BvcnRzYm9va05vZGU6MjE=,T3V0Y29tZU5vZGU6NTk2MDU3Mg==,-120.0,-179.0,-164.0,-120.0,T3V0Y29tZU5vZGU6NTk2MDU3MQ==,-119.0,-119.0,108.0,124.0
T2ZmZXJUYWJsZU9mZmVyTm9kZToxMDMxMDExMDk=,RmlnaHROb2RlOjU0MDg1,U3BvcnRzYm9va05vZGU6Mjg=,T3V0Y29tZU5vZGU6NTk2NDg1NQ==,-149.0,-179.0,-160.0,-149.0,T3V0Y29tZU5vZGU6NTk2NDg1Ng==,109.0,109.0,120.0,139.0
T2ZmZXJUYWJsZU9mZmVyTm9kZToxMDMwOTg3NTg=,RmlnaHROb2RlOjU0MDg1,U3BvcnRzYm9va05vZGU6Mjc=,T3V0Y29tZU5vZGU6NTk2MTMwMQ==,-150.0,-150.0,-150.0,-150.0,T3V0Y29tZU5vZGU6NTk2MTMwMg==,110.0,110.0,110.0,110.0
T2ZmZXJUYWJsZU9mZmVyTm9kZToxMDMwOTg2ODM=,RmlnaHROb2RlOjU0MDg4,U3BvcnRzYm9va05vZGU6MjE=,T3V0Y29tZU5vZGU6NTk2MTE1Mg==,-833.0,-833.0,-667.0,-500.0,T3V0Y29tZU5vZGU6NTk2MTE1MQ==,403.0,285.0,359.0,403.0
T2ZmZXJUYWJsZU9mZmVyTm9kZToxMDMwOTg1Nzg=,RmlnaHROb2RlOjU0MDg4,U3BvcnRzYm9va05vZGU6MTA=,T3V0Y29tZU5vZGU6NTk2MDk0Mg==,-600.0,-600.0,-515.0,-400.0,T3V0Y29tZU5vZGU6NTk2MDk0MQ==,425.0,300.0,390.0,425.0
T2ZmZXJUYWJsZU9mZmVyTm9kZToxMDMwOTkwNzk=,RmlnaHROb2RlOjU0MDg4,U3BvcnRzYm9va05vZGU6Mjg=,T3V0Y29tZU5vZGU6NTk2MTc1MQ==,-590.0,-590.0,-526.0,-400.0,T3V0Y29tZU5vZGU6NTk2MTc1Mg==,345.0,250.0,316.0,345.0
T2ZmZXJUYWJsZU9mZmVyTm9kZToxMDMwOTg3NTM=,RmlnaHROb2RlOjU0MDg4,U3BvcnRzYm9va05vZGU6Mjc=,T3V0Y29tZU5vZGU6NTk2MTI5MQ==,-649.0,-649.0,-400.0,-400.0,T3V0Y29tZU5vZGU6NTk2MTI5Mg==,400.0,275.0,275.0,400.0
T2ZmZXJUYWJsZU9mZmVyTm9kZToxMDMxMDExNzk=,RmlnaHROb2RlOjU0MDg4,U3BvcnRzYm9va05vZGU6Mjg=,T3V0Y29tZU5vZGU6NTk2NDk4Mw==,-526.0,-526.0,-526.0,-526.0,T3V0Y29tZU5vZGU6NTk2NDk4NA==,316.0,316.0,316.0,316.0
T2ZmZXJUYWJsZU9mZmVyTm9kZToxMDMxMDExNDM=,RmlnaHROb2RlOjU0MDg4,U3BvcnRzYm9va05vZGU6Mjg=,T3V0Y29tZU5vZGU6NTk2NDkyMw==,-526.0,-526.0,-526.0,-526.0,T3V0Y29tZU5vZGU6NTk2NDkyNA==,316.0,316.0,316.0,316.0
T2ZmZXJUYWJsZU9mZmVyTm9kZToxMDMxMDA2Nzg=,RmlnaHROb2RlOjU0MDg3,U3BvcnRzYm9va05vZGU6Mjg=,T3V0Y29tZU5vZGU6NTk2NDIzNA==,-195.0,-476.0,-400.0,-195.0,T3V0Y29tZU5vZGU6NTk2NDIzNQ==,148.0,148.0,250.0,291.0
T2ZmZXJUYWJsZU9mZmVyTm9kZToxMDMwOTg3NTE=,RmlnaHROb2RlOjU0MDg3,U3BvcnRzYm9va05vZGU6Mjc=,T3V0Y29tZU5vZGU6NTk2MTI4Nw==,-200.0,-275.0,-275.0,-200.0,T3V0Y29tZU5vZGU6NTk2MTI4OA==,150.0,150.0,200.0,200.0
T2ZmZXJUYWJsZU9mZmVyTm9kZToxMDMwOTg2ODE=,RmlnaHROb2RlOjU0MDg3,U3BvcnRzYm9va05vZGU6MTA=,T3V0Y29tZU5vZGU6NTk2MTE0OA==,-240.0,-500.0,-400.0,-200.0,T3V0Y29tZU5vZGU6NTk2MTE0Nw==,190.0,160.0,300.0,375.0
T2ZmZXJUYWJsZU9mZmVyTm9kZToxMDMwOTg2ODI=,RmlnaHROb2RlOjU0MDg3,U3BvcnRzYm9va05vZGU6MjE=,T3V0Y29tZU5vZGU6NTk2MTE1MA==,-222.0,-385.0,-323.0,-222.0,T3V0Y29tZU5vZGU6NTk2MTE0OQ==,151.0,151.0,198.0,236.0
T2ZmZXJUYWJsZU9mZmVyTm9kZToxMDMxMDAzOTc=,RmlnaHROb2RlOjU0OTgz,U3BvcnRzYm9va05vZGU6MjE=,T3V0Y29tZU5vZGU6NTk2MzcyNQ==,-833.0,-2500.0,-1250.0,-833.0,T3V0Y29tZU5vZGU6NTk2MzcyNA==,403.0,403.0,524.0,665.0
T2ZmZXJUYWJsZU9mZmVyTm9kZToxMDMxMDA4NDk=,RmlnaHROb2RlOjU0OTgz,U3BvcnRzYm9va05vZGU6Mjg=,T3V0Y29tZU5vZGU6NTk2NDQ3NA==,-500.0,-1000.0,-835.0,-500.0,T3V0Y29tZU5vZGU6NTk2NDQ3NQ==,300.0,300.0,460.0,500.0
T2ZmZXJUYWJsZU9mZmVyTm9kZToxMDMwOTkwOTI=,RmlnaHROb2RlOjU0OTgz,U3BvcnRzYm9va05vZGU6MTA=,T3V0Y29tZU5vZGU6NTk2MTc3Mg==,-180.0,-1100.0,-700.0,-180.0,T3V0Y29tZU5vZGU6NTk2MTc3MQ==,150.0,150.0,500.0,700.0
T2ZmZXJUYWJsZU9mZmVyTm9kZToxMDMwOTg3NTU=,RmlnaHROb2RlOjU0OTgz,U3BvcnRzYm9va05vZGU6Mjc=,T3V0Y29tZU5vZGU6NTk2MTI5NQ==,-649.0,-649.0,-649.0,-649.0,T3V0Y29tZU5vZGU6NTk2MTI5Ng==,400.0,400.0,400.0,400.0
T2ZmZXJUYWJsZU9mZmVyTm9kZToxMDMxMTQ4ODc=,RmlnaHROb2RlOjU1MjI1,U3BvcnRzYm9va05vZGU6MTA=,T3V0Y29tZU5vZGU6NTk4OTQwNg==,-200.0,-265.0,-264.0,-200.0,T3V0Y29tZU5vZGU6NTk4OTQwNQ==,160.0,160.0,204.0,205.0
T2ZmZXJUYWJsZU9mZmVyTm9kZToxMDMxMTUwMDY=,RmlnaHROb2RlOjU1MjI1,U3BvcnRzYm9va05vZGU6Mjc=,T3V0Y29tZU5vZGU6NTk4OTYwNA==,-188.0,-188.0,-188.0,-188.0,T3V0Y29tZU5vZGU6NTk4OTYwNQ==,140.0,140.0,140.0,140.0
T2ZmZXJUYWJsZU9mZmVyTm9kZToxMDMxMTY0NDM=,RmlnaHROb2RlOjU1MjI1,U3BvcnRzYm9va05vZGU6Mjg=,T3V0Y29tZU5vZGU6NTk5MTYxNw==,-200.0,-263.0,-263.0,-200.0,T3V0Y29tZU5vZGU6NTk5MTYxOA==,150.0,150.0,183.0,183.0
T2ZmZXJUYWJsZU9mZmVyTm9kZToxMDMxMTY1NTM=,RmlnaHROb2RlOjU1MzMz,U3BvcnRzYm9va05vZGU6Mjg=,T3V0Y29tZU5vZGU6NTk5MTgzNw==,-160.0,-400.0,-333.0,-160.0,T3V0Y29tZU5vZGU6NTk5MTgzOA==,120.0,120.0,218.0,250.0
T2ZmZXJUYWJsZU9mZmVyTm9kZToxMDMxMTQ5OTg=,RmlnaHROb2RlOjU1MzMz,U3BvcnRzYm9va05vZGU6Mjc=,T3V0Y29tZU5vZGU6NTk4OTU4OA==,-163.0,-225.0,-225.0,-163.0,T3V0Y29tZU5vZGU6NTk4OTU4OQ==,120.0,120.0,163.0,163.0
T2ZmZXJUYWJsZU9mZmVyTm9kZToxMDMxMTQ4ODg=,RmlnaHROb2RlOjU1MzMz,U3BvcnRzYm9va05vZGU6MTA=,T3V0Y29tZU5vZGU6NTk4OTQwOA==,-200.0,-400.0,-335.0,120.0,T3V0Y29tZU5vZGU6NTk4OTQwNw==,160.0,-150.0,260.0,300.0
T2ZmZXJUYWJsZU9mZmVyTm9kZToxMDMxMTQ5MDA=,RmlnaHROb2RlOjU1MzMz,U3BvcnRzYm9va05vZGU6MjE=,T3V0Y29tZU5vZGU6NTk4OTQzMg==,-132.0,-294.0,-294.0,-132.0,T3V0Y29tZU5vZGU6NTk4OTQzMQ==,-110.0,-110.0,192.0,192.0
T2ZmZXJUYWJsZU9mZmVyTm9kZToxMDMxMTQ4ODY=,RmlnaHROb2RlOjU0NDUy,U3BvcnRzYm9va05vZGU6MTA=,T3V0Y29tZU5vZGU6NTk4OTQwNA==,-220.0,-260.0,-260.0,-220.0,T3V0Y29tZU5vZGU6NTk4OTQwMw==,180.0,180.0,200.0,200.0
T2ZmZXJUYWJsZU9mZmVyTm9kZToxMDMxMTY1NjI=,RmlnaHROb2RlOjU0NDUy,U3BvcnRzYm9va05vZGU6Mjg=,T3V0Y29tZU5vZGU6NTk5MTg1NQ==,-220.0,-250.0,-250.0,-220.0,T3V0Y29tZU5vZGU6NTk5MTg1Ng==,160.0,160.0,175.0,175.0
T2ZmZXJUYWJsZU9mZmVyTm9kZToxMDMxMTQ5OTQ=,RmlnaHROb2RlOjU0NDUy,U3BvcnRzYm9va05vZGU6Mjc=,T3V0Y29tZU5vZGU6NTk4OTU4MA==,-200.0,-225.0,-225.0,-200.0,T3V0Y29tZU5vZGU6NTk4OTU4MQ==,150.0,150.0,163.0,163.0
T2ZmZXJUYWJsZU9mZmVyTm9kZToxMDMxMTQ5OTU=,RmlnaHROb2RlOjU0Njk5,U3BvcnRzYm9va05vZGU6Mjc=,T3V0Y29tZU5vZGU6NTk4OTU4Mg==,275.0,225.0,225.0,275.0,T3V0Y29tZU5vZGU6NTk4OTU4Mw==,-400.0,-400.0,-333.0,-333.0
T2ZmZXJUYWJsZU9mZmVyTm9kZToxMDMxMTQ4OTA=,RmlnaHROb2RlOjU0Njk5,U3BvcnRzYm9va05vZGU6MTA=,T3V0Y29tZU5vZGU6NTk4OTQxMQ==,160.0,160.0,195.0,375.0,T3V0Y29tZU5vZGU6NTk4OTQxMg==,-200.0,-500.0,-245.0,-200.0
T2ZmZXJUYWJsZU9mZmVyTm9kZToxMDMxMTQ5MDI=,RmlnaHROb2RlOjU0Njk5,U3BvcnRzYm9va05vZGU6MjE=,T3V0Y29tZU5vZGU6NTk4OTQzNQ==,285.0,195.0,195.0,285.0,T3V0Y29tZU5vZGU6NTk4OTQzNg==,-500.0,-500.0,-303.0,-303.0
T2ZmZXJUYWJsZU9mZmVyTm9kZToxMDMxMTY1NTg=,RmlnaHROb2RlOjU0Njk5,U3BvcnRzYm9va05vZGU6Mjg=,T3V0Y29tZU5vZGU6NTk5MTg0OA==,240.0,175.0,175.0,240.0,T3V0Y29tZU5vZGU6NTk5MTg0Nw==,-375.0,-375.0,-245.0,-245.0
T2ZmZXJUYWJsZU9mZmVyTm9kZToxMDMxMTY1NTU=,RmlnaHROb2RlOjU0NTkz,U3BvcnRzYm9va05vZGU6Mjg=,T3V0Y29tZU5vZGU6NTk5MTg0MQ==,-350.0,-350.0,-295.0,-295.0,T3V0Y29tZU5vZGU6NTk5MTg0Mg==,225.0,200.0,200.0,225.0
T2ZmZXJUYWJsZU9mZmVyTm9kZToxMDMxMTQ5MDM=,RmlnaHROb2RlOjU0NTkz,U3BvcnRzYm9va05vZGU6MjE=,T3V0Y29tZU5vZGU6NTk4OTQzOA==,-435.0,-435.0,-385.0,-263.0,T3V0Y29tZU5vZGU6NTk4OTQzNw==,258.0,170.0,225.0,259.0
T2ZmZXJUYWJsZU9mZmVyTm9kZToxMDMxMTQ4OTM=,RmlnaHROb2RlOjU0NTkz,U3BvcnRzYm9va05vZGU6MTA=,T3V0Y29tZU5vZGU6NTk4OTQxOA==,-400.0,-400.0,-280.0,-280.0,T3V0Y29tZU5vZGU6NTk4OTQxNw==,300.0,220.0,220.0,300.0
T2ZmZXJUYWJsZU9mZmVyTm9kZToxMDMxMTUwMDQ=,RmlnaHROb2RlOjU0NTkz,U3BvcnRzYm9va05vZGU6Mjc=,T3V0Y29tZU5vZGU6NTk4OTYwMA==,-275.0,-333.0,-333.0,-275.0,T3V0Y29tZU5vZGU6NTk4OTYwMQ==,200.0,200.0,225.0,225.0
T2ZmZXJUYWJsZU9mZmVyTm9kZToxMDMxMTQ4ODk=,RmlnaHROb2RlOjU1MzIx,U3BvcnRzYm9va05vZGU6MTA=,T3V0Y29tZU5vZGU6NTk4OTQwOQ==,240.0,240.0,275.0,275.0,T3V0Y29tZU5vZGU6NTk4OTQxMA==,-300.0,-350.0,-350.0,-300.0
T2ZmZXJUYWJsZU9mZmVyTm9kZToxMDMxMTY1NTQ=,RmlnaHROb2RlOjU1MzIx,U3BvcnRzYm9va05vZGU6Mjg=,T3V0Y29tZU5vZGU6NTk5MTg0MA==,200.0,200.0,225.0,225.0,T3V0Y29tZU5vZGU6NTk5MTgzOQ==,-300.0,-350.0,-350.0,-300.0
T2ZmZXJUYWJsZU9mZmVyTm9kZToxMDMxMTUwMDA=,RmlnaHROb2RlOjU1MzIx,U3BvcnRzYm9va05vZGU6Mjc=,T3V0Y29tZU5vZGU6NTk4OTU5Mg==,200.0,200.0,200.0,200.0,T3V0Y29tZU5vZGU6NTk4OTU5Mw==,-275.0,-275.0,-275.0,-275.0
T2ZmZXJUYWJsZU9mZmVyTm9kZToxMDMxMTQ5OTA=,RmlnaHROb2RlOjU0ODAz,U3BvcnRzYm9va05vZGU6Mjc=,T3V0Y29tZU5vZGU6NTk4OTU3Mg==,140.0,140.0,200.0,200.0,T3V0Y29tZU5vZGU6NTk4OTU3Mw==,-188.0,-275.0,-275.0,-188.0
T2ZmZXJUYWJsZU9mZmVyTm9kZToxMDMxMTY1NjA=,RmlnaHROb2RlOjU0ODAz,U3BvcnRzYm9va05vZGU6Mjg=,T3V0Y29tZU5vZGU6NTk5MTg1MQ==,190.0,190.0,190.0,190.0,T3V0Y29tZU5vZGU6NTk5MTg1Mg==,-280.0,-280.0,-280.0,-280.0
T2ZmZXJUYWJsZU9mZmVyTm9kZToxMDMxMTQ4OTI=,RmlnaHROb2RlOjU0ODAz,U3BvcnRzYm9va05vZGU6MTA=,T3V0Y29tZU5vZGU6NTk4OTQxNg==,-115.0,-115.0,195.0,240.0,T3V0Y29tZU5vZGU6NTk4OTQxNQ==,-115.0,-300.0,-245.0,-115.0
T2ZmZXJUYWJsZU9mZmVyTm9kZToxMDMxMTQ4OTE=,RmlnaHROb2RlOjU1MjI0,U3BvcnRzYm9va05vZGU6MTA=,T3V0Y29tZU5vZGU6NTk4OTQxMw==,120.0,-160.0,-160.0,120.0,T3V0Y29tZU5vZGU6NTk4OTQxNA==,-150.0,-150.0,130.0,130.0
T2ZmZXJUYWJsZU9mZmVyTm9kZToxMDMxMTY1NTc=,RmlnaHROb2RlOjU1MjI0,U3BvcnRzYm9va05vZGU6Mjg=,T3V0Y29tZU5vZGU6NTk5MTg0Ng==,-130.0,-130.0,-130.0,-130.0,T3V0Y29tZU5vZGU6NTk5MTg0NQ==,-110.0,-110.0,-110.0,-110.0
T2ZmZXJUYWJsZU9mZmVyTm9kZToxMDMxMTQ5OTE=,RmlnaHROb2RlOjU1MjI0,U3BvcnRzYm9va05vZGU6Mjc=,T3V0Y29tZU5vZGU6NTk4OTU3NA==,110.0,-110.0,-110.0,110.0,T3V0Y29tZU5vZGU6NTk4OTU3NQ==,-150.0,-150.0,-120.0,-120.0
T2ZmZXJUYWJsZU9mZmVyTm9kZToxMDMxMTUwMDg=,RmlnaHROb2RlOjU1MDA3,U3BvcnRzYm9va05vZGU6Mjc=,T3V0Y29tZU5vZGU6NTk4OTYwOA==,105.0,105.0,105.0,105.0,T3V0Y29tZU5vZGU6NTk4OTYwOQ==,-138.0,-138.0,-138.0,-138.0
T2ZmZXJUYWJsZU9mZmVyTm9kZToxMDMxMTU0OTY=,RmlnaHROb2RlOjU1MDA3,U3BvcnRzYm9va05vZGU6MjE=,T3V0Y29tZU5vZGU6NTk5MDIzNw==,100.0,-103.0,-103.0,113.0,T3V0Y29tZU5vZGU6NTk5MDIzNg==,-143.0,-164.0,-139.0,-139.0
T2ZmZXJUYWJsZU9mZmVyTm9kZToxMDMxMTQ4OTQ=,RmlnaHROb2RlOjU1MDA3,U3BvcnRzYm9va05vZGU6MTA=,T3V0Y29tZU5vZGU6NTk4OTQyMA==,-180.0,-180.0,120.0,160.0,T3V0Y29tZU5vZGU6NTk4OTQxOQ==,150.0,-200.0,-150.0,150.0
T2ZmZXJUYWJsZU9mZmVyTm9kZToxMDMxMTU4ODk=,RmlnaHROb2RlOjU1MDA3,U3BvcnRzYm9va05vZGU6Mjg=,T3V0Y29tZU5vZGU6NTk5MDc0Ng==,105.0,105.0,109.0,109.0,T3V0Y29tZU5vZGU6NTk5MDc0Nw==,-145.0,-149.0,-149.0,-145.0
T2ZmZXJUYWJsZU9mZmVyTm9kZToxMDMxMTY1NTI=,RmlnaHROb2RlOjU1MzY1,U3BvcnRzYm9va05vZGU6MTA=,T3V0Y29tZU5vZGU6NTk5MTgzNQ==,-105.0,-105.0,150.0,150.0,T3V0Y29tZU5vZGU6NTk5MTgzNg==,-125.0,-180.0,-180.0,-125.0
T2ZmZXJUYWJsZU9mZmVyTm9kZToxMDMxMTU4OTA=,RmlnaHROb2RlOjU0Nzky,U3BvcnRzYm9va05vZGU6Mjg=,T3V0Y29tZU5vZGU6NTk5MDc0OA==,-150.0,-170.0,-170.0,-150.0,T3V0Y29tZU5vZGU6NTk5MDc0OQ==,110.0,110.0,130.0,130.0
T2ZmZXJUYWJsZU9mZmVyTm9kZToxMDMxMTU0OTU=,RmlnaHROb2RlOjU0Nzky,U3BvcnRzYm9va05vZGU6MjE=,T3V0Y29tZU5vZGU6NTk5MDIzNQ==,-152.0,-179.0,-179.0,-152.0,T3V0Y29tZU5vZGU6NTk5MDIzNA==,106.0,106.0,129.0,129.0
T2ZmZXJUYWJsZU9mZmVyTm9kZToxMDMxMTUwMDk=,RmlnaHROb2RlOjU0Nzky,U3BvcnRzYm9va05vZGU6Mjc=,T3V0Y29tZU5vZGU6NTk4OTYxMA==,-150.0,-150.0,-150.0,-150.0,T3V0Y29tZU5vZGU6NTk4OTYxMQ==,110.0,110.0,110.0,110.0
T2ZmZXJUYWJsZU9mZmVyTm9kZToxMDMxMTQ4OTU=,RmlnaHROb2RlOjU0Nzky,U3BvcnRzYm9va05vZGU6MTA=,T3V0Y29tZU5vZGU6NTk4OTQyMg==,-150.0,-175.0,-174.0,-150.0,T3V0Y29tZU5vZGU6NTk4OTQyMQ==,120.0,120.0,144.0,145.0
T2ZmZXJUYWJsZU9mZmVyTm9kZToxMDMxMjI4MDg=,RmlnaHROb2RlOjU0OTYy,U3BvcnRzYm9va05vZGU6MTA=,T3V0Y29tZU5vZGU6NjAwMTM5MA==,-115.0,-450.0,-450.0,-115.0,T3V0Y29tZU5vZGU6NjAwMTM4OQ==,-115.0,-115.0,350.0,350.0
T2ZmZXJUYWJsZU9mZmVyTm9kZToxMDMxMjMxNzM=,RmlnaHROb2RlOjU0OTYy,U3BvcnRzYm9va05vZGU6MjE=,T3V0Y29tZU5vZGU6NjAwMTk1OA==,-435.0,-435.0,-435.0,-435.0,T3V0Y29tZU5vZGU6NjAwMTk1Nw==,259.0,259.0,259.0,259.0
T2ZmZXJUYWJsZU9mZmVyTm9kZToxMDMxMjMzOTQ=,RmlnaHROb2RlOjU0OTYy,U3BvcnRzYm9va05vZGU6Mjc=,T3V0Y29tZU5vZGU6NjAwMjI3MA==,-400.0,-400.0,-400.0,-400.0,T3V0Y29tZU5vZGU6NjAwMjI3MQ==,275.0,275.0,275.0,275.0
T2ZmZXJUYWJsZU9mZmVyTm9kZToxMDMxMjM0MDk=,RmlnaHROb2RlOjU0OTYy,U3BvcnRzYm9va05vZGU6Mjg=,T3V0Y29tZU5vZGU6NjAwMjI5Mw==,-385.0,-385.0,-370.0,-370.0,T3V0Y29tZU5vZGU6NjAwMjI5NA==,245.0,235.0,235.0,245.0
T2ZmZXJUYWJsZU9mZmVyTm9kZToxMDMxMjMwNzg=,RmlnaHROb2RlOjU0OTg3,U3BvcnRzYm9va05vZGU6MjE=,T3V0Y29tZU5vZGU6NjAwMTgzNg==,-476.0,-476.0,-294.0,-270.0,T3V0Y29tZU5vZGU6NjAwMTgzNw==,278.0,179.0,191.0,278.0
T2ZmZXJUYWJsZU9mZmVyTm9kZToxMDMxMjQzMjI=,RmlnaHROb2RlOjU0OTg3,U3BvcnRzYm9va05vZGU6Mjg=,T3V0Y29tZU5vZGU6NjAwMzcxOQ==,-415.0,-415.0,-415.0,-385.0,T3V0Y29tZU5vZGU6NjAwMzcxOA==,260.0,245.0,260.0,260.0
T2ZmZXJUYWJsZU9mZmVyTm9kZToxMDMxMjMzOTU=,RmlnaHROb2RlOjU0OTg3,U3BvcnRzYm9va05vZGU6Mjc=,T3V0Y29tZU5vZGU6NjAwMjI3Mg==,-400.0,-400.0,-400.0,-400.0,T3V0Y29tZU5vZGU6NjAwMjI3Mw==,275.0,275.0,275.0,275.0
T2ZmZXJUYWJsZU9mZmVyTm9kZToxMDMxMjMzNjk=,RmlnaHROb2RlOjU0OTY0,U3BvcnRzYm9va05vZGU6MjE=,T3V0Y29tZU5vZGU6NjAwMjIzNw==,-333.0,-333.0,-333.0,-333.0,T3V0Y29tZU5vZGU6NjAwMjIzNg==,211.0,211.0,223.0,223.0
T2ZmZXJUYWJsZU9mZmVyTm9kZToxMDMxMjQwNjc=,RmlnaHROb2RlOjU0OTY0,U3BvcnRzYm9va05vZGU6Mjg=,T3V0Y29tZU5vZGU6NjAwMzIzOA==,-300.0,-300.0,-300.0,-300.0,T3V0Y29tZU5vZGU6NjAwMzIzOQ==,200.0,200.0,200.0,200.0
T2ZmZXJUYWJsZU9mZmVyTm9kZToxMDMxMjI4MTQ=,RmlnaHROb2RlOjU0OTY0,U3BvcnRzYm9va05vZGU6MTA=,T3V0Y29tZU5vZGU6NjAwMTQwMg==,-300.0,-550.0,-550.0,-300.0,T3V0Y29tZU5vZGU6NjAwMTQwMQ==,240.0,240.0,400.0,400.0
T2ZmZXJUYWJsZU9mZmVyTm9kZToxMDMxMjMzOTY=,RmlnaHROb2RlOjU0OTY0,U3BvcnRzYm9va05vZGU6Mjc=,T3V0Y29tZU5vZGU6NjAwMjI3NA==,-300.0,-300.0,-300.0,-300.0,T3V0Y29tZU5vZGU6NjAwMjI3NQ==,210.0,210.0,210.0,210.0
T2ZmZXJUYWJsZU9mZmVyTm9kZToxMDMxMjMwMDA=,RmlnaHROb2RlOjU1MjQ1,U3BvcnRzYm9va05vZGU6MjE=,T3V0Y29tZU5vZGU6NjAwMTczNQ==,155.0,151.0,242.0,285.0,T3V0Y29tZU5vZGU6NjAwMTczNA==,-233.0,-500.0,-400.0,-233.0
T2ZmZXJUYWJsZU9mZmVyTm9kZToxMDMxMjMzOTI=,RmlnaHROb2RlOjU1MjQ1,U3BvcnRzYm9va05vZGU6Mjc=,T3V0Y29tZU5vZGU6NjAwMjI2Ng==,163.0,163.0,163.0,163.0,T3V0Y29tZU5vZGU6NjAwMjI2Nw==,-225.0,-225.0,-225.0,-225.0
T2ZmZXJUYWJsZU9mZmVyTm9kZToxMDMxMjI4MTY=,RmlnaHROb2RlOjU1MjQ1,U3BvcnRzYm9va05vZGU6MTA=,T3V0Y29tZU5vZGU6NjAwMTQwNQ==,165.0,160.0,255.0,300.0,T3V0Y29tZU5vZGU6NjAwMTQwNg==,-205.0,-400.0,-330.0,-200.0
T2ZmZXJUYWJsZU9mZmVyTm9kZToxMDMxMjMxNzg=,RmlnaHROb2RlOjU1MjQ1,U3BvcnRzYm9va05vZGU6Mjg=,T3V0Y29tZU5vZGU6NjAwMTk2Nw==,154.0,150.0,175.0,175.0,T3V0Y29tZU5vZGU6NjAwMTk2OA==,-204.0,-250.0,-250.0,-200.0
T2ZmZXJUYWJsZU9mZmVyTm9kZToxMDMxMjI4MTU=,RmlnaHROb2RlOjU0OTg4,U3BvcnRzYm9va05vZGU6MTA=,T3V0Y29tZU5vZGU6NjAwMTQwMw==,-140.0,-140.0,110.0,125.0,T3V0Y29tZU5vZGU6NjAwMTQwNA==,110.0,-155.0,-140.0,110.0
T2ZmZXJUYWJsZU9mZmVyTm9kZToxMDMxMjMzOTc=,RmlnaHROb2RlOjU0OTg4,U3BvcnRzYm9va05vZGU6Mjc=,T3V0Y29tZU5vZGU6NjAwMjI3Ng==,-125.0,-125.0,-125.0,-125.0,T3V0Y29tZU5vZGU6NjAwMjI3Nw==,-110.0,-110.0,-110.0,-110.0
T2ZmZXJUYWJsZU9mZmVyTm9kZToxMDMxMjQwNjg=,RmlnaHROb2RlOjU0OTYz,U3BvcnRzYm9va05vZGU6Mjg=,T3V0Y29tZU5vZGU6NjAwMzI0MA==,-278.0,-400.0,-400.0,-278.0,T3V0Y29tZU5vZGU6NjAwMzI0MQ==,193.0,193.0,250.0,250.0
T2ZmZXJUYWJsZU9mZmVyTm9kZToxMDMxMjMzOTg=,RmlnaHROb2RlOjU0OTYz,U3BvcnRzYm9va05vZGU6Mjc=,T3V0Y29tZU5vZGU6NjAwMjI3OA==,-300.0,-300.0,-300.0,-300.0,T3V0Y29tZU5vZGU6NjAwMjI3OQ==,210.0,210.0,210.0,210.0
T2ZmZXJUYWJsZU9mZmVyTm9kZToxMDMxMjI4MTM=,RmlnaHROb2RlOjU0OTYz,U3BvcnRzYm9va05vZGU6MTA=,T3V0Y29tZU5vZGU6NjAwMTQwMA==,-280.0,-400.0,-400.0,-280.0,T3V0Y29tZU5vZGU6NjAwMTM5OQ==,220.0,220.0,300.0,300.0
T2ZmZXJUYWJsZU9mZmVyTm9kZToxMDMxMjM2OTg=,RmlnaHROb2RlOjU0OTYz,U3BvcnRzYm9va05vZGU6MjE=,T3V0Y29tZU5vZGU6NjAwMjczOQ==,-323.0,-400.0,-312.0,-312.0,T3V0Y29tZU5vZGU6NjAwMjczOA==,208.0,203.0,203.0,242.0
T2ZmZXJUYWJsZU9mZmVyTm9kZToxMDMxMjMzOTM=,RmlnaHROb2RlOjU0OTYx,U3BvcnRzYm9va05vZGU6Mjc=,T3V0Y29tZU5vZGU6NjAwMjI2OA==,-333.0,-333.0,-333.0,-333.0,T3V0Y29tZU5vZGU6NjAwMjI2OQ==,225.0,225.0,225.0,225.0
T2ZmZXJUYWJsZU9mZmVyTm9kZToxMDMxMjI4MDk=,RmlnaHROb2RlOjU0OTYx,U3BvcnRzYm9va05vZGU6MTA=,T3V0Y29tZU5vZGU6NjAwMTM5Mg==,-300.0,-850.0,-700.0,-300.0,T3V0Y29tZU5vZGU6NjAwMTM5MQ==,240.0,240.0,500.0,600.0
T2ZmZXJUYWJsZU9mZmVyTm9kZToxMDMxMjI5OTg=,RmlnaHROb2RlOjU1Nzkz,U3BvcnRzYm9va05vZGU6MjE=,T3V0Y29tZU5vZGU6NjAwMTczMQ==,-270.0,-270.0,-250.0,-250.0,T3V0Y29tZU5vZGU6NjAwMTczMA==,179.0,160.0,160.0,179.0
T2ZmZXJUYWJsZU9mZmVyTm9kZToxMDMxMjI4MTA=,RmlnaHROb2RlOjU1Nzkz,U3BvcnRzYm9va05vZGU6MTA=,T3V0Y29tZU5vZGU6NjAwMTM5Mw==,-240.0,-240.0,-155.0,-155.0,T3V0Y29tZU5vZGU6NjAwMTM5NA==,190.0,125.0,125.0,190.0
T2ZmZXJUYWJsZU9mZmVyTm9kZToxMDMxMjMxNzc=,RmlnaHROb2RlOjU1Nzkz,U3BvcnRzYm9va05vZGU6Mjg=,T3V0Y29tZU5vZGU6NjAwMTk2NQ==,-238.0,-238.0,-217.0,-217.0,T3V0Y29tZU5vZGU6NjAwMTk2Ng==,173.0,162.0,162.0,173.0
T2ZmZXJUYWJsZU9mZmVyTm9kZToxMDMxMjU2MDc=,RmlnaHROb2RlOjU1ODQ0,U3BvcnRzYm9va05vZGU6MjE=,T3V0Y29tZU5vZGU6NjAwNTc0Mw==,-250.0,-286.0,-270.0,-250.0,T3V0Y29tZU5vZGU6NjAwNTc0Mg==,175.0,169.0,178.0,275.0
T2ZmZXJUYWJsZU9mZmVyTm9kZToxMDMxMjU0NTk=,RmlnaHROb2RlOjU1ODQ0,U3BvcnRzYm9va05vZGU6MTA=,T3V0Y29tZU5vZGU6NjAwNTQ5Mw==,-220.0,-220.0,-220.0,-220.0,T3V0Y29tZU5vZGU6NjAwNTQ5Mg==,180.0,180.0,180.0,180.0
T2ZmZXJUYWJsZU9mZmVyTm9kZToxMDMxMjY2NjQ=,RmlnaHROb2RlOjU1ODQ0,U3BvcnRzYm9va05vZGU6Mjg=,T3V0Y29tZU5vZGU6NjAwNzM2MQ==,-217.0,-350.0,-350.0,-217.0,T3V0Y29tZU5vZGU6NjAwNzM2Mg==,162.0,162.0,225.0,225.0
T2ZmZXJUYWJsZU9mZmVyTm9kZToxMDMxMjY0NDI=,RmlnaHROb2RlOjU1ODQ0,U3BvcnRzYm9va05vZGU6Mjc=,T3V0Y29tZU5vZGU6NjAwNzA0MQ==,-225.0,-225.0,-225.0,-225.0,T3V0Y29tZU5vZGU6NjAwNzA0Mg==,163.0,163.0,163.0,163.0
T2ZmZXJUYWJsZU9mZmVyTm9kZToxMDMxMjY0ODk=,RmlnaHROb2RlOjU1OTY2,U3BvcnRzYm9va05vZGU6MjE=,T3V0Y29tZU5vZGU6NjAwNzEzNQ==,-179.0,-323.0,-323.0,-179.0,T3V0Y29tZU5vZGU6NjAwNzEzNg==,123.0,123.0,205.0,205.0
T2ZmZXJUYWJsZU9mZmVyTm9kZToxMDMxMjY0NDQ=,RmlnaHROb2RlOjU1OTY2,U3BvcnRzYm9va05vZGU6Mjc=,T3V0Y29tZU5vZGU6NjAwNzA0Ng==,-175.0,-175.0,-175.0,-175.0,T3V0Y29tZU5vZGU6NjAwNzA0NQ==,130.0,130.0,130.0,130.0
T2ZmZXJUYWJsZU9mZmVyTm9kZToxMDMxMjY2NjM=,RmlnaHROb2RlOjU1OTY2,U3BvcnRzYm9va05vZGU6Mjg=,T3V0Y29tZU5vZGU6NjAwNzM2MA==,-300.0,-300.0,-300.0,-300.0,T3V0Y29tZU5vZGU6NjAwNzM1OQ==,200.0,200.0,200.0,200.0
T2ZmZXJUYWJsZU9mZmVyTm9kZToxMDMxMjY0OTM=,RmlnaHROb2RlOjU1OTY2,U3BvcnRzYm9va05vZGU6Mjg=,T3V0Y29tZU5vZGU6NjAwNzE0NA==,-170.0,-300.0,-300.0,-170.0,T3V0Y29tZU5vZGU6NjAwNzE0Mw==,130.0,130.0,200.0,200.0
T2ZmZXJUYWJsZU9mZmVyTm9kZToxMDMxMjY0MzY=,RmlnaHROb2RlOjU1MjIw,U3BvcnRzYm9va05vZGU6Mjc=,T3V0Y29tZU5vZGU6NjAwNzAyOQ==,-225.0,-225.0,-225.0,-225.0,T3V0Y29tZU5vZGU6NjAwNzAzMA==,163.0,163.0,163.0,163.0
T2ZmZXJUYWJsZU9mZmVyTm9kZToxMDMxMjY2NzU=,RmlnaHROb2RlOjU1MjIw,U3BvcnRzYm9va05vZGU6Mjg=,T3V0Y29tZU5vZGU6NjAwNzM4Mw==,-204.0,-325.0,-255.0,-204.0,T3V0Y29tZU5vZGU6NjAwNzM4NA==,154.0,154.0,180.0,215.0
T2ZmZXJUYWJsZU9mZmVyTm9kZToxMDMxMjU2MDg=,RmlnaHROb2RlOjU1MjIw,U3BvcnRzYm9va05vZGU6MjE=,T3V0Y29tZU5vZGU6NjAwNTc0NQ==,-357.0,-357.0,-278.0,-238.0,T3V0Y29tZU5vZGU6NjAwNTc0NA==,235.0,160.0,183.0,235.0
T2ZmZXJUYWJsZU9mZmVyTm9kZToxMDMxMjU0NjA=,RmlnaHROb2RlOjU1MjIw,U3BvcnRzYm9va05vZGU6MTA=,T3V0Y29tZU5vZGU6NjAwNTQ5NQ==,-300.0,-300.0,-260.0,-140.0,T3V0Y29tZU5vZGU6NjAwNTQ5NA==,240.0,110.0,200.0,240.0
T2ZmZXJUYWJsZU9mZmVyTm9kZToxMDMxMjU4NjE=,RmlnaHROb2RlOjU1MjM4,U3BvcnRzYm9va05vZGU6MjE=,T3V0Y29tZU5vZGU6NjAwNjA4NA==,-667.0,-667.0,-667.0,-667.0,T3V0Y29tZU5vZGU6NjAwNjA4NQ==,355.0,355.0,355.0,355.0
T2ZmZXJUYWJsZU9mZmVyTm9kZToxMDMxMjU0Njk=,RmlnaHROb2RlOjU1MjM4,U3BvcnRzYm9va05vZGU6MTA=,T3V0Y29tZU5vZGU6NjAwNTUxMg==,-500.0,-500.0,-500.0,-500.0,T3V0Y29tZU5vZGU6NjAwNTUxMw==,375.0,375.0,375.0,375.0
T2ZmZXJUYWJsZU9mZmVyTm9kZToxMDMxMjU2MDY=,RmlnaHROb2RlOjU1MjQw,U3BvcnRzYm9va05vZGU6MjE=,T3V0Y29tZU5vZGU6NjAwNTc0MQ==,-244.0,-357.0,-357.0,-244.0,T3V0Y29tZU5vZGU6NjAwNTc0MA==,162.0,162.0,221.0,221.0
T2ZmZXJUYWJsZU9mZmVyTm9kZToxMDMxMjU0NjM=,RmlnaHROb2RlOjU1MjQw,U3BvcnRzYm9va05vZGU6MTA=,T3V0Y29tZU5vZGU6NjAwNTUwMQ==,-200.0,-270.0,-270.0,-200.0,T3V0Y29tZU5vZGU6NjAwNTUwMA==,160.0,160.0,210.0,210.0
T2ZmZXJUYWJsZU9mZmVyTm9kZToxMDMxMjY0NDM=,RmlnaHROb2RlOjU1MjQw,U3BvcnRzYm9va05vZGU6Mjc=,T3V0Y29tZU5vZGU6NjAwNzA0Mw==,-275.0,-275.0,-275.0,-275.0,T3V0Y29tZU5vZGU6NjAwNzA0NA==,200.0,200.0,200.0,200.0
T2ZmZXJUYWJsZU9mZmVyTm9kZToxMDMxMjY2NzA=,RmlnaHROb2RlOjU1MjQw,U3BvcnRzYm9va05vZGU6Mjg=,T3V0Y29tZU5vZGU6NjAwNzM3Mw==,-270.0,-325.0,-325.0,-270.0,T3V0Y29tZU5vZGU6NjAwNzM3NA==,185.0,185.0,215.0,215.0
T2ZmZXJUYWJsZU9mZmVyTm9kZToxMDMxMjU5NzU=,RmlnaHROb2RlOjU1OTIx,U3BvcnRzYm9va05vZGU6MjE=,T3V0Y29tZU5vZGU6NjAwNjI4MA==,-294.0,-294.0,-294.0,-294.0,T3V0Y29tZU5vZGU6NjAwNjI3OQ==,191.0,191.0,191.0,191.0
T2ZmZXJUYWJsZU9mZmVyTm9kZToxMDMxMjU5NzM=,RmlnaHROb2RlOjU1OTIx,U3BvcnRzYm9va05vZGU6MTA=,T3V0Y29tZU5vZGU6NjAwNjI3Ng==,-260.0,-265.0,-265.0,-260.0,T3V0Y29tZU5vZGU6NjAwNjI3NQ==,200.0,200.0,205.0,205.0
T2ZmZXJUYWJsZU9mZmVyTm9kZToxMDMxMjY0Mzc=,RmlnaHROb2RlOjU1OTIx,U3BvcnRzYm9va05vZGU6Mjc=,T3V0Y29tZU5vZGU6NjAwNzAzMQ==,-275.0,-275.0,-275.0,-275.0,T3V0Y29tZU5vZGU6NjAwNzAzMg==,200.0,200.0,200.0,200.0
T2ZmZXJUYWJsZU9mZmVyTm9kZToxMDMxMjYyNTI=,RmlnaHROb2RlOjU1OTIx,U3BvcnRzYm9va05vZGU6Mjg=,T3V0Y29tZU5vZGU6NjAwNjc4NA==,-263.0,-263.0,-263.0,-263.0,T3V0Y29tZU5vZGU6NjAwNjc4NQ==,183.0,183.0,183.0,183.0
T2ZmZXJUYWJsZU9mZmVyTm9kZToxMDMxMjY0Mzg=,RmlnaHROb2RlOjU1MjQz,U3BvcnRzYm9va05vZGU6Mjc=,T3V0Y29tZU5vZGU6NjAwNzAzMw==,140.0,140.0,140.0,140.0,T3V0Y29tZU5vZGU6NjAwNzAzNA==,-188.0,-188.0,-188.0,-188.0
T2ZmZXJUYWJsZU9mZmVyTm9kZToxMDMxMjYyNTk=,RmlnaHROb2RlOjU1MjQz,U3BvcnRzYm9va05vZGU6Mjg=,T3V0Y29tZU5vZGU6NjAwNjc5OQ==,135.0,135.0,135.0,135.0,T3V0Y29tZU5vZGU6NjAwNjc5OA==,-175.0,-175.0,-175.0,-175.0
T2ZmZXJUYWJsZU9mZmVyTm9kZToxMDMxMjU4NjA=,RmlnaHROb2RlOjU1MjQz,U3BvcnRzYm9va05vZGU6MjE=,T3V0Y29tZU5vZGU6NjAwNjA4Mg==,135.0,135.0,135.0,135.0,T3V0Y29tZU5vZGU6NjAwNjA4Mw==,-196.0,-196.0,-196.0,-196.0
T2ZmZXJUYWJsZU9mZmVyTm9kZToxMDMxMjU0Njc=,RmlnaHROb2RlOjU1MjQz,U3BvcnRzYm9va05vZGU6MTA=,T3V0Y29tZU5vZGU6NjAwNTUwOA==,-105.0,-105.0,145.0,145.0,T3V0Y29tZU5vZGU6NjAwNTUwOQ==,-125.0,-175.0,-175.0,-125.0
T2ZmZXJUYWJsZU9mZmVyTm9kZToxMDMxMjY0NDE=,RmlnaHROb2RlOjU1MjQ0,U3BvcnRzYm9va05vZGU6Mjc=,T3V0Y29tZU5vZGU6NjAwNzAzOQ==,130.0,130.0,130.0,130.0,T3V0Y29tZU5vZGU6NjAwNzA0MA==,-175.0,-175.0,-175.0,-175.0
T2ZmZXJUYWJsZU9mZmVyTm9kZToxMDMxMjYyNTg=,RmlnaHROb2RlOjU1MjQ0,U3BvcnRzYm9va05vZGU6Mjg=,T3V0Y29tZU5vZGU6NjAwNjc5Nw==,139.0,139.0,139.0,139.0,T3V0Y29tZU5vZGU6NjAwNjc5Ng==,-179.0,-179.0,-179.0,-179.0
T2ZmZXJUYWJsZU9mZmVyTm9kZToxMDMxMjU0Njg=,RmlnaHROb2RlOjU1MjQ0,U3BvcnRzYm9va05vZGU6MTA=,T3V0Y29tZU5vZGU6NjAwNTUxMA==,130.0,130.0,148.0,150.0,T3V0Y29tZU5vZGU6NjAwNTUxMQ==,-160.0,-180.0,-178.0,-160.0
T2ZmZXJUYWJsZU9mZmVyTm9kZToxMDMxMjU4NTk=,RmlnaHROb2RlOjU1MjQ0,U3BvcnRzYm9va05vZGU6MjE=,T3V0Y29tZU5vZGU6NjAwNjA4MA==,122.0,122.0,130.0,139.0,T3V0Y29tZU5vZGU6NjAwNjA4MQ==,-179.0,-204.0,-204.0,-179.0
T2ZmZXJUYWJsZU9mZmVyTm9kZToxMDMxMjU5NzE=,RmlnaHROb2RlOjU1ODk2,U3BvcnRzYm9va05vZGU6MTA=,T3V0Y29tZU5vZGU6NjAwNjI3Mg==,-500.0,-500.0,-400.0,-300.0,T3V0Y29tZU5vZGU6NjAwNjI3MQ==,375.0,240.0,300.0,375.0
T2ZmZXJUYWJsZU9mZmVyTm9kZToxMDMxMjU5NzQ=,RmlnaHROb2RlOjU1ODk2,U3BvcnRzYm9va05vZGU6MjE=,T3V0Y29tZU5vZGU6NjAwNjI3OA==,-357.0,-588.0,-476.0,-357.0,T3V0Y29tZU5vZGU6NjAwNjI3Nw==,226.0,226.0,278.0,303.0
T2ZmZXJUYWJsZU9mZmVyTm9kZToxMDMxMjY0NDY=,RmlnaHROb2RlOjU1ODk2,U3BvcnRzYm9va05vZGU6Mjc=,T3V0Y29tZU5vZGU6NjAwNzA0OQ==,-350.0,-350.0,-350.0,-350.0,T3V0Y29tZU5vZGU6NjAwNzA1MA==,240.0,240.0,240.0,240.0
T2ZmZXJUYWJsZU9mZmVyTm9kZToxMDMxMjY2NjY=,RmlnaHROb2RlOjU1ODk2,U3BvcnRzYm9va05vZGU6Mjg=,T3V0Y29tZU5vZGU6NjAwNzM2NQ==,-303.0,-455.0,-450.0,-303.0,T3V0Y29tZU5vZGU6NjAwNzM2Ng==,203.0,203.0,275.0,280.0
T2ZmZXJUYWJsZU9mZmVyTm9kZToxMDMxMjU2MDQ=,RmlnaHROb2RlOjU1MjE4,U3BvcnRzYm9va05vZGU6MjE=,T3V0Y29tZU5vZGU6NjAwNTczNw==,159.0,130.0,130.0,159.0,T3V0Y29tZU5vZGU6NjAwNTczNg==,-238.0,-238.0,-189.0,-189.0
T2ZmZXJUYWJsZU9mZmVyTm9kZToxMDMxMjU5NTc=,RmlnaHROb2RlOjU1MjE4,U3BvcnRzYm9va05vZGU6Mjg=,T3V0Y29tZU5vZGU6NjAwNjI0Mw==,158.0,129.0,129.0,158.0,T3V0Y29tZU5vZGU6NjAwNjI0NA==,-208.0,-208.0,-169.0,-169.0
T2ZmZXJUYWJsZU9mZmVyTm9kZToxMDMxMjU0NTg=,RmlnaHROb2RlOjU1MjE4,U3BvcnRzYm9va05vZGU6MTA=,T3V0Y29tZU5vZGU6NjAwNTQ5MA==,170.0,140.0,140.0,170.0,T3V0Y29tZU5vZGU6NjAwNTQ5MQ==,-210.0,-210.0,-170.0,-170.0
T2ZmZXJUYWJsZU9mZmVyTm9kZToxMDMxMjU4NTY=,RmlnaHROb2RlOjU1MjIx,U3BvcnRzYm9va05vZGU6MjE=,T3V0Y29tZU5vZGU6NjAwNjA3NQ==,285.0,285.0,285.0,285.0,T3V0Y29tZU5vZGU6NjAwNjA3Ng==,-500.0,-500.0,-500.0,-500.0
T2ZmZXJUYWJsZU9mZmVyTm9kZToxMDMxMjU0NjE=,RmlnaHROb2RlOjU1MjIx,U3BvcnRzYm9va05vZGU6MTA=,T3V0Y29tZU5vZGU6NjAwNTQ5Ng==,300.0,300.0,300.0,300.0,T3V0Y29tZU5vZGU6NjAwNTQ5Nw==,-400.0,-400.0,-400.0,-400.0
T2ZmZXJUYWJsZU9mZmVyTm9kZToxMDMxMjY0NTU=,RmlnaHROb2RlOjU1MjQx,U3BvcnRzYm9va05vZGU6Mjg=,T3V0Y29tZU5vZGU6NjAwNzA2Nw==,291.0,280.0,280.0,291.0,T3V0Y29tZU5vZGU6NjAwNzA2OA==,-476.0,-476.0,-455.0,-455.0
T2ZmZXJUYWJsZU9mZmVyTm9kZToxMDMxMjU5NzY=,RmlnaHROb2RlOjU1MjQx,U3BvcnRzYm9va05vZGU6MjE=,T3V0Y29tZU5vZGU6NjAwNjI4Mg==,179.0,179.0,317.0,355.0,T3V0Y29tZU5vZGU6NjAwNjI4MQ==,-270.0,-667.0,-556.0,-270.0
T2ZmZXJUYWJsZU9mZmVyTm9kZToxMDMxMjU5NzI=,RmlnaHROb2RlOjU1MjQx,U3BvcnRzYm9va05vZGU6MTA=,T3V0Y29tZU5vZGU6NjAwNjI3Mw==,-200.0,-200.0,365.0,375.0,T3V0Y29tZU5vZGU6NjAwNjI3NA==,160.0,-500.0,-465.0,160.0
T2ZmZXJUYWJsZU9mZmVyTm9kZToxMDMxMjU5ODQ=,RmlnaHROb2RlOjU1MjQx,U3BvcnRzYm9va05vZGU6Mjg=,T3V0Y29tZU5vZGU6NjAwNjI5Nw==,225.0,225.0,280.0,300.0,T3V0Y29tZU5vZGU6NjAwNjI5OA==,-345.0,-500.0,-455.0,-345.0
T2ZmZXJUYWJsZU9mZmVyTm9kZToxMDMxMjY0NDA=,RmlnaHROb2RlOjU1MjQx,U3BvcnRzYm9va05vZGU6Mjc=,T3V0Y29tZU5vZGU6NjAwNzAzNw==,300.0,300.0,300.0,300.0,T3V0Y29tZU5vZGU6NjAwNzAzOA==,-450.0,-450.0,-450.0,-450.0
T2ZmZXJUYWJsZU9mZmVyTm9kZToxMDMxMjU0NjQ=,RmlnaHROb2RlOjU1NjQz,U3BvcnRzYm9va05vZGU6MTA=,T3V0Y29tZU5vZGU6NjAwNTUwMg==,-260.0,-260.0,-260.0,-260.0,T3V0Y29tZU5vZGU6NjAwNTUwMw==,200.0,200.0,200.0,200.0
T2ZmZXJUYWJsZU9mZmVyTm9kZToxMDMxMjU0NjI=,RmlnaHROb2RlOjU1MjM5,U3BvcnRzYm9va05vZGU6MTA=,T3V0Y29tZU5vZGU6NjAwNTQ5OQ==,-115.0,-115.0,130.0,155.0,T3V0Y29tZU5vZGU6NjAwNTQ5OA==,-115.0,-185.0,-160.0,-115.0
T2ZmZXJUYWJsZU9mZmVyTm9kZToxMDMxMjU4NTc=,RmlnaHROb2RlOjU1MjM5,U3BvcnRzYm9va05vZGU6MjE=,T3V0Y29tZU5vZGU6NjAwNjA3OA==,144.0,-102.0,123.0,144.0,T3V0Y29tZU5vZGU6NjAwNjA3Nw==,-213.0,-213.0,-179.0,-141.0
T2ZmZXJUYWJsZU9mZmVyTm9kZToxMDMxMjY0NDc=,RmlnaHROb2RlOjU1MjM5,U3BvcnRzYm9va05vZGU6Mjc=,T3V0Y29tZU5vZGU6NjAwNzA1MQ==,150.0,150.0,150.0,150.0,T3V0Y29tZU5vZGU6NjAwNzA1Mg==,-200.0,-200.0,-200.0,-200.0
T2ZmZXJUYWJsZU9mZmVyTm9kZToxMDMxMjY2Njg=,RmlnaHROb2RlOjU1MjM5,U3BvcnRzYm9va05vZGU6Mjg=,T3V0Y29tZU5vZGU6NjAwNzM2OQ==,142.0,-105.0,142.0,150.0,T3V0Y29tZU5vZGU6NjAwNzM3MA==,-185.0,-200.0,-185.0,-135.0
T2ZmZXJUYWJsZU9mZmVyTm9kZToxMDMxMjY0Mzk=,RmlnaHROb2RlOjU0Nzk2,U3BvcnRzYm9va05vZGU6Mjc=,T3V0Y29tZU5vZGU6NjAwNzAzNQ==,-225.0,-275.0,-275.0,-225.0,T3V0Y29tZU5vZGU6NjAwNzAzNg==,163.0,163.0,200.0,200.0
T2ZmZXJUYWJsZU9mZmVyTm9kZToxMDMxMjY2Njc=,RmlnaHROb2RlOjU0Nzk2,U3BvcnRzYm9va05vZGU6Mjg=,T3V0Y29tZU5vZGU6NjAwNzM2Nw==,-210.0,-345.0,-325.0,-210.0,T3V0Y29tZU5vZGU6NjAwNzM2OA==,155.0,155.0,215.0,225.0
T2ZmZXJUYWJsZU9mZmVyTm9kZToxMDMxMjU0NTc=,RmlnaHROb2RlOjU0Nzk2,U3BvcnRzYm9va05vZGU6MTA=,T3V0Y29tZU5vZGU6NjAwNTQ4OQ==,-160.0,-265.0,-265.0,-160.0,T3V0Y29tZU5vZGU6NjAwNTQ4OA==,130.0,130.0,205.0,205.0
T2ZmZXJUYWJsZU9mZmVyTm9kZToxMDMxMjU2MDU=,RmlnaHROb2RlOjU0Nzk2,U3BvcnRzYm9va05vZGU6MjE=,T3V0Y29tZU5vZGU6NjAwNTczOQ==,-270.0,-435.0,-435.0,-270.0,T3V0Y29tZU5vZGU6NjAwNTczOA==,177.0,177.0,268.0,268.0
T2ZmZXJUYWJsZU9mZmVyTm9kZToxMDMxMjc0ODM=,RmlnaHROb2RlOjU1OTg0,U3BvcnRzYm9va05vZGU6MTA=,T3V0Y29tZU5vZGU6NjAwODUwMw==,160.0,-115.0,240.0,240.0,T3V0Y29tZU5vZGU6NjAwODUwNA==,-200.0,-300.0,-300.0,-115.0
T2ZmZXJUYWJsZU9mZmVyTm9kZToxMDMxMjc3MTQ=,RmlnaHROb2RlOjU1OTg0,U3BvcnRzYm9va05vZGU6Mjc=,T3V0Y29tZU5vZGU6NjAwODg1MQ==,150.0,150.0,200.0,240.0,T3V0Y29tZU5vZGU6NjAwODg1Mg==,-188.0,-350.0,-275.0,-188.0
T2ZmZXJUYWJsZU9mZmVyTm9kZToxMDMxMjc0OTQ=,RmlnaHROb2RlOjU1OTg0,U3BvcnRzYm9va05vZGU6MjE=,T3V0Y29tZU5vZGU6NjAwODUyNQ==,-120.0,-120.0,208.0,226.0,T3V0Y29tZU5vZGU6NjAwODUyNg==,-120.0,-345.0,-323.0,-120.0
T2ZmZXJUYWJsZU9mZmVyTm9kZToxMDMxMjgyNjM=,RmlnaHROb2RlOjU1OTg0,U3BvcnRzYm9va05vZGU6Mjg=,T3V0Y29tZU5vZGU6NjAwOTcyMw==,203.0,160.0,180.0,205.0,T3V0Y29tZU5vZGU6NjAwOTcyMg==,-303.0,-305.0,-260.0,-215.0
T2ZmZXJUYWJsZU9mZmVyTm9kZToxMDMxMzA0ODI=,RmlnaHROb2RlOjU1OTg0,U3BvcnRzYm9va05vZGU6Mjg=,T3V0Y29tZU5vZGU6NjAxMjY3NA==,180.0,180.0,200.0,200.0,T3V0Y29tZU5vZGU6NjAxMjY3Mw==,-260.0,-300.0,-300.0,-260.0
T2ZmZXJUYWJsZU9mZmVyTm9kZToxMDMxMzA0ODg=,RmlnaHROb2RlOjU1MTE5,U3BvcnRzYm9va05vZGU6Mjg=,T3V0Y29tZU5vZGU6NjAxMjY4NQ==,-190.0,-190.0,-190.0,-190.0,T3V0Y29tZU5vZGU6NjAxMjY4Ng==,145.0,145.0,145.0,145.0
T2ZmZXJUYWJsZU9mZmVyTm9kZToxMDMxMjc0ODY=,RmlnaHROb2RlOjU1MTE5,U3BvcnRzYm9va05vZGU6MTA=,T3V0Y29tZU5vZGU6NjAwODUxMA==,-180.0,-200.0,-165.0,-115.0,T3V0Y29tZU5vZGU6NjAwODUwOQ==,150.0,-115.0,135.0,160.0
T2ZmZXJUYWJsZU9mZmVyTm9kZToxMDMxMjc3MTc=,RmlnaHROb2RlOjU1MTE5,U3BvcnRzYm9va05vZGU6MjE=,T3V0Y29tZU5vZGU6NjAwODg1OA==,-125.0,-135.0,-135.0,-116.0,T3V0Y29tZU5vZGU6NjAwODg1Nw==,-115.0,-123.0,-106.0,-106.0
T2ZmZXJUYWJsZU9mZmVyTm9kZToxMDMxMjc3MDk=,RmlnaHROb2RlOjU1MTE5,U3BvcnRzYm9va05vZGU6Mjc=,T3V0Y29tZU5vZGU6NjAwODg0MQ==,-120.0,-150.0,-150.0,-120.0,T3V0Y29tZU5vZGU6NjAwODg0Mg==,-110.0,-110.0,110.0,110.0
T2ZmZXJUYWJsZU9mZmVyTm9kZToxMDMxMjgyNjU=,RmlnaHROb2RlOjU1MTE5,U3BvcnRzYm9va05vZGU6Mjg=,T3V0Y29tZU5vZGU6NjAwOTcyNg==,-120.0,-190.0,-190.0,-120.0,T3V0Y29tZU5vZGU6NjAwOTcyNw==,-120.0,-120.0,145.0,145.0
T2ZmZXJUYWJsZU9mZmVyTm9kZToxMDMxMzA0ODU=,RmlnaHROb2RlOjU1NDY1,U3BvcnRzYm9va05vZGU6Mjg=,T3V0Y29tZU5vZGU6NjAxMjY3OQ==,100.0,100.0,100.0,100.0,T3V0Y29tZU5vZGU6NjAxMjY4MA==,-140.0,-140.0,-140.0,-140.0
T2ZmZXJUYWJsZU9mZmVyTm9kZToxMDMxMjg5NDc=,RmlnaHROb2RlOjU1NDY1,U3BvcnRzYm9va05vZGU6Mjg=,T3V0Y29tZU5vZGU6NjAxMDY4Mw==,-125.0,-145.0,100.0,100.0,T3V0Y29tZU5vZGU6NjAxMDY4NA==,-115.0,-140.0,-140.0,105.0
T2ZmZXJUYWJsZU9mZmVyTm9kZToxMDMxMjc3MDg=,RmlnaHROb2RlOjU1NDY1,U3BvcnRzYm9va05vZGU6Mjc=,T3V0Y29tZU5vZGU6NjAwODgzOQ==,-150.0,-150.0,-120.0,-120.0,T3V0Y29tZU5vZGU6NjAwODg0MA==,110.0,-110.0,-110.0,110.0
T2ZmZXJUYWJsZU9mZmVyTm9kZToxMDMxMjc0ODg=,RmlnaHROb2RlOjU1NDY1,U3BvcnRzYm9va05vZGU6MTA=,T3V0Y29tZU5vZGU6NjAwODUxMw==,190.0,-145.0,110.0,190.0,T3V0Y29tZU5vZGU6NjAwODUxNA==,-240.0,-240.0,-140.0,115.0
T2ZmZXJUYWJsZU9mZmVyTm9kZToxMDMxMjg1MTY=,RmlnaHROb2RlOjU1NDY1,U3BvcnRzYm9va05vZGU6MjE=,T3V0Y29tZU5vZGU6NjAxMDA4Mw==,-152.0,-152.0,-125.0,-125.0,T3V0Y29tZU5vZGU6NjAxMDA4Mg==,106.0,-115.0,-115.0,108.0
T2ZmZXJUYWJsZU9mZmVyTm9kZToxMDMxMjkyMTY=,RmlnaHROb2RlOjU5Mjgw,U3BvcnRzYm9va05vZGU6Mjg=,T3V0Y29tZU5vZGU6NjAxMTExNw==,105.0,-145.0,-135.0,105.0,T3V0Y29tZU5vZGU6NjAxMTExNg==,-145.0,-145.0,-105.0,105.0
T2ZmZXJUYWJsZU9mZmVyTm9kZToxMDMxMjc0ODc=,RmlnaHROb2RlOjU5Mjgw,U3BvcnRzYm9va05vZGU6MTA=,T3V0Y29tZU5vZGU6NjAwODUxMQ==,130.0,-145.0,-125.0,130.0,T3V0Y29tZU5vZGU6NjAwODUxMg==,-160.0,-160.0,-105.0,115.0
T2ZmZXJUYWJsZU9mZmVyTm9kZToxMDMxMjg1MTc=,RmlnaHROb2RlOjU5Mjgw,U3BvcnRzYm9va05vZGU6MjE=,T3V0Y29tZU5vZGU6NjAxMDA4NA==,108.0,-115.0,-115.0,108.0,T3V0Y29tZU5vZGU6NjAxMDA4NQ==,-156.0,-156.0,-125.0,-125.0
T2ZmZXJUYWJsZU9mZmVyTm9kZToxMDMxMjkzNDg=,RmlnaHROb2RlOjU5Mjgw,U3BvcnRzYm9va05vZGU6Mjc=,T3V0Y29tZU5vZGU6NjAxMTM3Nw==,110.0,110.0,110.0,110.0,T3V0Y29tZU5vZGU6NjAxMTM3Ng==,-150.0,-150.0,-150.0,-150.0
T2ZmZXJUYWJsZU9mZmVyTm9kZToxMDMxMjg5NDk=,RmlnaHROb2RlOjU5Mjgw,U3BvcnRzYm9va05vZGU6Mjg=,T3V0Y29tZU5vZGU6NjAxMDY4OA==,105.0,-135.0,-135.0,105.0,T3V0Y29tZU5vZGU6NjAxMDY4Nw==,-145.0,-145.0,-105.0,-105.0
T2ZmZXJUYWJsZU9mZmVyTm9kZToxMDMxMjc0OTA=,RmlnaHROb2RlOjU1NjE4,U3BvcnRzYm9va05vZGU6MTA=,T3V0Y29tZU5vZGU6NjAwODUxOA==,-160.0,-165.0,-135.0,-120.0,T3V0Y29tZU5vZGU6NjAwODUxNw==,130.0,-110.0,105.0,135.0
T2ZmZXJUYWJsZU9mZmVyTm9kZToxMDMxMjkzNjc=,RmlnaHROb2RlOjU1NjE4,U3BvcnRzYm9va05vZGU6Mjg=,T3V0Y29tZU5vZGU6NjAxMTQxNA==,-150.0,-161.0,-135.0,-135.0,T3V0Y29tZU5vZGU6NjAxMTQxNQ==,110.0,-105.0,-105.0,121.0
T2ZmZXJUYWJsZU9mZmVyTm9kZToxMDMxMjg1MTQ=,RmlnaHROb2RlOjU1NjE4,U3BvcnRzYm9va05vZGU6MjE=,T3V0Y29tZU5vZGU6NjAxMDA3OQ==,-175.0,-175.0,-161.0,-161.0,T3V0Y29tZU5vZGU6NjAxMDA3OA==,120.0,115.0,115.0,120.0
T2ZmZXJUYWJsZU9mZmVyTm9kZToxMDMxMzA0ODY=,RmlnaHROb2RlOjU1NjE4,U3BvcnRzYm9va05vZGU6Mjg=,T3V0Y29tZU5vZGU6NjAxMjY4MQ==,-135.0,-135.0,-135.0,-135.0,T3V0Y29tZU5vZGU6NjAxMjY4Mg==,-105.0,-105.0,-105.0,-105.0
T2ZmZXJUYWJsZU9mZmVyTm9kZToxMDMxMjc3MDc=,RmlnaHROb2RlOjU1NjE4,U3BvcnRzYm9va05vZGU6Mjc=,T3V0Y29tZU5vZGU6NjAwODgzNw==,-163.0,-163.0,-163.0,-163.0,T3V0Y29tZU5vZGU6NjAwODgzOA==,120.0,120.0,120.0,120.0
T2ZmZXJUYWJsZU9mZmVyTm9kZToxMDMxMzA0ODM=,RmlnaHROb2RlOjU1OTg1,U3BvcnRzYm9va05vZGU6Mjg=,T3V0Y29tZU5vZGU6NjAxMjY3NQ==,-200.0,-200.0,-200.0,-200.0,T3V0Y29tZU5vZGU6NjAxMjY3Ng==,150.0,150.0,150.0,150.0
T2ZmZXJUYWJsZU9mZmVyTm9kZToxMDMxMjkzNjU=,RmlnaHROb2RlOjU1OTg1,U3BvcnRzYm9va05vZGU6Mjg=,T3V0Y29tZU5vZGU6NjAxMTQxMA==,-155.0,-200.0,-200.0,-155.0,T3V0Y29tZU5vZGU6NjAxMTQxMQ==,115.0,115.0,150.0,150.0
T2ZmZXJUYWJsZU9mZmVyTm9kZToxMDMxMjc0OTE=,RmlnaHROb2RlOjU1OTg1,U3BvcnRzYm9va05vZGU6MTA=,T3V0Y29tZU5vZGU6NjAwODUyMA==,-115.0,-205.0,-205.0,-115.0,T3V0Y29tZU5vZGU6NjAwODUxOQ==,-115.0,-115.0,165.0,165.0
T2ZmZXJUYWJsZU9mZmVyTm9kZToxMDMxMjg4ODA=,RmlnaHROb2RlOjU1OTg1,U3BvcnRzYm9va05vZGU6Mjc=,T3V0Y29tZU5vZGU6NjAxMDU3Mw==,-175.0,-175.0,-175.0,-175.0,T3V0Y29tZU5vZGU6NjAxMDU3NA==,130.0,130.0,130.0,130.0
T2ZmZXJUYWJsZU9mZmVyTm9kZToxMDMxMjg1MTE=,RmlnaHROb2RlOjU1OTg1,U3BvcnRzYm9va05vZGU6MjE=,T3V0Y29tZU5vZGU6NjAxMDA3Mw==,-169.0,-189.0,-167.0,-164.0,T3V0Y29tZU5vZGU6NjAxMDA3Mg==,118.0,114.0,116.0,130.0
T2ZmZXJUYWJsZU9mZmVyTm9kZToxMDMxMzAyNzE=,RmlnaHROb2RlOjU1MTIx,U3BvcnRzYm9va05vZGU6Mjg=,T3V0Y29tZU5vZGU6NjAxMjM5NQ==,-120.0,-155.0,-155.0,-120.0,T3V0Y29tZU5vZGU6NjAxMjM5Ng==,-120.0,-120.0,115.0,115.0
T2ZmZXJUYWJsZU9mZmVyTm9kZToxMDMxMjg1MTI=,RmlnaHROb2RlOjU1MTIx,U3BvcnRzYm9va05vZGU6MjE=,T3V0Y29tZU5vZGU6NjAxMDA3NQ==,-104.0,-127.0,-127.0,-104.0,T3V0Y29tZU5vZGU6NjAxMDA3NA==,-139.0,-139.0,-116.0,-114.0
T2ZmZXJUYWJsZU9mZmVyTm9kZToxMDMxMzA0ODQ=,RmlnaHROb2RlOjU1MTIx,U3BvcnRzYm9va05vZGU6Mjg=,T3V0Y29tZU5vZGU6NjAxMjY3Nw==,-155.0,-155.0,-155.0,-155.0,T3V0Y29tZU5vZGU6NjAxMjY3OA==,115.0,115.0,115.0,115.0
T2ZmZXJUYWJsZU9mZmVyTm9kZToxMDMxMjc3MTE=,RmlnaHROb2RlOjU1MTIx,U3BvcnRzYm9va05vZGU6Mjc=,T3V0Y29tZU5vZGU6NjAwODg0NQ==,110.0,-110.0,-110.0,110.0,T3V0Y29tZU5vZGU6NjAwODg0Ng==,-150.0,-150.0,-120.0,-120.0
T2ZmZXJUYWJsZU9mZmVyTm9kZToxMDMxMjc0OTI=,RmlnaHROb2RlOjU1MTIx,U3BvcnRzYm9va05vZGU6MTA=,T3V0Y29tZU5vZGU6NjAwODUyMQ==,120.0,-155.0,-155.0,120.0,T3V0Y29tZU5vZGU6NjAwODUyMg==,-150.0,-150.0,125.0,125.0
T2ZmZXJUYWJsZU9mZmVyTm9kZToxMDMxMjg1MTM=,RmlnaHROb2RlOjU1ODQz,U3BvcnRzYm9va05vZGU6MjE=,T3V0Y29tZU5vZGU6NjAxMDA3Nw==,-208.0,-238.0,-189.0,-189.0,T3V0Y29tZU5vZGU6NjAxMDA3Ng==,141.0,130.0,130.0,160.0
T2ZmZXJUYWJsZU9mZmVyTm9kZToxMDMxMjkzNjg=,RmlnaHROb2RlOjU1ODQz,U3BvcnRzYm9va05vZGU6Mjg=,T3V0Y29tZU5vZGU6NjAxMTQxNg==,-200.0,-200.0,-180.0,-160.0,T3V0Y29tZU5vZGU6NjAxMTQxNw==,150.0,120.0,140.0,150.0
T2ZmZXJUYWJsZU9mZmVyTm9kZToxMDMxMzA0OTE=,RmlnaHROb2RlOjU1ODQz,U3BvcnRzYm9va05vZGU6Mjg=,T3V0Y29tZU5vZGU6NjAxMjY5MQ==,-180.0,-180.0,-180.0,-180.0,T3V0Y29tZU5vZGU6NjAxMjY5Mg==,140.0,140.0,140.0,140.0
T2ZmZXJUYWJsZU9mZmVyTm9kZToxMDMxMjc0ODk=,RmlnaHROb2RlOjU1ODQz,U3BvcnRzYm9va05vZGU6MTA=,T3V0Y29tZU5vZGU6NjAwODUxNg==,-180.0,-325.0,-185.0,-160.0,T3V0Y29tZU5vZGU6NjAwODUxNQ==,150.0,130.0,155.0,250.0
T2ZmZXJUYWJsZU9mZmVyTm9kZToxMDMxMjc3MTY=,RmlnaHROb2RlOjU1ODQz,U3BvcnRzYm9va05vZGU6Mjc=,T3V0Y29tZU5vZGU6NjAwODg1NQ==,-188.0,-188.0,-188.0,-188.0,T3V0Y29tZU5vZGU6NjAwODg1Ng==,140.0,140.0,140.0,140.0
T2ZmZXJUYWJsZU9mZmVyTm9kZToxMDMxMjg0MTk=,RmlnaHROb2RlOjU1OTgz,U3BvcnRzYm9va05vZGU6Mjg=,T3V0Y29tZU5vZGU6NjAwOTk1MA==,-345.0,-345.0,-345.0,-220.0,T3V0Y29tZU5vZGU6NjAwOTk1MQ==,225.0,160.0,225.0,225.0
T2ZmZXJUYWJsZU9mZmVyTm9kZToxMDMxMjc3MTI=,RmlnaHROb2RlOjU1OTgz,U3BvcnRzYm9va05vZGU6Mjc=,T3V0Y29tZU5vZGU6NjAwODg0Nw==,-350.0,-350.0,-350.0,-350.0,T3V0Y29tZU5vZGU6NjAwODg0OA==,240.0,240.0,240.0,240.0
T2ZmZXJUYWJsZU9mZmVyTm9kZToxMDMxMjc0ODQ=,RmlnaHROb2RlOjU1OTgz,U3BvcnRzYm9va05vZGU6MTA=,T3V0Y29tZU5vZGU6NjAwODUwNg==,-165.0,-400.0,-400.0,-165.0,T3V0Y29tZU5vZGU6NjAwODUwNQ==,135.0,135.0,300.0,300.0
T2ZmZXJUYWJsZU9mZmVyTm9kZToxMDMxMjc0OTU=,RmlnaHROb2RlOjU1OTgz,U3BvcnRzYm9va05vZGU6MjE=,T3V0Y29tZU5vZGU6NjAwODUyOA==,-233.0,-500.0,-500.0,-233.0,T3V0Y29tZU5vZGU6NjAwODUyNw==,155.0,155.0,276.0,285.0
T2ZmZXJUYWJsZU9mZmVyTm9kZToxMDMxMjg5NTA=,RmlnaHROb2RlOjU1MTE4,U3BvcnRzYm9va05vZGU6Mjg=,T3V0Y29tZU5vZGU6NjAxMDY4OQ==,-150.0,-160.0,-160.0,-150.0,T3V0Y29tZU5vZGU6NjAxMDY5MA==,110.0,110.0,120.0,120.0
T2ZmZXJUYWJsZU9mZmVyTm9kZToxMDMxMjg1MTU=,RmlnaHROb2RlOjU1MTE4,U3BvcnRzYm9va05vZGU6MjE=,T3V0Y29tZU5vZGU6NjAxMDA4MQ==,-164.0,-164.0,-164.0,-164.0,T3V0Y29tZU5vZGU6NjAxMDA4MA==,113.0,108.0,114.0,114.0
T2ZmZXJUYWJsZU9mZmVyTm9kZToxMDMxMjc0ODU=,RmlnaHROb2RlOjU1MTE4,U3BvcnRzYm9va05vZGU6MTA=,T3V0Y29tZU5vZGU6NjAwODUwOA==,-150.0,-155.0,-155.0,-150.0,T3V0Y29tZU5vZGU6NjAwODUwNw==,120.0,120.0,125.0,125.0
T2ZmZXJUYWJsZU9mZmVyTm9kZToxMDMxMzA0OTA=,RmlnaHROb2RlOjU1MTE4,U3BvcnRzYm9va05vZGU6Mjg=,T3V0Y29tZU5vZGU6NjAxMjY4OQ==,-160.0,-160.0,-160.0,-160.0,T3V0Y29tZU5vZGU6NjAxMjY5MA==,120.0,120.0,120.0,120.0
T2ZmZXJUYWJsZU9mZmVyTm9kZToxMDMxMjc3MTM=,RmlnaHROb2RlOjU1MTE4,U3BvcnRzYm9va05vZGU6Mjc=,T3V0Y29tZU5vZGU6NjAwODg0OQ==,-150.0,-150.0,-150.0,-150.0,T3V0Y29tZU5vZGU6NjAwODg1MA==,110.0,110.0,110.0,110.0
T2ZmZXJUYWJsZU9mZmVyTm9kZToxMDMxMjc3MTU=,RmlnaHROb2RlOjU1MDMy,U3BvcnRzYm9va05vZGU6Mjc=,T3V0Y29tZU5vZGU6NjAwODg1Mw==,-250.0,-250.0,-250.0,-250.0,T3V0Y29tZU5vZGU6NjAwODg1NA==,175.0,175.0,175.0,175.0
T2ZmZXJUYWJsZU9mZmVyTm9kZToxMDMxMzAyNzA=,RmlnaHROb2RlOjU1MDMy,U3BvcnRzYm9va05vZGU6Mjg=,T3V0Y29tZU5vZGU6NjAxMjM5Mw==,-217.0,-265.0,-250.0,-215.0,T3V0Y29tZU5vZGU6NjAxMjM5NA==,162.0,160.0,175.0,185.0
T2ZmZXJUYWJsZU9mZmVyTm9kZToxMDMxMjc0ODI=,RmlnaHROb2RlOjU1MDMy,U3BvcnRzYm9va05vZGU6MTA=,T3V0Y29tZU5vZGU6NjAwODUwMg==,-240.0,-260.0,-260.0,-220.0,T3V0Y29tZU5vZGU6NjAwODUwMQ==,190.0,180.0,200.0,200.0
T2ZmZXJUYWJsZU9mZmVyTm9kZToxMDMxMjc0OTM=,RmlnaHROb2RlOjU1MDMy,U3BvcnRzYm9va05vZGU6MjE=,T3V0Y29tZU5vZGU6NjAwODUyNA==,-270.0,-278.0,-278.0,-256.0,T3V0Y29tZU5vZGU6NjAwODUyMw==,179.0,169.0,189.0,189.0
T2ZmZXJUYWJsZU9mZmVyTm9kZToxMDMxMzU4OTU=,RmlnaHROb2RlOjU1NDE3,U3BvcnRzYm9va05vZGU6MTA=,T3V0Y29tZU5vZGU6NjAyMDQ0Mw==,-200.0,-500.0,-470.0,-180.0,T3V0Y29tZU5vZGU6NjAyMDQ0Mg==,160.0,150.0,370.0,375.0
T2ZmZXJUYWJsZU9mZmVyTm9kZToxMDMxMzYyMzQ=,RmlnaHROb2RlOjU1NDE3,U3BvcnRzYm9va05vZGU6Mjg=,T3V0Y29tZU5vZGU6NjAyMTExNA==,-204.0,-500.0,-476.0,-179.0,T3V0Y29tZU5vZGU6NjAyMTExNQ==,154.0,139.0,291.0,300.0
T2ZmZXJUYWJsZU9mZmVyTm9kZToxMDMxMzU5MDU=,RmlnaHROb2RlOjU1NDE3,U3BvcnRzYm9va05vZGU6MjE=,T3V0Y29tZU5vZGU6NjAyMDQ2Mw==,-222.0,-476.0,-476.0,-204.0,T3V0Y29tZU5vZGU6NjAyMDQ2Mg==,151.0,139.0,276.0,276.0
T2ZmZXJUYWJsZU9mZmVyTm9kZToxMDMxMzYyMDI=,RmlnaHROb2RlOjU1NDE1,U3BvcnRzYm9va05vZGU6Mjg=,T3V0Y29tZU5vZGU6NjAyMTA1MA==,-204.0,-250.0,-250.0,-204.0,T3V0Y29tZU5vZGU6NjAyMTA1MQ==,154.0,154.0,175.0,175.0
T2ZmZXJUYWJsZU9mZmVyTm9kZToxMDMxMzU4OTM=,RmlnaHROb2RlOjU1NDE1,U3BvcnRzYm9va05vZGU6MTA=,T3V0Y29tZU5vZGU6NjAyMDQzOQ==,-200.0,-260.0,-245.0,-200.0,T3V0Y29tZU5vZGU6NjAyMDQzOA==,160.0,160.0,195.0,200.0
T2ZmZXJUYWJsZU9mZmVyTm9kZToxMDMxMzYwMjA=,RmlnaHROb2RlOjU1NDE1,U3BvcnRzYm9va05vZGU6MjE=,T3V0Y29tZU5vZGU6NjAyMDY4Nw==,-263.0,-286.0,-286.0,-263.0,T3V0Y29tZU5vZGU6NjAyMDY4Ng==,173.0,173.0,198.0,198.0
T2ZmZXJUYWJsZU9mZmVyTm9kZToxMDMxMzYyMzU=,RmlnaHROb2RlOjU1NDQ5,U3BvcnRzYm9va05vZGU6Mjg=,T3V0Y29tZU5vZGU6NjAyMTExNw==,-115.0,-135.0,-130.0,101.0,T3V0Y29tZU5vZGU6NjAyMTExNg==,-125.0,-141.0,-110.0,-105.0
T2ZmZXJUYWJsZU9mZmVyTm9kZToxMDMxMzYwMjE=,RmlnaHROb2RlOjU1NDQ5,U3BvcnRzYm9va05vZGU6MjE=,T3V0Y29tZU5vZGU6NjAyMDY4OA==,101.0,-132.0,-125.0,101.0,T3V0Y29tZU5vZGU6NjAyMDY4OQ==,-145.0,-145.0,-115.0,-110.0
T2ZmZXJUYWJsZU9mZmVyTm9kZToxMDMxMzU4OTY=,RmlnaHROb2RlOjU1NDQ5,U3BvcnRzYm9va05vZGU6MTA=,T3V0Y29tZU5vZGU6NjAyMDQ0NA==,120.0,-135.0,-130.0,125.0,T3V0Y29tZU5vZGU6NjAyMDQ0NQ==,-150.0,-155.0,100.0,105.0
T2ZmZXJUYWJsZU9mZmVyTm9kZToxMDMxMzYwMjI=,RmlnaHROb2RlOjU2MTMy,U3BvcnRzYm9va05vZGU6MjE=,T3V0Y29tZU5vZGU6NjAyMDY5MQ==,141.0,115.0,115.0,141.0,T3V0Y29tZU5vZGU6NjAyMDY5MA==,-208.0,-208.0,-167.0,-167.0
T2ZmZXJUYWJsZU9mZmVyTm9kZToxMDMxMzYyMzY=,RmlnaHROb2RlOjU2MTMy,U3BvcnRzYm9va05vZGU6Mjg=,T3V0Y29tZU5vZGU6NjAyMTExOA==,124.0,-105.0,-105.0,140.0,T3V0Y29tZU5vZGU6NjAyMTExOQ==,-164.0,-180.0,-135.0,-135.0
T2ZmZXJUYWJsZU9mZmVyTm9kZToxMDMxMzU4OTc=,RmlnaHROb2RlOjU2MTMy,U3BvcnRzYm9va05vZGU6MTA=,T3V0Y29tZU5vZGU6NjAyMDQ0Ng==,190.0,105.0,125.0,190.0,T3V0Y29tZU5vZGU6NjAyMDQ0Nw==,-240.0,-240.0,-155.0,-135.0
T2ZmZXJUYWJsZU9mZmVyTm9kZToxMDMxMzU4OTk=,RmlnaHROb2RlOjU1NDUx,U3BvcnRzYm9va05vZGU6MTA=,T3V0Y29tZU5vZGU6NjAyMDQ1MQ==,-180.0,-625.0,-355.0,-180.0,T3V0Y29tZU5vZGU6NjAyMDQ1MA==,150.0,150.0,280.0,450.0
T2ZmZXJUYWJsZU9mZmVyTm9kZToxMDMxMzYwMjQ=,RmlnaHROb2RlOjU1NDUx,U3BvcnRzYm9va05vZGU6MjE=,T3V0Y29tZU5vZGU6NjAyMDY5NQ==,-233.0,-1000.0,-1000.0,-217.0,T3V0Y29tZU5vZGU6NjAyMDY5NA==,155.0,148.0,427.0,427.0
T2ZmZXJUYWJsZU9mZmVyTm9kZToxMDMxMzYxNTU=,RmlnaHROb2RlOjU1NDUx,U3BvcnRzYm9va05vZGU6Mjg=,T3V0Y29tZU5vZGU6NjAyMDk1Ng==,-204.0,-588.0,-500.0,-189.0,T3V0Y29tZU5vZGU6NjAyMDk1Nw==,154.0,146.0,300.0,348.0
T2ZmZXJUYWJsZU9mZmVyTm9kZToxMDMxMzU4OTg=,RmlnaHROb2RlOjU2Mjkz,U3BvcnRzYm9va05vZGU6MTA=,T3V0Y29tZU5vZGU6NjAyMDQ0OQ==,-180.0,-605.0,-600.0,-180.0,T3V0Y29tZU5vZGU6NjAyMDQ0OA==,150.0,150.0,425.0,430.0
T2ZmZXJUYWJsZU9mZmVyTm9kZToxMDMxMzYwMjM=,RmlnaHROb2RlOjU2Mjkz,U3BvcnRzYm9va05vZGU6MjE=,T3V0Y29tZU5vZGU6NjAyMDY5Mw==,-294.0,-476.0,-476.0,-294.0,T3V0Y29tZU5vZGU6NjAyMDY5Mg==,191.0,191.0,296.0,325.0
T2ZmZXJUYWJsZU9mZmVyTm9kZToxMDMxMzYyMzM=,RmlnaHROb2RlOjU2Mjkz,U3BvcnRzYm9va05vZGU6Mjg=,T3V0Y29tZU5vZGU6NjAyMTExMg==,-278.0,-625.0,-588.0,-278.0,T3V0Y29tZU5vZGU6NjAyMTExMw==,193.0,193.0,348.0,360.0
T2ZmZXJUYWJsZU9mZmVyTm9kZToxMDMxMzYxMjA=,RmlnaHROb2RlOjU2MTA0,U3BvcnRzYm9va05vZGU6Mjg=,T3V0Y29tZU5vZGU6NjAyMDg4Ng==,-263.0,-345.0,-345.0,-263.0,T3V0Y29tZU5vZGU6NjAyMDg4Nw==,183.0,183.0,225.0,225.0
T2ZmZXJUYWJsZU9mZmVyTm9kZToxMDMxMzYwMjY=,RmlnaHROb2RlOjU2MTA0,U3BvcnRzYm9va05vZGU6MjE=,T3V0Y29tZU5vZGU6NjAyMDY5OQ==,-256.0,-455.0,-345.0,-256.0,T3V0Y29tZU5vZGU6NjAyMDY5OA==,171.0,171.0,244.0,270.0
T2ZmZXJUYWJsZU9mZmVyTm9kZToxMDMxMzU5MDE=,RmlnaHROb2RlOjU2MTA0,U3BvcnRzYm9va05vZGU6MTA=,T3V0Y29tZU5vZGU6NjAyMDQ1NQ==,-200.0,-470.0,-450.0,-200.0,T3V0Y29tZU5vZGU6NjAyMDQ1NA==,160.0,160.0,350.0,370.0
T2ZmZXJUYWJsZU9mZmVyTm9kZToxMDMxMzU5MDI=,RmlnaHROb2RlOjU2Mjk0,U3BvcnRzYm9va05vZGU6MTA=,T3V0Y29tZU5vZGU6NjAyMDQ1Nw==,-160.0,-400.0,-345.0,-160.0,T3V0Y29tZU5vZGU6NjAyMDQ1Ng==,130.0,130.0,270.0,300.0
T2ZmZXJUYWJsZU9mZmVyTm9kZToxMDMxMzYyMDE=,RmlnaHROb2RlOjU2Mjk0,U3BvcnRzYm9va05vZGU6Mjg=,T3V0Y29tZU5vZGU6NjAyMTA0OA==,-278.0,-295.0,-220.0,-220.0,T3V0Y29tZU5vZGU6NjAyMTA0OQ==,193.0,160.0,160.0,200.0
T2ZmZXJUYWJsZU9mZmVyTm9kZToxMDMxMzYwMjc=,RmlnaHROb2RlOjU2Mjk0,U3BvcnRzYm9va05vZGU6MjE=,T3V0Y29tZU5vZGU6NjAyMDcwMQ==,-244.0,-345.0,-222.0,-222.0,T3V0Y29tZU5vZGU6NjAyMDcwMA==,162.0,162.0,165.0,217.0
T2ZmZXJUYWJsZU9mZmVyTm9kZToxMDMxMzU5MDM=,RmlnaHROb2RlOjU1NDE4,U3BvcnRzYm9va05vZGU6MTA=,T3V0Y29tZU5vZGU6NjAyMDQ1OQ==,-300.0,-300.0,-125.0,100.0,T3V0Y29tZU5vZGU6NjAyMDQ1OA==,240.0,-130.0,-105.0,240.0
T2ZmZXJUYWJsZU9mZmVyTm9kZToxMDMxMzU5MDY=,RmlnaHROb2RlOjU1NDE4,U3BvcnRzYm9va05vZGU6MjE=,T3V0Y29tZU5vZGU6NjAyMDQ2NQ==,-357.0,-357.0,-141.0,-115.0,T3V0Y29tZU5vZGU6NjAyMDQ2NA==,226.0,-125.0,-103.0,226.0
T2ZmZXJUYWJsZU9mZmVyTm9kZToxMDMxMzU5MTI=,RmlnaHROb2RlOjU1NDE4,U3BvcnRzYm9va05vZGU6Mjg=,T3V0Y29tZU5vZGU6NjAyMDQ3Ng==,-120.0,-150.0,-125.0,-110.0,T3V0Y29tZU5vZGU6NjAyMDQ3Nw==,-120.0,-130.0,-115.0,110.0
T2ZmZXJUYWJsZU9mZmVyTm9kZToxMDMxMzYwMjU=,RmlnaHROb2RlOjU1NjQw,U3BvcnRzYm9va05vZGU6MjE=,T3V0Y29tZU5vZGU6NjAyMDY5Ng==,-244.0,-385.0,-312.0,-244.0,T3V0Y29tZU5vZGU6NjAyMDY5Nw==,163.0,163.0,225.0,252.0
T2ZmZXJUYWJsZU9mZmVyTm9kZToxMDMxMzU5MDA=,RmlnaHROb2RlOjU1NjQw,U3BvcnRzYm9va05vZGU6MTA=,T3V0Y29tZU5vZGU6NjAyMDQ1Mg==,-115.0,-650.0,-500.0,-115.0,T3V0Y29tZU5vZGU6NjAyMDQ1Mw==,-115.0,-115.0,375.0,475.0
T2ZmZXJUYWJsZU9mZmVyTm9kZToxMDMxMzYyMDA=,RmlnaHROb2RlOjU1NjQw,U3BvcnRzYm9va05vZGU6Mjg=,T3V0Y29tZU5vZGU6NjAyMTA0Nw==,-227.0,-667.0,-500.0,-227.0,T3V0Y29tZU5vZGU6NjAyMTA0Ng==,167.0,167.0,300.0,392.0
T2ZmZXJUYWJsZU9mZmVyTm9kZToxMDMxMzU4OTQ=,RmlnaHROb2RlOjU1NDE2,U3BvcnRzYm9va05vZGU6MTA=,T3V0Y29tZU5vZGU6NjAyMDQ0MQ==,-180.0,-230.0,-229.0,-175.0,T3V0Y29tZU5vZGU6NjAyMDQ0MA==,150.0,145.0,189.0,190.0
T2ZmZXJUYWJsZU9mZmVyTm9kZToxMDMxMzYyMDY=,RmlnaHROb2RlOjU1NDE2,U3BvcnRzYm9va05vZGU6Mjg=,T3V0Y29tZU5vZGU6NjAyMTA1OA==,-175.0,-227.0,-227.0,-175.0,T3V0Y29tZU5vZGU6NjAyMTA1OQ==,135.0,135.0,167.0,167.0
T2ZmZXJUYWJsZU9mZmVyTm9kZToxMDMxMzU5MDQ=,RmlnaHROb2RlOjU1NDE2,U3BvcnRzYm9va05vZGU6MjE=,T3V0Y29tZU5vZGU6NjAyMDQ2MQ==,-204.0,-278.0,-278.0,-189.0,T3V0Y29tZU5vZGU6NjAyMDQ2MA==,139.0,128.0,196.0,196.0
T2ZmZXJUYWJsZU9mZmVyTm9kZToxMDMxMzczMzA=,RmlnaHROb2RlOjU1ODM2,U3BvcnRzYm9va05vZGU6Mjc=,T3V0Y29tZU5vZGU6NjAyMjYyMA==,350.0,333.0,333.0,350.0,T3V0Y29tZU5vZGU6NjAyMjYyMQ==,-549.0,-549.0,-500.0,-500.0
T2ZmZXJUYWJsZU9mZmVyTm9kZToxMDMxMzcxNTU=,RmlnaHROb2RlOjU1ODM2,U3BvcnRzYm9va05vZGU6MTA=,T3V0Y29tZU5vZGU6NjAyMjM1MQ==,-200.0,-200.0,395.0,400.0,T3V0Y29tZU5vZGU6NjAyMjM1MA==,160.0,-525.0,-520.0,160.0
T2ZmZXJUYWJsZU9mZmVyTm9kZToxMDMxMzczNDE=,RmlnaHROb2RlOjU1ODM2,U3BvcnRzYm9va05vZGU6MjE=,T3V0Y29tZU5vZGU6NjAyMjY0Mw==,344.0,322.0,358.0,375.0,T3V0Y29tZU5vZGU6NjAyMjY0Mg==,-667.0,-667.0,-476.0,-435.0
T2ZmZXJUYWJsZU9mZmVyTm9kZToxMDMxMzg1NDM=,RmlnaHROb2RlOjU1ODM2,U3BvcnRzYm9va05vZGU6Mjg=,T3V0Y29tZU5vZGU6NjAyNDIwNw==,300.0,270.0,316.0,316.0,T3V0Y29tZU5vZGU6NjAyNDIwOA==,-500.0,-526.0,-526.0,-435.0
T2ZmZXJUYWJsZU9mZmVyTm9kZToxMDMxMzg1NDU=,RmlnaHROb2RlOjU2MzQy,U3BvcnRzYm9va05vZGU6Mjg=,T3V0Y29tZU5vZGU6NjAyNDIxMg==,-164.0,-164.0,-130.0,-110.0,T3V0Y29tZU5vZGU6NjAyNDIxMQ==,124.0,-130.0,-110.0,124.0
T2ZmZXJUYWJsZU9mZmVyTm9kZToxMDMxMzczNDA=,RmlnaHROb2RlOjU2MzQy,U3BvcnRzYm9va05vZGU6MjE=,T3V0Y29tZU5vZGU6NjAyMjY0MA==,-182.0,-182.0,-122.0,-111.0,T3V0Y29tZU5vZGU6NjAyMjY0MQ==,126.0,-132.0,-106.0,135.0
T2ZmZXJUYWJsZU9mZmVyTm9kZToxMDMxMzcxNTY=,RmlnaHROb2RlOjU2MzQy,U3BvcnRzYm9va05vZGU6MTA=,T3V0Y29tZU5vZGU6NjAyMjM1Mw==,-180.0,-180.0,-130.0,100.0,T3V0Y29tZU5vZGU6NjAyMjM1Mg==,150.0,-130.0,100.0,150.0
T2ZmZXJUYWJsZU9mZmVyTm9kZToxMDMxMzczMzQ=,RmlnaHROb2RlOjU2MzQy,U3BvcnRzYm9va05vZGU6Mjc=,T3V0Y29tZU5vZGU6NjAyMjYyOQ==,-175.0,-175.0,-110.0,-110.0,T3V0Y29tZU5vZGU6NjAyMjYyOA==,130.0,-120.0,-120.0,130.0
T2ZmZXJUYWJsZU9mZmVyTm9kZToxMDMxMzcxNTc=,RmlnaHROb2RlOjU1ODU3,U3BvcnRzYm9va05vZGU6MTA=,T3V0Y29tZU5vZGU6NjAyMjM1NQ==,-200.0,-400.0,-300.0,-200.0,T3V0Y29tZU5vZGU6NjAyMjM1NA==,160.0,160.0,240.0,300.0
T2ZmZXJUYWJsZU9mZmVyTm9kZToxMDMxMzczMzM=,RmlnaHROb2RlOjU1ODU3,U3BvcnRzYm9va05vZGU6Mjc=,T3V0Y29tZU5vZGU6NjAyMjYyNg==,-400.0,-400.0,-400.0,-400.0,T3V0Y29tZU5vZGU6NjAyMjYyNw==,275.0,275.0,275.0,275.0
T2ZmZXJUYWJsZU9mZmVyTm9kZToxMDMxMzgzNjA=,RmlnaHROb2RlOjU1ODU3,U3BvcnRzYm9va05vZGU6MjE=,T3V0Y29tZU5vZGU6NjAyMzk0Ng==,-435.0,-435.0,-435.0,-435.0,T3V0Y29tZU5vZGU6NjAyMzk0NQ==,274.0,263.0,273.0,300.0
T2ZmZXJUYWJsZU9mZmVyTm9kZToxMDMxMzg1MzQ=,RmlnaHROb2RlOjU1ODU3,U3BvcnRzYm9va05vZGU6Mjg=,T3V0Y29tZU5vZGU6NjAyNDE4OQ==,-400.0,-400.0,-345.0,-345.0,T3V0Y29tZU5vZGU6NjAyNDE5MA==,250.0,225.0,225.0,250.0
T2ZmZXJUYWJsZU9mZmVyTm9kZToxMDMxMzc0NzU=,RmlnaHROb2RlOjU2MTAw,U3BvcnRzYm9va05vZGU6MjE=,T3V0Y29tZU5vZGU6NjAyMjgwNg==,-370.0,-455.0,-400.0,-303.0,T3V0Y29tZU5vZGU6NjAyMjgwNQ==,231.0,228.0,298.0,298.0
T2ZmZXJUYWJsZU9mZmVyTm9kZToxMDMxMzg1NDI=,RmlnaHROb2RlOjU2MTAw,U3BvcnRzYm9va05vZGU6Mjg=,T3V0Y29tZU5vZGU6NjAyNDIwNQ==,-303.0,-500.0,-476.0,-303.0,T3V0Y29tZU5vZGU6NjAyNDIwNg==,203.0,203.0,291.0,300.0
T2ZmZXJUYWJsZU9mZmVyTm9kZToxMDMxMzczMzI=,RmlnaHROb2RlOjU2MTAw,U3BvcnRzYm9va05vZGU6Mjc=,T3V0Y29tZU5vZGU6NjAyMjYyNA==,-350.0,-350.0,-350.0,-350.0,T3V0Y29tZU5vZGU6NjAyMjYyNQ==,240.0,240.0,240.0,240.0
T2ZmZXJUYWJsZU9mZmVyTm9kZToxMDMxMzcxNTQ=,RmlnaHROb2RlOjU2MTAw,U3BvcnRzYm9va05vZGU6MTA=,T3V0Y29tZU5vZGU6NjAyMjM0OA==,120.0,-500.0,-470.0,120.0,T3V0Y29tZU5vZGU6NjAyMjM0OQ==,-150.0,-150.0,370.0,375.0
T2ZmZXJUYWJsZU9mZmVyTm9kZToxMDMxMzc0NzQ=,RmlnaHROb2RlOjU1ODM1,U3BvcnRzYm9va05vZGU6MjE=,T3V0Y29tZU5vZGU6NjAyMjgwNA==,-270.0,-270.0,-217.0,-217.0,T3V0Y29tZU5vZGU6NjAyMjgwMw==,179.0,162.0,162.0,190.0
T2ZmZXJUYWJsZU9mZmVyTm9kZToxMDMxMzg1NDQ=,RmlnaHROb2RlOjU1ODM1,U3BvcnRzYm9va05vZGU6Mjg=,T3V0Y29tZU5vZGU6NjAyNDIwOQ==,-238.0,-238.0,-208.0,-204.0,T3V0Y29tZU5vZGU6NjAyNDIxMA==,173.0,154.0,158.0,173.0
T2ZmZXJUYWJsZU9mZmVyTm9kZToxMDMxMzczMzY=,RmlnaHROb2RlOjU1ODM1,U3BvcnRzYm9va05vZGU6Mjc=,T3V0Y29tZU5vZGU6NjAyMjYzMg==,-250.0,-250.0,-250.0,-250.0,T3V0Y29tZU5vZGU6NjAyMjYzMw==,175.0,175.0,175.0,175.0
T2ZmZXJUYWJsZU9mZmVyTm9kZToxMDMxMzcxNTg=,RmlnaHROb2RlOjU1ODM1,U3BvcnRzYm9va05vZGU6MTA=,T3V0Y29tZU5vZGU6NjAyMjM1Nw==,-240.0,-249.0,-229.0,-205.0,T3V0Y29tZU5vZGU6NjAyMjM1Ng==,190.0,165.0,189.0,199.0
T2ZmZXJUYWJsZU9mZmVyTm9kZToxMDMxNDAyNDk=,RmlnaHROb2RlOjU1ODM3,U3BvcnRzYm9va05vZGU6Mjg=,T3V0Y29tZU5vZGU6NjAyNjQ3MQ==,-303.0,-303.0,-200.0,-200.0,T3V0Y29tZU5vZGU6NjAyNjQ3Mg==,203.0,150.0,150.0,203.0
T2ZmZXJUYWJsZU9mZmVyTm9kZToxMDMxMzgzNTk=,RmlnaHROb2RlOjU1ODM3,U3BvcnRzYm9va05vZGU6MjE=,T3V0Y29tZU5vZGU6NjAyMzk0NA==,-357.0,-357.0,-312.0,-278.0,T3V0Y29tZU5vZGU6NjAyMzk0Mw==,226.0,194.0,194.0,240.0
T2ZmZXJUYWJsZU9mZmVyTm9kZToxMDMxMzczMjg=,RmlnaHROb2RlOjU1ODM3,U3BvcnRzYm9va05vZGU6Mjc=,T3V0Y29tZU5vZGU6NjAyMjYxNg==,-350.0,-350.0,-250.0,-250.0,T3V0Y29tZU5vZGU6NjAyMjYxNw==,240.0,175.0,175.0,240.0
T2ZmZXJUYWJsZU9mZmVyTm9kZToxMDMxMzcxNTk=,RmlnaHROb2RlOjU1ODM3,U3BvcnRzYm9va05vZGU6MTA=,T3V0Y29tZU5vZGU6NjAyMjM1OQ==,-300.0,-300.0,-210.0,-200.0,T3V0Y29tZU5vZGU6NjAyMjM1OA==,240.0,160.0,170.0,240.0
T2ZmZXJUYWJsZU9mZmVyTm9kZToxMDMxMzgzNTg=,RmlnaHROb2RlOjU1NjE2,U3BvcnRzYm9va05vZGU6MjE=,T3V0Y29tZU5vZGU6NjAyMzk0MQ==,245.0,245.0,261.0,275.0,T3V0Y29tZU5vZGU6NjAyMzk0Mg==,-435.0,-435.0,-400.0,-345.0
T2ZmZXJUYWJsZU9mZmVyTm9kZToxMDMxMzk1MDE=,RmlnaHROb2RlOjU1NjE2,U3BvcnRzYm9va05vZGU6Mjg=,T3V0Y29tZU5vZGU6NjAyNTM4OA==,225.0,225.0,250.0,250.0,T3V0Y29tZU5vZGU6NjAyNTM4Nw==,-345.0,-400.0,-400.0,-345.0
T2ZmZXJUYWJsZU9mZmVyTm9kZToxMDMxMzczMzE=,RmlnaHROb2RlOjU1NjE2,U3BvcnRzYm9va05vZGU6Mjc=,T3V0Y29tZU5vZGU6NjAyMjYyMg==,240.0,240.0,240.0,240.0,T3V0Y29tZU5vZGU6NjAyMjYyMw==,-350.0,-350.0,-350.0,-350.0
T2ZmZXJUYWJsZU9mZmVyTm9kZToxMDMxMzcxNjA=,RmlnaHROb2RlOjU1NjE2,U3BvcnRzYm9va05vZGU6MTA=,T3V0Y29tZU5vZGU6NjAyMjM2MA==,160.0,160.0,425.0,500.0,T3V0Y29tZU5vZGU6NjAyMjM2MQ==,-200.0,-700.0,-600.0,-200.0
T2ZmZXJUYWJsZU9mZmVyTm9kZToxMDMxMzcxNjI=,RmlnaHROb2RlOjU2MTMx,U3BvcnRzYm9va05vZGU6MTA=,T3V0Y29tZU5vZGU6NjAyMjM2NQ==,-140.0,-625.0,-625.0,-140.0,T3V0Y29tZU5vZGU6NjAyMjM2NA==,110.0,110.0,450.0,450.0
T2ZmZXJUYWJsZU9mZmVyTm9kZToxMDMxMzczMzg=,RmlnaHROb2RlOjU2MTMx,U3BvcnRzYm9va05vZGU6Mjc=,T3V0Y29tZU5vZGU6NjAyMjYzNg==,-225.0,-333.0,-333.0,-225.0,T3V0Y29tZU5vZGU6NjAyMjYzNw==,163.0,163.0,225.0,225.0
T2ZmZXJUYWJsZU9mZmVyTm9kZToxMDMxMzczMzc=,RmlnaHROb2RlOjU2MjY4,U3BvcnRzYm9va05vZGU6Mjc=,T3V0Y29tZU5vZGU6NjAyMjYzNA==,175.0,175.0,175.0,175.0,T3V0Y29tZU5vZGU6NjAyMjYzNQ==,-250.0,-250.0,-250.0,-250.0
T2ZmZXJUYWJsZU9mZmVyTm9kZToxMDMxMzgzNTU=,RmlnaHROb2RlOjU2MjY4,U3BvcnRzYm9va05vZGU6MjE=,T3V0Y29tZU5vZGU6NjAyMzkzNg==,181.0,162.0,177.0,200.0,T3V0Y29tZU5vZGU6NjAyMzkzNQ==,-294.0,-294.0,-222.0,-222.0
T2ZmZXJUYWJsZU9mZmVyTm9kZToxMDMxMzcxNjM=,RmlnaHROb2RlOjU2MjY4,U3BvcnRzYm9va05vZGU6MTA=,T3V0Y29tZU5vZGU6NjAyMjM2Ng==,120.0,120.0,180.0,240.0,T3V0Y29tZU5vZGU6NjAyMjM2Nw==,-150.0,-300.0,-220.0,-150.0
T2ZmZXJUYWJsZU9mZmVyTm9kZToxMDMxMzg1MzU=,RmlnaHROb2RlOjU2MjY4,U3BvcnRzYm9va05vZGU6Mjg=,T3V0Y29tZU5vZGU6NjAyNDE5MQ==,183.0,154.0,183.0,183.0,T3V0Y29tZU5vZGU6NjAyNDE5Mg==,-263.0,-263.0,-263.0,-204.0
T2ZmZXJUYWJsZU9mZmVyTm9kZToxMDMxMzczMzU=,RmlnaHROb2RlOjU2MTAz,U3BvcnRzYm9va05vZGU6Mjc=,T3V0Y29tZU5vZGU6NjAyMjYzMA==,175.0,140.0,175.0,175.0,T3V0Y29tZU5vZGU6NjAyMjYzMQ==,-250.0,-250.0,-250.0,-188.0
T2ZmZXJUYWJsZU9mZmVyTm9kZToxMDMxMzg1Mzk=,RmlnaHROb2RlOjU2MTAz,U3BvcnRzYm9va05vZGU6Mjg=,T3V0Y29tZU5vZGU6NjAyNDE5OQ==,183.0,-123.0,218.0,218.0,T3V0Y29tZU5vZGU6NjAyNDIwMA==,-263.0,-333.0,-333.0,-117.0
T2ZmZXJUYWJsZU9mZmVyTm9kZToxMDMxMzcxNjQ=,RmlnaHROb2RlOjU2MTAz,U3BvcnRzYm9va05vZGU6MTA=,T3V0Y29tZU5vZGU6NjAyMjM2OA==,200.0,-125.0,250.0,255.0,T3V0Y29tZU5vZGU6NjAyMjM2OQ==,-260.0,-330.0,-325.0,-105.0
T2ZmZXJUYWJsZU9mZmVyTm9kZToxMDMxMzgzNTQ=,RmlnaHROb2RlOjU2MTAz,U3BvcnRzYm9va05vZGU6MjE=,T3V0Y29tZU5vZGU6NjAyMzkzNA==,181.0,135.0,215.0,215.0,T3V0Y29tZU5vZGU6NjAyMzkzMw==,-294.0,-294.0,-270.0,-196.0
T2ZmZXJUYWJsZU9mZmVyTm9kZToxMDMxMzg1Mzc=,RmlnaHROb2RlOjU1NjM5,U3BvcnRzYm9va05vZGU6Mjg=,T3V0Y29tZU5vZGU6NjAyNDE5NQ==,-238.0,-238.0,-135.0,-135.0,T3V0Y29tZU5vZGU6NjAyNDE5Ng==,173.0,-105.0,-105.0,173.0
T2ZmZXJUYWJsZU9mZmVyTm9kZToxMDMxMzczMjc=,RmlnaHROb2RlOjU1NjM5,U3BvcnRzYm9va05vZGU6Mjc=,T3V0Y29tZU5vZGU6NjAyMjYxNA==,-350.0,-350.0,-225.0,-225.0,T3V0Y29tZU5vZGU6NjAyMjYxNQ==,240.0,163.0,163.0,240.0
T2ZmZXJUYWJsZU9mZmVyTm9kZToxMDMxMzgzNTc=,RmlnaHROb2RlOjU1NjM5,U3BvcnRzYm9va05vZGU6MjE=,T3V0Y29tZU5vZGU6NjAyMzk0MA==,-323.0,-323.0,-161.0,-161.0,T3V0Y29tZU5vZGU6NjAyMzkzOQ==,204.0,118.0,118.0,204.0
T2ZmZXJUYWJsZU9mZmVyTm9kZToxMDMxMzcxNjE=,RmlnaHROb2RlOjU1NjM5,U3BvcnRzYm9va05vZGU6MTA=,T3V0Y29tZU5vZGU6NjAyMjM2Mw==,-300.0,-300.0,-135.0,-125.0,T3V0Y29tZU5vZGU6NjAyMjM2Mg==,240.0,-105.0,105.0,240.0
T2ZmZXJUYWJsZU9mZmVyTm9kZToxMDMxMzczMzk=,RmlnaHROb2RlOjU1Mjk1,U3BvcnRzYm9va05vZGU6MjE=,T3V0Y29tZU5vZGU6NjAyMjYzOQ==,-200.0,-286.0,-270.0,-200.0,T3V0Y29tZU5vZGU6NjAyMjYzOA==,137.0,136.0,199.0,233.0
T2ZmZXJUYWJsZU9mZmVyTm9kZToxMDMxMzcxNTM=,RmlnaHROb2RlOjU1Mjk1,U3BvcnRzYm9va05vZGU6MTA=,T3V0Y29tZU5vZGU6NjAyMjM0Nw==,-300.0,-400.0,-400.0,-200.0,T3V0Y29tZU5vZGU6NjAyMjM0Ng==,240.0,160.0,300.0,300.0
T2ZmZXJUYWJsZU9mZmVyTm9kZToxMDMxMzg1MzY=,RmlnaHROb2RlOjU1Mjk1,U3BvcnRzYm9va05vZGU6Mjg=,T3V0Y29tZU5vZGU6NjAyNDE5Mw==,-200.0,-400.0,-400.0,-200.0,T3V0Y29tZU5vZGU6NjAyNDE5NA==,150.0,150.0,250.0,250.0
T2ZmZXJUYWJsZU9mZmVyTm9kZToxMDMxMzczMjk=,RmlnaHROb2RlOjU1Mjk1,U3BvcnRzYm9va05vZGU6Mjc=,T3V0Y29tZU5vZGU6NjAyMjYxOA==,-175.0,-275.0,-275.0,-175.0,T3V0Y29tZU5vZGU6NjAyMjYxOQ==,130.0,130.0,190.0,190.0
T2ZmZXJUYWJsZU9mZmVyTm9kZToxMDMxNDI2Mzk=,RmlnaHROb2RlOjYyODY0,U3BvcnRzYm9va05vZGU6MTA=,T3V0Y29tZU5vZGU6NjAyOTY1MA==,-150.0,-425.0,-425.0,-150.0,T3V0Y29tZU5vZGU6NjAyOTY0OQ==,120.0,120.0,325.0,325.0
T2ZmZXJUYWJsZU9mZmVyTm9kZToxMDMxNDM5MTM=,RmlnaHROb2RlOjYyODY0,U3BvcnRzYm9va05vZGU6Mjg=,T3V0Y29tZU5vZGU6NjAzMTQ4Ng==,-263.0,-303.0,-303.0,-263.0,T3V0Y29tZU5vZGU6NjAzMTQ4Nw==,183.0,183.0,203.0,203.0
T2ZmZXJUYWJsZU9mZmVyTm9kZToxMDMxNDM3Mjc=,RmlnaHROb2RlOjYyODY0,U3BvcnRzYm9va05vZGU6Mjg=,T3V0Y29tZU5vZGU6NjAzMTEzMg==,-263.0,-263.0,-263.0,-263.0,T3V0Y29tZU5vZGU6NjAzMTEzMw==,183.0,183.0,183.0,183.0
T2ZmZXJUYWJsZU9mZmVyTm9kZToxMDMxNDM0MzA=,RmlnaHROb2RlOjYyODY0,U3BvcnRzYm9va05vZGU6Mjc=,T3V0Y29tZU5vZGU6NjAzMDcyMA==,-250.0,-250.0,-250.0,-250.0,T3V0Y29tZU5vZGU6NjAzMDcyMQ==,175.0,175.0,175.0,175.0
T2ZmZXJUYWJsZU9mZmVyTm9kZToxMDMxNDM0Mjc=,RmlnaHROb2RlOjYyODY0,U3BvcnRzYm9va05vZGU6MjE=,T3V0Y29tZU5vZGU6NjAzMDcxNQ==,-294.0,-333.0,-333.0,-294.0,T3V0Y29tZU5vZGU6NjAzMDcxNA==,191.0,191.0,212.0,212.0
T2ZmZXJUYWJsZU9mZmVyTm9kZToxMDMxNDM0NDA=,RmlnaHROb2RlOjU1MzUz,U3BvcnRzYm9va05vZGU6MjE=,T3V0Y29tZU5vZGU6NjAzMDc0MQ==,-588.0,-588.0,-500.0,-500.0,T3V0Y29tZU5vZGU6NjAzMDc0MA==,330.0,292.0,292.0,335.0
T2ZmZXJUYWJsZU9mZmVyTm9kZToxMDMxNDI2MzU=,RmlnaHROb2RlOjU1MzUz,U3BvcnRzYm9va05vZGU6MTA=,T3V0Y29tZU5vZGU6NjAyOTY0Mg==,-240.0,-550.0,-550.0,-240.0,T3V0Y29tZU5vZGU6NjAyOTY0MQ==,190.0,190.0,400.0,400.0
T2ZmZXJUYWJsZU9mZmVyTm9kZToxMDMxNDM0MzM=,RmlnaHROb2RlOjU1MzUz,U3BvcnRzYm9va05vZGU6Mjc=,T3V0Y29tZU5vZGU6NjAzMDcyNg==,-400.0,-400.0,-400.0,-400.0,T3V0Y29tZU5vZGU6NjAzMDcyNw==,275.0,275.0,275.0,275.0
T2ZmZXJUYWJsZU9mZmVyTm9kZToxMDMxNDM5MDk=,RmlnaHROb2RlOjU1MzUz,U3BvcnRzYm9va05vZGU6Mjg=,T3V0Y29tZU5vZGU6NjAzMTQ3OA==,-455.0,-556.0,-500.0,-455.0,T3V0Y29tZU5vZGU6NjAzMTQ3OQ==,280.0,280.0,300.0,331.0
T2ZmZXJUYWJsZU9mZmVyTm9kZToxMDMxNDM0MzI=,RmlnaHROb2RlOjU1NjM2,U3BvcnRzYm9va05vZGU6Mjc=,T3V0Y29tZU5vZGU6NjAzMDcyNA==,-163.0,-163.0,-163.0,-163.0,T3V0Y29tZU5vZGU6NjAzMDcyNQ==,120.0,120.0,120.0,120.0
T2ZmZXJUYWJsZU9mZmVyTm9kZToxMDMxNDI2NDI=,RmlnaHROb2RlOjU1NjM2,U3BvcnRzYm9va05vZGU6MTA=,T3V0Y29tZU5vZGU6NjAyOTY1Ng==,-165.0,-245.0,-240.0,-165.0,T3V0Y29tZU5vZGU6NjAyOTY1NQ==,135.0,135.0,190.0,195.0
T2ZmZXJUYWJsZU9mZmVyTm9kZToxMDMxNDQxODY=,RmlnaHROb2RlOjU1NjM2,U3BvcnRzYm9va05vZGU6Mjg=,T3V0Y29tZU5vZGU6NjAzMTg0NA==,-200.0,-238.0,-238.0,-175.0,T3V0Y29tZU5vZGU6NjAzMTg0NQ==,150.0,135.0,173.0,173.0
T2ZmZXJUYWJsZU9mZmVyTm9kZToxMDMxNDM0NDQ=,RmlnaHROb2RlOjU1NjM2,U3BvcnRzYm9va05vZGU6MjE=,T3V0Y29tZU5vZGU6NjAzMDc0OQ==,-182.0,-204.0,-200.0,-182.0,T3V0Y29tZU5vZGU6NjAzMDc0OA==,126.0,126.0,137.0,138.0
T2ZmZXJUYWJsZU9mZmVyTm9kZToxMDMxNDM0NDE=,RmlnaHROb2RlOjU1NjEw,U3BvcnRzYm9va05vZGU6MjE=,T3V0Y29tZU5vZGU6NjAzMDc0Mw==,-105.0,-135.0,-135.0,-105.0,T3V0Y29tZU5vZGU6NjAzMDc0Mg==,-137.0,-137.0,-108.0,-105.0
T2ZmZXJUYWJsZU9mZmVyTm9kZToxMDMxNDM5MDg=,RmlnaHROb2RlOjU1NjEw,U3BvcnRzYm9va05vZGU6Mjg=,T3V0Y29tZU5vZGU6NjAzMTQ3Ng==,-110.0,-143.0,-143.0,-110.0,T3V0Y29tZU5vZGU6NjAzMTQ3Nw==,-130.0,-130.0,103.0,103.0
T2ZmZXJUYWJsZU9mZmVyTm9kZToxMDMxNDI2MzY=,RmlnaHROb2RlOjU1NjEw,U3BvcnRzYm9va05vZGU6MTA=,T3V0Y29tZU5vZGU6NjAyOTY0Mw==,150.0,-143.0,-143.0,150.0,T3V0Y29tZU5vZGU6NjAyOTY0NA==,-180.0,-180.0,113.0,113.0
T2ZmZXJUYWJsZU9mZmVyTm9kZToxMDMxNDM0MzE=,RmlnaHROb2RlOjU1NjEw,U3BvcnRzYm9va05vZGU6Mjc=,T3V0Y29tZU5vZGU6NjAzMDcyMg==,-110.0,-138.0,-138.0,-110.0,T3V0Y29tZU5vZGU6NjAzMDcyMw==,-120.0,-120.0,105.0,105.0
T2ZmZXJUYWJsZU9mZmVyTm9kZToxMDMxNDI2NDQ=,RmlnaHROb2RlOjU1NjA5,U3BvcnRzYm9va05vZGU6MTA=,T3V0Y29tZU5vZGU6NjAyOTY1OQ==,120.0,-200.0,-200.0,120.0,T3V0Y29tZU5vZGU6NjAyOTY2MA==,-150.0,-150.0,160.0,160.0
T2ZmZXJUYWJsZU9mZmVyTm9kZToxMDMxNDM0MzQ=,RmlnaHROb2RlOjU1NjA5,U3BvcnRzYm9va05vZGU6Mjc=,T3V0Y29tZU5vZGU6NjAzMDcyOA==,-150.0,-163.0,-163.0,-150.0,T3V0Y29tZU5vZGU6NjAzMDcyOQ==,110.0,110.0,120.0,120.0
T2ZmZXJUYWJsZU9mZmVyTm9kZToxMDMxNDQwOTc=,RmlnaHROb2RlOjU1NjA5,U3BvcnRzYm9va05vZGU6Mjg=,T3V0Y29tZU5vZGU6NjAzMTcyMg==,-200.0,-200.0,-200.0,-149.0,T3V0Y29tZU5vZGU6NjAzMTcyMw==,150.0,109.0,150.0,150.0
T2ZmZXJUYWJsZU9mZmVyTm9kZToxMDMxNDM0NDU=,RmlnaHROb2RlOjU1NjA5,U3BvcnRzYm9va05vZGU6MjE=,T3V0Y29tZU5vZGU6NjAzMDc1MQ==,-152.0,-185.0,-169.0,-152.0,T3V0Y29tZU5vZGU6NjAzMDc1MA==,106.0,106.0,126.0,127.0
T2ZmZXJUYWJsZU9mZmVyTm9kZToxMDMxNDM0Mzc=,RmlnaHROb2RlOjYyODY1,U3BvcnRzYm9va05vZGU6Mjc=,T3V0Y29tZU5vZGU6NjAzMDczNQ==,130.0,130.0,130.0,130.0,T3V0Y29tZU5vZGU6NjAzMDczNA==,-175.0,-175.0,-175.0,-175.0
T2ZmZXJUYWJsZU9mZmVyTm9kZToxMDMxNDI2NDM=,RmlnaHROb2RlOjYyODY1,U3BvcnRzYm9va05vZGU6MTA=,T3V0Y29tZU5vZGU6NjAyOTY1Nw==,150.0,-105.0,130.0,150.0,T3V0Y29tZU5vZGU6NjAyOTY1OA==,-180.0,-180.0,-160.0,-125.0
T2ZmZXJUYWJsZU9mZmVyTm9kZToxMDMxNDM3MTM=,RmlnaHROb2RlOjYyODY1,U3BvcnRzYm9va05vZGU6MjE=,T3V0Y29tZU5vZGU6NjAzMTEwNA==,115.0,115.0,128.0,134.0,T3V0Y29tZU5vZGU6NjAzMTEwNQ==,-167.0,-192.0,-185.0,-167.0
T2ZmZXJUYWJsZU9mZmVyTm9kZToxMDMxNDQwNTE=,RmlnaHROb2RlOjYyODY1,U3BvcnRzYm9va05vZGU6Mjg=,T3V0Y29tZU5vZGU6NjAzMTY0OA==,116.0,116.0,121.0,121.0,T3V0Y29tZU5vZGU6NjAzMTY0Nw==,-156.0,-161.0,-161.0,-156.0
T2ZmZXJUYWJsZU9mZmVyTm9kZToxMDMxNDM5MTI=,RmlnaHROb2RlOjYyODY1,U3BvcnRzYm9va05vZGU6Mjg=,T3V0Y29tZU5vZGU6NjAzMTQ4NQ==,116.0,-115.0,121.0,121.0,T3V0Y29tZU5vZGU6NjAzMTQ4NA==,-156.0,-161.0,-161.0,-125.0
T2ZmZXJUYWJsZU9mZmVyTm9kZToxMDMxNDM3MjY=,RmlnaHROb2RlOjYyODY1,U3BvcnRzYm9va05vZGU6Mjg=,T3V0Y29tZU5vZGU6NjAzMTEzMQ==,105.0,-115.0,116.0,116.0,T3V0Y29tZU5vZGU6NjAzMTEzMA==,-145.0,-156.0,-156.0,-125.0
T2ZmZXJUYWJsZU9mZmVyTm9kZToxMDMxNDM0Mzk=,RmlnaHROb2RlOjU2Mjg4,U3BvcnRzYm9va05vZGU6Mjc=,T3V0Y29tZU5vZGU6NjAzMDczOA==,-400.0,-450.0,-450.0,-400.0,T3V0Y29tZU5vZGU6NjAzMDczOQ==,275.0,275.0,300.0,300.0
T2ZmZXJUYWJsZU9mZmVyTm9kZToxMDMxNDI2Mzg=,RmlnaHROb2RlOjU2Mjg4,U3BvcnRzYm9va05vZGU6MTA=,T3V0Y29tZU5vZGU6NjAyOTY0OA==,-260.0,-980.0,-800.0,-260.0,T3V0Y29tZU5vZGU6NjAyOTY0Nw==,200.0,200.0,550.0,680.0
T2ZmZXJUYWJsZU9mZmVyTm9kZToxMDMxNDI2NDE=,RmlnaHROb2RlOjU1NjEz,U3BvcnRzYm9va05vZGU6MTA=,T3V0Y29tZU5vZGU6NjAyOTY1NA==,-245.0,-600.0,-600.0,-245.0,T3V0Y29tZU5vZGU6NjAyOTY1Mw==,195.0,195.0,425.0,425.0
T2ZmZXJUYWJsZU9mZmVyTm9kZToxMDMxNDQwNjk=,RmlnaHROb2RlOjU1NjEz,U3BvcnRzYm9va05vZGU6Mjg=,T3V0Y29tZU5vZGU6NjAzMTY4Mw==,-400.0,-588.0,-588.0,-400.0,T3V0Y29tZU5vZGU6NjAzMTY4NA==,250.0,250.0,348.0,348.0
T2ZmZXJUYWJsZU9mZmVyTm9kZToxMDMxNDM0MzU=,RmlnaHROb2RlOjU1NjEz,U3BvcnRzYm9va05vZGU6Mjc=,T3V0Y29tZU5vZGU6NjAzMDczMA==,-450.0,-549.0,-549.0,-450.0,T3V0Y29tZU5vZGU6NjAzMDczMQ==,300.0,300.0,350.0,350.0
T2ZmZXJUYWJsZU9mZmVyTm9kZToxMDMxNDM0NDM=,RmlnaHROb2RlOjU1NjEz,U3BvcnRzYm9va05vZGU6MjE=,T3V0Y29tZU5vZGU6NjAzMDc0Nw==,-500.0,-588.0,-588.0,-500.0,T3V0Y29tZU5vZGU6NjAzMDc0Ng==,285.0,285.0,360.0,360.0
T2ZmZXJUYWJsZU9mZmVyTm9kZToxMDMxNDI2NDY=,RmlnaHROb2RlOjU1NjEy,U3BvcnRzYm9va05vZGU6MTA=,T3V0Y29tZU5vZGU6NjAyOTY2NA==,-165.0,-165.0,-135.0,-135.0,T3V0Y29tZU5vZGU6NjAyOTY2Mw==,135.0,105.0,105.0,135.0
T2ZmZXJUYWJsZU9mZmVyTm9kZToxMDMxNDM0Mjk=,RmlnaHROb2RlOjU1NjEy,U3BvcnRzYm9va05vZGU6Mjc=,T3V0Y29tZU5vZGU6NjAzMDcxOQ==,-150.0,-150.0,-150.0,-150.0,T3V0Y29tZU5vZGU6NjAzMDcxOA==,110.0,110.0,110.0,110.0
T2ZmZXJUYWJsZU9mZmVyTm9kZToxMDMxNDI2Mzc=,RmlnaHROb2RlOjU1NjEx,U3BvcnRzYm9va05vZGU6MTA=,T3V0Y29tZU5vZGU6NjAyOTY0Ng==,-200.0,-2500.0,-2500.0,-200.0,T3V0Y29tZU5vZGU6NjAyOTY0NQ==,160.0,160.0,1100.0,1100.0
T2ZmZXJUYWJsZU9mZmVyTm9kZToxMDMxNDM0MzY=,RmlnaHROb2RlOjU1NjEx,U3BvcnRzYm9va05vZGU6Mjc=,T3V0Y29tZU5vZGU6NjAzMDczMg==,-800.0,-1205.0,-1205.0,-800.0,T3V0Y29tZU5vZGU6NjAzMDczMw==,450.0,450.0,700.0,700.0
T2ZmZXJUYWJsZU9mZmVyTm9kZToxMDMxNDM0Mjg=,RmlnaHROb2RlOjU1NjEx,U3BvcnRzYm9va05vZGU6MjE=,T3V0Y29tZU5vZGU6NjAzMDcxNw==,-2500.0,-2500.0,-2000.0,-2000.0,T3V0Y29tZU5vZGU6NjAzMDcxNg==,659.0,633.0,705.0,705.0
T2ZmZXJUYWJsZU9mZmVyTm9kZToxMDMxNDM5MTA=,RmlnaHROb2RlOjU1NjEx,U3BvcnRzYm9va05vZGU6Mjg=,T3V0Y29tZU5vZGU6NjAzMTQ4MA==,-1000.0,-2000.0,-2000.0,-1000.0,T3V0Y29tZU5vZGU6NjAzMTQ4MQ==,500.0,500.0,1000.0,1000.0
T2ZmZXJUYWJsZU9mZmVyTm9kZToxMDMxNTUyNDk=,RmlnaHROb2RlOjU2NDEz,U3BvcnRzYm9va05vZGU6MTA=,T3V0Y29tZU5vZGU6NjA0ODAzMQ==,-200.0,-450.0,-450.0,-200.0,T3V0Y29tZU5vZGU6NjA0ODAzMA==,160.0,160.0,350.0,350.0
T2ZmZXJUYWJsZU9mZmVyTm9kZToxMDMxNTUzNDk=,RmlnaHROb2RlOjU2NDEz,U3BvcnRzYm9va05vZGU6MjE=,T3V0Y29tZU5vZGU6NjA0ODIzMQ==,-192.0,-400.0,-400.0,-192.0,T3V0Y29tZU5vZGU6NjA0ODIzMA==,132.0,132.0,257.0,257.0
T2ZmZXJUYWJsZU9mZmVyTm9kZToxMDMxNTUzNDE=,RmlnaHROb2RlOjU2NDEz,U3BvcnRzYm9va05vZGU6Mjc=,T3V0Y29tZU5vZGU6NjA0ODIxNA==,-188.0,-333.0,-333.0,-188.0,T3V0Y29tZU5vZGU6NjA0ODIxNQ==,140.0,140.0,225.0,225.0
T2ZmZXJUYWJsZU9mZmVyTm9kZToxMDMxNTc0MTA=,RmlnaHROb2RlOjU2NDEz,U3BvcnRzYm9va05vZGU6Mjg=,T3V0Y29tZU5vZGU6NjA1MTA0MQ==,-370.0,-500.0,-475.0,-263.0,T3V0Y29tZU5vZGU6NjA1MTA0Mg==,235.0,183.0,290.0,300.0
T2ZmZXJUYWJsZU9mZmVyTm9kZToxMDMxNTc0MDY=,RmlnaHROb2RlOjU2NjYz,U3BvcnRzYm9va05vZGU6Mjg=,T3V0Y29tZU5vZGU6NjA1MTAzMw==,-3500.0,-3500.0,-2500.0,-2500.0,T3V0Y29tZU5vZGU6NjA1MTAzNA==,1350.0,1175.0,1175.0,1350.0
T2ZmZXJUYWJsZU9mZmVyTm9kZToxMDMxNTUzMzk=,RmlnaHROb2RlOjU2NjYz,U3BvcnRzYm9va05vZGU6Mjc=,T3V0Y29tZU5vZGU6NjA0ODIxMA==,-549.0,-1408.0,-1408.0,-549.0,T3V0Y29tZU5vZGU6NjA0ODIxMQ==,350.0,350.0,650.0,650.0
T2ZmZXJUYWJsZU9mZmVyTm9kZToxMDMxNTUyNTA=,RmlnaHROb2RlOjU2NjYz,U3BvcnRzYm9va05vZGU6MTA=,T3V0Y29tZU5vZGU6NjA0ODAzMw==,-600.0,-3500.0,-3300.0,-600.0,T3V0Y29tZU5vZGU6NjA0ODAzMg==,425.0,425.0,1400.0,1900.0
T2ZmZXJUYWJsZU9mZmVyTm9kZToxMDMxNTUzNDg=,RmlnaHROb2RlOjU2NjQx,U3BvcnRzYm9va05vZGU6MjE=,T3V0Y29tZU5vZGU6NjA0ODIyOQ==,144.0,144.0,278.0,293.0,T3V0Y29tZU5vZGU6NjA0ODIyOA==,-213.0,-455.0,-455.0,-213.0
T2ZmZXJUYWJsZU9mZmVyTm9kZToxMDMxNTUyNTI=,RmlnaHROb2RlOjU2NjQx,U3BvcnRzYm9va05vZGU6MTA=,T3V0Y29tZU5vZGU6NjA0ODAzNg==,160.0,160.0,280.0,500.0,T3V0Y29tZU5vZGU6NjA0ODAzNw==,-200.0,-700.0,-355.0,-200.0
T2ZmZXJUYWJsZU9mZmVyTm9kZToxMDMxNTczNzY=,RmlnaHROb2RlOjU2NjQx,U3BvcnRzYm9va05vZGU6Mjg=,T3V0Y29tZU5vZGU6NjA1MDk3Mw==,232.0,225.0,250.0,250.0,T3V0Y29tZU5vZGU6NjA1MDk3NA==,-357.0,-400.0,-400.0,-345.0
T2ZmZXJUYWJsZU9mZmVyTm9kZToxMDMxNTUzNDc=,RmlnaHROb2RlOjU2NjQx,U3BvcnRzYm9va05vZGU6Mjc=,T3V0Y29tZU5vZGU6NjA0ODIyNg==,150.0,150.0,260.0,260.0,T3V0Y29tZU5vZGU6NjA0ODIyNw==,-200.0,-400.0,-400.0,-200.0
T2ZmZXJUYWJsZU9mZmVyTm9kZToxMDMxNTUzNDY=,RmlnaHROb2RlOjU2NjY2,U3BvcnRzYm9va05vZGU6Mjc=,T3V0Y29tZU5vZGU6NjA0ODIyNA==,-225.0,-225.0,-225.0,-225.0,T3V0Y29tZU5vZGU6NjA0ODIyNQ==,163.0,163.0,163.0,163.0
T2ZmZXJUYWJsZU9mZmVyTm9kZToxMDMxNTUyNTE=,RmlnaHROb2RlOjU2NjY0,U3BvcnRzYm9va05vZGU6MTA=,T3V0Y29tZU5vZGU6NjA0ODAzNA==,130.0,-200.0,-160.0,130.0,T3V0Y29tZU5vZGU6NjA0ODAzNQ==,-160.0,-160.0,130.0,160.0
T2ZmZXJUYWJsZU9mZmVyTm9kZToxMDMxNTU4MTQ=,RmlnaHROb2RlOjU2NjY0,U3BvcnRzYm9va05vZGU6MjE=,T3V0Y29tZU5vZGU6NjA0ODgzMQ==,113.0,-185.0,-185.0,113.0,T3V0Y29tZU5vZGU6NjA0ODgzMA==,-164.0,-164.0,126.0,126.0
T2ZmZXJUYWJsZU9mZmVyTm9kZToxMDMxNTUzNDM=,RmlnaHROb2RlOjU2NjY0,U3BvcnRzYm9va05vZGU6Mjc=,T3V0Y29tZU5vZGU6NjA0ODIxOA==,110.0,-163.0,-163.0,110.0,T3V0Y29tZU5vZGU6NjA0ODIxOQ==,-150.0,-150.0,130.0,130.0
T2ZmZXJUYWJsZU9mZmVyTm9kZToxMDMxNTczNzQ=,RmlnaHROb2RlOjU2NjY0,U3BvcnRzYm9va05vZGU6Mjg=,T3V0Y29tZU5vZGU6NjA1MDk2OQ==,-120.0,-200.0,-200.0,-120.0,T3V0Y29tZU5vZGU6NjA1MDk3MA==,-120.0,-120.0,150.0,150.0
T2ZmZXJUYWJsZU9mZmVyTm9kZToxMDMxNTUzNDA=,RmlnaHROb2RlOjU2NjY1,U3BvcnRzYm9va05vZGU6Mjc=,T3V0Y29tZU5vZGU6NjA0ODIxMg==,-188.0,-450.0,-450.0,-188.0,T3V0Y29tZU5vZGU6NjA0ODIxMw==,140.0,140.0,300.0,300.0
T2ZmZXJUYWJsZU9mZmVyTm9kZToxMDMxNTUyNTM=,RmlnaHROb2RlOjU2NjY1,U3BvcnRzYm9va05vZGU6MTA=,T3V0Y29tZU5vZGU6NjA0ODAzOQ==,-180.0,-550.0,-425.0,-180.0,T3V0Y29tZU5vZGU6NjA0ODAzOA==,150.0,150.0,325.0,400.0
T2ZmZXJUYWJsZU9mZmVyTm9kZToxMDMxNTU3NzA=,RmlnaHROb2RlOjU2NjY1,U3BvcnRzYm9va05vZGU6MjE=,T3V0Y29tZU5vZGU6NjA0ODc3OA==,-323.0,-667.0,-667.0,-323.0,T3V0Y29tZU5vZGU6NjA0ODc3Nw==,208.0,196.0,357.0,357.0
T2ZmZXJUYWJsZU9mZmVyTm9kZToxMDMxNTczMDE=,RmlnaHROb2RlOjU2NjY1,U3BvcnRzYm9va05vZGU6Mjg=,T3V0Y29tZU5vZGU6NjA1MDg0OA==,-417.0,-455.0,-455.0,-400.0,T3V0Y29tZU5vZGU6NjA1MDg0OQ==,262.0,250.0,280.0,280.0
T2ZmZXJUYWJsZU9mZmVyTm9kZToxMDMxNTUzNDQ=,RmlnaHROb2RlOjU1NTQ2,U3BvcnRzYm9va05vZGU6Mjc=,T3V0Y29tZU5vZGU6NjA0ODIyMA==,150.0,-110.0,-110.0,163.0,T3V0Y29tZU5vZGU6NjA0ODIyMQ==,-200.0,-225.0,-125.0,-125.0
T2ZmZXJUYWJsZU9mZmVyTm9kZToxMDMxNTUzNTM=,RmlnaHROb2RlOjU1NTQ2,U3BvcnRzYm9va05vZGU6MjE=,T3V0Y29tZU5vZGU6NjA0ODIzOQ==,144.0,-116.0,-105.0,237.0,T3V0Y29tZU5vZGU6NjA0ODIzOA==,-213.0,-213.0,-185.0,-185.0
T2ZmZXJUYWJsZU9mZmVyTm9kZToxMDMxNTc0MTI=,RmlnaHROb2RlOjU1NTQ2,U3BvcnRzYm9va05vZGU6Mjg=,T3V0Y29tZU5vZGU6NjA1MTA0NQ==,121.0,-170.0,-170.0,135.0,T3V0Y29tZU5vZGU6NjA1MTA0Ng==,-161.0,-175.0,130.0,130.0
T2ZmZXJUYWJsZU9mZmVyTm9kZToxMDMxNTUyNDc=,RmlnaHROb2RlOjU1NTQ2,U3BvcnRzYm9va05vZGU6MTA=,T3V0Y29tZU5vZGU6NjA0ODAyNg==,160.0,-105.0,-105.0,850.0,T3V0Y29tZU5vZGU6NjA0ODAyNw==,-200.0,-1500.0,-125.0,-125.0
T2ZmZXJUYWJsZU9mZmVyTm9kZToxMDMxNTczNTg=,RmlnaHROb2RlOjU2NjY3,U3BvcnRzYm9va05vZGU6Mjg=,T3V0Y29tZU5vZGU6NjA1MDkzNw==,196.0,154.0,155.0,196.0,T3V0Y29tZU5vZGU6NjA1MDkzOA==,-286.0,-286.0,-210.0,-204.0
T2ZmZXJUYWJsZU9mZmVyTm9kZToxMDMxNTUzNDU=,RmlnaHROb2RlOjU2NjY3,U3BvcnRzYm9va05vZGU6Mjc=,T3V0Y29tZU5vZGU6NjA0ODIyMg==,150.0,150.0,163.0,163.0,T3V0Y29tZU5vZGU6NjA0ODIyMw==,-200.0,-225.0,-225.0,-200.0
T2ZmZXJUYWJsZU9mZmVyTm9kZToxMDMxNTU3MzU=,RmlnaHROb2RlOjU2NjY3,U3BvcnRzYm9va05vZGU6MjE=,T3V0Y29tZU5vZGU6NjA0ODcxNw==,151.0,150.0,156.0,176.0,T3V0Y29tZU5vZGU6NjA0ODcxNg==,-222.0,-270.0,-244.0,-222.0
T2ZmZXJUYWJsZU9mZmVyTm9kZToxMDMxNTUyNTU=,RmlnaHROb2RlOjU2NjY3,U3BvcnRzYm9va05vZGU6MTA=,T3V0Y29tZU5vZGU6NjA0ODA0Mg==,150.0,150.0,165.0,225.0,T3V0Y29tZU5vZGU6NjA0ODA0Mw==,-180.0,-285.0,-205.0,-180.0
T2ZmZXJUYWJsZU9mZmVyTm9kZToxMDMxNTUyNDg=,RmlnaHROb2RlOjU1NTQ3,U3BvcnRzYm9va05vZGU6MTA=,T3V0Y29tZU5vZGU6NjA0ODAyOQ==,-260.0,-600.0,-505.0,-260.0,T3V0Y29tZU5vZGU6NjA0ODAyOA==,200.0,200.0,380.0,425.0
T2ZmZXJUYWJsZU9mZmVyTm9kZToxMDMxNTc0MTM=,RmlnaHROb2RlOjU1NTQ3,U3BvcnRzYm9va05vZGU6Mjg=,T3V0Y29tZU5vZGU6NjA1MTA0Nw==,-278.0,-500.0,-500.0,-278.0,T3V0Y29tZU5vZGU6NjA1MTA0OA==,193.0,193.0,300.0,300.0
T2ZmZXJUYWJsZU9mZmVyTm9kZToxMDMxNTUzNDI=,RmlnaHROb2RlOjU1NTQ3,U3BvcnRzYm9va05vZGU6Mjc=,T3V0Y29tZU5vZGU6NjA0ODIxNg==,-250.0,-599.0,-599.0,-250.0,T3V0Y29tZU5vZGU6NjA0ODIxNw==,175.0,175.0,350.0,350.0
T2ZmZXJUYWJsZU9mZmVyTm9kZToxMDMxNTUzNTA=,RmlnaHROb2RlOjU1NTQ3,U3BvcnRzYm9va05vZGU6MjE=,T3V0Y29tZU5vZGU6NjA0ODIzMw==,-256.0,-476.0,-476.0,-256.0,T3V0Y29tZU5vZGU6NjA0ODIzMg==,171.0,171.0,278.0,278.0
T2ZmZXJUYWJsZU9mZmVyTm9kZToxMDMxNjYwOTA=,RmlnaHROb2RlOjU2NzI5,U3BvcnRzYm9va05vZGU6Mjc=,T3V0Y29tZU5vZGU6NjA2NDc4NA==,163.0,163.0,163.0,163.0,T3V0Y29tZU5vZGU6NjA2NDc4NQ==,-225.0,-225.0,-225.0,-225.0
T2ZmZXJUYWJsZU9mZmVyTm9kZToxMDMxNjU2OTE=,RmlnaHROb2RlOjU2NzI5,U3BvcnRzYm9va05vZGU6MjE=,T3V0Y29tZU5vZGU6NjA2NDIzNw==,116.0,-102.0,110.0,155.0,T3V0Y29tZU5vZGU6NjA2NDIzNg==,-169.0,-233.0,-159.0,-141.0
T2ZmZXJUYWJsZU9mZmVyTm9kZToxMDMxNjU1ODY=,RmlnaHROb2RlOjU2NzI5,U3BvcnRzYm9va05vZGU6MTA=,T3V0Y29tZU5vZGU6NjA2NDA0NA==,120.0,-129.0,145.0,190.0,T3V0Y29tZU5vZGU6NjA2NDA0NQ==,-150.0,-240.0,-175.0,-101.0
T2ZmZXJUYWJsZU9mZmVyTm9kZToxMDMxNjY4Mzc=,RmlnaHROb2RlOjU2NzI5,U3BvcnRzYm9va05vZGU6Mjg=,T3V0Y29tZU5vZGU6NjA2NTcyMQ==,165.0,-120.0,109.0,165.0,T3V0Y29tZU5vZGU6NjA2NTcyMg==,-225.0,-225.0,-149.0,-120.0
T2ZmZXJUYWJsZU9mZmVyTm9kZToxMDMxNjYwODU=,RmlnaHROb2RlOjU2NzMy,U3BvcnRzYm9va05vZGU6Mjc=,T3V0Y29tZU5vZGU6NjA2NDc3NA==,-225.0,-333.0,-333.0,-225.0,T3V0Y29tZU5vZGU6NjA2NDc3NQ==,163.0,163.0,225.0,225.0
T2ZmZXJUYWJsZU9mZmVyTm9kZToxMDMxNjU2OTQ=,RmlnaHROb2RlOjU2NzMy,U3BvcnRzYm9va05vZGU6MjE=,T3V0Y29tZU5vZGU6NjA2NDI0Mw==,-238.0,-385.0,-385.0,-238.0,T3V0Y29tZU5vZGU6NjA2NDI0Mg==,160.0,160.0,244.0,244.0
T2ZmZXJUYWJsZU9mZmVyTm9kZToxMDMxNjU1OTE=,RmlnaHROb2RlOjU2NzMy,U3BvcnRzYm9va05vZGU6MTA=,T3V0Y29tZU5vZGU6NjA2NDA1NQ==,-170.0,-360.0,-360.0,-170.0,T3V0Y29tZU5vZGU6NjA2NDA1NA==,140.0,140.0,285.0,285.0
T2ZmZXJUYWJsZU9mZmVyTm9kZToxMDMxNjY4MzM=,RmlnaHROb2RlOjU2NzMy,U3BvcnRzYm9va05vZGU6Mjg=,T3V0Y29tZU5vZGU6NjA2NTcxMw==,-305.0,-357.0,-357.0,-305.0,T3V0Y29tZU5vZGU6NjA2NTcxNA==,205.0,205.0,232.0,232.0
T2ZmZXJUYWJsZU9mZmVyTm9kZToxMDMxNjYwODM=,RmlnaHROb2RlOjU2NjM0,U3BvcnRzYm9va05vZGU6Mjc=,T3V0Y29tZU5vZGU6NjA2NDc3MA==,-225.0,-225.0,-163.0,-163.0,T3V0Y29tZU5vZGU6NjA2NDc3MQ==,163.0,120.0,120.0,163.0
T2ZmZXJUYWJsZU9mZmVyTm9kZToxMDMxNjU1OTI=,RmlnaHROb2RlOjU2NjM0,U3BvcnRzYm9va05vZGU6MTA=,T3V0Y29tZU5vZGU6NjA2NDA1Nw==,-180.0,-275.0,-275.0,-120.0,T3V0Y29tZU5vZGU6NjA2NDA1Ng==,150.0,-110.0,215.0,215.0
T2ZmZXJUYWJsZU9mZmVyTm9kZToxMDMxNjczNzc=,RmlnaHROb2RlOjU2NjM0,U3BvcnRzYm9va05vZGU6Mjg=,T3V0Y29tZU5vZGU6NjA2NjU4OA==,-150.0,-200.0,-200.0,-149.0,T3V0Y29tZU5vZGU6NjA2NjU4OQ==,110.0,109.0,150.0,150.0
T2ZmZXJUYWJsZU9mZmVyTm9kZToxMDMxNjU2OTU=,RmlnaHROb2RlOjU2NjM0,U3BvcnRzYm9va05vZGU6MjE=,T3V0Y29tZU5vZGU6NjA2NDI0NQ==,-263.0,-294.0,-294.0,-164.0,T3V0Y29tZU5vZGU6NjA2NDI0NA==,174.0,108.0,189.0,189.0
T2ZmZXJUYWJsZU9mZmVyTm9kZToxMDMxNjU2OTM=,RmlnaHROb2RlOjU2NjMz,U3BvcnRzYm9va05vZGU6MjE=,T3V0Y29tZU5vZGU6NjA2NDI0MQ==,-238.0,-250.0,-250.0,-192.0,T3V0Y29tZU5vZGU6NjA2NDI0MA==,160.0,130.0,173.0,173.0
T2ZmZXJUYWJsZU9mZmVyTm9kZToxMDMxNjY4MzA=,RmlnaHROb2RlOjU2NjMz,U3BvcnRzYm9va05vZGU6Mjg=,T3V0Y29tZU5vZGU6NjA2NTcwNw==,-220.0,-250.0,-250.0,-150.0,T3V0Y29tZU5vZGU6NjA2NTcwOA==,160.0,110.0,175.0,175.0
T2ZmZXJUYWJsZU9mZmVyTm9kZToxMDMxNjYwODY=,RmlnaHROb2RlOjU2NjMz,U3BvcnRzYm9va05vZGU6Mjc=,T3V0Y29tZU5vZGU6NjA2NDc3Ng==,-200.0,-250.0,-250.0,-200.0,T3V0Y29tZU5vZGU6NjA2NDc3Nw==,150.0,150.0,185.0,185.0
T2ZmZXJUYWJsZU9mZmVyTm9kZToxMDMxNjU1OTM=,RmlnaHROb2RlOjU2NjMz,U3BvcnRzYm9va05vZGU6MTA=,T3V0Y29tZU5vZGU6NjA2NDA1OA==,-150.0,-265.0,-265.0,-150.0,T3V0Y29tZU5vZGU6NjA2NDA1OQ==,120.0,120.0,205.0,205.0
T2ZmZXJUYWJsZU9mZmVyTm9kZToxMDMxNjU2OTA=,RmlnaHROb2RlOjU2NzMw,U3BvcnRzYm9va05vZGU6MjE=,T3V0Y29tZU5vZGU6NjA2NDIzNQ==,-227.0,-333.0,-333.0,-200.0,T3V0Y29tZU5vZGU6NjA2NDIzNA==,154.0,137.0,213.0,213.0
T2ZmZXJUYWJsZU9mZmVyTm9kZToxMDMxNjU1ODc=,RmlnaHROb2RlOjU2NzMw,U3BvcnRzYm9va05vZGU6MTA=,T3V0Y29tZU5vZGU6NjA2NDA0Nw==,-200.0,-370.0,-355.0,-200.0,T3V0Y29tZU5vZGU6NjA2NDA0Ng==,160.0,160.0,280.0,295.0
T2ZmZXJUYWJsZU9mZmVyTm9kZToxMDMxNjYwODI=,RmlnaHROb2RlOjU2NzMw,U3BvcnRzYm9va05vZGU6Mjc=,T3V0Y29tZU5vZGU6NjA2NDc2OA==,-200.0,-275.0,-275.0,-200.0,T3V0Y29tZU5vZGU6NjA2NDc2OQ==,150.0,150.0,200.0,200.0
T2ZmZXJUYWJsZU9mZmVyTm9kZToxMDMxNjY4MzI=,RmlnaHROb2RlOjU2NzMw,U3BvcnRzYm9va05vZGU6Mjg=,T3V0Y29tZU5vZGU6NjA2NTcxMQ==,-200.0,-370.0,-357.0,-200.0,T3V0Y29tZU5vZGU6NjA2NTcxMg==,150.0,150.0,232.0,235.0
T2ZmZXJUYWJsZU9mZmVyTm9kZToxMDMxNjU1OTQ=,RmlnaHROb2RlOjU2OTIw,U3BvcnRzYm9va05vZGU6MTA=,T3V0Y29tZU5vZGU6NjA2NDA2MA==,160.0,160.0,500.0,500.0,T3V0Y29tZU5vZGU6NjA2NDA2MQ==,-200.0,-700.0,-700.0,-200.0
T2ZmZXJUYWJsZU9mZmVyTm9kZToxMDMxNjYwODE=,RmlnaHROb2RlOjU2OTIw,U3BvcnRzYm9va05vZGU6Mjc=,T3V0Y29tZU5vZGU6NjA2NDc2Ng==,300.0,300.0,300.0,300.0,T3V0Y29tZU5vZGU6NjA2NDc2Nw==,-450.0,-450.0,-450.0,-450.0
T2ZmZXJUYWJsZU9mZmVyTm9kZToxMDMxNjczNzY=,RmlnaHROb2RlOjU2OTIw,U3BvcnRzYm9va05vZGU6MjE=,T3V0Y29tZU5vZGU6NjA2NjU4Nw==,345.0,345.0,374.0,374.0,T3V0Y29tZU5vZGU6NjA2NjU4Ng==,-625.0,-625.0,-625.0,-625.0
T2ZmZXJUYWJsZU9mZmVyTm9kZToxMDMxNjc0Mjc=,RmlnaHROb2RlOjU2OTIw,U3BvcnRzYm9va05vZGU6Mjg=,T3V0Y29tZU5vZGU6NjA2NjY4OA==,280.0,280.0,348.0,348.0,T3V0Y29tZU5vZGU6NjA2NjY4OQ==,-455.0,-588.0,-588.0,-455.0
T2ZmZXJUYWJsZU9mZmVyTm9kZToxMDMxNjU2OTY=,RmlnaHROb2RlOjU2NzMx,U3BvcnRzYm9va05vZGU6MjE=,T3V0Y29tZU5vZGU6NjA2NDI0Nw==,122.0,100.0,100.0,122.0,T3V0Y29tZU5vZGU6NjA2NDI0Ng==,-179.0,-179.0,-145.0,-145.0
T2ZmZXJUYWJsZU9mZmVyTm9kZToxMDMxNjY4MzU=,RmlnaHROb2RlOjU2NzMx,U3BvcnRzYm9va05vZGU6Mjg=,T3V0Y29tZU5vZGU6NjA2NTcxNw==,125.0,-105.0,-105.0,125.0,T3V0Y29tZU5vZGU6NjA2NTcxOA==,-165.0,-165.0,-135.0,-135.0
T2ZmZXJUYWJsZU9mZmVyTm9kZToxMDMxNjYwODg=,RmlnaHROb2RlOjU2NzMx,U3BvcnRzYm9va05vZGU6Mjc=,T3V0Y29tZU5vZGU6NjA2NDc4MA==,130.0,130.0,130.0,130.0,T3V0Y29tZU5vZGU6NjA2NDc4MQ==,-175.0,-175.0,-175.0,-175.0
T2ZmZXJUYWJsZU9mZmVyTm9kZToxMDMxNjU1OTU=,RmlnaHROb2RlOjU2NzMx,U3BvcnRzYm9va05vZGU6MTA=,T3V0Y29tZU5vZGU6NjA2NDA2Mw==,-115.0,-125.0,-125.0,135.0,T3V0Y29tZU5vZGU6NjA2NDA2Mg==,-115.0,-165.0,-105.0,-105.0
T2ZmZXJUYWJsZU9mZmVyTm9kZToxMDMxNjYwODc=,RmlnaHROb2RlOjU2NjYy,U3BvcnRzYm9va05vZGU6Mjc=,T3V0Y29tZU5vZGU6NjA2NDc3OA==,-549.0,-549.0,-549.0,-549.0,T3V0Y29tZU5vZGU6NjA2NDc3OQ==,350.0,350.0,350.0,350.0
T2ZmZXJUYWJsZU9mZmVyTm9kZToxMDMxNjczNzQ=,RmlnaHROb2RlOjU2NjYy,U3BvcnRzYm9va05vZGU6MjE=,T3V0Y29tZU5vZGU6NjA2NjU4Mw==,-714.0,-909.0,-909.0,-714.0,T3V0Y29tZU5vZGU6NjA2NjU4Mg==,408.0,408.0,425.0,425.0
T2ZmZXJUYWJsZU9mZmVyTm9kZToxMDMxNjU1ODg=,RmlnaHROb2RlOjU2NjYy,U3BvcnRzYm9va05vZGU6MTA=,T3V0Y29tZU5vZGU6NjA2NDA0OQ==,-150.0,-650.0,-650.0,-150.0,T3V0Y29tZU5vZGU6NjA2NDA0OA==,120.0,120.0,475.0,475.0
T2ZmZXJUYWJsZU9mZmVyTm9kZToxMDMxNjc0MjU=,RmlnaHROb2RlOjU2NjYy,U3BvcnRzYm9va05vZGU6Mjg=,T3V0Y29tZU5vZGU6NjA2NjY4NA==,-667.0,-667.0,-667.0,-667.0,T3V0Y29tZU5vZGU6NjA2NjY4NQ==,392.0,392.0,392.0,392.0
T2ZmZXJUYWJsZU9mZmVyTm9kZToxMDMxNjY4MzQ=,RmlnaHROb2RlOjU2NjMx,U3BvcnRzYm9va05vZGU6Mjg=,T3V0Y29tZU5vZGU6NjA2NTcxNQ==,-500.0,-1250.0,-833.0,-500.0,T3V0Y29tZU5vZGU6NjA2NTcxNg==,300.0,300.0,458.0,650.0
T2ZmZXJUYWJsZU9mZmVyTm9kZToxMDMxNjU1ODU=,RmlnaHROb2RlOjU2NjMx,U3BvcnRzYm9va05vZGU6MTA=,T3V0Y29tZU5vZGU6NjA2NDA0Mg==,-220.0,-1200.0,-800.0,-220.0,T3V0Y29tZU5vZGU6NjA2NDA0Mw==,180.0,180.0,550.0,750.0
T2ZmZXJUYWJsZU9mZmVyTm9kZToxMDMxNjU2ODk=,RmlnaHROb2RlOjU2NjMx,U3BvcnRzYm9va05vZGU6MjE=,T3V0Y29tZU5vZGU6NjA2NDIzMw==,-333.0,-909.0,-909.0,-333.0,T3V0Y29tZU5vZGU6NjA2NDIzMg==,211.0,211.0,465.0,465.0
T2ZmZXJUYWJsZU9mZmVyTm9kZToxMDMxNjYwODk=,RmlnaHROb2RlOjU2NjMx,U3BvcnRzYm9va05vZGU6Mjc=,T3V0Y29tZU5vZGU6NjA2NDc4Mg==,-450.0,-450.0,-450.0,-450.0,T3V0Y29tZU5vZGU6NjA2NDc4Mw==,300.0,300.0,300.0,300.0
T2ZmZXJUYWJsZU9mZmVyTm9kZToxMDMxNjU2OTI=,RmlnaHROb2RlOjU2NjM1,U3BvcnRzYm9va05vZGU6MjE=,T3V0Y29tZU5vZGU6NjA2NDIzOQ==,-385.0,-588.0,-588.0,-385.0,T3V0Y29tZU5vZGU6NjA2NDIzOA==,236.0,236.0,339.0,339.0
T2ZmZXJUYWJsZU9mZmVyTm9kZToxMDMxNjYwODQ=,RmlnaHROb2RlOjU2NjM1,U3BvcnRzYm9va05vZGU6Mjc=,T3V0Y29tZU5vZGU6NjA2NDc3Mg==,-400.0,-400.0,-400.0,-400.0,T3V0Y29tZU5vZGU6NjA2NDc3Mw==,275.0,275.0,275.0,275.0
T2ZmZXJUYWJsZU9mZmVyTm9kZToxMDMxNjY4MzY=,RmlnaHROb2RlOjU2NjM1,U3BvcnRzYm9va05vZGU6Mjg=,T3V0Y29tZU5vZGU6NjA2NTcxOQ==,-400.0,-588.0,-588.0,-400.0,T3V0Y29tZU5vZGU6NjA2NTcyMA==,250.0,250.0,348.0,348.0
T2ZmZXJUYWJsZU9mZmVyTm9kZToxMDMxNjU1OTA=,RmlnaHROb2RlOjU2NjM1,U3BvcnRzYm9va05vZGU6MTA=,T3V0Y29tZU5vZGU6NjA2NDA1Mw==,-240.0,-600.0,-600.0,-240.0,T3V0Y29tZU5vZGU6NjA2NDA1Mg==,190.0,190.0,425.0,425.0
T2ZmZXJUYWJsZU9mZmVyTm9kZToxMDMxNzA0MjQ=,RmlnaHROb2RlOjU3Mjk1,U3BvcnRzYm9va05vZGU6Mjg=,T3V0Y29tZU5vZGU6NjA3MDcyNw==,150.0,120.0,120.0,150.0,T3V0Y29tZU5vZGU6NjA3MDcyOA==,-200.0,-200.0,-160.0,-160.0
T2ZmZXJUYWJsZU9mZmVyTm9kZToxMDMxNjg1NDM=,RmlnaHROb2RlOjU3Mjk1,U3BvcnRzYm9va05vZGU6MTA=,T3V0Y29tZU5vZGU6NjA2ODI0Mg==,160.0,130.0,130.0,160.0,T3V0Y29tZU5vZGU6NjA2ODI0Mw==,-200.0,-200.0,-160.0,-160.0
T2ZmZXJUYWJsZU9mZmVyTm9kZToxMDMxNjg3MTU=,RmlnaHROb2RlOjU3Mjk1,U3BvcnRzYm9va05vZGU6MjE=,T3V0Y29tZU5vZGU6NjA2ODQ5Mw==,142.0,117.0,117.0,147.0,T3V0Y29tZU5vZGU6NjA2ODQ5Mg==,-208.0,-227.0,-169.0,-169.0
T2ZmZXJUYWJsZU9mZmVyTm9kZToxMDMxNjg3MTQ=,RmlnaHROb2RlOjU3Mjk2,U3BvcnRzYm9va05vZGU6MjE=,T3V0Y29tZU5vZGU6NjA2ODQ5MQ==,122.0,109.0,109.0,130.0,T3V0Y29tZU5vZGU6NjA2ODQ5MA==,-179.0,-192.0,-164.0,-164.0
T2ZmZXJUYWJsZU9mZmVyTm9kZToxMDMxNjg1NDQ=,RmlnaHROb2RlOjU3Mjk2,U3BvcnRzYm9va05vZGU6MTA=,T3V0Y29tZU5vZGU6NjA2ODI0NA==,190.0,-115.0,-105.0,190.0,T3V0Y29tZU5vZGU6NjA2ODI0NQ==,-240.0,-240.0,-125.0,-115.0
T2ZmZXJUYWJsZU9mZmVyTm9kZToxMDMxNzA0Mjk=,RmlnaHROb2RlOjU3Mjk2,U3BvcnRzYm9va05vZGU6Mjg=,T3V0Y29tZU5vZGU6NjA3MDczNw==,112.0,112.0,112.0,112.0,T3V0Y29tZU5vZGU6NjA3MDczOA==,-152.0,-152.0,-152.0,-152.0
T2ZmZXJUYWJsZU9mZmVyTm9kZToxMDMxNjkzNDk=,RmlnaHROb2RlOjU3Mjk2,U3BvcnRzYm9va05vZGU6Mjc=,T3V0Y29tZU5vZGU6NjA2OTI0Mw==,140.0,120.0,120.0,140.0,T3V0Y29tZU5vZGU6NjA2OTI0NA==,-188.0,-188.0,-163.0,-163.0
T2ZmZXJUYWJsZU9mZmVyTm9kZToxMDMxNjg1NDk=,RmlnaHROb2RlOjU3Mjk5,U3BvcnRzYm9va05vZGU6MTA=,T3V0Y29tZU5vZGU6NjA2ODI1NQ==,-4000.0,-5000.0,-5000.0,-4000.0,T3V0Y29tZU5vZGU6NjA2ODI1NA==,1600.0,1600.0,1800.0,1800.0
T2ZmZXJUYWJsZU9mZmVyTm9kZToxMDMxNzA0MTg=,RmlnaHROb2RlOjU3Mjk5,U3BvcnRzYm9va05vZGU6Mjg=,T3V0Y29tZU5vZGU6NjA3MDcxNQ==,-5000.0,-5000.0,-5000.0,-5000.0,T3V0Y29tZU5vZGU6NjA3MDcxNg==,1600.0,1600.0,1600.0,1600.0
T2ZmZXJUYWJsZU9mZmVyTm9kZToxMDMxNjg3NjQ=,RmlnaHROb2RlOjU3Mjk5,U3BvcnRzYm9va05vZGU6MjE=,T3V0Y29tZU5vZGU6NjA2ODU1Mw==,-10000.0,-10000.0,-10000.0,-10000.0,T3V0Y29tZU5vZGU6NjA2ODU1Mg==,1259.0,1030.0,1324.0,1701.0
T2ZmZXJUYWJsZU9mZmVyTm9kZToxMDMxNjkzNTM=,RmlnaHROb2RlOjU3Mjk5,U3BvcnRzYm9va05vZGU6Mjc=,T3V0Y29tZU5vZGU6NjA2OTI1MQ==,-3333.0,-3333.0,-3333.0,-3333.0,T3V0Y29tZU5vZGU6NjA2OTI1Mg==,900.0,900.0,900.0,900.0
T2ZmZXJUYWJsZU9mZmVyTm9kZToxMDMxNjg1NDc=,RmlnaHROb2RlOjU3Mjk4,U3BvcnRzYm9va05vZGU6MTA=,T3V0Y29tZU5vZGU6NjA2ODI1MQ==,-200.0,-300.0,-220.0,-200.0,T3V0Y29tZU5vZGU6NjA2ODI1MA==,160.0,160.0,180.0,250.0
T2ZmZXJUYWJsZU9mZmVyTm9kZToxMDMxNjg3MTc=,RmlnaHROb2RlOjU3Mjk4,U3BvcnRzYm9va05vZGU6MjE=,T3V0Y29tZU5vZGU6NjA2ODQ5Nw==,-323.0,-357.0,-294.0,-294.0,T3V0Y29tZU5vZGU6NjA2ODQ5Ng==,206.0,190.0,190.0,235.0
T2ZmZXJUYWJsZU9mZmVyTm9kZToxMDMxNjkzNDg=,RmlnaHROb2RlOjU3Mjk4,U3BvcnRzYm9va05vZGU6Mjc=,T3V0Y29tZU5vZGU6NjA2OTI0MQ==,-350.0,-350.0,-350.0,-350.0,T3V0Y29tZU5vZGU6NjA2OTI0Mg==,240.0,240.0,240.0,240.0
T2ZmZXJUYWJsZU9mZmVyTm9kZToxMDMxNzA0MjU=,RmlnaHROb2RlOjU3Mjk4,U3BvcnRzYm9va05vZGU6Mjg=,T3V0Y29tZU5vZGU6NjA3MDcyOQ==,-345.0,-345.0,-345.0,-345.0,T3V0Y29tZU5vZGU6NjA3MDczMA==,225.0,225.0,225.0,225.0
T2ZmZXJUYWJsZU9mZmVyTm9kZToxMDMxNjg1NDg=,RmlnaHROb2RlOjU3MzM5,U3BvcnRzYm9va05vZGU6MTA=,T3V0Y29tZU5vZGU6NjA2ODI1Mg==,190.0,185.0,200.0,275.0,T3V0Y29tZU5vZGU6NjA2ODI1Mw==,-240.0,-350.0,-260.0,-225.0
T2ZmZXJUYWJsZU9mZmVyTm9kZToxMDMxNjkzNTE=,RmlnaHROb2RlOjU3MzM5,U3BvcnRzYm9va05vZGU6Mjc=,T3V0Y29tZU5vZGU6NjA2OTI0Nw==,240.0,240.0,240.0,240.0,T3V0Y29tZU5vZGU6NjA2OTI0OA==,-350.0,-350.0,-350.0,-350.0
T2ZmZXJUYWJsZU9mZmVyTm9kZToxMDMxNjg3NjI=,RmlnaHROb2RlOjU3MzM5,U3BvcnRzYm9va05vZGU6MjE=,T3V0Y29tZU5vZGU6NjA2ODU0OA==,255.0,175.0,175.0,255.0,T3V0Y29tZU5vZGU6NjA2ODU0OQ==,-417.0,-417.0,-263.0,-263.0
T2ZmZXJUYWJsZU9mZmVyTm9kZToxMDMxNzA0MjA=,RmlnaHROb2RlOjU3MzM5,U3BvcnRzYm9va05vZGU6Mjg=,T3V0Y29tZU5vZGU6NjA3MDcyMA==,230.0,230.0,230.0,230.0,T3V0Y29tZU5vZGU6NjA3MDcxOQ==,-355.0,-355.0,-355.0,-355.0
T2ZmZXJUYWJsZU9mZmVyTm9kZToxMDMxNjg1NDY=,RmlnaHROb2RlOjU3MzM4,U3BvcnRzYm9va05vZGU6MTA=,T3V0Y29tZU5vZGU6NjA2ODI0OQ==,-300.0,-300.0,-260.0,-200.0,T3V0Y29tZU5vZGU6NjA2ODI0OA==,240.0,160.0,200.0,240.0
T2ZmZXJUYWJsZU9mZmVyTm9kZToxMDMxNjkzNTQ=,RmlnaHROb2RlOjU3MzM4,U3BvcnRzYm9va05vZGU6Mjc=,T3V0Y29tZU5vZGU6NjA2OTI1Mw==,-200.0,-200.0,-200.0,-200.0,T3V0Y29tZU5vZGU6NjA2OTI1NA==,150.0,150.0,150.0,150.0
T2ZmZXJUYWJsZU9mZmVyTm9kZToxMDMxNzA0MTk=,RmlnaHROb2RlOjU3MzM4,U3BvcnRzYm9va05vZGU6Mjg=,T3V0Y29tZU5vZGU6NjA3MDcxNw==,-225.0,-225.0,-200.0,-200.0,T3V0Y29tZU5vZGU6NjA3MDcxOA==,165.0,150.0,150.0,165.0
T2ZmZXJUYWJsZU9mZmVyTm9kZToxMDMxNjg3NjM=,RmlnaHROb2RlOjU3MzM4,U3BvcnRzYm9va05vZGU6MjE=,T3V0Y29tZU5vZGU6NjA2ODU1MQ==,-227.0,-250.0,-250.0,-213.0,T3V0Y29tZU5vZGU6NjA2ODU1MA==,152.0,144.0,167.0,167.0
T2ZmZXJUYWJsZU9mZmVyTm9kZToxMDMxNjg1NDU=,RmlnaHROb2RlOjU3Mjk3,U3BvcnRzYm9va05vZGU6MTA=,T3V0Y29tZU5vZGU6NjA2ODI0Nw==,-300.0,-300.0,-280.0,-280.0,T3V0Y29tZU5vZGU6NjA2ODI0Ng==,240.0,220.0,220.0,240.0
T2ZmZXJUYWJsZU9mZmVyTm9kZToxMDMxNzA0Mjg=,RmlnaHROb2RlOjU3Mjk3,U3BvcnRzYm9va05vZGU6Mjg=,T3V0Y29tZU5vZGU6NjA3MDczNQ==,-345.0,-345.0,-345.0,-345.0,T3V0Y29tZU5vZGU6NjA3MDczNg==,225.0,225.0,225.0,225.0
T2ZmZXJUYWJsZU9mZmVyTm9kZToxMDMxNjg3MTg=,RmlnaHROb2RlOjU3Mjk3,U3BvcnRzYm9va05vZGU6MjE=,T3V0Y29tZU5vZGU6NjA2ODQ5OQ==,-417.0,-417.0,-417.0,-417.0,T3V0Y29tZU5vZGU6NjA2ODQ5OA==,251.0,239.0,239.0,251.0
T2ZmZXJUYWJsZU9mZmVyTm9kZToxMDMxNjkzNDU=,RmlnaHROb2RlOjU3Mjk3,U3BvcnRzYm9va05vZGU6Mjc=,T3V0Y29tZU5vZGU6NjA2OTIzNQ==,-350.0,-350.0,-350.0,-350.0,T3V0Y29tZU5vZGU6NjA2OTIzNg==,240.0,240.0,240.0,240.0
T2ZmZXJUYWJsZU9mZmVyTm9kZToxMDMxNjg1NTI=,RmlnaHROb2RlOjU3MzAx,U3BvcnRzYm9va05vZGU6MTA=,T3V0Y29tZU5vZGU6NjA2ODI2MQ==,-400.0,-400.0,-350.0,-350.0,T3V0Y29tZU5vZGU6NjA2ODI2MA==,300.0,275.0,275.0,300.0
T2ZmZXJUYWJsZU9mZmVyTm9kZToxMDMxNjg2ODg=,RmlnaHROb2RlOjU3MzAx,U3BvcnRzYm9va05vZGU6MjE=,T3V0Y29tZU5vZGU6NjA2ODQ1OQ==,-400.0,-455.0,-455.0,-400.0,T3V0Y29tZU5vZGU6NjA2ODQ1OA==,244.0,244.0,273.0,273.0
T2ZmZXJUYWJsZU9mZmVyTm9kZToxMDMxNjkzNTA=,RmlnaHROb2RlOjU3MzAx,U3BvcnRzYm9va05vZGU6Mjc=,T3V0Y29tZU5vZGU6NjA2OTI0NQ==,-450.0,-450.0,-450.0,-450.0,T3V0Y29tZU5vZGU6NjA2OTI0Ng==,300.0,300.0,300.0,300.0
T2ZmZXJUYWJsZU9mZmVyTm9kZToxMDMxNzA0Mjc=,RmlnaHROb2RlOjU3MzAx,U3BvcnRzYm9va05vZGU6Mjg=,T3V0Y29tZU5vZGU6NjA3MDczMw==,-400.0,-400.0,-400.0,-400.0,T3V0Y29tZU5vZGU6NjA3MDczNA==,250.0,250.0,250.0,250.0
T2ZmZXJUYWJsZU9mZmVyTm9kZToxMDMxNzA0MjY=,RmlnaHROb2RlOjU3MzAw,U3BvcnRzYm9va05vZGU6Mjg=,T3V0Y29tZU5vZGU6NjA3MDczMQ==,-180.0,-180.0,-160.0,-160.0,T3V0Y29tZU5vZGU6NjA3MDczMg==,140.0,120.0,120.0,140.0
T2ZmZXJUYWJsZU9mZmVyTm9kZToxMDMxNjkzNDM=,RmlnaHROb2RlOjU3MzAw,U3BvcnRzYm9va05vZGU6Mjc=,T3V0Y29tZU5vZGU6NjA2OTIzMQ==,-188.0,-188.0,-188.0,-188.0,T3V0Y29tZU5vZGU6NjA2OTIzMg==,140.0,140.0,140.0,140.0
T2ZmZXJUYWJsZU9mZmVyTm9kZToxMDMxNjg2ODk=,RmlnaHROb2RlOjU3MzAw,U3BvcnRzYm9va05vZGU6MjE=,T3V0Y29tZU5vZGU6NjA2ODQ2MQ==,-200.0,-222.0,-179.0,-179.0,T3V0Y29tZU5vZGU6NjA2ODQ2MA==,135.0,124.0,124.0,149.0
T2ZmZXJUYWJsZU9mZmVyTm9kZToxMDMxNjg1NTE=,RmlnaHROb2RlOjU3MzAw,U3BvcnRzYm9va05vZGU6MTA=,T3V0Y29tZU5vZGU6NjA2ODI1OQ==,-180.0,-180.0,-160.0,-155.0,T3V0Y29tZU5vZGU6NjA2ODI1OA==,150.0,125.0,130.0,150.0
T2ZmZXJUYWJsZU9mZmVyTm9kZToxMDMxNjkzNDY=,RmlnaHROb2RlOjU3MzAy,U3BvcnRzYm9va05vZGU6Mjc=,T3V0Y29tZU5vZGU6NjA2OTIzNw==,-450.0,-450.0,-400.0,-400.0,T3V0Y29tZU5vZGU6NjA2OTIzOA==,300.0,260.0,260.0,300.0
T2ZmZXJUYWJsZU9mZmVyTm9kZToxMDMxNzA0MjI=,RmlnaHROb2RlOjU3MzAy,U3BvcnRzYm9va05vZGU6Mjg=,T3V0Y29tZU5vZGU6NjA3MDcyMw==,-345.0,-345.0,-345.0,-345.0,T3V0Y29tZU5vZGU6NjA3MDcyNA==,225.0,225.0,225.0,225.0
T2ZmZXJUYWJsZU9mZmVyTm9kZToxMDMxNjg1NTM=,RmlnaHROb2RlOjU3MzAy,U3BvcnRzYm9va05vZGU6MTA=,T3V0Y29tZU5vZGU6NjA2ODI2Mw==,-170.0,-450.0,-265.0,-170.0,T3V0Y29tZU5vZGU6NjA2ODI2Mg==,140.0,140.0,205.0,350.0
T2ZmZXJUYWJsZU9mZmVyTm9kZToxMDMxNjg3NjA=,RmlnaHROb2RlOjU3MzAy,U3BvcnRzYm9va05vZGU6MjE=,T3V0Y29tZU5vZGU6NjA2ODU0NQ==,-455.0,-526.0,-323.0,-323.0,T3V0Y29tZU5vZGU6NjA2ODU0NA==,256.0,207.0,207.0,330.0
T2ZmZXJUYWJsZU9mZmVyTm9kZToxMDMxNjk4MDc=,RmlnaHROb2RlOjU3Mzkw,U3BvcnRzYm9va05vZGU6MTA=,T3V0Y29tZU5vZGU6NjA2OTg0MA==,300.0,300.0,425.0,425.0,T3V0Y29tZU5vZGU6NjA2OTg0MQ==,-400.0,-600.0,-600.0,-400.0
T2ZmZXJUYWJsZU9mZmVyTm9kZToxMDMxNzA3Mjc=,RmlnaHROb2RlOjU3Mzkw,U3BvcnRzYm9va05vZGU6MjE=,T3V0Y29tZU5vZGU6NjA3MTIwOA==,239.0,239.0,239.0,239.0,T3V0Y29tZU5vZGU6NjA3MTIwOQ==,-385.0,-385.0,-385.0,-385.0
T2ZmZXJUYWJsZU9mZmVyTm9kZToxMDMxNzA4NjY=,RmlnaHROb2RlOjU3Mzkw,U3BvcnRzYm9va05vZGU6Mjg=,T3V0Y29tZU5vZGU6NjA3MTQ4Nw==,250.0,250.0,280.0,280.0,T3V0Y29tZU5vZGU6NjA3MTQ4Ng==,-400.0,-455.0,-455.0,-400.0
T2ZmZXJUYWJsZU9mZmVyTm9kZToxMDMxNzA0MTc=,RmlnaHROb2RlOjU3Mzkw,U3BvcnRzYm9va05vZGU6Mjc=,T3V0Y29tZU5vZGU6NjA3MDcxMw==,240.0,240.0,240.0,240.0,T3V0Y29tZU5vZGU6NjA3MDcxNA==,-350.0,-350.0,-350.0,-350.0
T2ZmZXJUYWJsZU9mZmVyTm9kZToxMDMxNjkzNTI=,RmlnaHROb2RlOjU3MzQw,U3BvcnRzYm9va05vZGU6Mjc=,T3V0Y29tZU5vZGU6NjA2OTI0OQ==,130.0,130.0,130.0,130.0,T3V0Y29tZU5vZGU6NjA2OTI1MA==,-175.0,-175.0,-175.0,-175.0
T2ZmZXJUYWJsZU9mZmVyTm9kZToxMDMxNjg3NjE=,RmlnaHROb2RlOjU3MzQw,U3BvcnRzYm9va05vZGU6MjE=,T3V0Y29tZU5vZGU6NjA2ODU0Ng==,116.0,116.0,122.0,122.0,T3V0Y29tZU5vZGU6NjA2ODU0Nw==,-167.0,-179.0,-179.0,-167.0
T2ZmZXJUYWJsZU9mZmVyTm9kZToxMDMxNjg1NTQ=,RmlnaHROb2RlOjU3MzQw,U3BvcnRzYm9va05vZGU6MTA=,T3V0Y29tZU5vZGU6NjA2ODI2NA==,130.0,130.0,130.0,130.0,T3V0Y29tZU5vZGU6NjA2ODI2NQ==,-160.0,-160.0,-160.0,-160.0
T2ZmZXJUYWJsZU9mZmVyTm9kZToxMDMxNzE4MDg=,RmlnaHROb2RlOjU3NDc2,U3BvcnRzYm9va05vZGU6MTA=,T3V0Y29tZU5vZGU6NjA3Mjg5Nw==,-200.0,-325.0,-274.0,-185.0,T3V0Y29tZU5vZGU6NjA3Mjg5Ng==,160.0,155.0,214.0,250.0
T2ZmZXJUYWJsZU9mZmVyTm9kZToxMDMxNzE4Mzg=,RmlnaHROb2RlOjU3NDc2,U3BvcnRzYm9va05vZGU6Mjc=,T3V0Y29tZU5vZGU6NjA3Mjk1MQ==,-188.0,-275.0,-275.0,-188.0,T3V0Y29tZU5vZGU6NjA3Mjk1Mg==,140.0,140.0,200.0,200.0
T2ZmZXJUYWJsZU9mZmVyTm9kZToxMDMxNzE4MTI=,RmlnaHROb2RlOjU3NDk3,U3BvcnRzYm9va05vZGU6MTA=,T3V0Y29tZU5vZGU6NjA3MjkwNA==,-115.0,-165.0,-145.0,-115.0,T3V0Y29tZU5vZGU6NjA3MjkwNQ==,-115.0,-115.0,115.0,135.0
T2ZmZXJUYWJsZU9mZmVyTm9kZToxMDMxNzE4NDQ=,RmlnaHROb2RlOjU3NDk3,U3BvcnRzYm9va05vZGU6Mjc=,T3V0Y29tZU5vZGU6NjA3Mjk2Mw==,-120.0,-150.0,-150.0,-120.0,T3V0Y29tZU5vZGU6NjA3Mjk2NA==,-110.0,-110.0,110.0,110.0
T2ZmZXJUYWJsZU9mZmVyTm9kZToxMDMxNzIwMzA=,RmlnaHROb2RlOjU3NDk3,U3BvcnRzYm9va05vZGU6MjE=,T3V0Y29tZU5vZGU6NjA3MzI0OA==,-120.0,-154.0,-154.0,-120.0,T3V0Y29tZU5vZGU6NjA3MzI0Nw==,-120.0,-120.0,107.0,107.0
T2ZmZXJUYWJsZU9mZmVyTm9kZToxMDMxNzQyMjM=,RmlnaHROb2RlOjU3NDk3,U3BvcnRzYm9va05vZGU6Mjg=,T3V0Y29tZU5vZGU6NjA3NjQ3OQ==,-145.0,-161.0,-161.0,-145.0,T3V0Y29tZU5vZGU6NjA3NjQ4MA==,105.0,105.0,121.0,121.0
T2ZmZXJUYWJsZU9mZmVyTm9kZToxMDMxNzE4MDM=,RmlnaHROb2RlOjU3MzIy,U3BvcnRzYm9va05vZGU6MTA=,T3V0Y29tZU5vZGU6NjA3Mjg4Ng==,-180.0,-185.0,-180.0,-155.0,T3V0Y29tZU5vZGU6NjA3Mjg4Nw==,150.0,125.0,150.0,155.0
T2ZmZXJUYWJsZU9mZmVyTm9kZToxMDMxNzM5NjM=,RmlnaHROb2RlOjU3MzIy,U3BvcnRzYm9va05vZGU6Mjc=,T3V0Y29tZU5vZGU6NjA3NjA5Mg==,-163.0,-163.0,-163.0,-163.0,T3V0Y29tZU5vZGU6NjA3NjA5Mw==,120.0,120.0,120.0,120.0
T2ZmZXJUYWJsZU9mZmVyTm9kZToxMDMxNzE4MTU=,RmlnaHROb2RlOjU3MzIy,U3BvcnRzYm9va05vZGU6MjE=,T3V0Y29tZU5vZGU6NjA3MjkxMA==,-204.0,-213.0,-196.0,-169.0,T3V0Y29tZU5vZGU6NjA3MjkxMQ==,139.0,118.0,128.0,144.0
T2ZmZXJUYWJsZU9mZmVyTm9kZToxMDMxNzQyMjE=,RmlnaHROb2RlOjU3MzIy,U3BvcnRzYm9va05vZGU6Mjg=,T3V0Y29tZU5vZGU6NjA3NjQ3Ng==,-164.0,-179.0,-179.0,-164.0,T3V0Y29tZU5vZGU6NjA3NjQ3NQ==,124.0,124.0,139.0,139.0
T2ZmZXJUYWJsZU9mZmVyTm9kZToxMDMxNzE4MDY=,RmlnaHROb2RlOjU3MzI0,U3BvcnRzYm9va05vZGU6MTA=,T3V0Y29tZU5vZGU6NjA3Mjg5Mw==,-160.0,-450.0,-450.0,-160.0,T3V0Y29tZU5vZGU6NjA3Mjg5Mg==,130.0,130.0,350.0,350.0
T2ZmZXJUYWJsZU9mZmVyTm9kZToxMDMxNzE4MTc=,RmlnaHROb2RlOjU3MzI0,U3BvcnRzYm9va05vZGU6MjE=,T3V0Y29tZU5vZGU6NjA3MjkxNQ==,-500.0,-500.0,-400.0,-400.0,T3V0Y29tZU5vZGU6NjA3MjkxNA==,268.0,243.0,243.0,268.0
T2ZmZXJUYWJsZU9mZmVyTm9kZToxMDMxNzQyMzA=,RmlnaHROb2RlOjU3MzI0,U3BvcnRzYm9va05vZGU6Mjg=,T3V0Y29tZU5vZGU6NjA3NjQ5Mw==,-370.0,-450.0,-450.0,-345.0,T3V0Y29tZU5vZGU6NjA3NjQ5NA==,235.0,225.0,275.0,275.0
T2ZmZXJUYWJsZU9mZmVyTm9kZToxMDMxNzE4Mzc=,RmlnaHROb2RlOjU3MzI0,U3BvcnRzYm9va05vZGU6Mjc=,T3V0Y29tZU5vZGU6NjA3Mjk0OQ==,-333.0,-450.0,-450.0,-333.0,T3V0Y29tZU5vZGU6NjA3Mjk1MA==,225.0,225.0,300.0,300.0
T2ZmZXJUYWJsZU9mZmVyTm9kZToxMDMxNzE4MDU=,RmlnaHROb2RlOjU3MzIz,U3BvcnRzYm9va05vZGU6MTA=,T3V0Y29tZU5vZGU6NjA3Mjg5MQ==,-260.0,-450.0,-415.0,-200.0,T3V0Y29tZU5vZGU6NjA3Mjg5MA==,200.0,160.0,315.0,350.0
T2ZmZXJUYWJsZU9mZmVyTm9kZToxMDMxNzE4NDE=,RmlnaHROb2RlOjU3MzIz,U3BvcnRzYm9va05vZGU6Mjc=,T3V0Y29tZU5vZGU6NjA3Mjk1Nw==,-275.0,-400.0,-400.0,-225.0,T3V0Y29tZU5vZGU6NjA3Mjk1OA==,200.0,163.0,275.0,275.0
T2ZmZXJUYWJsZU9mZmVyTm9kZToxMDMxNzE4MTY=,RmlnaHROb2RlOjU3MzIz,U3BvcnRzYm9va05vZGU6MjE=,T3V0Y29tZU5vZGU6NjA3MjkxMw==,-294.0,-333.0,-333.0,-263.0,T3V0Y29tZU5vZGU6NjA3MjkxMg==,191.0,177.0,212.0,212.0
T2ZmZXJUYWJsZU9mZmVyTm9kZToxMDMxNzQyMjQ=,RmlnaHROb2RlOjU3MzIz,U3BvcnRzYm9va05vZGU6Mjg=,T3V0Y29tZU5vZGU6NjA3NjQ4MQ==,-238.0,-435.0,-417.0,-238.0,T3V0Y29tZU5vZGU6NjA3NjQ4Mg==,173.0,173.0,262.0,270.0
T2ZmZXJUYWJsZU9mZmVyTm9kZToxMDMxNzE4MDQ=,RmlnaHROb2RlOjU3MzI1,U3BvcnRzYm9va05vZGU6MTA=,T3V0Y29tZU5vZGU6NjA3Mjg4OQ==,-200.0,-265.0,-265.0,-156.0,T3V0Y29tZU5vZGU6NjA3Mjg4OA==,160.0,126.0,205.0,205.0
T2ZmZXJUYWJsZU9mZmVyTm9kZToxMDMxNzQyMjU=,RmlnaHROb2RlOjU3MzI1,U3BvcnRzYm9va05vZGU6Mjg=,T3V0Y29tZU5vZGU6NjA3NjQ4Mw==,-222.0,-263.0,-263.0,-222.0,T3V0Y29tZU5vZGU6NjA3NjQ4NA==,162.0,162.0,183.0,183.0
T2ZmZXJUYWJsZU9mZmVyTm9kZToxMDMxNzE4MTQ=,RmlnaHROb2RlOjU3MzI1,U3BvcnRzYm9va05vZGU6MjE=,T3V0Y29tZU5vZGU6NjA3MjkwOQ==,-222.0,-333.0,-256.0,-208.0,T3V0Y29tZU5vZGU6NjA3MjkwOA==,151.0,141.0,168.0,232.0
T2ZmZXJUYWJsZU9mZmVyTm9kZToxMDMxNzE4Mzk=,RmlnaHROb2RlOjU3MzI1,U3BvcnRzYm9va05vZGU6Mjc=,T3V0Y29tZU5vZGU6NjA3Mjk1Mw==,-188.0,-250.0,-250.0,-188.0,T3V0Y29tZU5vZGU6NjA3Mjk1NA==,140.0,140.0,175.0,175.0
T2ZmZXJUYWJsZU9mZmVyTm9kZToxMDMxNzE4MTM=,RmlnaHROb2RlOjU3MzIx,U3BvcnRzYm9va05vZGU6MjE=,T3V0Y29tZU5vZGU6NjA3MjkwNw==,-222.0,-357.0,-357.0,-222.0,T3V0Y29tZU5vZGU6NjA3MjkwNg==,151.0,151.0,224.0,224.0
T2ZmZXJUYWJsZU9mZmVyTm9kZToxMDMxNzE4MDI=,RmlnaHROb2RlOjU3MzIx,U3BvcnRzYm9va05vZGU6MTA=,T3V0Y29tZU5vZGU6NjA3Mjg4NQ==,-300.0,-350.0,-280.0,-200.0,T3V0Y29tZU5vZGU6NjA3Mjg4NA==,240.0,160.0,220.0,275.0
T2ZmZXJUYWJsZU9mZmVyTm9kZToxMDMxNzE4NDM=,RmlnaHROb2RlOjU3MzIx,U3BvcnRzYm9va05vZGU6Mjc=,T3V0Y29tZU5vZGU6NjA3Mjk2MQ==,-275.0,-350.0,-350.0,-275.0,T3V0Y29tZU5vZGU6NjA3Mjk2Mg==,200.0,200.0,240.0,240.0
T2ZmZXJUYWJsZU9mZmVyTm9kZToxMDMxNzQyMzE=,RmlnaHROb2RlOjU3MzIx,U3BvcnRzYm9va05vZGU6Mjg=,T3V0Y29tZU5vZGU6NjA3NjQ5NQ==,-294.0,-350.0,-350.0,-294.0,T3V0Y29tZU5vZGU6NjA3NjQ5Ng==,199.0,199.0,225.0,225.0
T2ZmZXJUYWJsZU9mZmVyTm9kZToxMDMxNzQyMjY=,RmlnaHROb2RlOjU3MzI2,U3BvcnRzYm9va05vZGU6Mjg=,T3V0Y29tZU5vZGU6NjA3NjQ4NQ==,-417.0,-600.0,-600.0,-417.0,T3V0Y29tZU5vZGU6NjA3NjQ4Ng==,262.0,262.0,350.0,350.0
T2ZmZXJUYWJsZU9mZmVyTm9kZToxMDMxNzE4MTg=,RmlnaHROb2RlOjU3MzI2,U3BvcnRzYm9va05vZGU6MjE=,T3V0Y29tZU5vZGU6NjA3MjkxNw==,-222.0,-476.0,-476.0,-208.0,T3V0Y29tZU5vZGU6NjA3MjkxNg==,151.0,141.0,307.0,307.0
T2ZmZXJUYWJsZU9mZmVyTm9kZToxMDMxNzE4MDc=,RmlnaHROb2RlOjU3MzI2,U3BvcnRzYm9va05vZGU6MTA=,T3V0Y29tZU5vZGU6NjA3Mjg5NQ==,-200.0,-700.0,-500.0,-200.0,T3V0Y29tZU5vZGU6NjA3Mjg5NA==,160.0,160.0,375.0,500.0
T2ZmZXJUYWJsZU9mZmVyTm9kZToxMDMxNzE4NDc=,RmlnaHROb2RlOjU3MzI2,U3BvcnRzYm9va05vZGU6Mjc=,T3V0Y29tZU5vZGU6NjA3Mjk2OQ==,-188.0,-549.0,-549.0,-188.0,T3V0Y29tZU5vZGU6NjA3Mjk3MA==,140.0,140.0,350.0,350.0
T2ZmZXJUYWJsZU9mZmVyTm9kZToxMDMxNzE4MTA=,RmlnaHROb2RlOjU3MzI3,U3BvcnRzYm9va05vZGU6MTA=,T3V0Y29tZU5vZGU6NjA3MjkwMQ==,-180.0,-180.0,-155.0,-145.0,T3V0Y29tZU5vZGU6NjA3MjkwMA==,150.0,115.0,125.0,150.0
T2ZmZXJUYWJsZU9mZmVyTm9kZToxMDMxNzQyMjc=,RmlnaHROb2RlOjU3MzI3,U3BvcnRzYm9va05vZGU6Mjg=,T3V0Y29tZU5vZGU6NjA3NjQ4Nw==,-152.0,-169.0,-145.0,-145.0,T3V0Y29tZU5vZGU6NjA3NjQ4OA==,112.0,105.0,105.0,129.0
T2ZmZXJUYWJsZU9mZmVyTm9kZToxMDMxNzE4NDY=,RmlnaHROb2RlOjU3MzI3,U3BvcnRzYm9va05vZGU6Mjc=,T3V0Y29tZU5vZGU6NjA3Mjk2Nw==,-175.0,-175.0,-163.0,-163.0,T3V0Y29tZU5vZGU6NjA3Mjk2OA==,130.0,120.0,120.0,130.0
T2ZmZXJUYWJsZU9mZmVyTm9kZToxMDMxNzE4MjE=,RmlnaHROb2RlOjU3MzI3,U3BvcnRzYm9va05vZGU6MjE=,T3V0Y29tZU5vZGU6NjA3MjkyMw==,-204.0,-204.0,-204.0,-189.0,T3V0Y29tZU5vZGU6NjA3MjkyMg==,139.0,131.0,139.0,139.0
T2ZmZXJUYWJsZU9mZmVyTm9kZToxMDMxNzIwMjk=,RmlnaHROb2RlOjU3MzU4,U3BvcnRzYm9va05vZGU6MjE=,T3V0Y29tZU5vZGU6NjA3MzI0Ng==,135.0,135.0,202.0,202.0,T3V0Y29tZU5vZGU6NjA3MzI0NQ==,-200.0,-312.0,-312.0,-200.0
T2ZmZXJUYWJsZU9mZmVyTm9kZToxMDMxNzQyODI=,RmlnaHROb2RlOjU3MzU4,U3BvcnRzYm9va05vZGU6Mjg=,T3V0Y29tZU5vZGU6NjA3NjU5Nw==,262.0,225.0,225.0,262.0,T3V0Y29tZU5vZGU6NjA3NjU5OA==,-417.0,-417.0,-345.0,-345.0
T2ZmZXJUYWJsZU9mZmVyTm9kZToxMDMxNzE4NDA=,RmlnaHROb2RlOjU3MzU4,U3BvcnRzYm9va05vZGU6Mjc=,T3V0Y29tZU5vZGU6NjA3Mjk1NQ==,140.0,140.0,240.0,240.0,T3V0Y29tZU5vZGU6NjA3Mjk1Ng==,-188.0,-350.0,-350.0,-188.0
T2ZmZXJUYWJsZU9mZmVyTm9kZToxMDMxNzE4MTE=,RmlnaHROb2RlOjU3MzU4,U3BvcnRzYm9va05vZGU6MTA=,T3V0Y29tZU5vZGU6NjA3MjkwMg==,150.0,150.0,230.0,365.0,T3V0Y29tZU5vZGU6NjA3MjkwMw==,-180.0,-465.0,-290.0,-180.0
T2ZmZXJUYWJsZU9mZmVyTm9kZToxMDMxNzQyMjg=,RmlnaHROb2RlOjU3MzU4,U3BvcnRzYm9va05vZGU6Mjg=,T3V0Y29tZU5vZGU6NjA3NjQ4OQ==,183.0,183.0,262.0,262.0,T3V0Y29tZU5vZGU6NjA3NjQ5MA==,-263.0,-417.0,-417.0,-263.0
T2ZmZXJUYWJsZU9mZmVyTm9kZToxMDMxNzkxNzY=,RmlnaHROb2RlOjU3MzEz,U3BvcnRzYm9va05vZGU6Mjc=,T3V0Y29tZU5vZGU6NjA4MzQ3OA==,-175.0,-175.0,-175.0,-175.0,T3V0Y29tZU5vZGU6NjA4MzQ3OQ==,130.0,130.0,130.0,130.0
T2ZmZXJUYWJsZU9mZmVyTm9kZToxMDMxNzg1Mjc=,RmlnaHROb2RlOjU3MzEy,U3BvcnRzYm9va05vZGU6MTA=,T3V0Y29tZU5vZGU6NjA4MjY0NA==,155.0,140.0,159.0,159.0,T3V0Y29tZU5vZGU6NjA4MjY0NQ==,-185.0,-189.0,-189.0,-170.0
T2ZmZXJUYWJsZU9mZmVyTm9kZToxMDMxODA0NTg=,RmlnaHROb2RlOjU3MzEy,U3BvcnRzYm9va05vZGU6Mjg=,T3V0Y29tZU5vZGU6NjA4NTQ2NA==,150.0,129.0,146.0,150.0,T3V0Y29tZU5vZGU6NjA4NTQ2Mw==,-200.0,-200.0,-189.0,-169.0
T2ZmZXJUYWJsZU9mZmVyTm9kZToxMDMxNzkxNzc=,RmlnaHROb2RlOjU3MzEy,U3BvcnRzYm9va05vZGU6Mjc=,T3V0Y29tZU5vZGU6NjA4MzQ4MA==,140.0,140.0,140.0,140.0,T3V0Y29tZU5vZGU6NjA4MzQ4MQ==,-188.0,-188.0,-188.0,-188.0
T2ZmZXJUYWJsZU9mZmVyTm9kZToxMDMxNzkxODA=,RmlnaHROb2RlOjU3MzEx,U3BvcnRzYm9va05vZGU6Mjc=,T3V0Y29tZU5vZGU6NjA4MzQ4Ng==,105.0,105.0,105.0,105.0,T3V0Y29tZU5vZGU6NjA4MzQ4Nw==,-138.0,-138.0,-138.0,-138.0
T2ZmZXJUYWJsZU9mZmVyTm9kZToxMDMxNzg1MjY=,RmlnaHROb2RlOjU3MzEx,U3BvcnRzYm9va05vZGU6MTA=,T3V0Y29tZU5vZGU6NjA4MjY0Mg==,145.0,-155.0,-125.0,145.0,T3V0Y29tZU5vZGU6NjA4MjY0Mw==,-175.0,-175.0,-105.0,125.0
T2ZmZXJUYWJsZU9mZmVyTm9kZToxMDMxODA0NjA=,RmlnaHROb2RlOjU3MzEx,U3BvcnRzYm9va05vZGU6Mjg=,T3V0Y29tZU5vZGU6NjA4NTQ2OA==,105.0,-130.0,-130.0,105.0,T3V0Y29tZU5vZGU6NjA4NTQ2Nw==,-145.0,-145.0,-110.0,-110.0
T2ZmZXJUYWJsZU9mZmVyTm9kZToxMDMxNzg1Mjk=,RmlnaHROb2RlOjU3MzE0,U3BvcnRzYm9va05vZGU6MTA=,T3V0Y29tZU5vZGU6NjA4MjY0OQ==,-125.0,-201.0,-201.0,-125.0,T3V0Y29tZU5vZGU6NjA4MjY0OA==,-105.0,-105.0,161.0,161.0
T2ZmZXJUYWJsZU9mZmVyTm9kZToxMDMxNzkxNzU=,RmlnaHROb2RlOjU3MzE0,U3BvcnRzYm9va05vZGU6Mjc=,T3V0Y29tZU5vZGU6NjA4MzQ3Ng==,-138.0,-138.0,-138.0,-138.0,T3V0Y29tZU5vZGU6NjA4MzQ3Nw==,105.0,105.0,105.0,105.0
T2ZmZXJUYWJsZU9mZmVyTm9kZToxMDMxODA0NjM=,RmlnaHROb2RlOjU3NDg3,U3BvcnRzYm9va05vZGU6Mjg=,T3V0Y29tZU5vZGU6NjA4NTQ3Mw==,-238.0,-345.0,-345.0,-238.0,T3V0Y29tZU5vZGU6NjA4NTQ3NA==,173.0,173.0,225.0,225.0
T2ZmZXJUYWJsZU9mZmVyTm9kZToxMDMxNzkxNzQ=,RmlnaHROb2RlOjU3NDg3,U3BvcnRzYm9va05vZGU6Mjc=,T3V0Y29tZU5vZGU6NjA4MzQ3NA==,-225.0,-225.0,-225.0,-225.0,T3V0Y29tZU5vZGU6NjA4MzQ3NQ==,163.0,163.0,163.0,163.0
T2ZmZXJUYWJsZU9mZmVyTm9kZToxMDMxNzg1MjU=,RmlnaHROb2RlOjU3NDg3,U3BvcnRzYm9va05vZGU6MTA=,T3V0Y29tZU5vZGU6NjA4MjY0MQ==,-215.0,-350.0,-340.0,-215.0,T3V0Y29tZU5vZGU6NjA4MjY0MA==,175.0,175.0,265.0,275.0
T2ZmZXJUYWJsZU9mZmVyTm9kZToxMDMxNzg1MjI=,RmlnaHROb2RlOjU3MzA4,U3BvcnRzYm9va05vZGU6MTA=,T3V0Y29tZU5vZGU6NjA4MjYzNQ==,-160.0,-249.0,-141.0,115.0,T3V0Y29tZU5vZGU6NjA4MjYzNA==,130.0,-145.0,111.0,199.0
T2ZmZXJUYWJsZU9mZmVyTm9kZToxMDMxNzkxNzk=,RmlnaHROb2RlOjU3MzA4,U3BvcnRzYm9va05vZGU6Mjc=,T3V0Y29tZU5vZGU6NjA4MzQ4NA==,105.0,-150.0,-150.0,105.0,T3V0Y29tZU5vZGU6NjA4MzQ4NQ==,-138.0,-138.0,110.0,110.0
T2ZmZXJUYWJsZU9mZmVyTm9kZToxMDMxNzkxNzg=,RmlnaHROb2RlOjU3MzEw,U3BvcnRzYm9va05vZGU6Mjc=,T3V0Y29tZU5vZGU6NjA4MzQ4Mg==,105.0,105.0,105.0,105.0,T3V0Y29tZU5vZGU6NjA4MzQ4Mw==,-138.0,-138.0,-138.0,-138.0
T2ZmZXJUYWJsZU9mZmVyTm9kZToxMDMxNzg1MjQ=,RmlnaHROb2RlOjU3MzEw,U3BvcnRzYm9va05vZGU6MTA=,T3V0Y29tZU5vZGU6NjA4MjYzOQ==,-125.0,-125.0,100.0,119.0,T3V0Y29tZU5vZGU6NjA4MjYzOA==,-105.0,-149.0,-130.0,-105.0
T2ZmZXJUYWJsZU9mZmVyTm9kZToxMDMxNzg1MzE=,RmlnaHROb2RlOjU3MzUx,U3BvcnRzYm9va05vZGU6MTA=,T3V0Y29tZU5vZGU6NjA4MjY1Mg==,-125.0,-125.0,107.0,120.0,T3V0Y29tZU5vZGU6NjA4MjY1Mw==,-105.0,-150.0,-137.0,-105.0
T2ZmZXJUYWJsZU9mZmVyTm9kZToxMDMxNzkxNzM=,RmlnaHROb2RlOjU3MzUx,U3BvcnRzYm9va05vZGU6Mjc=,T3V0Y29tZU5vZGU6NjA4MzQ3Mg==,-110.0,-110.0,-110.0,-110.0,T3V0Y29tZU5vZGU6NjA4MzQ3Mw==,-120.0,-120.0,-120.0,-120.0
T2ZmZXJUYWJsZU9mZmVyTm9kZToxMDMxODA0NjE=,RmlnaHROb2RlOjU3MzUx,U3BvcnRzYm9va05vZGU6Mjg=,T3V0Y29tZU5vZGU6NjA4NTQ2OQ==,-108.0,-108.0,-108.0,-108.0,T3V0Y29tZU5vZGU6NjA4NTQ3MA==,-132.0,-132.0,-132.0,-132.0
T2ZmZXJUYWJsZU9mZmVyTm9kZToxMDMxODA0NjI=,RmlnaHROb2RlOjU3NzIy,U3BvcnRzYm9va05vZGU6Mjg=,T3V0Y29tZU5vZGU6NjA4NTQ3Mg==,225.0,225.0,280.0,280.0,T3V0Y29tZU5vZGU6NjA4NTQ3MQ==,-345.0,-455.0,-455.0,-345.0
T2ZmZXJUYWJsZU9mZmVyTm9kZToxMDMxODAyMjE=,RmlnaHROb2RlOjU3NzIy,U3BvcnRzYm9va05vZGU6MTA=,T3V0Y29tZU5vZGU6NjA4NDk4OQ==,190.0,190.0,400.0,400.0,T3V0Y29tZU5vZGU6NjA4NDk5MA==,-240.0,-550.0,-550.0,-240.0
T2ZmZXJUYWJsZU9mZmVyTm9kZToxMDMxODMyOTQ=,RmlnaHROb2RlOjU3NDYy,U3BvcnRzYm9va05vZGU6MTA=,T3V0Y29tZU5vZGU6NjA4OTM5NA==,-150.0,-300.0,-245.0,-150.0,T3V0Y29tZU5vZGU6NjA4OTM5NQ==,120.0,120.0,195.0,240.0
T2ZmZXJUYWJsZU9mZmVyTm9kZToxMDMxODQzMzU=,RmlnaHROb2RlOjU3NDYy,U3BvcnRzYm9va05vZGU6Mjc=,T3V0Y29tZU5vZGU6NjA5MDcwNw==,-225.0,-275.0,-275.0,-225.0,T3V0Y29tZU5vZGU6NjA5MDcwOA==,163.0,163.0,200.0,200.0
T2ZmZXJUYWJsZU9mZmVyTm9kZToxMDMxODU1OTk=,RmlnaHROb2RlOjU3NDYy,U3BvcnRzYm9va05vZGU6MjE=,T3V0Y29tZU5vZGU6NjA5MjUxMA==,-303.0,-312.0,-286.0,-278.0,T3V0Y29tZU5vZGU6NjA5MjUwOQ==,197.0,186.0,186.0,202.0
T2ZmZXJUYWJsZU9mZmVyTm9kZToxMDMxODU0NTE=,RmlnaHROb2RlOjU3NDYy,U3BvcnRzYm9va05vZGU6Mjg=,T3V0Y29tZU5vZGU6NjA5MjI3MA==,-280.0,-285.0,-285.0,-240.0,T3V0Y29tZU5vZGU6NjA5MjI3MQ==,190.0,170.0,195.0,195.0
T2ZmZXJUYWJsZU9mZmVyTm9kZToxMDMxODU0NTA=,RmlnaHROb2RlOjU3NDYz,U3BvcnRzYm9va05vZGU6Mjg=,T3V0Y29tZU5vZGU6NjA5MjI2OA==,-115.0,-125.0,-125.0,-115.0,T3V0Y29tZU5vZGU6NjA5MjI2OQ==,-125.0,-125.0,-115.0,-115.0
T2ZmZXJUYWJsZU9mZmVyTm9kZToxMDMxODQzMzQ=,RmlnaHROb2RlOjU3NDYz,U3BvcnRzYm9va05vZGU6Mjc=,T3V0Y29tZU5vZGU6NjA5MDcwNQ==,110.0,-105.0,-105.0,110.0,T3V0Y29tZU5vZGU6NjA5MDcwNg==,-150.0,-150.0,-125.0,-125.0
T2ZmZXJUYWJsZU9mZmVyTm9kZToxMDMxODMyOTU=,RmlnaHROb2RlOjU3NDYz,U3BvcnRzYm9va05vZGU6MTA=,T3V0Y29tZU5vZGU6NjA4OTM5Ng==,120.0,-150.0,-150.0,120.0,T3V0Y29tZU5vZGU6NjA4OTM5Nw==,-150.0,-150.0,120.0,120.0
T2ZmZXJUYWJsZU9mZmVyTm9kZToxMDMxODU1OTE=,RmlnaHROb2RlOjU3NDYz,U3BvcnRzYm9va05vZGU6MjE=,T3V0Y29tZU5vZGU6NjA5MjQ5NA==,-108.0,-132.0,-132.0,-108.0,T3V0Y29tZU5vZGU6NjA5MjQ5Mw==,-133.0,-133.0,-109.0,-109.0
T2ZmZXJUYWJsZU9mZmVyTm9kZToxMDMxODU0NTU=,RmlnaHROb2RlOjU3NDY0,U3BvcnRzYm9va05vZGU6Mjg=,T3V0Y29tZU5vZGU6NjA5MjI3OA==,-910.0,-1250.0,-910.0,-910.0,T3V0Y29tZU5vZGU6NjA5MjI3OQ==,460.0,460.0,460.0,650.0
T2ZmZXJUYWJsZU9mZmVyTm9kZToxMDMxODMyOTY=,RmlnaHROb2RlOjU3NDY0,U3BvcnRzYm9va05vZGU6MTA=,T3V0Y29tZU5vZGU6NjA4OTM5OA==,-200.0,-1200.0,-1000.0,-200.0,T3V0Y29tZU5vZGU6NjA4OTM5OQ==,160.0,160.0,700.0,750.0
T2ZmZXJUYWJsZU9mZmVyTm9kZToxMDMxODU1OTc=,RmlnaHROb2RlOjU3NDY0,U3BvcnRzYm9va05vZGU6MjE=,T3V0Y29tZU5vZGU6NjA5MjUwNg==,-1429.0,-2500.0,-2500.0,-1429.0,T3V0Y29tZU5vZGU6NjA5MjUwNQ==,606.0,587.0,627.0,679.0
T2ZmZXJUYWJsZU9mZmVyTm9kZToxMDMxODQzMzc=,RmlnaHROb2RlOjU3NDY0,U3BvcnRzYm9va05vZGU6Mjc=,T3V0Y29tZU5vZGU6NjA5MDcxMQ==,-800.0,-800.0,-800.0,-800.0,T3V0Y29tZU5vZGU6NjA5MDcxMg==,450.0,450.0,450.0,450.0
T2ZmZXJUYWJsZU9mZmVyTm9kZToxMDMxODU0OTY=,RmlnaHROb2RlOjU3NDgy,U3BvcnRzYm9va05vZGU6Mjg=,T3V0Y29tZU5vZGU6NjA5MjM2MA==,129.0,129.0,150.0,150.0,T3V0Y29tZU5vZGU6NjA5MjM2MQ==,-169.0,-200.0,-200.0,-169.0
T2ZmZXJUYWJsZU9mZmVyTm9kZToxMDMxODU2MDE=,RmlnaHROb2RlOjU3NDgy,U3BvcnRzYm9va05vZGU6MjE=,T3V0Y29tZU5vZGU6NjA5MjUxNA==,145.0,145.0,145.0,153.0,T3V0Y29tZU5vZGU6NjA5MjUxMw==,-222.0,-222.0,-222.0,-222.0
T2ZmZXJUYWJsZU9mZmVyTm9kZToxMDMxODQzNDQ=,RmlnaHROb2RlOjU3NDgy,U3BvcnRzYm9va05vZGU6Mjc=,T3V0Y29tZU5vZGU6NjA5MDcyNQ==,200.0,163.0,163.0,200.0,T3V0Y29tZU5vZGU6NjA5MDcyNg==,-275.0,-275.0,-225.0,-225.0
T2ZmZXJUYWJsZU9mZmVyTm9kZToxMDMxODMyOTg=,RmlnaHROb2RlOjU3NDgy,U3BvcnRzYm9va05vZGU6MTA=,T3V0Y29tZU5vZGU6NjA4OTQwMg==,240.0,140.0,160.0,240.0,T3V0Y29tZU5vZGU6NjA4OTQwMw==,-300.0,-300.0,-200.0,-170.0
T2ZmZXJUYWJsZU9mZmVyTm9kZToxMDMxODQzMzg=,RmlnaHROb2RlOjU3NDY4,U3BvcnRzYm9va05vZGU6Mjc=,T3V0Y29tZU5vZGU6NjA5MDcxMw==,-549.0,-549.0,-549.0,-549.0,T3V0Y29tZU5vZGU6NjA5MDcxNA==,350.0,350.0,350.0,350.0
T2ZmZXJUYWJsZU9mZmVyTm9kZToxMDMxODU1OTM=,RmlnaHROb2RlOjU3NDY4,U3BvcnRzYm9va05vZGU6MjE=,T3V0Y29tZU5vZGU6NjA5MjQ5OA==,-833.0,-833.0,-833.0,-833.0,T3V0Y29tZU5vZGU6NjA5MjQ5Nw==,404.0,404.0,404.0,404.0
T2ZmZXJUYWJsZU9mZmVyTm9kZToxMDMxODU0NDk=,RmlnaHROb2RlOjU3NDY4,U3BvcnRzYm9va05vZGU6Mjg=,T3V0Y29tZU5vZGU6NjA5MjI2Ng==,-667.0,-667.0,-667.0,-667.0,T3V0Y29tZU5vZGU6NjA5MjI2Nw==,392.0,392.0,392.0,392.0
T2ZmZXJUYWJsZU9mZmVyTm9kZToxMDMxODMzMDE=,RmlnaHROb2RlOjU3NDg0,U3BvcnRzYm9va05vZGU6MTA=,T3V0Y29tZU5vZGU6NjA4OTQwOQ==,-300.0,-1200.0,-1000.0,-300.0,T3V0Y29tZU5vZGU6NjA4OTQwOA==,240.0,240.0,700.0,750.0
T2ZmZXJUYWJsZU9mZmVyTm9kZToxMDMxODU1OTY=,RmlnaHROb2RlOjU3NDg0,U3BvcnRzYm9va05vZGU6MjE=,T3V0Y29tZU5vZGU6NjA5MjUwNA==,-1429.0,-2000.0,-2000.0,-1429.0,T3V0Y29tZU5vZGU6NjA5MjUwMw==,582.0,582.0,608.0,622.0
T2ZmZXJUYWJsZU9mZmVyTm9kZToxMDMxODU0NDc=,RmlnaHROb2RlOjU3NDg0,U3BvcnRzYm9va05vZGU6Mjg=,T3V0Y29tZU5vZGU6NjA5MjI2Mg==,-1000.0,-1250.0,-1250.0,-1000.0,T3V0Y29tZU5vZGU6NjA5MjI2Mw==,500.0,500.0,650.0,650.0
T2ZmZXJUYWJsZU9mZmVyTm9kZToxMDMxODQzNDE=,RmlnaHROb2RlOjU3NDg0,U3BvcnRzYm9va05vZGU6Mjc=,T3V0Y29tZU5vZGU6NjA5MDcxOQ==,-800.0,-800.0,-800.0,-800.0,T3V0Y29tZU5vZGU6NjA5MDcyMA==,450.0,450.0,450.0,450.0
T2ZmZXJUYWJsZU9mZmVyTm9kZToxMDMxODU0OTc=,RmlnaHROb2RlOjU3NDgz,U3BvcnRzYm9va05vZGU6Mjg=,T3V0Y29tZU5vZGU6NjA5MjM2Mg==,124.0,-128.0,-120.0,124.0,T3V0Y29tZU5vZGU6NjA5MjM2Mw==,-164.0,-164.0,-120.0,-112.0
T2ZmZXJUYWJsZU9mZmVyTm9kZToxMDMxODQzNDI=,RmlnaHROb2RlOjU3NDgz,U3BvcnRzYm9va05vZGU6Mjc=,T3V0Y29tZU5vZGU6NjA5MDcyMQ==,150.0,130.0,130.0,150.0,T3V0Y29tZU5vZGU6NjA5MDcyMg==,-200.0,-200.0,-175.0,-175.0
T2ZmZXJUYWJsZU9mZmVyTm9kZToxMDMxODMzMDA=,RmlnaHROb2RlOjU3NDgz,U3BvcnRzYm9va05vZGU6MTA=,T3V0Y29tZU5vZGU6NjA4OTQwNg==,160.0,-129.0,-115.0,160.0,T3V0Y29tZU5vZGU6NjA4OTQwNw==,-200.0,-200.0,-115.0,-101.0
T2ZmZXJUYWJsZU9mZmVyTm9kZToxMDMxODU2MDA=,RmlnaHROb2RlOjU3NDgz,U3BvcnRzYm9va05vZGU6MjE=,T3V0Y29tZU5vZGU6NjA5MjUxMg==,112.0,101.0,107.0,112.0,T3V0Y29tZU5vZGU6NjA5MjUxMQ==,-164.0,-164.0,-149.0,-149.0
T2ZmZXJUYWJsZU9mZmVyTm9kZToxMDMxODQzNDM=,RmlnaHROb2RlOjU3NDY1,U3BvcnRzYm9va05vZGU6Mjc=,T3V0Y29tZU5vZGU6NjA5MDcyMw==,-200.0,-200.0,-200.0,-200.0,T3V0Y29tZU5vZGU6NjA5MDcyNA==,150.0,150.0,150.0,150.0
T2ZmZXJUYWJsZU9mZmVyTm9kZToxMDMxODU1OTQ=,RmlnaHROb2RlOjU3NDY1,U3BvcnRzYm9va05vZGU6MjE=,T3V0Y29tZU5vZGU6NjA5MjUwMA==,-222.0,-222.0,-222.0,-222.0,T3V0Y29tZU5vZGU6NjA5MjQ5OQ==,156.0,156.0,156.0,156.0
T2ZmZXJUYWJsZU9mZmVyTm9kZToxMDMxODU0NTQ=,RmlnaHROb2RlOjU3NDY1,U3BvcnRzYm9va05vZGU6Mjg=,T3V0Y29tZU5vZGU6NjA5MjI3Ng==,-208.0,-208.0,-208.0,-208.0,T3V0Y29tZU5vZGU6NjA5MjI3Nw==,158.0,158.0,158.0,158.0
T2ZmZXJUYWJsZU9mZmVyTm9kZToxMDMxODMyOTc=,RmlnaHROb2RlOjU3NDY1,U3BvcnRzYm9va05vZGU6MTA=,T3V0Y29tZU5vZGU6NjA4OTQwMA==,135.0,-205.0,-205.0,135.0,T3V0Y29tZU5vZGU6NjA4OTQwMQ==,-165.0,-165.0,165.0,165.0
T2ZmZXJUYWJsZU9mZmVyTm9kZToxMDMxODU0NTM=,RmlnaHROb2RlOjU3NDY2,U3BvcnRzYm9va05vZGU6Mjg=,T3V0Y29tZU5vZGU6NjA5MjI3NA==,-500.0,-556.0,-556.0,-500.0,T3V0Y29tZU5vZGU6NjA5MjI3NQ==,300.0,300.0,331.0,331.0
T2ZmZXJUYWJsZU9mZmVyTm9kZToxMDMxODU1OTI=,RmlnaHROb2RlOjU3NDY2,U3BvcnRzYm9va05vZGU6MjE=,T3V0Y29tZU5vZGU6NjA5MjQ5Ng==,-588.0,-714.0,-714.0,-588.0,T3V0Y29tZU5vZGU6NjA5MjQ5NQ==,317.0,317.0,384.0,384.0
T2ZmZXJUYWJsZU9mZmVyTm9kZToxMDMxODMyOTk=,RmlnaHROb2RlOjU3NDY2,U3BvcnRzYm9va05vZGU6MTA=,T3V0Y29tZU5vZGU6NjA4OTQwNQ==,-450.0,-650.0,-650.0,-450.0,T3V0Y29tZU5vZGU6NjA4OTQwNA==,350.0,350.0,475.0,475.0
T2ZmZXJUYWJsZU9mZmVyTm9kZToxMDMxODQzMzk=,RmlnaHROb2RlOjU3NDY2,U3BvcnRzYm9va05vZGU6Mjc=,T3V0Y29tZU5vZGU6NjA5MDcxNQ==,-450.0,-450.0,-450.0,-450.0,T3V0Y29tZU5vZGU6NjA5MDcxNg==,300.0,300.0,300.0,300.0
T2ZmZXJUYWJsZU9mZmVyTm9kZToxMDMxODU1OTg=,RmlnaHROb2RlOjU3NDY5,U3BvcnRzYm9va05vZGU6MjE=,T3V0Y29tZU5vZGU6NjA5MjUwOA==,118.0,-111.0,106.0,122.0,T3V0Y29tZU5vZGU6NjA5MjUwNw==,-169.0,-179.0,-152.0,-128.0
T2ZmZXJUYWJsZU9mZmVyTm9kZToxMDMxODQzMzY=,RmlnaHROb2RlOjU3NDY5,U3BvcnRzYm9va05vZGU6Mjc=,T3V0Y29tZU5vZGU6NjA5MDcwOQ==,140.0,140.0,140.0,140.0,T3V0Y29tZU5vZGU6NjA5MDcxMA==,-188.0,-188.0,-188.0,-188.0
T2ZmZXJUYWJsZU9mZmVyTm9kZToxMDMxODU0NTI=,RmlnaHROb2RlOjU3NDY5,U3BvcnRzYm9va05vZGU6Mjg=,T3V0Y29tZU5vZGU6NjA5MjI3Mg==,132.0,-120.0,-120.0,132.0,T3V0Y29tZU5vZGU6NjA5MjI3Mw==,-172.0,-172.0,-120.0,-120.0
T2ZmZXJUYWJsZU9mZmVyTm9kZToxMDMxODk3NDM=,RmlnaHROb2RlOjU3NjQy,U3BvcnRzYm9va05vZGU6Mjc=,T3V0Y29tZU5vZGU6NjA5ODgwNw==,-188.0,-225.0,-225.0,-188.0,T3V0Y29tZU5vZGU6NjA5ODgwOA==,140.0,140.0,163.0,163.0
T2ZmZXJUYWJsZU9mZmVyTm9kZToxMDMxODk1OTI=,RmlnaHROb2RlOjU3NjQy,U3BvcnRzYm9va05vZGU6MTA=,T3V0Y29tZU5vZGU6NjA5ODUwNg==,-185.0,-350.0,-350.0,-185.0,T3V0Y29tZU5vZGU6NjA5ODUwNQ==,155.0,155.0,275.0,275.0
T2ZmZXJUYWJsZU9mZmVyTm9kZToxMDMxOTA1ODk=,RmlnaHROb2RlOjU3NjQy,U3BvcnRzYm9va05vZGU6Mjg=,T3V0Y29tZU5vZGU6NjEwMDQ5OQ==,-215.0,-215.0,-215.0,-215.0,T3V0Y29tZU5vZGU6NjEwMDUwMA==,160.0,160.0,160.0,160.0
T2ZmZXJUYWJsZU9mZmVyTm9kZToxMDMxOTAzMDU=,RmlnaHROb2RlOjU3NjQy,U3BvcnRzYm9va05vZGU6MjE=,T3V0Y29tZU5vZGU6NjA5OTkzMg==,-233.0,-357.0,-294.0,-233.0,T3V0Y29tZU5vZGU6NjA5OTkzMQ==,157.0,157.0,192.0,223.0
T2ZmZXJUYWJsZU9mZmVyTm9kZToxMDMxOTA1NTI=,RmlnaHROb2RlOjU3NjY2,U3BvcnRzYm9va05vZGU6MjE=,T3V0Y29tZU5vZGU6NjEwMDQyNg==,-476.0,-909.0,-909.0,-476.0,T3V0Y29tZU5vZGU6NjEwMDQyNQ==,290.0,290.0,467.0,467.0
T2ZmZXJUYWJsZU9mZmVyTm9kZToxMDMxODk1OTU=,RmlnaHROb2RlOjU3NjY2,U3BvcnRzYm9va05vZGU6MTA=,T3V0Y29tZU5vZGU6NjA5ODUxMg==,-400.0,-1000.0,-1000.0,-400.0,T3V0Y29tZU5vZGU6NjA5ODUxMQ==,300.0,300.0,700.0,700.0
T2ZmZXJUYWJsZU9mZmVyTm9kZToxMDMxOTA1OTU=,RmlnaHROb2RlOjU3NjY2,U3BvcnRzYm9va05vZGU6Mjg=,T3V0Y29tZU5vZGU6NjEwMDUxMQ==,-715.0,-835.0,-835.0,-715.0,T3V0Y29tZU5vZGU6NjEwMDUxMg==,415.0,415.0,460.0,460.0
T2ZmZXJUYWJsZU9mZmVyTm9kZToxMDMxODk3NTA=,RmlnaHROb2RlOjU3NjY2,U3BvcnRzYm9va05vZGU6Mjc=,T3V0Y29tZU5vZGU6NjA5ODgyMQ==,-350.0,-450.0,-450.0,-350.0,T3V0Y29tZU5vZGU6NjA5ODgyMg==,240.0,240.0,300.0,300.0
T2ZmZXJUYWJsZU9mZmVyTm9kZToxMDMxOTA1NTU=,RmlnaHROb2RlOjU3MzA0,U3BvcnRzYm9va05vZGU6MjE=,T3V0Y29tZU5vZGU6NjEwMDQzMg==,-233.0,-250.0,-250.0,-233.0,T3V0Y29tZU5vZGU6NjEwMDQzMQ==,157.0,157.0,175.0,175.0
T2ZmZXJUYWJsZU9mZmVyTm9kZToxMDMxOTA1OTI=,RmlnaHROb2RlOjU3MzA0,U3BvcnRzYm9va05vZGU6Mjg=,T3V0Y29tZU5vZGU6NjEwMDUwNQ==,-215.0,-225.0,-225.0,-215.0,T3V0Y29tZU5vZGU6NjEwMDUwNg==,160.0,160.0,165.0,165.0
T2ZmZXJUYWJsZU9mZmVyTm9kZToxMDMxODk1ODc=,RmlnaHROb2RlOjU3MzA0,U3BvcnRzYm9va05vZGU6MTA=,T3V0Y29tZU5vZGU6NjA5ODQ5Ng==,-220.0,-270.0,-219.0,-219.0,T3V0Y29tZU5vZGU6NjA5ODQ5NQ==,180.0,179.0,179.0,210.0
T2ZmZXJUYWJsZU9mZmVyTm9kZToxMDMxODk3NDk=,RmlnaHROb2RlOjU3MzA0,U3BvcnRzYm9va05vZGU6Mjc=,T3V0Y29tZU5vZGU6NjA5ODgxOQ==,-225.0,-225.0,-225.0,-225.0,T3V0Y29tZU5vZGU6NjA5ODgyMA==,163.0,163.0,163.0,163.0
T2ZmZXJUYWJsZU9mZmVyTm9kZToxMDMxOTA1ODg=,RmlnaHROb2RlOjU3MzA1,U3BvcnRzYm9va05vZGU6Mjg=,T3V0Y29tZU5vZGU6NjEwMDQ5Nw==,-325.0,-325.0,-325.0,-325.0,T3V0Y29tZU5vZGU6NjEwMDQ5OA==,215.0,215.0,215.0,215.0
T2ZmZXJUYWJsZU9mZmVyTm9kZToxMDMxOTA1NTQ=,RmlnaHROb2RlOjU3MzA1,U3BvcnRzYm9va05vZGU6MjE=,T3V0Y29tZU5vZGU6NjEwMDQzMA==,-333.0,-333.0,-333.0,-333.0,T3V0Y29tZU5vZGU6NjEwMDQyOQ==,216.0,216.0,216.0,216.0
T2ZmZXJUYWJsZU9mZmVyTm9kZToxMDMxODk1ODg=,RmlnaHROb2RlOjU3MzA1,U3BvcnRzYm9va05vZGU6MTA=,T3V0Y29tZU5vZGU6NjA5ODQ5OA==,-350.0,-350.0,-220.0,-220.0,T3V0Y29tZU5vZGU6NjA5ODQ5Nw==,275.0,180.0,180.0,275.0
T2ZmZXJUYWJsZU9mZmVyTm9kZToxMDMxODk3NDc=,RmlnaHROb2RlOjU3MzA1,U3BvcnRzYm9va05vZGU6Mjc=,T3V0Y29tZU5vZGU6NjA5ODgxNQ==,-350.0,-350.0,-333.0,-333.0,T3V0Y29tZU5vZGU6NjA5ODgxNg==,240.0,225.0,225.0,240.0
T2ZmZXJUYWJsZU9mZmVyTm9kZToxMDMxOTA1NTc=,RmlnaHROb2RlOjU3NTQw,U3BvcnRzYm9va05vZGU6MjE=,T3V0Y29tZU5vZGU6NjEwMDQzNg==,-1667.0,-3333.0,-3333.0,-1667.0,T3V0Y29tZU5vZGU6NjEwMDQzNQ==,674.0,674.0,831.0,831.0
T2ZmZXJUYWJsZU9mZmVyTm9kZToxMDMxODk1OTA=,RmlnaHROb2RlOjU3NTQw,U3BvcnRzYm9va05vZGU6MTA=,T3V0Y29tZU5vZGU6NjA5ODUwMg==,-550.0,-1800.0,-1800.0,-550.0,T3V0Y29tZU5vZGU6NjA5ODUwMQ==,400.0,400.0,900.0,900.0
T2ZmZXJUYWJsZU9mZmVyTm9kZToxMDMxOTA1OTA=,RmlnaHROb2RlOjU3NTQw,U3BvcnRzYm9va05vZGU6Mjg=,T3V0Y29tZU5vZGU6NjEwMDUwMQ==,-2500.0,-2500.0,-2500.0,-2500.0,T3V0Y29tZU5vZGU6NjEwMDUwMg==,1175.0,1175.0,1175.0,1175.0
T2ZmZXJUYWJsZU9mZmVyTm9kZToxMDMxODk3NDQ=,RmlnaHROb2RlOjU3NTQw,U3BvcnRzYm9va05vZGU6Mjc=,T3V0Y29tZU5vZGU6NjA5ODgwOQ==,-1000.0,-1587.0,-1587.0,-1000.0,T3V0Y29tZU5vZGU6NjA5ODgxMA==,500.0,500.0,700.0,700.0
T2ZmZXJUYWJsZU9mZmVyTm9kZToxMDMxODk3NDI=,RmlnaHROb2RlOjU4MDkx,U3BvcnRzYm9va05vZGU6Mjc=,T3V0Y29tZU5vZGU6NjA5ODgwNQ==,-110.0,-150.0,-150.0,-110.0,T3V0Y29tZU5vZGU6NjA5ODgwNg==,-120.0,-120.0,110.0,110.0
T2ZmZXJUYWJsZU9mZmVyTm9kZToxMDMxODk1OTE=,RmlnaHROb2RlOjU4MDkx,U3BvcnRzYm9va05vZGU6MTA=,T3V0Y29tZU5vZGU6NjA5ODUwMw==,105.0,-325.0,-280.0,105.0,T3V0Y29tZU5vZGU6NjA5ODUwNA==,-135.0,-135.0,220.0,250.0
T2ZmZXJUYWJsZU9mZmVyTm9kZToxMDMxOTA1OTE=,RmlnaHROb2RlOjU4MDkx,U3BvcnRzYm9va05vZGU6Mjg=,T3V0Y29tZU5vZGU6NjEwMDUwMw==,-200.0,-225.0,-225.0,-200.0,T3V0Y29tZU5vZGU6NjEwMDUwNA==,150.0,150.0,165.0,165.0
T2ZmZXJUYWJsZU9mZmVyTm9kZToxMDMxOTA1NTY=,RmlnaHROb2RlOjU4MDkx,U3BvcnRzYm9va05vZGU6MjE=,T3V0Y29tZU5vZGU6NjEwMDQzNA==,-159.0,-217.0,-217.0,-159.0,T3V0Y29tZU5vZGU6NjEwMDQzMw==,110.0,110.0,142.0,142.0
T2ZmZXJUYWJsZU9mZmVyTm9kZToxMDMxODk1OTg=,RmlnaHROb2RlOjU3OTYw,U3BvcnRzYm9va05vZGU6MTA=,T3V0Y29tZU5vZGU6NjA5ODUxNw==,160.0,160.0,425.0,550.0,T3V0Y29tZU5vZGU6NjA5ODUxOA==,-200.0,-800.0,-600.0,-200.0
T2ZmZXJUYWJsZU9mZmVyTm9kZToxMDMxODk3NDY=,RmlnaHROb2RlOjU3OTYw,U3BvcnRzYm9va05vZGU6Mjc=,T3V0Y29tZU5vZGU6NjA5ODgxNA==,140.0,140.0,250.0,250.0,T3V0Y29tZU5vZGU6NjA5ODgxMw==,-188.0,-350.0,-350.0,-188.0
T2ZmZXJUYWJsZU9mZmVyTm9kZToxMDMxOTA1ODc=,RmlnaHROb2RlOjU3OTYw,U3BvcnRzYm9va05vZGU6Mjg=,T3V0Y29tZU5vZGU6NjEwMDQ5Ng==,250.0,250.0,345.0,415.0,T3V0Y29tZU5vZGU6NjEwMDQ5NQ==,-400.0,-715.0,-590.0,-400.0
T2ZmZXJUYWJsZU9mZmVyTm9kZToxMDMxOTA1ODQ=,RmlnaHROb2RlOjU3OTYw,U3BvcnRzYm9va05vZGU6MjE=,T3V0Y29tZU5vZGU6NjEwMDQ4OQ==,280.0,280.0,380.0,403.0,T3V0Y29tZU5vZGU6NjEwMDQ5MA==,-455.0,-833.0,-833.0,-455.0
T2ZmZXJUYWJsZU9mZmVyTm9kZToxMDMxOTA1OTM=,RmlnaHROb2RlOjU3NjQz,U3BvcnRzYm9va05vZGU6Mjg=,T3V0Y29tZU5vZGU6NjEwMDUwNw==,-3335.0,-3335.0,-3335.0,-3335.0,T3V0Y29tZU5vZGU6NjEwMDUwOA==,1410.0,1410.0,1410.0,1410.0
T2ZmZXJUYWJsZU9mZmVyTm9kZToxMDMxODk3NDE=,RmlnaHROb2RlOjU3NjQz,U3BvcnRzYm9va05vZGU6Mjc=,T3V0Y29tZU5vZGU6NjA5ODgwMw==,-1408.0,-2000.0,-2000.0,-1408.0,T3V0Y29tZU5vZGU6NjA5ODgwNA==,600.0,600.0,750.0,750.0
T2ZmZXJUYWJsZU9mZmVyTm9kZToxMDMxOTA1NTM=,RmlnaHROb2RlOjU3NjQz,U3BvcnRzYm9va05vZGU6MjE=,T3V0Y29tZU5vZGU6NjEwMDQyOA==,-3333.0,-3333.0,-3333.0,-3333.0,T3V0Y29tZU5vZGU6NjEwMDQyNw==,766.0,766.0,1050.0,1050.0
T2ZmZXJUYWJsZU9mZmVyTm9kZToxMDMxODk1OTM=,RmlnaHROb2RlOjU3NjQz,U3BvcnRzYm9va05vZGU6MTA=,T3V0Y29tZU5vZGU6NjA5ODUwOA==,-350.0,-3300.0,-3300.0,-350.0,T3V0Y29tZU5vZGU6NjA5ODUwNw==,275.0,275.0,1400.0,1500.0
T2ZmZXJUYWJsZU9mZmVyTm9kZToxMDMxOTA1NTk=,RmlnaHROb2RlOjU4MDE3,U3BvcnRzYm9va05vZGU6MjE=,T3V0Y29tZU5vZGU6NjEwMDQ0MA==,-192.0,-417.0,-417.0,-192.0,T3V0Y29tZU5vZGU6NjEwMDQzOQ==,132.0,132.0,350.0,350.0
T2ZmZXJUYWJsZU9mZmVyTm9kZToxMDMxODk1OTc=,RmlnaHROb2RlOjU4MDE3,U3BvcnRzYm9va05vZGU6MTA=,T3V0Y29tZU5vZGU6NjA5ODUxNg==,100.0,-600.0,-550.0,100.0,T3V0Y29tZU5vZGU6NjA5ODUxNQ==,-130.0,-130.0,400.0,425.0
T2ZmZXJUYWJsZU9mZmVyTm9kZToxMDMxODk3NTI=,RmlnaHROb2RlOjU4MDE3,U3BvcnRzYm9va05vZGU6Mjc=,T3V0Y29tZU5vZGU6NjA5ODgyNQ==,-188.0,-188.0,-188.0,-188.0,T3V0Y29tZU5vZGU6NjA5ODgyNg==,140.0,140.0,140.0,140.0
T2ZmZXJUYWJsZU9mZmVyTm9kZToxMDMxOTA1ODY=,RmlnaHROb2RlOjU4MDE3,U3BvcnRzYm9va05vZGU6Mjg=,T3V0Y29tZU5vZGU6NjEwMDQ5Mw==,-250.0,-500.0,-500.0,-250.0,T3V0Y29tZU5vZGU6NjEwMDQ5NA==,175.0,175.0,300.0,300.0
T2ZmZXJUYWJsZU9mZmVyTm9kZToxMDMxOTA1NTg=,RmlnaHROb2RlOjU3NjQ0,U3BvcnRzYm9va05vZGU6MjE=,T3V0Y29tZU5vZGU6NjEwMDQzOA==,-286.0,-435.0,-435.0,-286.0,T3V0Y29tZU5vZGU6NjEwMDQzNw==,179.0,179.0,365.0,365.0
T2ZmZXJUYWJsZU9mZmVyTm9kZToxMDMxODk1OTY=,RmlnaHROb2RlOjU3NjQ0,U3BvcnRzYm9va05vZGU6MTA=,T3V0Y29tZU5vZGU6NjA5ODUxMw==,120.0,-700.0,-650.0,120.0,T3V0Y29tZU5vZGU6NjA5ODUxNA==,-150.0,-150.0,475.0,500.0
T2ZmZXJUYWJsZU9mZmVyTm9kZToxMDMxOTA1OTQ=,RmlnaHROb2RlOjU3NjQ0,U3BvcnRzYm9va05vZGU6Mjg=,T3V0Y29tZU5vZGU6NjEwMDUwOQ==,-435.0,-555.0,-555.0,-435.0,T3V0Y29tZU5vZGU6NjEwMDUxMA==,270.0,270.0,330.0,330.0
T2ZmZXJUYWJsZU9mZmVyTm9kZToxMDMxODk3NDU=,RmlnaHROb2RlOjU3NjQ0,U3BvcnRzYm9va05vZGU6Mjc=,T3V0Y29tZU5vZGU6NjA5ODgxMQ==,-250.0,-250.0,-250.0,-250.0,T3V0Y29tZU5vZGU6NjA5ODgxMg==,175.0,175.0,175.0,175.0
T2ZmZXJUYWJsZU9mZmVyTm9kZToxMDMxODk1OTQ=,RmlnaHROb2RlOjU3OTA5,U3BvcnRzYm9va05vZGU6MTA=,T3V0Y29tZU5vZGU6NjA5ODUxMA==,-300.0,-2000.0,-1800.0,-300.0,T3V0Y29tZU5vZGU6NjA5ODUwOQ==,240.0,240.0,900.0,1000.0
T2ZmZXJUYWJsZU9mZmVyTm9kZToxMDMxODk3NTE=,RmlnaHROb2RlOjU3OTA5,U3BvcnRzYm9va05vZGU6Mjc=,T3V0Y29tZU5vZGU6NjA5ODgyMw==,-800.0,-1408.0,-1408.0,-800.0,T3V0Y29tZU5vZGU6NjA5ODgyNA==,450.0,450.0,650.0,650.0
T2ZmZXJUYWJsZU9mZmVyTm9kZToxMDMxOTA1ODM=,RmlnaHROb2RlOjU3OTA5,U3BvcnRzYm9va05vZGU6MjE=,T3V0Y29tZU5vZGU6NjEwMDQ4OA==,-2500.0,-2500.0,-2500.0,-2500.0,T3V0Y29tZU5vZGU6NjEwMDQ4Nw==,790.0,762.0,814.0,814.0
T2ZmZXJUYWJsZU9mZmVyTm9kZToxMDMxOTA1ODU=,RmlnaHROb2RlOjU3OTA5,U3BvcnRzYm9va05vZGU6Mjg=,T3V0Y29tZU5vZGU6NjEwMDQ5MQ==,-1665.0,-1665.0,-1665.0,-1665.0,T3V0Y29tZU5vZGU6NjEwMDQ5Mg==,765.0,765.0,765.0,765.0
T2ZmZXJUYWJsZU9mZmVyTm9kZToxMDMxOTc5MTI=,RmlnaHROb2RlOjU4MDYw,U3BvcnRzYm9va05vZGU6MjE=,T3V0Y29tZU5vZGU6NjExMDg5Ng==,-222.0,-222.0,-222.0,-222.0,T3V0Y29tZU5vZGU6NjExMDg5NQ==,151.0,151.0,151.0,151.0
T2ZmZXJUYWJsZU9mZmVyTm9kZToxMDMxOTYyNzY=,RmlnaHROb2RlOjU4MDYw,U3BvcnRzYm9va05vZGU6Mjc=,T3V0Y29tZU5vZGU6NjEwODY5OQ==,-188.0,-188.0,-188.0,-188.0,T3V0Y29tZU5vZGU6NjEwODcwMA==,140.0,140.0,140.0,140.0
T2ZmZXJUYWJsZU9mZmVyTm9kZToxMDMxOTYwNjU=,RmlnaHROb2RlOjU4MDYw,U3BvcnRzYm9va05vZGU6MTA=,T3V0Y29tZU5vZGU6NjEwODQ1NQ==,-180.0,-200.0,-200.0,-170.0,T3V0Y29tZU5vZGU6NjEwODQ1NA==,150.0,140.0,160.0,160.0
T2ZmZXJUYWJsZU9mZmVyTm9kZToxMDMxOTc3MzM=,RmlnaHROb2RlOjU4MDYw,U3BvcnRzYm9va05vZGU6Mjg=,T3V0Y29tZU5vZGU6NjExMDY2NA==,-185.0,-200.0,-200.0,-185.0,T3V0Y29tZU5vZGU6NjExMDY2NQ==,142.0,142.0,150.0,150.0
T2ZmZXJUYWJsZU9mZmVyTm9kZToxMDMxOTc3Mjk=,RmlnaHROb2RlOjU4NDkx,U3BvcnRzYm9va05vZGU6Mjg=,T3V0Y29tZU5vZGU6NjExMDY1Ng==,-600.0,-600.0,-600.0,-600.0,T3V0Y29tZU5vZGU6NjExMDY1Nw==,350.0,350.0,350.0,350.0
T2ZmZXJUYWJsZU9mZmVyTm9kZToxMDMxOTYwNjY=,RmlnaHROb2RlOjU4NDkx,U3BvcnRzYm9va05vZGU6MTA=,T3V0Y29tZU5vZGU6NjEwODQ1Nw==,-600.0,-600.0,-475.0,-440.0,T3V0Y29tZU5vZGU6NjEwODQ1Ng==,425.0,340.0,375.0,425.0
T2ZmZXJUYWJsZU9mZmVyTm9kZToxMDMxOTYyODQ=,RmlnaHROb2RlOjU4NDkx,U3BvcnRzYm9va05vZGU6Mjc=,T3V0Y29tZU5vZGU6NjEwODcxNQ==,-549.0,-549.0,-549.0,-549.0,T3V0Y29tZU5vZGU6NjEwODcxNg==,350.0,350.0,350.0,350.0
T2ZmZXJUYWJsZU9mZmVyTm9kZToxMDMxOTYwNTc=,RmlnaHROb2RlOjU4MDEw,U3BvcnRzYm9va05vZGU6MTA=,T3V0Y29tZU5vZGU6NjEwODQzOQ==,-200.0,-200.0,-178.0,-105.0,T3V0Y29tZU5vZGU6NjEwODQzOA==,160.0,-125.0,148.0,160.0
T2ZmZXJUYWJsZU9mZmVyTm9kZToxMDMxOTc3MDE=,RmlnaHROb2RlOjU4MDEw,U3BvcnRzYm9va05vZGU6MjE=,T3V0Y29tZU5vZGU6NjExMDYyMQ==,-238.0,-238.0,-238.0,-238.0,T3V0Y29tZU5vZGU6NjExMDYyMA==,159.0,159.0,159.0,159.0
T2ZmZXJUYWJsZU9mZmVyTm9kZToxMDMxOTYyODA=,RmlnaHROb2RlOjU4MDEw,U3BvcnRzYm9va05vZGU6Mjc=,T3V0Y29tZU5vZGU6NjEwODcwNw==,-200.0,-200.0,-125.0,-125.0,T3V0Y29tZU5vZGU6NjEwODcwOA==,150.0,-105.0,-105.0,150.0
T2ZmZXJUYWJsZU9mZmVyTm9kZToxMDMxOTc3MzI=,RmlnaHROb2RlOjU4MDEw,U3BvcnRzYm9va05vZGU6Mjg=,T3V0Y29tZU5vZGU6NjExMDY2Mg==,-130.0,-200.0,-200.0,-130.0,T3V0Y29tZU5vZGU6NjExMDY2Mw==,-110.0,-110.0,150.0,150.0
T2ZmZXJUYWJsZU9mZmVyTm9kZToxMDMxOTYyNzg=,RmlnaHROb2RlOjU4MDEx,U3BvcnRzYm9va05vZGU6Mjc=,T3V0Y29tZU5vZGU6NjEwODcwMw==,-800.0,-800.0,-800.0,-800.0,T3V0Y29tZU5vZGU6NjEwODcwNA==,450.0,450.0,450.0,450.0
T2ZmZXJUYWJsZU9mZmVyTm9kZToxMDMxOTc3MzE=,RmlnaHROb2RlOjU4MDEx,U3BvcnRzYm9va05vZGU6Mjg=,T3V0Y29tZU5vZGU6NjExMDY2MA==,-910.0,-910.0,-715.0,-715.0,T3V0Y29tZU5vZGU6NjExMDY2MQ==,460.0,415.0,415.0,460.0
T2ZmZXJUYWJsZU9mZmVyTm9kZToxMDMxOTYwNTg=,RmlnaHROb2RlOjU4MDEx,U3BvcnRzYm9va05vZGU6MTA=,T3V0Y29tZU5vZGU6NjEwODQ0MA==,-165.0,-800.0,-740.0,-165.0,T3V0Y29tZU5vZGU6NjEwODQ0MQ==,135.0,135.0,540.0,550.0
T2ZmZXJUYWJsZU9mZmVyTm9kZToxMDMxOTYwNTk=,RmlnaHROb2RlOjU4NDkw,U3BvcnRzYm9va05vZGU6MTA=,T3V0Y29tZU5vZGU6NjEwODQ0Mg==,120.0,120.0,205.0,205.0,T3V0Y29tZU5vZGU6NjEwODQ0Mw==,-150.0,-265.0,-265.0,-150.0
T2ZmZXJUYWJsZU9mZmVyTm9kZToxMDMxOTYyNzk=,RmlnaHROb2RlOjU4NDkw,U3BvcnRzYm9va05vZGU6Mjc=,T3V0Y29tZU5vZGU6NjEwODcwNQ==,163.0,163.0,163.0,163.0,T3V0Y29tZU5vZGU6NjEwODcwNg==,-225.0,-225.0,-225.0,-225.0
T2ZmZXJUYWJsZU9mZmVyTm9kZToxMDMxOTc3MzQ=,RmlnaHROb2RlOjU4NDkw,U3BvcnRzYm9va05vZGU6Mjg=,T3V0Y29tZU5vZGU6NjExMDY2Ng==,150.0,150.0,150.0,150.0,T3V0Y29tZU5vZGU6NjExMDY2Nw==,-200.0,-200.0,-200.0,-200.0
T2ZmZXJUYWJsZU9mZmVyTm9kZToxMDMxOTYyODU=,RmlnaHROb2RlOjU4MDMy,U3BvcnRzYm9va05vZGU6Mjc=,T3V0Y29tZU5vZGU6NjEwODcxNw==,-350.0,-450.0,-450.0,-350.0,T3V0Y29tZU5vZGU6NjEwODcxOA==,240.0,240.0,300.0,300.0
T2ZmZXJUYWJsZU9mZmVyTm9kZToxMDMxOTc3MDI=,RmlnaHROb2RlOjU4MDMy,U3BvcnRzYm9va05vZGU6MjE=,T3V0Y29tZU5vZGU6NjExMDYyMw==,-345.0,-345.0,-345.0,-345.0,T3V0Y29tZU5vZGU6NjExMDYyMg==,217.0,217.0,282.0,282.0
T2ZmZXJUYWJsZU9mZmVyTm9kZToxMDMxOTc3Mzc=,RmlnaHROb2RlOjU4MDMy,U3BvcnRzYm9va05vZGU6Mjg=,T3V0Y29tZU5vZGU6NjExMDY3Mg==,-310.0,-450.0,-450.0,-310.0,T3V0Y29tZU5vZGU6NjExMDY3Mw==,205.0,205.0,275.0,275.0
T2ZmZXJUYWJsZU9mZmVyTm9kZToxMDMxOTYwNjA=,RmlnaHROb2RlOjU4MDMy,U3BvcnRzYm9va05vZGU6MTA=,T3V0Y29tZU5vZGU6NjEwODQ0NQ==,-115.0,-950.0,-400.0,-115.0,T3V0Y29tZU5vZGU6NjEwODQ0NA==,-115.0,-115.0,300.0,650.0
T2ZmZXJUYWJsZU9mZmVyTm9kZToxMDMxOTYyODI=,RmlnaHROb2RlOjU4MTQ5,U3BvcnRzYm9va05vZGU6Mjc=,T3V0Y29tZU5vZGU6NjEwODcxMQ==,-175.0,-188.0,-188.0,-175.0,T3V0Y29tZU5vZGU6NjEwODcxMg==,130.0,130.0,140.0,140.0
T2ZmZXJUYWJsZU9mZmVyTm9kZToxMDMxOTc3MDQ=,RmlnaHROb2RlOjU4MTQ5,U3BvcnRzYm9va05vZGU6MjE=,T3V0Y29tZU5vZGU6NjExMDYyNw==,-200.0,-200.0,-200.0,-200.0,T3V0Y29tZU5vZGU6NjExMDYyNg==,135.0,135.0,163.0,163.0
T2ZmZXJUYWJsZU9mZmVyTm9kZToxMDMxOTc3MzA=,RmlnaHROb2RlOjU4MTQ5,U3BvcnRzYm9va05vZGU6Mjg=,T3V0Y29tZU5vZGU6NjExMDY1OA==,-204.0,-303.0,-263.0,-204.0,T3V0Y29tZU5vZGU6NjExMDY1OQ==,154.0,154.0,183.0,203.0
T2ZmZXJUYWJsZU9mZmVyTm9kZToxMDMxOTYwNjE=,RmlnaHROb2RlOjU4MTQ5,U3BvcnRzYm9va05vZGU6MTA=,T3V0Y29tZU5vZGU6NjEwODQ0Nw==,-180.0,-300.0,-265.0,-150.0,T3V0Y29tZU5vZGU6NjEwODQ0Ng==,150.0,120.0,205.0,240.0
T2ZmZXJUYWJsZU9mZmVyTm9kZToxMDMxOTYyNzc=,RmlnaHROb2RlOjU4MDU5,U3BvcnRzYm9va05vZGU6Mjc=,T3V0Y29tZU5vZGU6NjEwODcwMQ==,-450.0,-450.0,-450.0,-450.0,T3V0Y29tZU5vZGU6NjEwODcwMg==,300.0,300.0,300.0,300.0
T2ZmZXJUYWJsZU9mZmVyTm9kZToxMDMxOTYwNjM=,RmlnaHROb2RlOjU4MDU5,U3BvcnRzYm9va05vZGU6MTA=,T3V0Y29tZU5vZGU6NjEwODQ1MA==,-180.0,-550.0,-550.0,-180.0,T3V0Y29tZU5vZGU6NjEwODQ1MQ==,150.0,150.0,400.0,400.0
T2ZmZXJUYWJsZU9mZmVyTm9kZToxMDMxOTYwNjQ=,RmlnaHROb2RlOjU4MTYx,U3BvcnRzYm9va05vZGU6MTA=,T3V0Y29tZU5vZGU6NjEwODQ1Mw==,-200.0,-350.0,-305.0,-200.0,T3V0Y29tZU5vZGU6NjEwODQ1Mg==,160.0,160.0,245.0,275.0
T2ZmZXJUYWJsZU9mZmVyTm9kZToxMDMxOTYyODE=,RmlnaHROb2RlOjU4MTYx,U3BvcnRzYm9va05vZGU6Mjc=,T3V0Y29tZU5vZGU6NjEwODcwOQ==,-200.0,-275.0,-275.0,-200.0,T3V0Y29tZU5vZGU6NjEwODcxMA==,150.0,150.0,200.0,200.0
T2ZmZXJUYWJsZU9mZmVyTm9kZToxMDMxOTc3MzY=,RmlnaHROb2RlOjU4MTYx,U3BvcnRzYm9va05vZGU6Mjg=,T3V0Y29tZU5vZGU6NjExMDY3MA==,-280.0,-280.0,-280.0,-280.0,T3V0Y29tZU5vZGU6NjExMDY3MQ==,190.0,190.0,190.0,190.0
T2ZmZXJUYWJsZU9mZmVyTm9kZToxMDMxOTYyODM=,RmlnaHROb2RlOjU4MDU4,U3BvcnRzYm9va05vZGU6Mjc=,T3V0Y29tZU5vZGU6NjEwODcxMw==,-150.0,-225.0,-225.0,-150.0,T3V0Y29tZU5vZGU6NjEwODcxNA==,110.0,110.0,163.0,163.0
T2ZmZXJUYWJsZU9mZmVyTm9kZToxMDMxOTYwNjI=,RmlnaHROb2RlOjU4MDU4,U3BvcnRzYm9va05vZGU6MTA=,T3V0Y29tZU5vZGU6NjEwODQ0OA==,160.0,-225.0,-205.0,160.0,T3V0Y29tZU5vZGU6NjEwODQ0OQ==,-200.0,-200.0,165.0,185.0
T2ZmZXJUYWJsZU9mZmVyTm9kZToxMDMxOTc3MzU=,RmlnaHROb2RlOjU4MDU4,U3BvcnRzYm9va05vZGU6Mjg=,T3V0Y29tZU5vZGU6NjExMDY2OA==,-210.0,-210.0,-210.0,-210.0,T3V0Y29tZU5vZGU6NjExMDY2OQ==,155.0,155.0,155.0,155.0
T2ZmZXJUYWJsZU9mZmVyTm9kZToxMDMxOTc3MDM=,RmlnaHROb2RlOjU4MDU4,U3BvcnRzYm9va05vZGU6MjE=,T3V0Y29tZU5vZGU6NjExMDYyNQ==,-189.0,-189.0,-189.0,-189.0,T3V0Y29tZU5vZGU6NjExMDYyNA==,124.0,124.0,124.0,124.0
T2ZmZXJUYWJsZU9mZmVyTm9kZToxMDMxOTgzMzc=,RmlnaHROb2RlOjU4MzU5,U3BvcnRzYm9va05vZGU6Mjc=,T3V0Y29tZU5vZGU6NjExMTY4OQ==,-250.0,-250.0,-138.0,-138.0,T3V0Y29tZU5vZGU6NjExMTY5MA==,175.0,105.0,105.0,175.0
T2ZmZXJUYWJsZU9mZmVyTm9kZToxMDMxOTk0NTU=,RmlnaHROb2RlOjU4MzU5,U3BvcnRzYm9va05vZGU6Mjg=,T3V0Y29tZU5vZGU6NjExMzM4NQ==,-182.0,-182.0,-179.0,-130.0,T3V0Y29tZU5vZGU6NjExMzM4NA==,142.0,-110.0,139.0,142.0
T2ZmZXJUYWJsZU9mZmVyTm9kZToxMDMxOTgyOTI=,RmlnaHROb2RlOjU4MzU5,U3BvcnRzYm9va05vZGU6MTA=,T3V0Y29tZU5vZGU6NjExMTU5OQ==,160.0,-300.0,-180.0,160.0,T3V0Y29tZU5vZGU6NjExMTYwMA==,-200.0,-200.0,150.0,240.0
T2ZmZXJUYWJsZU9mZmVyTm9kZToxMDMxOTgzNTE=,RmlnaHROb2RlOjU4MzU5,U3BvcnRzYm9va05vZGU6MjE=,T3V0Y29tZU5vZGU6NjExMTcxNw==,-286.0,-286.0,-167.0,-167.0,T3V0Y29tZU5vZGU6NjExMTcxOA==,185.0,113.0,113.0,185.0
T2ZmZXJUYWJsZU9mZmVyTm9kZToxMDMxOTgyODE=,RmlnaHROb2RlOjU3NjM4,U3BvcnRzYm9va05vZGU6MTA=,T3V0Y29tZU5vZGU6NjExMTU3Nw==,160.0,-139.0,135.0,175.0,T3V0Y29tZU5vZGU6NjExMTU3OA==,-200.0,-215.0,-165.0,109.0
T2ZmZXJUYWJsZU9mZmVyTm9kZToxMDMxOTk0NjY=,RmlnaHROb2RlOjU3NjM4,U3BvcnRzYm9va05vZGU6Mjg=,T3V0Y29tZU5vZGU6NjExMzQwNg==,142.0,124.0,124.0,154.0,T3V0Y29tZU5vZGU6NjExMzQwNw==,-185.0,-204.0,-164.0,-164.0
T2ZmZXJUYWJsZU9mZmVyTm9kZToxMDMxOTgzNDM=,RmlnaHROb2RlOjU3NjM4,U3BvcnRzYm9va05vZGU6Mjc=,T3V0Y29tZU5vZGU6NjExMTcwMQ==,-120.0,-120.0,130.0,150.0,T3V0Y29tZU5vZGU6NjExMTcwMg==,-110.0,-200.0,-175.0,-110.0
T2ZmZXJUYWJsZU9mZmVyTm9kZToxMDMxOTk0NTc=,RmlnaHROb2RlOjU4MjQw,U3BvcnRzYm9va05vZGU6Mjg=,T3V0Y29tZU5vZGU6NjExMzM4OA==,-1000.0,-1667.0,-1667.0,-1000.0,T3V0Y29tZU5vZGU6NjExMzM4OQ==,500.0,500.0,767.0,767.0
T2ZmZXJUYWJsZU9mZmVyTm9kZToxMDMxOTg0ODE=,RmlnaHROb2RlOjU4MjQw,U3BvcnRzYm9va05vZGU6MjE=,T3V0Y29tZU5vZGU6NjExMTk3OA==,-714.0,-2000.0,-1111.0,-714.0,T3V0Y29tZU5vZGU6NjExMTk3Nw==,388.0,388.0,475.0,635.0
T2ZmZXJUYWJsZU9mZmVyTm9kZToxMDMxOTgyODc=,RmlnaHROb2RlOjU4MjQw,U3BvcnRzYm9va05vZGU6MTA=,T3V0Y29tZU5vZGU6NjExMTU5MA==,-200.0,-1800.0,-1800.0,-200.0,T3V0Y29tZU5vZGU6NjExMTU4OQ==,160.0,160.0,900.0,900.0
T2ZmZXJUYWJsZU9mZmVyTm9kZToxMDMxOTgzNDY=,RmlnaHROb2RlOjU4MjQw,U3BvcnRzYm9va05vZGU6Mjc=,T3V0Y29tZU5vZGU6NjExMTcwNw==,-549.0,-1408.0,-1408.0,-549.0,T3V0Y29tZU5vZGU6NjExMTcwOA==,350.0,350.0,600.0,600.0
T2ZmZXJUYWJsZU9mZmVyTm9kZToxMDMxOTgzNDQ=,RmlnaHROb2RlOjU4MTcx,U3BvcnRzYm9va05vZGU6Mjc=,T3V0Y29tZU5vZGU6NjExMTcwMw==,-150.0,-250.0,-200.0,-150.0,T3V0Y29tZU5vZGU6NjExMTcwNA==,110.0,110.0,150.0,175.0
T2ZmZXJUYWJsZU9mZmVyTm9kZToxMDMxOTg0MzI=,RmlnaHROb2RlOjU4MTcx,U3BvcnRzYm9va05vZGU6MjE=,T3V0Y29tZU5vZGU6NjExMTg4MA==,-164.0,-273.0,-212.0,-164.0,T3V0Y29tZU5vZGU6NjExMTg3OQ==,113.0,113.0,144.0,178.0
T2ZmZXJUYWJsZU9mZmVyTm9kZToxMDMxOTgyODQ=,RmlnaHROb2RlOjU4MTcx,U3BvcnRzYm9va05vZGU6MTA=,T3V0Y29tZU5vZGU6NjExMTU4Mw==,120.0,-360.0,-220.0,120.0,T3V0Y29tZU5vZGU6NjExMTU4NA==,-150.0,-150.0,180.0,285.0
T2ZmZXJUYWJsZU9mZmVyTm9kZToxMDMxOTk0NjI=,RmlnaHROb2RlOjU4MTcx,U3BvcnRzYm9va05vZGU6Mjg=,T3V0Y29tZU5vZGU6NjExMzM5OA==,-185.0,-208.0,-208.0,-185.0,T3V0Y29tZU5vZGU6NjExMzM5OQ==,142.0,142.0,158.0,158.0
T2ZmZXJUYWJsZU9mZmVyTm9kZToxMDMxOTgzNDI=,RmlnaHROb2RlOjYzNTIx,U3BvcnRzYm9va05vZGU6Mjc=,T3V0Y29tZU5vZGU6NjExMTcwMA==,-150.0,-200.0,-200.0,-150.0,T3V0Y29tZU5vZGU6NjExMTY5OQ==,110.0,110.0,150.0,150.0
T2ZmZXJUYWJsZU9mZmVyTm9kZToxMDMxOTgzMTE=,RmlnaHROb2RlOjYzNTIx,U3BvcnRzYm9va05vZGU6MjE=,T3V0Y29tZU5vZGU6NjExMTYzNw==,-169.0,-169.0,-169.0,-169.0,T3V0Y29tZU5vZGU6NjExMTYzOA==,118.0,118.0,170.0,182.0
T2ZmZXJUYWJsZU9mZmVyTm9kZToxMDMxOTgyODM=,RmlnaHROb2RlOjYzNTIx,U3BvcnRzYm9va05vZGU6MTA=,T3V0Y29tZU5vZGU6NjExMTU4Mg==,-160.0,-275.0,-200.0,-140.0,T3V0Y29tZU5vZGU6NjExMTU4MQ==,130.0,110.0,160.0,215.0
T2ZmZXJUYWJsZU9mZmVyTm9kZToxMDMxOTk0NjA=,RmlnaHROb2RlOjYzNTIx,U3BvcnRzYm9va05vZGU6Mjg=,T3V0Y29tZU5vZGU6NjExMzM5NQ==,-225.0,-225.0,-225.0,-225.0,T3V0Y29tZU5vZGU6NjExMzM5NA==,165.0,165.0,165.0,165.0
T2ZmZXJUYWJsZU9mZmVyTm9kZToxMDMxOTgzMzU=,RmlnaHROb2RlOjU4MzQ1,U3BvcnRzYm9va05vZGU6Mjc=,T3V0Y29tZU5vZGU6NjExMTY4NQ==,-1000.0,-2000.0,-2000.0,-1000.0,T3V0Y29tZU5vZGU6NjExMTY4Ng==,500.0,500.0,700.0,700.0
T2ZmZXJUYWJsZU9mZmVyTm9kZToxMDMxOTgzNTI=,RmlnaHROb2RlOjU4MzQ1,U3BvcnRzYm9va05vZGU6MjE=,T3V0Y29tZU5vZGU6NjExMTcyMA==,-1667.0,-10000.0,-2549.0,-1667.0,T3V0Y29tZU5vZGU6NjExMTcxOQ==,600.0,600.0,870.0,1129.0
T2ZmZXJUYWJsZU9mZmVyTm9kZToxMDMxOTgyODU=,RmlnaHROb2RlOjU4MzQ1,U3BvcnRzYm9va05vZGU6MTA=,T3V0Y29tZU5vZGU6NjExMTU4Ng==,-300.0,-3300.0,-3300.0,-300.0,T3V0Y29tZU5vZGU6NjExMTU4NQ==,240.0,240.0,1400.0,1400.0
T2ZmZXJUYWJsZU9mZmVyTm9kZToxMDMxOTk0NjM=,RmlnaHROb2RlOjU4MzQ1,U3BvcnRzYm9va05vZGU6Mjg=,T3V0Y29tZU5vZGU6NjExMzQwMA==,-3333.0,-3333.0,-3333.0,-3333.0,T3V0Y29tZU5vZGU6NjExMzQwMQ==,1408.0,1408.0,1408.0,1408.0
T2ZmZXJUYWJsZU9mZmVyTm9kZToxMDMxOTgyODI=,RmlnaHROb2RlOjU3OTk2,U3BvcnRzYm9va05vZGU6MTA=,T3V0Y29tZU5vZGU6NjExMTU4MA==,-600.0,-600.0,-169.0,-169.0,T3V0Y29tZU5vZGU6NjExMTU3OQ==,425.0,139.0,139.0,425.0
T2ZmZXJUYWJsZU9mZmVyTm9kZToxMDMxOTk0Njc=,RmlnaHROb2RlOjU3OTk2,U3BvcnRzYm9va05vZGU6Mjg=,T3V0Y29tZU5vZGU6NjExMzQwOA==,-185.0,-217.0,-169.0,-169.0,T3V0Y29tZU5vZGU6NjExMzQwOQ==,142.0,129.0,129.0,162.0
T2ZmZXJUYWJsZU9mZmVyTm9kZToxMDMxOTgzNTQ=,RmlnaHROb2RlOjU3OTk2,U3BvcnRzYm9va05vZGU6MjE=,T3V0Y29tZU5vZGU6NjExMTcyNA==,-294.0,-345.0,-200.0,-200.0,T3V0Y29tZU5vZGU6NjExMTcyMw==,189.0,137.0,137.0,218.0
T2ZmZXJUYWJsZU9mZmVyTm9kZToxMDMxOTgzNDU=,RmlnaHROb2RlOjU3OTk2,U3BvcnRzYm9va05vZGU6Mjc=,T3V0Y29tZU5vZGU6NjExMTcwNQ==,-275.0,-275.0,-180.0,-180.0,T3V0Y29tZU5vZGU6NjExMTcwNg==,200.0,130.0,130.0,200.0
T2ZmZXJUYWJsZU9mZmVyTm9kZToxMDMxOTgyOTQ=,RmlnaHROb2RlOjU4MzQ3,U3BvcnRzYm9va05vZGU6MTA=,T3V0Y29tZU5vZGU6NjExMTYwNA==,-300.0,-400.0,-325.0,-300.0,T3V0Y29tZU5vZGU6NjExMTYwMw==,240.0,240.0,250.0,300.0
T2ZmZXJUYWJsZU9mZmVyTm9kZToxMDMxOTgzMDc=,RmlnaHROb2RlOjU4MzQ3,U3BvcnRzYm9va05vZGU6MjE=,T3V0Y29tZU5vZGU6NjExMTYzMA==,-357.0,-455.0,-455.0,-357.0,T3V0Y29tZU5vZGU6NjExMTYyOQ==,226.0,226.0,266.0,282.0
T2ZmZXJUYWJsZU9mZmVyTm9kZToxMDMxOTk0NTg=,RmlnaHROb2RlOjU4MzQ3,U3BvcnRzYm9va05vZGU6Mjg=,T3V0Y29tZU5vZGU6NjExMzM5MA==,-355.0,-400.0,-385.0,-355.0,T3V0Y29tZU5vZGU6NjExMzM5MQ==,230.0,230.0,245.0,250.0
T2ZmZXJUYWJsZU9mZmVyTm9kZToxMDMxOTgzMzg=,RmlnaHROb2RlOjU4MzQ3,U3BvcnRzYm9va05vZGU6Mjc=,T3V0Y29tZU5vZGU6NjExMTY5MQ==,-275.0,-333.0,-333.0,-275.0,T3V0Y29tZU5vZGU6NjExMTY5Mg==,200.0,200.0,225.0,225.0
T2ZmZXJUYWJsZU9mZmVyTm9kZToxMDMxOTgyOTM=,RmlnaHROb2RlOjU4MzU4,U3BvcnRzYm9va05vZGU6MTA=,T3V0Y29tZU5vZGU6NjExMTYwMg==,-400.0,-900.0,-650.0,-400.0,T3V0Y29tZU5vZGU6NjExMTYwMQ==,300.0,300.0,475.0,600.0
T2ZmZXJUYWJsZU9mZmVyTm9kZToxMDMxOTgzNDA=,RmlnaHROb2RlOjU4MzU4,U3BvcnRzYm9va05vZGU6Mjc=,T3V0Y29tZU5vZGU6NjExMTY5NQ==,-800.0,-800.0,-549.0,-549.0,T3V0Y29tZU5vZGU6NjExMTY5Ng==,450.0,350.0,350.0,450.0
T2ZmZXJUYWJsZU9mZmVyTm9kZToxMDMxOTk0NDg=,RmlnaHROb2RlOjU4MzU4,U3BvcnRzYm9va05vZGU6MjE=,T3V0Y29tZU5vZGU6NjExMzM3MQ==,-667.0,-667.0,-667.0,-667.0,T3V0Y29tZU5vZGU6NjExMzM3MA==,380.0,380.0,385.0,385.0
T2ZmZXJUYWJsZU9mZmVyTm9kZToxMDMxOTk0NTY=,RmlnaHROb2RlOjU4MzU4,U3BvcnRzYm9va05vZGU6Mjg=,T3V0Y29tZU5vZGU6NjExMzM4Ng==,-500.0,-588.0,-588.0,-500.0,T3V0Y29tZU5vZGU6NjExMzM4Nw==,300.0,300.0,348.0,348.0
T2ZmZXJUYWJsZU9mZmVyTm9kZToxMDMxOTgyODk=,RmlnaHROb2RlOjU4MzQ2,U3BvcnRzYm9va05vZGU6MTA=,T3V0Y29tZU5vZGU6NjExMTU5Mw==,-200.0,-1200.0,-1200.0,-200.0,T3V0Y29tZU5vZGU6NjExMTU5NA==,160.0,160.0,750.0,750.0
T2ZmZXJUYWJsZU9mZmVyTm9kZToxMDMxOTgzMzQ=,RmlnaHROb2RlOjU4MzQ2,U3BvcnRzYm9va05vZGU6Mjc=,T3V0Y29tZU5vZGU6NjExMTY4Mw==,-1000.0,-1000.0,-1000.0,-1000.0,T3V0Y29tZU5vZGU6NjExMTY4NA==,500.0,500.0,500.0,500.0
T2ZmZXJUYWJsZU9mZmVyTm9kZToxMDMxOTk0NTk=,RmlnaHROb2RlOjU4MzQ2,U3BvcnRzYm9va05vZGU6Mjg=,T3V0Y29tZU5vZGU6NjExMzM5Mw==,-1000.0,-1250.0,-1250.0,-1000.0,T3V0Y29tZU5vZGU6NjExMzM5Mg==,500.0,500.0,650.0,650.0
T2ZmZXJUYWJsZU9mZmVyTm9kZToxMDMxOTgzMzk=,RmlnaHROb2RlOjU4MTcy,U3BvcnRzYm9va05vZGU6Mjc=,T3V0Y29tZU5vZGU6NjExMTY5Mw==,-275.0,-350.0,-350.0,-275.0,T3V0Y29tZU5vZGU6NjExMTY5NA==,200.0,200.0,240.0,240.0
T2ZmZXJUYWJsZU9mZmVyTm9kZToxMDMxOTk0NjU=,RmlnaHROb2RlOjU4MTcy,U3BvcnRzYm9va05vZGU6Mjg=,T3V0Y29tZU5vZGU6NjExMzQwNA==,-345.0,-455.0,-435.0,-345.0,T3V0Y29tZU5vZGU6NjExMzQwNQ==,225.0,225.0,270.0,280.0
T2ZmZXJUYWJsZU9mZmVyTm9kZToxMDMxOTgyOTA=,RmlnaHROb2RlOjU4MTcy,U3BvcnRzYm9va05vZGU6MTA=,T3V0Y29tZU5vZGU6NjExMTU5NQ==,-115.0,-450.0,-425.0,-115.0,T3V0Y29tZU5vZGU6NjExMTU5Ng==,-115.0,-115.0,325.0,350.0
T2ZmZXJUYWJsZU9mZmVyTm9kZToxMDMxOTgzMTA=,RmlnaHROb2RlOjU4MTcy,U3BvcnRzYm9va05vZGU6MjE=,T3V0Y29tZU5vZGU6NjExMTYzNg==,-357.0,-417.0,-357.0,-323.0,T3V0Y29tZU5vZGU6NjExMTYzNQ==,226.0,208.0,235.0,250.0
T2ZmZXJUYWJsZU9mZmVyTm9kZToxMDMxOTgzNDE=,RmlnaHROb2RlOjU4MTgy,U3BvcnRzYm9va05vZGU6Mjc=,T3V0Y29tZU5vZGU6NjExMTY5Nw==,-350.0,-549.0,-549.0,-350.0,T3V0Y29tZU5vZGU6NjExMTY5OA==,240.0,240.0,350.0,350.0
T2ZmZXJUYWJsZU9mZmVyTm9kZToxMDMxOTgyODg=,RmlnaHROb2RlOjU4MTgy,U3BvcnRzYm9va05vZGU6MTA=,T3V0Y29tZU5vZGU6NjExMTU5MQ==,-150.0,-800.0,-800.0,-150.0,T3V0Y29tZU5vZGU6NjExMTU5Mg==,120.0,120.0,550.0,550.0
T2ZmZXJUYWJsZU9mZmVyTm9kZToxMDMxOTk0NjQ=,RmlnaHROb2RlOjU4MzU3,U3BvcnRzYm9va05vZGU6Mjg=,T3V0Y29tZU5vZGU6NjExMzQwMw==,-120.0,-120.0,109.0,116.0,T3V0Y29tZU5vZGU6NjExMzQwMg==,-120.0,-156.0,-149.0,-120.0
T2ZmZXJUYWJsZU9mZmVyTm9kZToxMDMxOTg0MjM=,RmlnaHROb2RlOjU4MzU3,U3BvcnRzYm9va05vZGU6MjE=,T3V0Y29tZU5vZGU6NjExMTg2MQ==,-120.0,-143.0,-128.0,-118.0,T3V0Y29tZU5vZGU6NjExMTg2Mg==,-120.0,-122.0,-112.0,-101.0
T2ZmZXJUYWJsZU9mZmVyTm9kZToxMDMxOTgyODY=,RmlnaHROb2RlOjU4MzU3,U3BvcnRzYm9va05vZGU6MTA=,T3V0Y29tZU5vZGU6NjExMTU4Nw==,140.0,-140.0,-110.0,170.0,T3V0Y29tZU5vZGU6NjExMTU4OA==,-170.0,-210.0,-120.0,110.0
T2ZmZXJUYWJsZU9mZmVyTm9kZToxMDMxOTgzMzY=,RmlnaHROb2RlOjU4MzU3,U3BvcnRzYm9va05vZGU6Mjc=,T3V0Y29tZU5vZGU6NjExMTY4Nw==,120.0,-138.0,-120.0,120.0,T3V0Y29tZU5vZGU6NjExMTY4OA==,-163.0,-163.0,-110.0,105.0
T2ZmZXJUYWJsZU9mZmVyTm9kZToxMDMyMDAzNjE=,RmlnaHROb2RlOjU4Mjg0,U3BvcnRzYm9va05vZGU6MTA=,T3V0Y29tZU5vZGU6NjExNDcxMA==,-105.0,-1000.0,-950.0,-105.0,T3V0Y29tZU5vZGU6NjExNDcxMQ==,-125.0,-125.0,650.0,700.0
T2ZmZXJUYWJsZU9mZmVyTm9kZToxMDMyMDA1OTM=,RmlnaHROb2RlOjU4Mjg0,U3BvcnRzYm9va05vZGU6Mjc=,T3V0Y29tZU5vZGU6NjExNDk4Ng==,-400.0,-549.0,-549.0,-400.0,T3V0Y29tZU5vZGU6NjExNDk4Nw==,275.0,275.0,350.0,350.0
T2ZmZXJUYWJsZU9mZmVyTm9kZToxMDMyMDIwNjQ=,RmlnaHROb2RlOjU4Mjg0,U3BvcnRzYm9va05vZGU6Mjg=,T3V0Y29tZU5vZGU6NjExNjk4Mw==,-555.0,-665.0,-555.0,-555.0,T3V0Y29tZU5vZGU6NjExNjk4Mg==,330.0,330.0,330.0,390.0
T2ZmZXJUYWJsZU9mZmVyTm9kZToxMDMyMDIxNjY=,RmlnaHROb2RlOjU4Mjg0,U3BvcnRzYm9va05vZGU6MjE=,T3V0Y29tZU5vZGU6NjExNzE4MA==,-667.0,-667.0,-667.0,-667.0,T3V0Y29tZU5vZGU6NjExNzE4MQ==,374.0,347.0,347.0,374.0
T2ZmZXJUYWJsZU9mZmVyTm9kZToxMDMyMDAzNjI=,RmlnaHROb2RlOjU4MTk4,U3BvcnRzYm9va05vZGU6MTA=,T3V0Y29tZU5vZGU6NjExNDcxMg==,135.0,135.0,240.0,240.0,T3V0Y29tZU5vZGU6NjExNDcxMw==,-165.0,-300.0,-300.0,-165.0
T2ZmZXJUYWJsZU9mZmVyTm9kZToxMDMyMDIxNzE=,RmlnaHROb2RlOjU4MTk4,U3BvcnRzYm9va05vZGU6MjE=,T3V0Y29tZU5vZGU6NjExNzE5MA==,178.0,178.0,178.0,178.0,T3V0Y29tZU5vZGU6NjExNzE5MQ==,-270.0,-270.0,-270.0,-270.0
T2ZmZXJUYWJsZU9mZmVyTm9kZToxMDMyMDA1OTI=,RmlnaHROb2RlOjU4MTk4,U3BvcnRzYm9va05vZGU6Mjc=,T3V0Y29tZU5vZGU6NjExNDk4NA==,163.0,163.0,163.0,163.0,T3V0Y29tZU5vZGU6NjExNDk4NQ==,-225.0,-225.0,-225.0,-225.0
T2ZmZXJUYWJsZU9mZmVyTm9kZToxMDMyMDIwNjk=,RmlnaHROb2RlOjU4MTk4,U3BvcnRzYm9va05vZGU6Mjg=,T3V0Y29tZU5vZGU6NjExNjk5Mw==,175.0,175.0,175.0,175.0,T3V0Y29tZU5vZGU6NjExNjk5Mg==,-250.0,-250.0,-250.0,-245.0
T2ZmZXJUYWJsZU9mZmVyTm9kZToxMDMyMDAzNjA=,RmlnaHROb2RlOjU4MTI2,U3BvcnRzYm9va05vZGU6MTA=,T3V0Y29tZU5vZGU6NjExNDcwOA==,160.0,-285.0,-215.0,160.0,T3V0Y29tZU5vZGU6NjExNDcwOQ==,-200.0,-200.0,175.0,225.0
T2ZmZXJUYWJsZU9mZmVyTm9kZToxMDMyMDIxNjc=,RmlnaHROb2RlOjU4MTI2,U3BvcnRzYm9va05vZGU6MjE=,T3V0Y29tZU5vZGU6NjExNzE4Mg==,-256.0,-256.0,-256.0,-256.0,T3V0Y29tZU5vZGU6NjExNzE4Mw==,176.0,162.0,162.0,176.0
T2ZmZXJUYWJsZU9mZmVyTm9kZToxMDMyMDA2MDI=,RmlnaHROb2RlOjU4MTI2,U3BvcnRzYm9va05vZGU6Mjc=,T3V0Y29tZU5vZGU6NjExNTAwNA==,-225.0,-225.0,-200.0,-200.0,T3V0Y29tZU5vZGU6NjExNTAwNQ==,163.0,150.0,150.0,163.0
T2ZmZXJUYWJsZU9mZmVyTm9kZToxMDMyMDIwNjY=,RmlnaHROb2RlOjU4MTI2,U3BvcnRzYm9va05vZGU6Mjg=,T3V0Y29tZU5vZGU6NjExNjk4Nw==,-210.0,-225.0,-215.0,-210.0,T3V0Y29tZU5vZGU6NjExNjk4Ng==,155.0,155.0,160.0,165.0
T2ZmZXJUYWJsZU9mZmVyTm9kZToxMDMyMDIxNzU=,RmlnaHROb2RlOjU4MzU2,U3BvcnRzYm9va05vZGU6MjE=,T3V0Y29tZU5vZGU6NjExNzE5OQ==,141.0,141.0,141.0,141.0,T3V0Y29tZU5vZGU6NjExNzE5OA==,-208.0,-208.0,-208.0,-208.0
T2ZmZXJUYWJsZU9mZmVyTm9kZToxMDMyMDAzNzA=,RmlnaHROb2RlOjU4MzU2,U3BvcnRzYm9va05vZGU6MTA=,T3V0Y29tZU5vZGU6NjExNDcyOA==,-115.0,-115.0,135.0,185.0,T3V0Y29tZU5vZGU6NjExNDcyOQ==,-115.0,-225.0,-165.0,-115.0
T2ZmZXJUYWJsZU9mZmVyTm9kZToxMDMyMDA1OTY=,RmlnaHROb2RlOjU4MzU2,U3BvcnRzYm9va05vZGU6Mjc=,T3V0Y29tZU5vZGU6NjExNDk5Mg==,-120.0,-120.0,150.0,150.0,T3V0Y29tZU5vZGU6NjExNDk5Mw==,-110.0,-200.0,-200.0,-110.0
T2ZmZXJUYWJsZU9mZmVyTm9kZToxMDMyMDIwNjE=,RmlnaHROb2RlOjU4MzU2,U3BvcnRzYm9va05vZGU6Mjg=,T3V0Y29tZU5vZGU6NjExNjk3Ng==,139.0,107.0,107.0,167.0,T3V0Y29tZU5vZGU6NjExNjk3Nw==,-179.0,-227.0,-147.0,-147.0
T2ZmZXJUYWJsZU9mZmVyTm9kZToxMDMyMDIxNjg=,RmlnaHROb2RlOjU4Mjg1,U3BvcnRzYm9va05vZGU6MjE=,T3V0Y29tZU5vZGU6NjExNzE4NQ==,161.0,161.0,161.0,161.0,T3V0Y29tZU5vZGU6NjExNzE4NA==,-250.0,-250.0,-250.0,-250.0
T2ZmZXJUYWJsZU9mZmVyTm9kZToxMDMyMDA1OTQ=,RmlnaHROb2RlOjU4Mjg1,U3BvcnRzYm9va05vZGU6Mjc=,T3V0Y29tZU5vZGU6NjExNDk4OA==,163.0,163.0,163.0,163.0,T3V0Y29tZU5vZGU6NjExNDk4OQ==,-225.0,-225.0,-225.0,-225.0
T2ZmZXJUYWJsZU9mZmVyTm9kZToxMDMyMDAzNjM=,RmlnaHROb2RlOjU4Mjg1,U3BvcnRzYm9va05vZGU6MTA=,T3V0Y29tZU5vZGU6NjExNDcxNQ==,-150.0,-150.0,170.0,180.0,T3V0Y29tZU5vZGU6NjExNDcxNA==,120.0,-220.0,-210.0,120.0
T2ZmZXJUYWJsZU9mZmVyTm9kZToxMDMyMDA1OTg=,RmlnaHROb2RlOjU4MTQy,U3BvcnRzYm9va05vZGU6Mjc=,T3V0Y29tZU5vZGU6NjExNDk5Ng==,-1000.0,-1000.0,-1000.0,-1000.0,T3V0Y29tZU5vZGU6NjExNDk5Nw==,500.0,500.0,500.0,500.0
T2ZmZXJUYWJsZU9mZmVyTm9kZToxMDMyMDIxNzA=,RmlnaHROb2RlOjU4MTQy,U3BvcnRzYm9va05vZGU6MjE=,T3V0Y29tZU5vZGU6NjExNzE4OQ==,-1667.0,-1667.0,-1667.0,-1667.0,T3V0Y29tZU5vZGU6NjExNzE4OA==,565.0,565.0,565.0,565.0
T2ZmZXJUYWJsZU9mZmVyTm9kZToxMDMyMDIwNjg=,RmlnaHROb2RlOjU4MTQy,U3BvcnRzYm9va05vZGU6Mjg=,T3V0Y29tZU5vZGU6NjExNjk5MA==,-1110.0,-1110.0,-1110.0,-1110.0,T3V0Y29tZU5vZGU6NjExNjk5MQ==,560.0,560.0,560.0,560.0
T2ZmZXJUYWJsZU9mZmVyTm9kZToxMDMyMDIxNzI=,RmlnaHROb2RlOjU4MjAw,U3BvcnRzYm9va05vZGU6MjE=,T3V0Y29tZU5vZGU6NjExNzE5Mw==,-1000.0,-1000.0,-1000.0,-1000.0,T3V0Y29tZU5vZGU6NjExNzE5Mg==,448.0,448.0,508.0,508.0
T2ZmZXJUYWJsZU9mZmVyTm9kZToxMDMyMDAzNjU=,RmlnaHROb2RlOjU4MjAw,U3BvcnRzYm9va05vZGU6MTA=,T3V0Y29tZU5vZGU6NjExNDcxOQ==,-300.0,-1000.0,-1000.0,-300.0,T3V0Y29tZU5vZGU6NjExNDcxOA==,240.0,240.0,700.0,700.0
T2ZmZXJUYWJsZU9mZmVyTm9kZToxMDMyMDIwNjc=,RmlnaHROb2RlOjU4MjAw,U3BvcnRzYm9va05vZGU6Mjg=,T3V0Y29tZU5vZGU6NjExNjk4OA==,-715.0,-770.0,-770.0,-715.0,T3V0Y29tZU5vZGU6NjExNjk4OQ==,415.0,415.0,435.0,435.0
T2ZmZXJUYWJsZU9mZmVyTm9kZToxMDMyMDA1OTc=,RmlnaHROb2RlOjU4MjAw,U3BvcnRzYm9va05vZGU6Mjc=,T3V0Y29tZU5vZGU6NjExNDk5NA==,-649.0,-649.0,-649.0,-649.0,T3V0Y29tZU5vZGU6NjExNDk5NQ==,400.0,400.0,400.0,400.0
T2ZmZXJUYWJsZU9mZmVyTm9kZToxMDMyMDIxNzM=,RmlnaHROb2RlOjU4Mjg2,U3BvcnRzYm9va05vZGU6MjE=,T3V0Y29tZU5vZGU6NjExNzE5NA==,-294.0,-345.0,-345.0,-294.0,T3V0Y29tZU5vZGU6NjExNzE5NQ==,201.0,201.0,220.0,220.0
T2ZmZXJUYWJsZU9mZmVyTm9kZToxMDMyMDAzNjY=,RmlnaHROb2RlOjU4Mjg2,U3BvcnRzYm9va05vZGU6MTA=,T3V0Y29tZU5vZGU6NjExNDcyMA==,-115.0,-400.0,-350.0,-115.0,T3V0Y29tZU5vZGU6NjExNDcyMQ==,-115.0,-115.0,275.0,300.0
T2ZmZXJUYWJsZU9mZmVyTm9kZToxMDMyMDIwNjM=,RmlnaHROb2RlOjU4Mjg2,U3BvcnRzYm9va05vZGU6Mjg=,T3V0Y29tZU5vZGU6NjExNjk4MQ==,-310.0,-310.0,-280.0,-280.0,T3V0Y29tZU5vZGU6NjExNjk4MA==,205.0,190.0,190.0,205.0
T2ZmZXJUYWJsZU9mZmVyTm9kZToxMDMyMDA1OTk=,RmlnaHROb2RlOjU4Mjg2,U3BvcnRzYm9va05vZGU6Mjc=,T3V0Y29tZU5vZGU6NjExNDk5OA==,-175.0,-225.0,-225.0,-175.0,T3V0Y29tZU5vZGU6NjExNDk5OQ==,130.0,130.0,163.0,163.0
T2ZmZXJUYWJsZU9mZmVyTm9kZToxMDMyMDIxNjk=,RmlnaHROb2RlOjU4MzQ0,U3BvcnRzYm9va05vZGU6MjE=,T3V0Y29tZU5vZGU6NjExNzE4Ng==,218.0,218.0,218.0,218.0,T3V0Y29tZU5vZGU6NjExNzE4Nw==,-333.0,-345.0,-345.0,-333.0
T2ZmZXJUYWJsZU9mZmVyTm9kZToxMDMyMDAzNjc=,RmlnaHROb2RlOjU4MzQ0,U3BvcnRzYm9va05vZGU6MTA=,T3V0Y29tZU5vZGU6NjExNDcyMg==,160.0,160.0,375.0,375.0,T3V0Y29tZU5vZGU6NjExNDcyMw==,-200.0,-500.0,-500.0,-200.0
T2ZmZXJUYWJsZU9mZmVyTm9kZToxMDMyMDA2MDA=,RmlnaHROb2RlOjU4MzQ0,U3BvcnRzYm9va05vZGU6Mjc=,T3V0Y29tZU5vZGU6NjExNTAwMA==,200.0,200.0,200.0,200.0,T3V0Y29tZU5vZGU6NjExNTAwMQ==,-275.0,-275.0,-275.0,-275.0
T2ZmZXJUYWJsZU9mZmVyTm9kZToxMDMyMDIwNjU=,RmlnaHROb2RlOjU4MzQ0,U3BvcnRzYm9va05vZGU6Mjg=,T3V0Y29tZU5vZGU6NjExNjk4NQ==,205.0,205.0,215.0,215.0,T3V0Y29tZU5vZGU6NjExNjk4NA==,-305.0,-325.0,-325.0,-305.0
T2ZmZXJUYWJsZU9mZmVyTm9kZToxMDMyMDIxNzY=,RmlnaHROb2RlOjU4MTk5,U3BvcnRzYm9va05vZGU6MjE=,T3V0Y29tZU5vZGU6NjExNzIwMQ==,-476.0,-476.0,-476.0,-476.0,T3V0Y29tZU5vZGU6NjExNzIwMA==,266.0,266.0,297.0,297.0
T2ZmZXJUYWJsZU9mZmVyTm9kZToxMDMyMDAzNjQ=,RmlnaHROb2RlOjU4MTk5,U3BvcnRzYm9va05vZGU6MTA=,T3V0Y29tZU5vZGU6NjExNDcxNw==,-200.0,-650.0,-650.0,-200.0,T3V0Y29tZU5vZGU6NjExNDcxNg==,160.0,160.0,475.0,475.0
T2ZmZXJUYWJsZU9mZmVyTm9kZToxMDMyMDIwNjI=,RmlnaHROb2RlOjU4MTk5,U3BvcnRzYm9va05vZGU6Mjg=,T3V0Y29tZU5vZGU6NjExNjk3OA==,-435.0,-435.0,-400.0,-400.0,T3V0Y29tZU5vZGU6NjExNjk3OQ==,270.0,250.0,250.0,270.0
T2ZmZXJUYWJsZU9mZmVyTm9kZToxMDMyMDA1OTU=,RmlnaHROb2RlOjU4MTk5,U3BvcnRzYm9va05vZGU6Mjc=,T3V0Y29tZU5vZGU6NjExNDk5MA==,-450.0,-450.0,-400.0,-400.0,T3V0Y29tZU5vZGU6NjExNDk5MQ==,300.0,275.0,275.0,300.0
T2ZmZXJUYWJsZU9mZmVyTm9kZToxMDMyMDAzNjk=,RmlnaHROb2RlOjU4Mjkw,U3BvcnRzYm9va05vZGU6MTA=,T3V0Y29tZU5vZGU6NjExNDcyNw==,120.0,120.0,238.0,240.0,T3V0Y29tZU5vZGU6NjExNDcyNg==,-150.0,-300.0,-298.0,-150.0
T2ZmZXJUYWJsZU9mZmVyTm9kZToxMDMyMDA2MDE=,RmlnaHROb2RlOjU4Mjkw,U3BvcnRzYm9va05vZGU6Mjc=,T3V0Y29tZU5vZGU6NjExNTAwMw==,150.0,150.0,163.0,163.0,T3V0Y29tZU5vZGU6NjExNTAwMg==,-200.0,-225.0,-225.0,-200.0
T2ZmZXJUYWJsZU9mZmVyTm9kZToxMDMyMDIxNzQ=,RmlnaHROb2RlOjU4Mjkw,U3BvcnRzYm9va05vZGU6MjE=,T3V0Y29tZU5vZGU6NjExNzE5Ng==,226.0,226.0,226.0,226.0,T3V0Y29tZU5vZGU6NjExNzE5Nw==,-357.0,-357.0,-357.0,-357.0
T2ZmZXJUYWJsZU9mZmVyTm9kZToxMDMyMDU4OTM=,RmlnaHROb2RlOjU4Njgz,U3BvcnRzYm9va05vZGU6Mjg=,T3V0Y29tZU5vZGU6NjEyMjM3OA==,-200.0,-200.0,-200.0,-200.0,T3V0Y29tZU5vZGU6NjEyMjM3OQ==,150.0,150.0,150.0,150.0
T2ZmZXJUYWJsZU9mZmVyTm9kZToxMDMyMDQyMDc=,RmlnaHROb2RlOjU4Njgz,U3BvcnRzYm9va05vZGU6Mjc=,T3V0Y29tZU5vZGU6NjExOTkzOA==,-200.0,-200.0,-175.0,-175.0,T3V0Y29tZU5vZGU6NjExOTkzOQ==,150.0,130.0,130.0,150.0
T2ZmZXJUYWJsZU9mZmVyTm9kZToxMDMyMDM5OTA=,RmlnaHROb2RlOjU4Njgz,U3BvcnRzYm9va05vZGU6MTA=,T3V0Y29tZU5vZGU6NjExOTYxMg==,-200.0,-200.0,-200.0,-200.0,T3V0Y29tZU5vZGU6NjExOTYxMQ==,160.0,160.0,160.0,160.0
T2ZmZXJUYWJsZU9mZmVyTm9kZToxMDMyMDU0NDA=,RmlnaHROb2RlOjU4MDIz,U3BvcnRzYm9va05vZGU6MjE=,T3V0Y29tZU5vZGU6NjEyMTY0Ng==,179.0,148.0,148.0,179.0,T3V0Y29tZU5vZGU6NjEyMTY0NQ==,-270.0,-270.0,-217.0,-217.0
T2ZmZXJUYWJsZU9mZmVyTm9kZToxMDMyMDQyMDA=,RmlnaHROb2RlOjU4MDIz,U3BvcnRzYm9va05vZGU6Mjc=,T3V0Y29tZU5vZGU6NjExOTkyNA==,175.0,175.0,175.0,175.0,T3V0Y29tZU5vZGU6NjExOTkyNQ==,-250.0,-250.0,-250.0,-250.0
T2ZmZXJUYWJsZU9mZmVyTm9kZToxMDMyMDU4OTQ=,RmlnaHROb2RlOjU4MDIz,U3BvcnRzYm9va05vZGU6Mjg=,T3V0Y29tZU5vZGU6NjEyMjM4MA==,162.0,162.0,162.0,162.0,T3V0Y29tZU5vZGU6NjEyMjM4MQ==,-217.0,-217.0,-217.0,-217.0
T2ZmZXJUYWJsZU9mZmVyTm9kZToxMDMyMDM5ODg=,RmlnaHROb2RlOjU4MDIz,U3BvcnRzYm9va05vZGU6MTA=,T3V0Y29tZU5vZGU6NjExOTYwOA==,190.0,175.0,175.0,190.0,T3V0Y29tZU5vZGU6NjExOTYwNw==,-240.0,-240.0,-215.0,-215.0
T2ZmZXJUYWJsZU9mZmVyTm9kZToxMDMyMDQyMTA=,RmlnaHROb2RlOjU4NDc3,U3BvcnRzYm9va05vZGU6Mjc=,T3V0Y29tZU5vZGU6NjExOTk0NA==,-200.0,-250.0,-250.0,-200.0,T3V0Y29tZU5vZGU6NjExOTk0NQ==,150.0,150.0,175.0,175.0
T2ZmZXJUYWJsZU9mZmVyTm9kZToxMDMyMDU5MTE=,RmlnaHROb2RlOjU4NDc3,U3BvcnRzYm9va05vZGU6MjE=,T3V0Y29tZU5vZGU6NjEyMjQxNQ==,-222.0,-222.0,-222.0,-222.0,T3V0Y29tZU5vZGU6NjEyMjQxNA==,151.0,151.0,157.0,157.0
T2ZmZXJUYWJsZU9mZmVyTm9kZToxMDMyMDM5ODk=,RmlnaHROb2RlOjU4NDc3,U3BvcnRzYm9va05vZGU6MTA=,T3V0Y29tZU5vZGU6NjExOTYxMA==,-200.0,-275.0,-275.0,-200.0,T3V0Y29tZU5vZGU6NjExOTYwOQ==,160.0,160.0,215.0,215.0
T2ZmZXJUYWJsZU9mZmVyTm9kZToxMDMyMDU4OTY=,RmlnaHROb2RlOjU4NDc3,U3BvcnRzYm9va05vZGU6Mjg=,T3V0Y29tZU5vZGU6NjEyMjM4NA==,-263.0,-278.0,-278.0,-263.0,T3V0Y29tZU5vZGU6NjEyMjM4NQ==,183.0,183.0,193.0,193.0
T2ZmZXJUYWJsZU9mZmVyTm9kZToxMDMyMDM5OTQ=,RmlnaHROb2RlOjU4NDc5,U3BvcnRzYm9va05vZGU6MTA=,T3V0Y29tZU5vZGU6NjExOTYxOQ==,190.0,190.0,240.0,240.0,T3V0Y29tZU5vZGU6NjExOTYyMA==,-240.0,-300.0,-300.0,-240.0
T2ZmZXJUYWJsZU9mZmVyTm9kZToxMDMyMDU5MDM=,RmlnaHROb2RlOjU4NDc5,U3BvcnRzYm9va05vZGU6Mjg=,T3V0Y29tZU5vZGU6NjEyMjM5OQ==,203.0,203.0,203.0,203.0,T3V0Y29tZU5vZGU6NjEyMjM5OA==,-303.0,-303.0,-303.0,-303.0
T2ZmZXJUYWJsZU9mZmVyTm9kZToxMDMyMDQyMDU=,RmlnaHROb2RlOjU4NDc5,U3BvcnRzYm9va05vZGU6Mjc=,T3V0Y29tZU5vZGU6NjExOTkzNA==,240.0,240.0,240.0,240.0,T3V0Y29tZU5vZGU6NjExOTkzNQ==,-350.0,-350.0,-350.0,-350.0
T2ZmZXJUYWJsZU9mZmVyTm9kZToxMDMyMDU4OTU=,RmlnaHROb2RlOjU4NDc4,U3BvcnRzYm9va05vZGU6Mjg=,T3V0Y29tZU5vZGU6NjEyMjM4Mw==,-120.0,-120.0,-120.0,-120.0,T3V0Y29tZU5vZGU6NjEyMjM4Mg==,-120.0,-120.0,-120.0,-120.0
T2ZmZXJUYWJsZU9mZmVyTm9kZToxMDMyMDQyMDE=,RmlnaHROb2RlOjU4NDc4,U3BvcnRzYm9va05vZGU6Mjc=,T3V0Y29tZU5vZGU6NjExOTkyNg==,120.0,-110.0,-110.0,120.0,T3V0Y29tZU5vZGU6NjExOTkyNw==,-163.0,-163.0,-120.0,-120.0
T2ZmZXJUYWJsZU9mZmVyTm9kZToxMDMyMDM5OTM=,RmlnaHROb2RlOjU4NDc4,U3BvcnRzYm9va05vZGU6MTA=,T3V0Y29tZU5vZGU6NjExOTYxNw==,120.0,-117.0,-110.0,120.0,T3V0Y29tZU5vZGU6NjExOTYxOA==,-150.0,-150.0,-120.0,-113.0
T2ZmZXJUYWJsZU9mZmVyTm9kZToxMDMyMDU4OTk=,RmlnaHROb2RlOjU4Njg0,U3BvcnRzYm9va05vZGU6Mjg=,T3V0Y29tZU5vZGU6NjEyMjM5MA==,-169.0,-169.0,-156.0,-156.0,T3V0Y29tZU5vZGU6NjEyMjM5MQ==,129.0,116.0,116.0,129.0
T2ZmZXJUYWJsZU9mZmVyTm9kZToxMDMyMDM5OTE=,RmlnaHROb2RlOjU4Njg0,U3BvcnRzYm9va05vZGU6MTA=,T3V0Y29tZU5vZGU6NjExOTYxNA==,-150.0,-170.0,-155.0,-150.0,T3V0Y29tZU5vZGU6NjExOTYxMw==,120.0,120.0,125.0,140.0
T2ZmZXJUYWJsZU9mZmVyTm9kZToxMDMyMDQyMTE=,RmlnaHROb2RlOjU4Njg0,U3BvcnRzYm9va05vZGU6Mjc=,T3V0Y29tZU5vZGU6NjExOTk0Ng==,-150.0,-175.0,-175.0,-150.0,T3V0Y29tZU5vZGU6NjExOTk0Nw==,110.0,110.0,130.0,130.0
T2ZmZXJUYWJsZU9mZmVyTm9kZToxMDMyMDQyMDk=,RmlnaHROb2RlOjU4NDgw,U3BvcnRzYm9va05vZGU6Mjc=,T3V0Y29tZU5vZGU6NjExOTk0Mg==,-3333.0,-3333.0,-3333.0,-3333.0,T3V0Y29tZU5vZGU6NjExOTk0Mw==,900.0,900.0,900.0,900.0
T2ZmZXJUYWJsZU9mZmVyTm9kZToxMDMyMDQwNDc=,RmlnaHROb2RlOjU4NDgw,U3BvcnRzYm9va05vZGU6MjE=,T3V0Y29tZU5vZGU6NjExOTY5MA==,-2500.0,-2500.0,-2500.0,-2500.0,T3V0Y29tZU5vZGU6NjExOTY4OQ==,1139.0,875.0,951.0,1200.0
T2ZmZXJUYWJsZU9mZmVyTm9kZToxMDMyMDM5OTk=,RmlnaHROb2RlOjU4NDgw,U3BvcnRzYm9va05vZGU6MTA=,T3V0Y29tZU5vZGU6NjExOTYzMA==,-500.0,-2500.0,-2500.0,-500.0,T3V0Y29tZU5vZGU6NjExOTYyOQ==,375.0,375.0,1200.0,1200.0
T2ZmZXJUYWJsZU9mZmVyTm9kZToxMDMyMDU4OTI=,RmlnaHROb2RlOjU4NDgw,U3BvcnRzYm9va05vZGU6Mjg=,T3V0Y29tZU5vZGU6NjEyMjM3Ng==,-2500.0,-2500.0,-2500.0,-2500.0,T3V0Y29tZU5vZGU6NjEyMjM3Nw==,1175.0,1175.0,1175.0,1175.0
T2ZmZXJUYWJsZU9mZmVyTm9kZToxMDMyMDU4OTE=,RmlnaHROb2RlOjU4MTU3,U3BvcnRzYm9va05vZGU6MjE=,T3V0Y29tZU5vZGU6NjEyMjM3NQ==,183.0,183.0,196.0,196.0,T3V0Y29tZU5vZGU6NjEyMjM3NA==,-278.0,-303.0,-303.0,-278.0
T2ZmZXJUYWJsZU9mZmVyTm9kZToxMDMyMDU4OTc=,RmlnaHROb2RlOjU4MTU3,U3BvcnRzYm9va05vZGU6Mjg=,T3V0Y29tZU5vZGU6NjEyMjM4Ng==,174.0,174.0,174.0,174.0,T3V0Y29tZU5vZGU6NjEyMjM4Nw==,-244.0,-244.0,-244.0,-244.0
T2ZmZXJUYWJsZU9mZmVyTm9kZToxMDMyMDQyMDI=,RmlnaHROb2RlOjU4MTU3,U3BvcnRzYm9va05vZGU6Mjc=,T3V0Y29tZU5vZGU6NjExOTkyOA==,140.0,140.0,163.0,163.0,T3V0Y29tZU5vZGU6NjExOTkyOQ==,-188.0,-225.0,-225.0,-188.0
T2ZmZXJUYWJsZU9mZmVyTm9kZToxMDMyMDM5OTg=,RmlnaHROb2RlOjU4MTU3,U3BvcnRzYm9va05vZGU6MTA=,T3V0Y29tZU5vZGU6NjExOTYyNw==,120.0,120.0,195.0,195.0,T3V0Y29tZU5vZGU6NjExOTYyOA==,-150.0,-245.0,-245.0,-150.0
T2ZmZXJUYWJsZU9mZmVyTm9kZToxMDMyMDM5OTY=,RmlnaHROb2RlOjU4OTM5,U3BvcnRzYm9va05vZGU6MTA=,T3V0Y29tZU5vZGU6NjExOTYyNA==,-200.0,-200.0,-160.0,-155.0,T3V0Y29tZU5vZGU6NjExOTYyMw==,160.0,125.0,130.0,160.0
T2ZmZXJUYWJsZU9mZmVyTm9kZToxMDMyMDU5MDE=,RmlnaHROb2RlOjU4OTM5,U3BvcnRzYm9va05vZGU6Mjg=,T3V0Y29tZU5vZGU6NjEyMjM5NA==,-161.0,-161.0,-161.0,-156.0,T3V0Y29tZU5vZGU6NjEyMjM5NQ==,121.0,116.0,121.0,121.0
T2ZmZXJUYWJsZU9mZmVyTm9kZToxMDMyMDQyMDg=,RmlnaHROb2RlOjU4OTM5,U3BvcnRzYm9va05vZGU6Mjc=,T3V0Y29tZU5vZGU6NjExOTk0MA==,-188.0,-188.0,-188.0,-188.0,T3V0Y29tZU5vZGU6NjExOTk0MQ==,140.0,140.0,140.0,140.0
T2ZmZXJUYWJsZU9mZmVyTm9kZToxMDMyMDU4ODI=,RmlnaHROb2RlOjU4OTM5,U3BvcnRzYm9va05vZGU6MjE=,T3V0Y29tZU5vZGU6NjEyMjM1Nw==,-182.0,-182.0,-182.0,-182.0,T3V0Y29tZU5vZGU6NjEyMjM1Ng==,125.0,120.0,125.0,125.0
T2ZmZXJUYWJsZU9mZmVyTm9kZToxMDMyMDM5OTc=,RmlnaHROb2RlOjU4MDk1,U3BvcnRzYm9va05vZGU6MTA=,T3V0Y29tZU5vZGU6NjExOTYyNg==,120.0,-315.0,-315.0,120.0,T3V0Y29tZU5vZGU6NjExOTYyNQ==,-150.0,-150.0,255.0,255.0
T2ZmZXJUYWJsZU9mZmVyTm9kZToxMDMyMDU5MDI=,RmlnaHROb2RlOjU4MDk1,U3BvcnRzYm9va05vZGU6Mjg=,T3V0Y29tZU5vZGU6NjEyMjM5Ng==,-312.0,-312.0,-312.0,-312.0,T3V0Y29tZU5vZGU6NjEyMjM5Nw==,207.0,207.0,207.0,207.0
T2ZmZXJUYWJsZU9mZmVyTm9kZToxMDMyMDQyMDQ=,RmlnaHROb2RlOjU4MDk1,U3BvcnRzYm9va05vZGU6Mjc=,T3V0Y29tZU5vZGU6NjExOTkzMg==,-225.0,-333.0,-333.0,-225.0,T3V0Y29tZU5vZGU6NjExOTkzMw==,163.0,163.0,225.0,225.0
T2ZmZXJUYWJsZU9mZmVyTm9kZToxMDMyMDU5MDY=,RmlnaHROb2RlOjU4MDk1,U3BvcnRzYm9va05vZGU6MjE=,T3V0Y29tZU5vZGU6NjEyMjQwNQ==,-286.0,-286.0,-286.0,-263.0,T3V0Y29tZU5vZGU6NjEyMjQwNA==,187.0,187.0,187.0,187.0
T2ZmZXJUYWJsZU9mZmVyTm9kZToxMDMyMDQyMDY=,RmlnaHROb2RlOjU4NDk4,U3BvcnRzYm9va05vZGU6Mjc=,T3V0Y29tZU5vZGU6NjExOTkzNg==,-120.0,-120.0,105.0,105.0,T3V0Y29tZU5vZGU6NjExOTkzNw==,-110.0,-138.0,-138.0,-110.0
T2ZmZXJUYWJsZU9mZmVyTm9kZToxMDMyMDM5OTU=,RmlnaHROb2RlOjU4NDk4,U3BvcnRzYm9va05vZGU6MTA=,T3V0Y29tZU5vZGU6NjExOTYyMQ==,-115.0,-120.0,-120.0,105.0,T3V0Y29tZU5vZGU6NjExOTYyMg==,-115.0,-135.0,-110.0,-110.0
T2ZmZXJUYWJsZU9mZmVyTm9kZToxMDMyMDU4OTg=,RmlnaHROb2RlOjU4NDk4,U3BvcnRzYm9va05vZGU6Mjg=,T3V0Y29tZU5vZGU6NjEyMjM4OA==,-107.0,-120.0,-120.0,-107.0,T3V0Y29tZU5vZGU6NjEyMjM4OQ==,-133.0,-133.0,-120.0,-120.0
T2ZmZXJUYWJsZU9mZmVyTm9kZToxMDMyMDU5MDU=,RmlnaHROb2RlOjU4NDk4,U3BvcnRzYm9va05vZGU6MjE=,T3V0Y29tZU5vZGU6NjEyMjQwMw==,-106.0,-114.0,101.0,101.0,T3V0Y29tZU5vZGU6NjEyMjQwMg==,-135.0,-135.0,-127.0,-127.0
T2ZmZXJUYWJsZU9mZmVyTm9kZToxMDMyMDU5MDk=,RmlnaHROb2RlOjU4MDk3,U3BvcnRzYm9va05vZGU6MjE=,T3V0Y29tZU5vZGU6NjEyMjQxMA==,-345.0,-385.0,-385.0,-345.0,T3V0Y29tZU5vZGU6NjEyMjQxMQ==,217.0,217.0,236.0,236.0
T2ZmZXJUYWJsZU9mZmVyTm9kZToxMDMyMDU5MDA=,RmlnaHROb2RlOjU4MDk3,U3BvcnRzYm9va05vZGU6Mjg=,T3V0Y29tZU5vZGU6NjEyMjM5Mw==,-345.0,-345.0,-345.0,-345.0,T3V0Y29tZU5vZGU6NjEyMjM5Mg==,225.0,225.0,225.0,225.0
T2ZmZXJUYWJsZU9mZmVyTm9kZToxMDMyMDM5OTI=,RmlnaHROb2RlOjU4MDk3,U3BvcnRzYm9va05vZGU6MTA=,T3V0Y29tZU5vZGU6NjExOTYxNg==,-300.0,-360.0,-350.0,-300.0,T3V0Y29tZU5vZGU6NjExOTYxNQ==,240.0,240.0,275.0,285.0
T2ZmZXJUYWJsZU9mZmVyTm9kZToxMDMyMDQyMDM=,RmlnaHROb2RlOjU4MDk3,U3BvcnRzYm9va05vZGU6Mjc=,T3V0Y29tZU5vZGU6NjExOTkzMQ==,-350.0,-350.0,-350.0,-350.0,T3V0Y29tZU5vZGU6NjExOTkzMA==,240.0,240.0,240.0,240.0
T2ZmZXJUYWJsZU9mZmVyTm9kZToxMDMyMDQyMTI=,RmlnaHROb2RlOjU4MDA2,U3BvcnRzYm9va05vZGU6Mjc=,T3V0Y29tZU5vZGU6NjExOTk0OA==,140.0,130.0,130.0,140.0,T3V0Y29tZU5vZGU6NjExOTk0OQ==,-188.0,-188.0,-175.0,-175.0
T2ZmZXJUYWJsZU9mZmVyTm9kZToxMDMyMDQwMjY=,RmlnaHROb2RlOjU4MDA2,U3BvcnRzYm9va05vZGU6MjE=,T3V0Y29tZU5vZGU6NjExOTY2MA==,139.0,105.0,105.0,144.0,T3V0Y29tZU5vZGU6NjExOTY1OQ==,-204.0,-250.0,-149.0,-149.0
T2ZmZXJUYWJsZU9mZmVyTm9kZToxMDMyMDM5ODc=,RmlnaHROb2RlOjU4MDA2,U3BvcnRzYm9va05vZGU6MTA=,T3V0Y29tZU5vZGU6NjExOTYwNQ==,150.0,135.0,135.0,155.0,T3V0Y29tZU5vZGU6NjExOTYwNg==,-180.0,-185.0,-165.0,-165.0
T2ZmZXJUYWJsZU9mZmVyTm9kZToxMDMyMDU5MDQ=,RmlnaHROb2RlOjU4MDA2,U3BvcnRzYm9va05vZGU6Mjg=,T3V0Y29tZU5vZGU6NjEyMjQwMA==,124.0,124.0,124.0,124.0,T3V0Y29tZU5vZGU6NjEyMjQwMQ==,-164.0,-164.0,-164.0,-164.0
T2ZmZXJUYWJsZU9mZmVyTm9kZToxMDMyMTQ1NzU=,RmlnaHROb2RlOjU4NzU4,U3BvcnRzYm9va05vZGU6MjE=,T3V0Y29tZU5vZGU6NjEzNDQ4Nw==,-238.0,-238.0,-200.0,-169.0,T3V0Y29tZU5vZGU6NjEzNDQ4Ng==,160.0,117.0,135.0,160.0
T2ZmZXJUYWJsZU9mZmVyTm9kZToxMDMyMTUyNDQ=,RmlnaHROb2RlOjU4NzU4,U3BvcnRzYm9va05vZGU6Mjc=,T3V0Y29tZU5vZGU6NjEzNTYxMg==,-175.0,-175.0,-175.0,-175.0,T3V0Y29tZU5vZGU6NjEzNTYxMw==,130.0,130.0,130.0,130.0
T2ZmZXJUYWJsZU9mZmVyTm9kZToxMDMyMTQ3NjM=,RmlnaHROb2RlOjU4NzU4,U3BvcnRzYm9va05vZGU6MTA=,T3V0Y29tZU5vZGU6NjEzNDc3Nw==,-240.0,-240.0,-200.0,-145.0,T3V0Y29tZU5vZGU6NjEzNDc3Ng==,190.0,115.0,160.0,190.0
T2ZmZXJUYWJsZU9mZmVyTm9kZToxMDMyMTc0NjQ=,RmlnaHROb2RlOjU4NzU4,U3BvcnRzYm9va05vZGU6Mjg=,T3V0Y29tZU5vZGU6NjEzOTA2NQ==,-169.0,-204.0,-204.0,-169.0,T3V0Y29tZU5vZGU6NjEzOTA2Ng==,129.0,129.0,154.0,154.0
T2ZmZXJUYWJsZU9mZmVyTm9kZToxMDMyMTUzODY=,RmlnaHROb2RlOjU4OTc4,U3BvcnRzYm9va05vZGU6MjE=,T3V0Y29tZU5vZGU6NjEzNTgyNA==,-625.0,-1000.0,-769.0,-625.0,T3V0Y29tZU5vZGU6NjEzNTgyMw==,342.0,325.0,380.0,443.0
T2ZmZXJUYWJsZU9mZmVyTm9kZToxMDMyMTY1NjA=,RmlnaHROb2RlOjU4OTc4,U3BvcnRzYm9va05vZGU6Mjg=,T3V0Y29tZU5vZGU6NjEzNzU3OQ==,-500.0,-833.0,-833.0,-500.0,T3V0Y29tZU5vZGU6NjEzNzU4MA==,300.0,300.0,458.0,458.0
T2ZmZXJUYWJsZU9mZmVyTm9kZToxMDMyMTUyMzQ=,RmlnaHROb2RlOjU4OTc4,U3BvcnRzYm9va05vZGU6Mjc=,T3V0Y29tZU5vZGU6NjEzNTU5Mg==,-450.0,-450.0,-450.0,-450.0,T3V0Y29tZU5vZGU6NjEzNTU5Mw==,300.0,300.0,300.0,300.0
T2ZmZXJUYWJsZU9mZmVyTm9kZToxMDMyMTQ3NzI=,RmlnaHROb2RlOjU4OTc4,U3BvcnRzYm9va05vZGU6MTA=,T3V0Y29tZU5vZGU6NjEzNDc5NQ==,-500.0,-1200.0,-1100.0,500.0,T3V0Y29tZU5vZGU6NjEzNDc5NA==,375.0,-700.0,650.0,750.0
T2ZmZXJUYWJsZU9mZmVyTm9kZToxMDMyMTY1NjI=,RmlnaHROb2RlOjU4Nzg4,U3BvcnRzYm9va05vZGU6Mjg=,T3V0Y29tZU5vZGU6NjEzNzU4NA==,-238.0,-263.0,-256.0,-238.0,T3V0Y29tZU5vZGU6NjEzNzU4Mw==,173.0,173.0,181.0,183.0
T2ZmZXJUYWJsZU9mZmVyTm9kZToxMDMyMTQ3ODI=,RmlnaHROb2RlOjU4Nzg4,U3BvcnRzYm9va05vZGU6MTA=,T3V0Y29tZU5vZGU6NjEzNDgxNA==,-110.0,-270.0,-255.0,-110.0,T3V0Y29tZU5vZGU6NjEzNDgxNQ==,-120.0,-120.0,205.0,210.0
T2ZmZXJUYWJsZU9mZmVyTm9kZToxMDMyMTUyMzk=,RmlnaHROb2RlOjU4Nzg4,U3BvcnRzYm9va05vZGU6Mjc=,T3V0Y29tZU5vZGU6NjEzNTYwMg==,-138.0,-250.0,-250.0,-138.0,T3V0Y29tZU5vZGU6NjEzNTYwMw==,105.0,105.0,175.0,175.0
T2ZmZXJUYWJsZU9mZmVyTm9kZToxMDMyMTQ3OTE=,RmlnaHROb2RlOjU4Nzg4,U3BvcnRzYm9va05vZGU6MjE=,T3V0Y29tZU5vZGU6NjEzNDgzMg==,-115.0,-263.0,-263.0,-115.0,T3V0Y29tZU5vZGU6NjEzNDgzMw==,-125.0,-125.0,167.0,175.0
T2ZmZXJUYWJsZU9mZmVyTm9kZToxMDMyMTY1NjM=,RmlnaHROb2RlOjU4OTc5,U3BvcnRzYm9va05vZGU6Mjg=,T3V0Y29tZU5vZGU6NjEzNzU4NQ==,-105.0,-110.0,-110.0,-105.0,T3V0Y29tZU5vZGU6NjEzNzU4Ng==,-135.0,-135.0,-130.0,-130.0
T2ZmZXJUYWJsZU9mZmVyTm9kZToxMDMyMTUyNDM=,RmlnaHROb2RlOjU4OTc5,U3BvcnRzYm9va05vZGU6Mjc=,T3V0Y29tZU5vZGU6NjEzNTYxMA==,105.0,105.0,105.0,105.0,T3V0Y29tZU5vZGU6NjEzNTYxMQ==,-138.0,-138.0,-138.0,-138.0
T2ZmZXJUYWJsZU9mZmVyTm9kZToxMDMyMTQ3ODY=,RmlnaHROb2RlOjU4OTc5,U3BvcnRzYm9va05vZGU6MjE=,T3V0Y29tZU5vZGU6NjEzNDgyMw==,-110.0,-115.0,100.0,100.0,T3V0Y29tZU5vZGU6NjEzNDgyMg==,-132.0,-143.0,-143.0,-125.0
T2ZmZXJUYWJsZU9mZmVyTm9kZToxMDMyMTQ3NzQ=,RmlnaHROb2RlOjU4OTc5,U3BvcnRzYm9va05vZGU6MTA=,T3V0Y29tZU5vZGU6NjEzNDc5OQ==,-200.0,-200.0,100.0,135.0,T3V0Y29tZU5vZGU6NjEzNDc5OA==,160.0,-165.0,-130.0,160.0
T2ZmZXJUYWJsZU9mZmVyTm9kZToxMDMyMTQ3NzU=,RmlnaHROb2RlOjU4NzYw,U3BvcnRzYm9va05vZGU6MTA=,T3V0Y29tZU5vZGU6NjEzNDgwMQ==,-300.0,-405.0,-405.0,-300.0,T3V0Y29tZU5vZGU6NjEzNDgwMA==,240.0,240.0,305.0,305.0
T2ZmZXJUYWJsZU9mZmVyTm9kZToxMDMyMTQ3ODU=,RmlnaHROb2RlOjU4NzYw,U3BvcnRzYm9va05vZGU6MjE=,T3V0Y29tZU5vZGU6NjEzNDgyMQ==,-357.0,-455.0,-455.0,-357.0,T3V0Y29tZU5vZGU6NjEzNDgyMA==,226.0,226.0,272.0,272.0
T2ZmZXJUYWJsZU9mZmVyTm9kZToxMDMyMTY1NTc=,RmlnaHROb2RlOjU4NzYw,U3BvcnRzYm9va05vZGU6Mjg=,T3V0Y29tZU5vZGU6NjEzNzU3Mw==,-303.0,-400.0,-400.0,-303.0,T3V0Y29tZU5vZGU6NjEzNzU3NA==,203.0,203.0,250.0,250.0
T2ZmZXJUYWJsZU9mZmVyTm9kZToxMDMyMTUyNDE=,RmlnaHROb2RlOjU4NzYw,U3BvcnRzYm9va05vZGU6Mjc=,T3V0Y29tZU5vZGU6NjEzNTYwNg==,-333.0,-333.0,-333.0,-333.0,T3V0Y29tZU5vZGU6NjEzNTYwNw==,225.0,225.0,225.0,225.0
T2ZmZXJUYWJsZU9mZmVyTm9kZToxMDMyMTQ3Nzk=,RmlnaHROb2RlOjU4NzYz,U3BvcnRzYm9va05vZGU6MTA=,T3V0Y29tZU5vZGU6NjEzNDgwOQ==,-135.0,-500.0,-350.0,-135.0,T3V0Y29tZU5vZGU6NjEzNDgwOA==,105.0,105.0,275.0,375.0
T2ZmZXJUYWJsZU9mZmVyTm9kZToxMDMyMTUyMzg=,RmlnaHROb2RlOjU4NzYz,U3BvcnRzYm9va05vZGU6Mjc=,T3V0Y29tZU5vZGU6NjEzNTYwMA==,-275.0,-400.0,-400.0,-275.0,T3V0Y29tZU5vZGU6NjEzNTYwMQ==,200.0,200.0,275.0,275.0
T2ZmZXJUYWJsZU9mZmVyTm9kZToxMDMyMTQ3OTI=,RmlnaHROb2RlOjU4NzYz,U3BvcnRzYm9va05vZGU6MjE=,T3V0Y29tZU5vZGU6NjEzNDgzNQ==,-294.0,-667.0,-455.0,-294.0,T3V0Y29tZU5vZGU6NjEzNDgzNA==,191.0,191.0,266.0,355.0
T2ZmZXJUYWJsZU9mZmVyTm9kZToxMDMyMTY1NTU=,RmlnaHROb2RlOjU4NzYz,U3BvcnRzYm9va05vZGU6Mjg=,T3V0Y29tZU5vZGU6NjEzNzU2OQ==,-500.0,-500.0,-303.0,-294.0,T3V0Y29tZU5vZGU6NjEzNzU3MA==,300.0,199.0,203.0,300.0
T2ZmZXJUYWJsZU9mZmVyTm9kZToxMDMyMTQ3ODc=,RmlnaHROb2RlOjU4NzY0,U3BvcnRzYm9va05vZGU6MjE=,T3V0Y29tZU5vZGU6NjEzNDgyNQ==,450.0,414.0,487.0,524.0,T3V0Y29tZU5vZGU6NjEzNDgyNA==,-1000.0,-1000.0,-1000.0,-1000.0
T2ZmZXJUYWJsZU9mZmVyTm9kZToxMDMyMTQ3NzM=,RmlnaHROb2RlOjU4NzY0,U3BvcnRzYm9va05vZGU6MTA=,T3V0Y29tZU5vZGU6NjEzNDc5Nw==,300.0,300.0,515.0,550.0,T3V0Y29tZU5vZGU6NjEzNDc5Ng==,-400.0,-800.0,-715.0,-400.0
T2ZmZXJUYWJsZU9mZmVyTm9kZToxMDMyMTUyMzc=,RmlnaHROb2RlOjU4NzY0,U3BvcnRzYm9va05vZGU6Mjc=,T3V0Y29tZU5vZGU6NjEzNTU5OA==,400.0,400.0,450.0,450.0,T3V0Y29tZU5vZGU6NjEzNTU5OQ==,-649.0,-800.0,-800.0,-649.0
T2ZmZXJUYWJsZU9mZmVyTm9kZToxMDMyMTY1NTg=,RmlnaHROb2RlOjU4NzY0,U3BvcnRzYm9va05vZGU6Mjg=,T3V0Y29tZU5vZGU6NjEzNzU3NQ==,392.0,392.0,414.0,458.0,T3V0Y29tZU5vZGU6NjEzNzU3Ng==,-667.0,-833.0,-714.0,-667.0
T2ZmZXJUYWJsZU9mZmVyTm9kZToxMDMyMTQ3Nzc=,RmlnaHROb2RlOjU4NzYx,U3BvcnRzYm9va05vZGU6MTA=,T3V0Y29tZU5vZGU6NjEzNDgwNA==,-180.0,-800.0,-725.0,-180.0,T3V0Y29tZU5vZGU6NjEzNDgwNQ==,150.0,150.0,525.0,550.0
T2ZmZXJUYWJsZU9mZmVyTm9kZToxMDMyMTQ3ODg=,RmlnaHROb2RlOjU4NzYx,U3BvcnRzYm9va05vZGU6MjE=,T3V0Y29tZU5vZGU6NjEzNDgyNg==,-526.0,-909.0,-909.0,-526.0,T3V0Y29tZU5vZGU6NjEzNDgyNw==,306.0,285.0,447.0,464.0
T2ZmZXJUYWJsZU9mZmVyTm9kZToxMDMyMTY1NTk=,RmlnaHROb2RlOjU4NzYx,U3BvcnRzYm9va05vZGU6Mjg=,T3V0Y29tZU5vZGU6NjEzNzU3OA==,-500.0,-833.0,-714.0,-500.0,T3V0Y29tZU5vZGU6NjEzNzU3Nw==,300.0,300.0,414.0,458.0
T2ZmZXJUYWJsZU9mZmVyTm9kZToxMDMyMTUyNDY=,RmlnaHROb2RlOjU4NzYx,U3BvcnRzYm9va05vZGU6Mjc=,T3V0Y29tZU5vZGU6NjEzNTYxNg==,-500.0,-649.0,-649.0,-500.0,T3V0Y29tZU5vZGU6NjEzNTYxNw==,333.0,333.0,400.0,400.0
T2ZmZXJUYWJsZU9mZmVyTm9kZToxMDMyMTUyNDI=,RmlnaHROb2RlOjU4NzY1,U3BvcnRzYm9va05vZGU6Mjc=,T3V0Y29tZU5vZGU6NjEzNTYwOA==,-333.0,-333.0,-333.0,-333.0,T3V0Y29tZU5vZGU6NjEzNTYwOQ==,225.0,225.0,225.0,225.0
T2ZmZXJUYWJsZU9mZmVyTm9kZToxMDMyMTczNzA=,RmlnaHROb2RlOjU4NzY1,U3BvcnRzYm9va05vZGU6Mjg=,T3V0Y29tZU5vZGU6NjEzODkwNA==,-303.0,-417.0,-417.0,-303.0,T3V0Y29tZU5vZGU6NjEzODkwNQ==,203.0,203.0,262.0,262.0
T2ZmZXJUYWJsZU9mZmVyTm9kZToxMDMyMTQ3Nzg=,RmlnaHROb2RlOjU4NzY1,U3BvcnRzYm9va05vZGU6MTA=,T3V0Y29tZU5vZGU6NjEzNDgwNw==,130.0,-425.0,-425.0,130.0,T3V0Y29tZU5vZGU6NjEzNDgwNg==,-160.0,-160.0,325.0,325.0
T2ZmZXJUYWJsZU9mZmVyTm9kZToxMDMyMTY1OTY=,RmlnaHROb2RlOjU4NzY1,U3BvcnRzYm9va05vZGU6MjE=,T3V0Y29tZU5vZGU6NjEzNzY1Mg==,-345.0,-385.0,-385.0,-345.0,T3V0Y29tZU5vZGU6NjEzNzY1MQ==,217.0,217.0,237.0,237.0
T2ZmZXJUYWJsZU9mZmVyTm9kZToxMDMyMTQ3OTA=,RmlnaHROb2RlOjU4NzU5,U3BvcnRzYm9va05vZGU6MjE=,T3V0Y29tZU5vZGU6NjEzNDgzMA==,-213.0,-263.0,-238.0,-213.0,T3V0Y29tZU5vZGU6NjEzNDgzMQ==,144.0,144.0,159.0,173.0
T2ZmZXJUYWJsZU9mZmVyTm9kZToxMDMyMTY1NjU=,RmlnaHROb2RlOjU4NzU5,U3BvcnRzYm9va05vZGU6Mjg=,T3V0Y29tZU5vZGU6NjEzNzU5MA==,-200.0,-208.0,-175.0,-175.0,T3V0Y29tZU5vZGU6NjEzNzU4OQ==,150.0,135.0,135.0,158.0
T2ZmZXJUYWJsZU9mZmVyTm9kZToxMDMyMTUyNDA=,RmlnaHROb2RlOjU4NzU5,U3BvcnRzYm9va05vZGU6Mjc=,T3V0Y29tZU5vZGU6NjEzNTYwNA==,-200.0,-200.0,-200.0,-200.0,T3V0Y29tZU5vZGU6NjEzNTYwNQ==,150.0,150.0,150.0,150.0
T2ZmZXJUYWJsZU9mZmVyTm9kZToxMDMyMTQ3ODE=,RmlnaHROb2RlOjU4NzU5,U3BvcnRzYm9va05vZGU6MTA=,T3V0Y29tZU5vZGU6NjEzNDgxMg==,-115.0,-225.0,-175.0,-115.0,T3V0Y29tZU5vZGU6NjEzNDgxMw==,-115.0,-115.0,145.0,185.0
T2ZmZXJUYWJsZU9mZmVyTm9kZToxMDMyMTUyMzM=,RmlnaHROb2RlOjU4NzY2,U3BvcnRzYm9va05vZGU6Mjc=,T3V0Y29tZU5vZGU6NjEzNTU5MA==,225.0,225.0,300.0,300.0,T3V0Y29tZU5vZGU6NjEzNTU5MQ==,-333.0,-450.0,-450.0,-333.0
T2ZmZXJUYWJsZU9mZmVyTm9kZToxMDMyMTY1NjE=,RmlnaHROb2RlOjU4NzY2,U3BvcnRzYm9va05vZGU6Mjg=,T3V0Y29tZU5vZGU6NjEzNzU4Mg==,203.0,203.0,300.0,348.0,T3V0Y29tZU5vZGU6NjEzNzU4MQ==,-303.0,-588.0,-500.0,-303.0
T2ZmZXJUYWJsZU9mZmVyTm9kZToxMDMyMTQ3ODA=,RmlnaHROb2RlOjU4NzY2,U3BvcnRzYm9va05vZGU6MTA=,T3V0Y29tZU5vZGU6NjEzNDgxMA==,160.0,160.0,375.0,425.0,T3V0Y29tZU5vZGU6NjEzNDgxMQ==,-200.0,-600.0,-500.0,-200.0
T2ZmZXJUYWJsZU9mZmVyTm9kZToxMDMyMTQ3OTM=,RmlnaHROb2RlOjU4NzY2,U3BvcnRzYm9va05vZGU6MjE=,T3V0Y29tZU5vZGU6NjEzNDgzNg==,226.0,206.0,335.0,335.0,T3V0Y29tZU5vZGU6NjEzNDgzNw==,-357.0,-625.0,-625.0,-323.0
T2ZmZXJUYWJsZU9mZmVyTm9kZToxMDMyMTQ3ODk=,RmlnaHROb2RlOjU4OTgw,U3BvcnRzYm9va05vZGU6MjE=,T3V0Y29tZU5vZGU6NjEzNDgyOQ==,-263.0,-1667.0,-1667.0,-263.0,T3V0Y29tZU5vZGU6NjEzNDgyOA==,173.0,173.0,519.0,570.0
T2ZmZXJUYWJsZU9mZmVyTm9kZToxMDMyMTUyNDU=,RmlnaHROb2RlOjU4OTgw,U3BvcnRzYm9va05vZGU6Mjc=,T3V0Y29tZU5vZGU6NjEzNTYxNA==,-400.0,-549.0,-549.0,-400.0,T3V0Y29tZU5vZGU6NjEzNTYxNQ==,275.0,275.0,350.0,350.0
T2ZmZXJUYWJsZU9mZmVyTm9kZToxMDMyMTY1NTY=,RmlnaHROb2RlOjU4OTgw,U3BvcnRzYm9va05vZGU6Mjg=,T3V0Y29tZU5vZGU6NjEzNzU3MQ==,-400.0,-833.0,-769.0,-400.0,T3V0Y29tZU5vZGU6NjEzNzU3Mg==,250.0,250.0,434.0,458.0
T2ZmZXJUYWJsZU9mZmVyTm9kZToxMDMyMTQ3NzY=,RmlnaHROb2RlOjU4OTgw,U3BvcnRzYm9va05vZGU6MTA=,T3V0Y29tZU5vZGU6NjEzNDgwMw==,-160.0,-900.0,-750.0,-160.0,T3V0Y29tZU5vZGU6NjEzNDgwMg==,130.0,130.0,550.0,600.0
T2ZmZXJUYWJsZU9mZmVyTm9kZToxMDMyMzI4ODk=,RmlnaHROb2RlOjU5Mzk2,U3BvcnRzYm9va05vZGU6MjE=,T3V0Y29tZU5vZGU6NjE2NDI2NA==,-357.0,-357.0,-323.0,-323.0,T3V0Y29tZU5vZGU6NjE2NDI2Mw==,226.0,199.0,199.0,226.0
T2ZmZXJUYWJsZU9mZmVyTm9kZToxMDMyMzI2Nzk=,RmlnaHROb2RlOjU5Mzk2,U3BvcnRzYm9va05vZGU6MTA=,T3V0Y29tZU5vZGU6NjE2Mzk0MA==,-210.0,-350.0,-215.0,-210.0,T3V0Y29tZU5vZGU6NjE2MzkzOQ==,170.0,170.0,175.0,275.0
T2ZmZXJUYWJsZU9mZmVyTm9kZToxMDMyMzM1NDk=,RmlnaHROb2RlOjU5Mzk2,U3BvcnRzYm9va05vZGU6Mjc=,T3V0Y29tZU5vZGU6NjE2NTAyOA==,-275.0,-275.0,-275.0,-275.0,T3V0Y29tZU5vZGU6NjE2NTAyOQ==,200.0,200.0,200.0,200.0
T2ZmZXJUYWJsZU9mZmVyTm9kZToxMDMyMzQwNTI=,RmlnaHROb2RlOjU5Mzk2,U3BvcnRzYm9va05vZGU6Mjg=,T3V0Y29tZU5vZGU6NjE2NTY3MA==,-303.0,-303.0,-217.0,-217.0,T3V0Y29tZU5vZGU6NjE2NTY3MQ==,203.0,162.0,162.0,203.0
T2ZmZXJUYWJsZU9mZmVyTm9kZToxMDMyMzI2NzQ=,RmlnaHROb2RlOjU4ODY4,U3BvcnRzYm9va05vZGU6MTA=,T3V0Y29tZU5vZGU6NjE2MzkyOQ==,140.0,-150.0,-110.0,140.0,T3V0Y29tZU5vZGU6NjE2MzkzMA==,-170.0,-170.0,-120.0,120.0
T2ZmZXJUYWJsZU9mZmVyTm9kZToxMDMyMzQwNjE=,RmlnaHROb2RlOjU4ODY4,U3BvcnRzYm9va05vZGU6Mjg=,T3V0Y29tZU5vZGU6NjE2NTY4OA==,-149.0,-149.0,-120.0,-120.0,T3V0Y29tZU5vZGU6NjE2NTY4OQ==,109.0,-120.0,-120.0,109.0
T2ZmZXJUYWJsZU9mZmVyTm9kZToxMDMyMzM1NDg=,RmlnaHROb2RlOjU4ODY4,U3BvcnRzYm9va05vZGU6Mjc=,T3V0Y29tZU5vZGU6NjE2NTAyNg==,-138.0,-138.0,-138.0,-138.0,T3V0Y29tZU5vZGU6NjE2NTAyNw==,105.0,105.0,105.0,105.0
T2ZmZXJUYWJsZU9mZmVyTm9kZToxMDMyMzI4ODM=,RmlnaHROb2RlOjU4ODY4,U3BvcnRzYm9va05vZGU6MjE=,T3V0Y29tZU5vZGU6NjE2NDI1Mg==,-132.0,-156.0,-137.0,-132.0,T3V0Y29tZU5vZGU6NjE2NDI1MQ==,-110.0,-110.0,-104.0,108.0
T2ZmZXJUYWJsZU9mZmVyTm9kZToxMDMyMzQwNjA=,RmlnaHROb2RlOjU5MDAz,U3BvcnRzYm9va05vZGU6Mjg=,T3V0Y29tZU5vZGU6NjE2NTY4Ng==,-110.0,-227.0,-222.0,-110.0,T3V0Y29tZU5vZGU6NjE2NTY4Nw==,-130.0,-130.0,162.0,167.0
T2ZmZXJUYWJsZU9mZmVyTm9kZToxMDMyMzM1NDY=,RmlnaHROb2RlOjU5MDAz,U3BvcnRzYm9va05vZGU6Mjc=,T3V0Y29tZU5vZGU6NjE2NTAyMg==,-105.0,-225.0,-225.0,-105.0,T3V0Y29tZU5vZGU6NjE2NTAyMw==,-125.0,-125.0,163.0,163.0
T2ZmZXJUYWJsZU9mZmVyTm9kZToxMDMyMzI5NDE=,RmlnaHROb2RlOjU5MDAz,U3BvcnRzYm9va05vZGU6MjE=,T3V0Y29tZU5vZGU6NjE2NDMyNA==,-105.0,-175.0,-175.0,-105.0,T3V0Y29tZU5vZGU6NjE2NDMyMw==,-137.0,-137.0,120.0,120.0
T2ZmZXJUYWJsZU9mZmVyTm9kZToxMDMyMzI2Nzg=,RmlnaHROb2RlOjU5MDAz,U3BvcnRzYm9va05vZGU6MTA=,T3V0Y29tZU5vZGU6NjE2MzkzOA==,-300.0,-300.0,-224.0,100.0,T3V0Y29tZU5vZGU6NjE2MzkzNw==,240.0,-130.0,184.0,240.0
T2ZmZXJUYWJsZU9mZmVyTm9kZToxMDMyMzI2Nzc=,RmlnaHROb2RlOjYwMzI5,U3BvcnRzYm9va05vZGU6MTA=,T3V0Y29tZU5vZGU6NjE2MzkzNg==,-115.0,-650.0,-550.0,-115.0,T3V0Y29tZU5vZGU6NjE2MzkzNQ==,-115.0,-115.0,400.0,475.0
T2ZmZXJUYWJsZU9mZmVyTm9kZToxMDMyMzI4ODY=,RmlnaHROb2RlOjYwMzI5,U3BvcnRzYm9va05vZGU6MjE=,T3V0Y29tZU5vZGU6NjE2NDI1OA==,-385.0,-625.0,-625.0,-385.0,T3V0Y29tZU5vZGU6NjE2NDI1Nw==,235.0,234.0,322.0,333.0
T2ZmZXJUYWJsZU9mZmVyTm9kZToxMDMyMzQwNTY=,RmlnaHROb2RlOjYwMzI5,U3BvcnRzYm9va05vZGU6Mjg=,T3V0Y29tZU5vZGU6NjE2NTY3OA==,-345.0,-667.0,-556.0,-345.0,T3V0Y29tZU5vZGU6NjE2NTY3OQ==,225.0,225.0,331.0,392.0
T2ZmZXJUYWJsZU9mZmVyTm9kZToxMDMyMzM1NDM=,RmlnaHROb2RlOjYwMzI5,U3BvcnRzYm9va05vZGU6Mjc=,T3V0Y29tZU5vZGU6NjE2NTAxNg==,-400.0,-400.0,-400.0,-400.0,T3V0Y29tZU5vZGU6NjE2NTAxNw==,275.0,275.0,275.0,275.0
T2ZmZXJUYWJsZU9mZmVyTm9kZToxMDMyMzI2ODI=,RmlnaHROb2RlOjU5MDc2,U3BvcnRzYm9va05vZGU6MTA=,T3V0Y29tZU5vZGU6NjE2Mzk0NQ==,240.0,-299.0,-280.0,240.0,T3V0Y29tZU5vZGU6NjE2Mzk0Ng==,-300.0,-300.0,220.0,239.0
T2ZmZXJUYWJsZU9mZmVyTm9kZToxMDMyMzI4ODc=,RmlnaHROb2RlOjU5MDc2,U3BvcnRzYm9va05vZGU6MjE=,T3V0Y29tZU5vZGU6NjE2NDI2MA==,-115.0,-196.0,-196.0,-103.0,T3V0Y29tZU5vZGU6NjE2NDI1OQ==,-125.0,-139.0,134.0,134.0
T2ZmZXJUYWJsZU9mZmVyTm9kZToxMDMyMzQwNTg=,RmlnaHROb2RlOjU5MDc2,U3BvcnRzYm9va05vZGU6Mjg=,T3V0Y29tZU5vZGU6NjE2NTY4Mg==,-141.0,-303.0,-294.0,-135.0,T3V0Y29tZU5vZGU6NjE2NTY4Mw==,101.0,-105.0,199.0,203.0
T2ZmZXJUYWJsZU9mZmVyTm9kZToxMDMyMzM1NDU=,RmlnaHROb2RlOjU5MDc2,U3BvcnRzYm9va05vZGU6Mjc=,T3V0Y29tZU5vZGU6NjE2NTAyMA==,-120.0,-200.0,-200.0,-120.0,T3V0Y29tZU5vZGU6NjE2NTAyMQ==,-110.0,-110.0,150.0,150.0
T2ZmZXJUYWJsZU9mZmVyTm9kZToxMDMyMzM1NTI=,RmlnaHROb2RlOjU4OTc2,U3BvcnRzYm9va05vZGU6Mjc=,T3V0Y29tZU5vZGU6NjE2NTAzNA==,240.0,240.0,240.0,240.0,T3V0Y29tZU5vZGU6NjE2NTAzNQ==,-350.0,-350.0,-350.0,-350.0
T2ZmZXJUYWJsZU9mZmVyTm9kZToxMDMyMzI4ODQ=,RmlnaHROb2RlOjU4OTc2,U3BvcnRzYm9va05vZGU6MjE=,T3V0Y29tZU5vZGU6NjE2NDI1NA==,226.0,226.0,322.0,322.0,T3V0Y29tZU5vZGU6NjE2NDI1Mw==,-357.0,-556.0,-556.0,-357.0
T2ZmZXJUYWJsZU9mZmVyTm9kZToxMDMyMzQwNTc=,RmlnaHROb2RlOjU4OTc2,U3BvcnRzYm9va05vZGU6Mjg=,T3V0Y29tZU5vZGU6NjE2NTY4MA==,203.0,203.0,331.0,348.0,T3V0Y29tZU5vZGU6NjE2NTY4MQ==,-303.0,-588.0,-556.0,-303.0
T2ZmZXJUYWJsZU9mZmVyTm9kZToxMDMyMzI2NzU=,RmlnaHROb2RlOjU4OTc2,U3BvcnRzYm9va05vZGU6MTA=,T3V0Y29tZU5vZGU6NjE2MzkzMQ==,190.0,190.0,400.0,500.0,T3V0Y29tZU5vZGU6NjE2MzkzMg==,-240.0,-700.0,-550.0,-240.0
T2ZmZXJUYWJsZU9mZmVyTm9kZToxMDMyMzI2ODE=,RmlnaHROb2RlOjU5MDc1,U3BvcnRzYm9va05vZGU6MTA=,T3V0Y29tZU5vZGU6NjE2Mzk0NA==,160.0,160.0,190.0,250.0,T3V0Y29tZU5vZGU6NjE2Mzk0Mw==,-200.0,-325.0,-240.0,-200.0
T2ZmZXJUYWJsZU9mZmVyTm9kZToxMDMyMzI4ODg=,RmlnaHROb2RlOjU5MDc1,U3BvcnRzYm9va05vZGU6MjE=,T3V0Y29tZU5vZGU6NjE2NDI2Mg==,191.0,185.0,185.0,191.0,T3V0Y29tZU5vZGU6NjE2NDI2MQ==,-294.0,-294.0,-294.0,-294.0
T2ZmZXJUYWJsZU9mZmVyTm9kZToxMDMyMzM1NTA=,RmlnaHROb2RlOjU5MDc1,U3BvcnRzYm9va05vZGU6Mjc=,T3V0Y29tZU5vZGU6NjE2NTAzMA==,200.0,200.0,200.0,200.0,T3V0Y29tZU5vZGU6NjE2NTAzMQ==,-275.0,-275.0,-275.0,-275.0
T2ZmZXJUYWJsZU9mZmVyTm9kZToxMDMyMzQwNTM=,RmlnaHROb2RlOjU5MDc1,U3BvcnRzYm9va05vZGU6Mjg=,T3V0Y29tZU5vZGU6NjE2NTY3Mg==,183.0,173.0,173.0,183.0,T3V0Y29tZU5vZGU6NjE2NTY3Mw==,-263.0,-263.0,-238.0,-238.0
T2ZmZXJUYWJsZU9mZmVyTm9kZToxMDMyMzI2ODQ=,RmlnaHROb2RlOjU5MDg5,U3BvcnRzYm9va05vZGU6MTA=,T3V0Y29tZU5vZGU6NjE2Mzk1MA==,-115.0,-500.0,-500.0,-115.0,T3V0Y29tZU5vZGU6NjE2Mzk0OQ==,-115.0,-115.0,375.0,375.0
T2ZmZXJUYWJsZU9mZmVyTm9kZToxMDMyMzI5MjU=,RmlnaHROb2RlOjU5MDg5,U3BvcnRzYm9va05vZGU6MjE=,T3V0Y29tZU5vZGU6NjE2NDMwNA==,-250.0,-400.0,-400.0,-250.0,T3V0Y29tZU5vZGU6NjE2NDMwMw==,168.0,168.0,239.0,239.0
T2ZmZXJUYWJsZU9mZmVyTm9kZToxMDMyMzQwNTU=,RmlnaHROb2RlOjU5MDg5,U3BvcnRzYm9va05vZGU6Mjg=,T3V0Y29tZU5vZGU6NjE2NTY3Ng==,-263.0,-500.0,-500.0,-263.0,T3V0Y29tZU5vZGU6NjE2NTY3Nw==,183.0,183.0,300.0,300.0
T2ZmZXJUYWJsZU9mZmVyTm9kZToxMDMyMzM1NTE=,RmlnaHROb2RlOjU5MDg5,U3BvcnRzYm9va05vZGU6Mjc=,T3V0Y29tZU5vZGU6NjE2NTAzMg==,-225.0,-275.0,-275.0,-225.0,T3V0Y29tZU5vZGU6NjE2NTAzMw==,163.0,163.0,200.0,200.0
T2ZmZXJUYWJsZU9mZmVyTm9kZToxMDMyMzI2ODM=,RmlnaHROb2RlOjYwMzM5,U3BvcnRzYm9va05vZGU6MTA=,T3V0Y29tZU5vZGU6NjE2Mzk0OA==,-300.0,-1800.0,-1800.0,-300.0,T3V0Y29tZU5vZGU6NjE2Mzk0Nw==,240.0,240.0,900.0,900.0
T2ZmZXJUYWJsZU9mZmVyTm9kZToxMDMyMzQwNTk=,RmlnaHROb2RlOjYwMzM5,U3BvcnRzYm9va05vZGU6Mjg=,T3V0Y29tZU5vZGU6NjE2NTY4NA==,-500.0,-1667.0,-1667.0,-500.0,T3V0Y29tZU5vZGU6NjE2NTY4NQ==,300.0,300.0,767.0,767.0
T2ZmZXJUYWJsZU9mZmVyTm9kZToxMDMyMzM1NDc=,RmlnaHROb2RlOjYwMzM5,U3BvcnRzYm9va05vZGU6Mjc=,T3V0Y29tZU5vZGU6NjE2NTAyNA==,-549.0,-549.0,-549.0,-549.0,T3V0Y29tZU5vZGU6NjE2NTAyNQ==,350.0,350.0,350.0,350.0
T2ZmZXJUYWJsZU9mZmVyTm9kZToxMDMyMzI5Mjc=,RmlnaHROb2RlOjYwMzM5,U3BvcnRzYm9va05vZGU6MjE=,T3V0Y29tZU5vZGU6NjE2NDMwOA==,-435.0,-1111.0,-1111.0,-435.0,T3V0Y29tZU5vZGU6NjE2NDMwNw==,258.0,258.0,461.0,470.0
T2ZmZXJUYWJsZU9mZmVyTm9kZToxMDMyMzM1Mjk=,RmlnaHROb2RlOjU5MDAy,U3BvcnRzYm9va05vZGU6MjE=,T3V0Y29tZU5vZGU6NjE2NDk4OQ==,-294.0,-323.0,-294.0,-270.0,T3V0Y29tZU5vZGU6NjE2NDk4OA==,191.0,179.0,189.0,206.0
T2ZmZXJUYWJsZU9mZmVyTm9kZToxMDMyMzI2ODA=,RmlnaHROb2RlOjU5MDAy,U3BvcnRzYm9va05vZGU6MTA=,T3V0Y29tZU5vZGU6NjE2Mzk0MQ==,-115.0,-350.0,-300.0,-115.0,T3V0Y29tZU5vZGU6NjE2Mzk0Mg==,-115.0,-115.0,240.0,275.0
T2ZmZXJUYWJsZU9mZmVyTm9kZToxMDMyMzQwNTE=,RmlnaHROb2RlOjU5MDAy,U3BvcnRzYm9va05vZGU6Mjg=,T3V0Y29tZU5vZGU6NjE2NTY2OA==,-303.0,-345.0,-345.0,-238.0,T3V0Y29tZU5vZGU6NjE2NTY2OQ==,203.0,173.0,225.0,225.0
T2ZmZXJUYWJsZU9mZmVyTm9kZToxMDMyMzM1NDQ=,RmlnaHROb2RlOjU5MDAy,U3BvcnRzYm9va05vZGU6Mjc=,T3V0Y29tZU5vZGU6NjE2NTAxOA==,-275.0,-275.0,-275.0,-275.0,T3V0Y29tZU5vZGU6NjE2NTAxOQ==,200.0,200.0,200.0,200.0
T2ZmZXJUYWJsZU9mZmVyTm9kZToxMDMyMzI4ODU=,RmlnaHROb2RlOjYwMzI4,U3BvcnRzYm9va05vZGU6MjE=,T3V0Y29tZU5vZGU6NjE2NDI1Ng==,-10000.0,-10000.0,-10000.0,-10000.0,T3V0Y29tZU5vZGU6NjE2NDI1NQ==,953.0,953.0,953.0,953.0
T2ZmZXJUYWJsZU9mZmVyTm9kZToxMDMyMzQwNTQ=,RmlnaHROb2RlOjYwMzI4,U3BvcnRzYm9va05vZGU6Mjg=,T3V0Y29tZU5vZGU6NjE2NTY3NA==,-2000.0,-2000.0,-2000.0,-2000.0,T3V0Y29tZU5vZGU6NjE2NTY3NQ==,1000.0,1000.0,1000.0,1000.0
T2ZmZXJUYWJsZU9mZmVyTm9kZToxMDMyMzI2NzY=,RmlnaHROb2RlOjYwMzI4,U3BvcnRzYm9va05vZGU6MTA=,T3V0Y29tZU5vZGU6NjE2MzkzNA==,-300.0,-2000.0,-2000.0,-300.0,T3V0Y29tZU5vZGU6NjE2MzkzMw==,240.0,240.0,1000.0,1000.0
T2ZmZXJUYWJsZU9mZmVyTm9kZToxMDMyMzgwMDY=,RmlnaHROb2RlOjU4OTMy,U3BvcnRzYm9va05vZGU6Mjg=,T3V0Y29tZU5vZGU6NjE3MTIxOQ==,165.0,165.0,165.0,165.0,T3V0Y29tZU5vZGU6NjE3MTIyMA==,-225.0,-225.0,-225.0,-225.0
T2ZmZXJUYWJsZU9mZmVyTm9kZToxMDMyMzcwNTc=,RmlnaHROb2RlOjU4OTMy,U3BvcnRzYm9va05vZGU6MjE=,T3V0Y29tZU5vZGU6NjE2OTk3NQ==,118.0,118.0,158.0,158.0,T3V0Y29tZU5vZGU6NjE2OTk3NA==,-175.0,-238.0,-238.0,-164.0
T2ZmZXJUYWJsZU9mZmVyTm9kZToxMDMyMzYzMjg=,RmlnaHROb2RlOjU4OTMy,U3BvcnRzYm9va05vZGU6MTA=,T3V0Y29tZU5vZGU6NjE2OTA2NQ==,-101.0,-101.0,178.0,240.0,T3V0Y29tZU5vZGU6NjE2OTA2NA==,-129.0,-300.0,-218.0,-129.0
T2ZmZXJUYWJsZU9mZmVyTm9kZToxMDMyMzc5NDg=,RmlnaHROb2RlOjU4OTMy,U3BvcnRzYm9va05vZGU6Mjg=,T3V0Y29tZU5vZGU6NjE3MTEwMw==,150.0,135.0,165.0,165.0,T3V0Y29tZU5vZGU6NjE3MTEwNA==,-200.0,-225.0,-225.0,-175.0
T2ZmZXJUYWJsZU9mZmVyTm9kZToxMDMyMzcyMTg=,RmlnaHROb2RlOjU4OTMy,U3BvcnRzYm9va05vZGU6Mjc=,T3V0Y29tZU5vZGU6NjE3MDIxOA==,150.0,150.0,150.0,150.0,T3V0Y29tZU5vZGU6NjE3MDIxOQ==,-200.0,-200.0,-200.0,-200.0
T2ZmZXJUYWJsZU9mZmVyTm9kZToxMDMyMzcyMTc=,RmlnaHROb2RlOjU4OTYw,U3BvcnRzYm9va05vZGU6Mjc=,T3V0Y29tZU5vZGU6NjE3MDIxNg==,-1205.0,-1205.0,-1205.0,-1205.0,T3V0Y29tZU5vZGU6NjE3MDIxNw==,550.0,550.0,550.0,550.0
T2ZmZXJUYWJsZU9mZmVyTm9kZToxMDMyMzYzMzQ=,RmlnaHROb2RlOjU4OTYw,U3BvcnRzYm9va05vZGU6MTA=,T3V0Y29tZU5vZGU6NjE2OTA3Nw==,-700.0,-1500.0,-1200.0,-700.0,T3V0Y29tZU5vZGU6NjE2OTA3Ng==,500.0,500.0,750.0,850.0
T2ZmZXJUYWJsZU9mZmVyTm9kZToxMDMyMzc5NTM=,RmlnaHROb2RlOjU4OTYw,U3BvcnRzYm9va05vZGU6Mjg=,T3V0Y29tZU5vZGU6NjE3MTExMw==,-835.0,-1250.0,-1250.0,-835.0,T3V0Y29tZU5vZGU6NjE3MTExNA==,460.0,460.0,650.0,650.0
T2ZmZXJUYWJsZU9mZmVyTm9kZToxMDMyMzcwNTg=,RmlnaHROb2RlOjU4OTYw,U3BvcnRzYm9va05vZGU6MjE=,T3V0Y29tZU5vZGU6NjE2OTk3Nw==,-1111.0,-1667.0,-1667.0,-1111.0,T3V0Y29tZU5vZGU6NjE2OTk3Ng==,469.0,469.0,618.0,618.0
T2ZmZXJUYWJsZU9mZmVyTm9kZToxMDMyMzc5NTU=,RmlnaHROb2RlOjU4OTU5,U3BvcnRzYm9va05vZGU6Mjg=,T3V0Y29tZU5vZGU6NjE3MTExNw==,-2000.0,-2000.0,-2000.0,-1430.0,T3V0Y29tZU5vZGU6NjE3MTExOA==,1000.0,680.0,1000.0,1000.0
T2ZmZXJUYWJsZU9mZmVyTm9kZToxMDMyMzYzMzI=,RmlnaHROb2RlOjU4OTU5,U3BvcnRzYm9va05vZGU6MTA=,T3V0Y29tZU5vZGU6NjE2OTA3Mw==,-200.0,-4000.0,-3300.0,-200.0,T3V0Y29tZU5vZGU6NjE2OTA3Mg==,160.0,160.0,1400.0,1600.0
T2ZmZXJUYWJsZU9mZmVyTm9kZToxMDMyMzcwNjU=,RmlnaHROb2RlOjU4OTU5,U3BvcnRzYm9va05vZGU6MjE=,T3V0Y29tZU5vZGU6NjE2OTk5MQ==,-2000.0,-5000.0,-5000.0,-2000.0,T3V0Y29tZU5vZGU6NjE2OTk5MA==,674.0,674.0,813.0,813.0
T2ZmZXJUYWJsZU9mZmVyTm9kZToxMDMyMzcyMTM=,RmlnaHROb2RlOjU4OTU5,U3BvcnRzYm9va05vZGU6Mjc=,T3V0Y29tZU5vZGU6NjE3MDIwOA==,-1408.0,-1408.0,-1408.0,-1408.0,T3V0Y29tZU5vZGU6NjE3MDIwOQ==,600.0,600.0,600.0,600.0
T2ZmZXJUYWJsZU9mZmVyTm9kZToxMDMyMzcwNTk=,RmlnaHROb2RlOjYwNTUx,U3BvcnRzYm9va05vZGU6MjE=,T3V0Y29tZU5vZGU6NjE2OTk3OQ==,-769.0,-3333.0,-500.0,-417.0,T3V0Y29tZU5vZGU6NjE2OTk3OA==,396.0,256.0,295.0,736.0
T2ZmZXJUYWJsZU9mZmVyTm9kZToxMDMyMzcyMTU=,RmlnaHROb2RlOjYwNTUx,U3BvcnRzYm9va05vZGU6Mjc=,T3V0Y29tZU5vZGU6NjE3MDIxMg==,-1408.0,-1408.0,-549.0,-549.0,T3V0Y29tZU5vZGU6NjE3MDIxMw==,600.0,333.0,333.0,600.0
T2ZmZXJUYWJsZU9mZmVyTm9kZToxMDMyMzc5NDk=,RmlnaHROb2RlOjYwNTUx,U3BvcnRzYm9va05vZGU6Mjg=,T3V0Y29tZU5vZGU6NjE3MTEwNQ==,-355.0,-556.0,-556.0,-323.0,T3V0Y29tZU5vZGU6NjE3MTEwNg==,230.0,213.0,331.0,331.0
T2ZmZXJUYWJsZU9mZmVyTm9kZToxMDMyMzYzMzM=,RmlnaHROb2RlOjYwNTUx,U3BvcnRzYm9va05vZGU6MTA=,T3V0Y29tZU5vZGU6NjE2OTA3NQ==,-500.0,-1500.0,-500.0,-325.0,T3V0Y29tZU5vZGU6NjE2OTA3NA==,375.0,250.0,375.0,850.0
T2ZmZXJUYWJsZU9mZmVyTm9kZToxMDMyMzcwNjE=,RmlnaHROb2RlOjU5Mzc5,U3BvcnRzYm9va05vZGU6MjE=,T3V0Y29tZU5vZGU6NjE2OTk4Mw==,-400.0,-625.0,-588.0,-400.0,T3V0Y29tZU5vZGU6NjE2OTk4Mg==,247.0,247.0,339.0,343.0
T2ZmZXJUYWJsZU9mZmVyTm9kZToxMDMyMzgwMDU=,RmlnaHROb2RlOjU5Mzc5,U3BvcnRzYm9va05vZGU6Mjg=,T3V0Y29tZU5vZGU6NjE3MTIxNw==,-556.0,-556.0,-556.0,-556.0,T3V0Y29tZU5vZGU6NjE3MTIxOA==,331.0,331.0,331.0,331.0
T2ZmZXJUYWJsZU9mZmVyTm9kZToxMDMyMzYzMzE=,RmlnaHROb2RlOjU5Mzc5,U3BvcnRzYm9va05vZGU6MTA=,T3V0Y29tZU5vZGU6NjE2OTA3MQ==,-400.0,-900.0,-400.0,-350.0,T3V0Y29tZU5vZGU6NjE2OTA3MA==,300.0,275.0,300.0,600.0
T2ZmZXJUYWJsZU9mZmVyTm9kZToxMDMyMzc5NDY=,RmlnaHROb2RlOjU5Mzc5,U3BvcnRzYm9va05vZGU6Mjg=,T3V0Y29tZU5vZGU6NjE3MTA5OQ==,-385.0,-833.0,-556.0,-385.0,T3V0Y29tZU5vZGU6NjE3MTEwMA==,245.0,245.0,331.0,458.0
T2ZmZXJUYWJsZU9mZmVyTm9kZToxMDMyMzcyMTQ=,RmlnaHROb2RlOjU5Mzc5,U3BvcnRzYm9va05vZGU6Mjc=,T3V0Y29tZU5vZGU6NjE3MDIxMA==,-500.0,-500.0,-500.0,-500.0,T3V0Y29tZU5vZGU6NjE3MDIxMQ==,333.0,333.0,333.0,333.0
T2ZmZXJUYWJsZU9mZmVyTm9kZToxMDMyMzc5NTI=,RmlnaHROb2RlOjU4OTU4,U3BvcnRzYm9va05vZGU6Mjg=,T3V0Y29tZU5vZGU6NjE3MTExMQ==,-1250.0,-1430.0,-1430.0,-910.0,T3V0Y29tZU5vZGU6NjE3MTExMg==,650.0,460.0,680.0,680.0
T2ZmZXJUYWJsZU9mZmVyTm9kZToxMDMyMzgwMDc=,RmlnaHROb2RlOjU4OTU4,U3BvcnRzYm9va05vZGU6Mjg=,T3V0Y29tZU5vZGU6NjE3MTIyMQ==,-1430.0,-1430.0,-1430.0,-1430.0,T3V0Y29tZU5vZGU6NjE3MTIyMg==,680.0,680.0,680.0,680.0
T2ZmZXJUYWJsZU9mZmVyTm9kZToxMDMyMzYzMzA=,RmlnaHROb2RlOjU4OTU4,U3BvcnRzYm9va05vZGU6MTA=,T3V0Y29tZU5vZGU6NjE2OTA2OQ==,-400.0,-1800.0,-1500.0,-400.0,T3V0Y29tZU5vZGU6NjE2OTA2OA==,300.0,300.0,850.0,900.0
T2ZmZXJUYWJsZU9mZmVyTm9kZToxMDMyMzcwNjQ=,RmlnaHROb2RlOjU4OTU4,U3BvcnRzYm9va05vZGU6MjE=,T3V0Y29tZU5vZGU6NjE2OTk4OQ==,-1667.0,-5000.0,-2000.0,-1667.0,T3V0Y29tZU5vZGU6NjE2OTk4OA==,570.0,569.0,715.0,806.0
T2ZmZXJUYWJsZU9mZmVyTm9kZToxMDMyMzcyMTk=,RmlnaHROb2RlOjU4OTU4,U3BvcnRzYm9va05vZGU6Mjc=,T3V0Y29tZU5vZGU6NjE3MDIyMA==,-1408.0,-1408.0,-1408.0,-1408.0,T3V0Y29tZU5vZGU6NjE3MDIyMQ==,600.0,600.0,600.0,600.0
T2ZmZXJUYWJsZU9mZmVyTm9kZToxMDMyMzgwMTk=,RmlnaHROb2RlOjU5Mzc4,U3BvcnRzYm9va05vZGU6Mjg=,T3V0Y29tZU5vZGU6NjE3MTI0NQ==,-10000.0,-10000.0,-10000.0,-10000.0,T3V0Y29tZU5vZGU6NjE3MTI0Ng==,1900.0,1900.0,1900.0,1900.0
T2ZmZXJUYWJsZU9mZmVyTm9kZToxMDMyMzcwNjM=,RmlnaHROb2RlOjU5Mzc4,U3BvcnRzYm9va05vZGU6MjE=,T3V0Y29tZU5vZGU6NjE2OTk4Nw==,-5000.0,-5000.0,-5000.0,-5000.0,T3V0Y29tZU5vZGU6NjE2OTk4Ng==,830.0,830.0,1266.0,1676.0
T2ZmZXJUYWJsZU9mZmVyTm9kZToxMDMyMzcyMTI=,RmlnaHROb2RlOjU5Mzc4,U3BvcnRzYm9va05vZGU6Mjc=,T3V0Y29tZU5vZGU6NjE3MDIwNg==,-3333.0,-3333.0,-3333.0,-3333.0,T3V0Y29tZU5vZGU6NjE3MDIwNw==,900.0,900.0,900.0,900.0
T2ZmZXJUYWJsZU9mZmVyTm9kZToxMDMyMzc5NTE=,RmlnaHROb2RlOjU5Mzc4,U3BvcnRzYm9va05vZGU6Mjg=,T3V0Y29tZU5vZGU6NjE3MTEwOQ==,-3333.0,-10000.0,-10000.0,-3333.0,T3V0Y29tZU5vZGU6NjE3MTExMA==,1408.0,1408.0,1900.0,1900.0
T2ZmZXJUYWJsZU9mZmVyTm9kZToxMDMyMzYzMjk=,RmlnaHROb2RlOjU5Mzc4,U3BvcnRzYm9va05vZGU6MTA=,T3V0Y29tZU5vZGU6NjE2OTA2Nw==,-800.0,-7500.0,-7500.0,-800.0,T3V0Y29tZU5vZGU6NjE2OTA2Ng==,550.0,550.0,1900.0,1900.0
T2ZmZXJUYWJsZU9mZmVyTm9kZToxMDMyMzc5NDU=,RmlnaHROb2RlOjU4OTYx,U3BvcnRzYm9va05vZGU6Mjg=,T3V0Y29tZU5vZGU6NjE3MTA5Nw==,-175.0,-175.0,-175.0,-135.0,T3V0Y29tZU5vZGU6NjE3MTA5OA==,135.0,-105.0,135.0,135.0
T2ZmZXJUYWJsZU9mZmVyTm9kZToxMDMyMzYzMzU=,RmlnaHROb2RlOjU4OTYx,U3BvcnRzYm9va05vZGU6MTA=,T3V0Y29tZU5vZGU6NjE2OTA3OQ==,-115.0,-225.0,-225.0,-115.0,T3V0Y29tZU5vZGU6NjE2OTA3OA==,-115.0,-115.0,185.0,185.0
T2ZmZXJUYWJsZU9mZmVyTm9kZToxMDMyMzcwNjA=,RmlnaHROb2RlOjU4OTYx,U3BvcnRzYm9va05vZGU6MjE=,T3V0Y29tZU5vZGU6NjE2OTk4MQ==,-120.0,-200.0,-200.0,-120.0,T3V0Y29tZU5vZGU6NjE2OTk4MA==,-120.0,-120.0,135.0,136.0
T2ZmZXJUYWJsZU9mZmVyTm9kZToxMDMyMzcyMTY=,RmlnaHROb2RlOjU4OTYx,U3BvcnRzYm9va05vZGU6Mjc=,T3V0Y29tZU5vZGU6NjE3MDIxNA==,-138.0,-200.0,-200.0,-138.0,T3V0Y29tZU5vZGU6NjE3MDIxNQ==,105.0,105.0,140.0,140.0
T2ZmZXJUYWJsZU9mZmVyTm9kZToxMDMyMzc5NTA=,RmlnaHROb2RlOjU4OTk5,U3BvcnRzYm9va05vZGU6Mjg=,T3V0Y29tZU5vZGU6NjE3MTEwNw==,-500.0,-833.0,-714.0,-500.0,T3V0Y29tZU5vZGU6NjE3MTEwOA==,300.0,300.0,414.0,458.0
T2ZmZXJUYWJsZU9mZmVyTm9kZToxMDMyMzY1MjI=,RmlnaHROb2RlOjU4OTk5,U3BvcnRzYm9va05vZGU6MTA=,T3V0Y29tZU5vZGU6NjE2OTMxMg==,-400.0,-1000.0,-650.0,-400.0,T3V0Y29tZU5vZGU6NjE2OTMxMw==,300.0,300.0,475.0,700.0
T2ZmZXJUYWJsZU9mZmVyTm9kZToxMDMyMzcyMjU=,RmlnaHROb2RlOjU4OTk5,U3BvcnRzYm9va05vZGU6Mjc=,T3V0Y29tZU5vZGU6NjE3MDIzMg==,-500.0,-500.0,-500.0,-500.0,T3V0Y29tZU5vZGU6NjE3MDIzMw==,333.0,333.0,333.0,333.0
T2ZmZXJUYWJsZU9mZmVyTm9kZToxMDMyMzc0NTQ=,RmlnaHROb2RlOjU4OTk5,U3BvcnRzYm9va05vZGU6MjE=,T3V0Y29tZU5vZGU6NjE3MDU2Ng==,-588.0,-588.0,-588.0,-588.0,T3V0Y29tZU5vZGU6NjE3MDU2NQ==,320.0,320.0,327.0,350.0
T2ZmZXJUYWJsZU9mZmVyTm9kZToxMDMyMzY1MjA=,RmlnaHROb2RlOjU5MDAw,U3BvcnRzYm9va05vZGU6MTA=,T3V0Y29tZU5vZGU6NjE2OTMwOQ==,-145.0,-400.0,115.0,125.0,T3V0Y29tZU5vZGU6NjE2OTMwOA==,115.0,-155.0,-145.0,300.0
T2ZmZXJUYWJsZU9mZmVyTm9kZToxMDMyMzcyMjI=,RmlnaHROb2RlOjU5MDAw,U3BvcnRzYm9va05vZGU6Mjc=,T3V0Y29tZU5vZGU6NjE3MDIyNg==,-120.0,-120.0,-120.0,-120.0,T3V0Y29tZU5vZGU6NjE3MDIyNw==,-110.0,-110.0,-110.0,-110.0
T2ZmZXJUYWJsZU9mZmVyTm9kZToxMDMyMzc5NDc=,RmlnaHROb2RlOjU5MDAw,U3BvcnRzYm9va05vZGU6Mjg=,T3V0Y29tZU5vZGU6NjE3MTEwMQ==,-120.0,-120.0,105.0,105.0,T3V0Y29tZU5vZGU6NjE3MTEwMg==,-120.0,-145.0,-145.0,-120.0
T2ZmZXJUYWJsZU9mZmVyTm9kZToxMDMyMzcyMDE=,RmlnaHROb2RlOjU5MDAw,U3BvcnRzYm9va05vZGU6MjE=,T3V0Y29tZU5vZGU6NjE3MDE4NQ==,104.0,-125.0,-109.0,118.0,T3V0Y29tZU5vZGU6NjE3MDE4NA==,-152.0,-169.0,-132.0,-115.0
T2ZmZXJUYWJsZU9mZmVyTm9kZToxMDMyMzY5ODY=,RmlnaHROb2RlOjYwNjEw,U3BvcnRzYm9va05vZGU6MTA=,T3V0Y29tZU5vZGU6NjE2OTg4MA==,150.0,-115.0,110.0,150.0,T3V0Y29tZU5vZGU6NjE2OTg4MQ==,-180.0,-180.0,-140.0,-115.0
T2ZmZXJUYWJsZU9mZmVyTm9kZToxMDMyMzg0Njc=,RmlnaHROb2RlOjYwNTcw,U3BvcnRzYm9va05vZGU6MjE=,T3V0Y29tZU5vZGU6NjE3MjA0OQ==,107.0,-147.0,-147.0,107.0,T3V0Y29tZU5vZGU6NjE3MjA1MA==,-154.0,-154.0,102.0,102.0
T2ZmZXJUYWJsZU9mZmVyTm9kZToxMDMyMzgzMjY=,RmlnaHROb2RlOjYwNTcw,U3BvcnRzYm9va05vZGU6Mjg=,T3V0Y29tZU5vZGU6NjE3MTgyNg==,150.0,-156.0,-156.0,150.0,T3V0Y29tZU5vZGU6NjE3MTgyNQ==,-200.0,-200.0,116.0,116.0
T2ZmZXJUYWJsZU9mZmVyTm9kZToxMDMyMzcyMzg=,RmlnaHROb2RlOjYwNTcw,U3BvcnRzYm9va05vZGU6Mjc=,T3V0Y29tZU5vZGU6NjE3MDI1OA==,140.0,-110.0,-110.0,140.0,T3V0Y29tZU5vZGU6NjE3MDI1OQ==,-188.0,-188.0,-120.0,-120.0
T2ZmZXJUYWJsZU9mZmVyTm9kZToxMDMyMzcyMjQ=,RmlnaHROb2RlOjU5MDU0,U3BvcnRzYm9va05vZGU6Mjc=,T3V0Y29tZU5vZGU6NjE3MDIzMA==,163.0,110.0,110.0,163.0,T3V0Y29tZU5vZGU6NjE3MDIzMQ==,-225.0,-225.0,-150.0,-150.0
T2ZmZXJUYWJsZU9mZmVyTm9kZToxMDMyMzY5ODA=,RmlnaHROb2RlOjU5MDU0,U3BvcnRzYm9va05vZGU6MTA=,T3V0Y29tZU5vZGU6NjE2OTg2OA==,190.0,-105.0,100.0,190.0,T3V0Y29tZU5vZGU6NjE2OTg2OQ==,-240.0,-240.0,-130.0,-125.0
T2ZmZXJUYWJsZU9mZmVyTm9kZToxMDMyMzcyMjE=,RmlnaHROb2RlOjU5Mzc2,U3BvcnRzYm9va05vZGU6Mjc=,T3V0Y29tZU5vZGU6NjE3MDIyNA==,163.0,-110.0,-110.0,163.0,T3V0Y29tZU5vZGU6NjE3MDIyNQ==,-225.0,-225.0,-120.0,-120.0
T2ZmZXJUYWJsZU9mZmVyTm9kZToxMDMyMzgzMjI=,RmlnaHROb2RlOjU5Mzc2,U3BvcnRzYm9va05vZGU6Mjg=,T3V0Y29tZU5vZGU6NjE3MTgxOA==,140.0,-120.0,-120.0,140.0,T3V0Y29tZU5vZGU6NjE3MTgxNw==,-180.0,-180.0,-120.0,-120.0
T2ZmZXJUYWJsZU9mZmVyTm9kZToxMDMyMzcwNzA=,RmlnaHROb2RlOjU5Mzc2,U3BvcnRzYm9va05vZGU6MjE=,T3V0Y29tZU5vZGU6NjE3MDAwMA==,179.0,-118.0,-112.0,179.0,T3V0Y29tZU5vZGU6NjE3MDAwMQ==,-270.0,-270.0,-128.0,-122.0
T2ZmZXJUYWJsZU9mZmVyTm9kZToxMDMyMzY5ODE=,RmlnaHROb2RlOjU5Mzc2,U3BvcnRzYm9va05vZGU6MTA=,T3V0Y29tZU5vZGU6NjE2OTg3MA==,190.0,-120.0,-115.0,190.0,T3V0Y29tZU5vZGU6NjE2OTg3MQ==,-240.0,-240.0,-115.0,-110.0
T2ZmZXJUYWJsZU9mZmVyTm9kZToxMDMyMzgzMjA=,RmlnaHROb2RlOjYwNTY4,U3BvcnRzYm9va05vZGU6Mjg=,T3V0Y29tZU5vZGU6NjE3MTgxMw==,-245.0,-280.0,-265.0,-245.0,T3V0Y29tZU5vZGU6NjE3MTgxNA==,175.0,175.0,185.0,190.0
T2ZmZXJUYWJsZU9mZmVyTm9kZToxMDMyMzcwNjg=,RmlnaHROb2RlOjYwNTY4,U3BvcnRzYm9va05vZGU6MjE=,T3V0Y29tZU5vZGU6NjE2OTk5Nw==,-222.0,-312.0,-278.0,-208.0,T3V0Y29tZU5vZGU6NjE2OTk5Ng==,151.0,141.0,191.0,201.0
T2ZmZXJUYWJsZU9mZmVyTm9kZToxMDMyMzcyMzk=,RmlnaHROb2RlOjYwNTY4,U3BvcnRzYm9va05vZGU6Mjc=,T3V0Y29tZU5vZGU6NjE3MDI2MA==,-188.0,-275.0,-275.0,-188.0,T3V0Y29tZU5vZGU6NjE3MDI2MQ==,140.0,140.0,200.0,200.0
T2ZmZXJUYWJsZU9mZmVyTm9kZToxMDMyMzY5ODI=,RmlnaHROb2RlOjYwNTY4,U3BvcnRzYm9va05vZGU6MTA=,T3V0Y29tZU5vZGU6NjE2OTg3Mw==,-200.0,-305.0,-270.0,-200.0,T3V0Y29tZU5vZGU6NjE2OTg3Mg==,160.0,160.0,210.0,245.0
T2ZmZXJUYWJsZU9mZmVyTm9kZToxMDMyMzcyMjc=,RmlnaHROb2RlOjU5Mzc0,U3BvcnRzYm9va05vZGU6Mjc=,T3V0Y29tZU5vZGU6NjE3MDIzNg==,150.0,110.0,110.0,150.0,T3V0Y29tZU5vZGU6NjE3MDIzNw==,-200.0,-200.0,-150.0,-150.0
T2ZmZXJUYWJsZU9mZmVyTm9kZToxMDMyMzcwNjY=,RmlnaHROb2RlOjU5Mzc0,U3BvcnRzYm9va05vZGU6MjE=,T3V0Y29tZU5vZGU6NjE2OTk5Mg==,151.0,109.0,119.0,151.0,T3V0Y29tZU5vZGU6NjE2OTk5Mw==,-222.0,-222.0,-182.0,-167.0
T2ZmZXJUYWJsZU9mZmVyTm9kZToxMDMyMzY5Nzk=,RmlnaHROb2RlOjU5Mzc0,U3BvcnRzYm9va05vZGU6MTA=,T3V0Y29tZU5vZGU6NjE2OTg2Ng==,160.0,-115.0,115.0,160.0,T3V0Y29tZU5vZGU6NjE2OTg2Nw==,-200.0,-200.0,-145.0,-115.0
T2ZmZXJUYWJsZU9mZmVyTm9kZToxMDMyMzgzMjQ=,RmlnaHROb2RlOjU5Mzc0,U3BvcnRzYm9va05vZGU6Mjg=,T3V0Y29tZU5vZGU6NjE3MTgyMg==,150.0,115.0,115.0,150.0,T3V0Y29tZU5vZGU6NjE3MTgyMQ==,-200.0,-200.0,-155.0,-155.0
T2ZmZXJUYWJsZU9mZmVyTm9kZToxMDMyMzcyMjA=,RmlnaHROb2RlOjU5MDQ0,U3BvcnRzYm9va05vZGU6Mjc=,T3V0Y29tZU5vZGU6NjE3MDIyMg==,-250.0,-333.0,-333.0,-250.0,T3V0Y29tZU5vZGU6NjE3MDIyMw==,175.0,175.0,225.0,225.0
T2ZmZXJUYWJsZU9mZmVyTm9kZToxMDMyMzgzMjU=,RmlnaHROb2RlOjU5MDQ0,U3BvcnRzYm9va05vZGU6Mjg=,T3V0Y29tZU5vZGU6NjE3MTgyMw==,-305.0,-305.0,-295.0,-285.0,T3V0Y29tZU5vZGU6NjE3MTgyNA==,205.0,195.0,200.0,205.0
T2ZmZXJUYWJsZU9mZmVyTm9kZToxMDMyMzY5Nzc=,RmlnaHROb2RlOjU5MDQ0,U3BvcnRzYm9va05vZGU6MTA=,T3V0Y29tZU5vZGU6NjE2OTg2Mw==,-240.0,-300.0,-260.0,-240.0,T3V0Y29tZU5vZGU6NjE2OTg2Mg==,190.0,190.0,200.0,240.0
T2ZmZXJUYWJsZU9mZmVyTm9kZToxMDMyMzcwNjI=,RmlnaHROb2RlOjU5MDQ0,U3BvcnRzYm9va05vZGU6MjE=,T3V0Y29tZU5vZGU6NjE2OTk4NQ==,-270.0,-357.0,-312.0,-270.0,T3V0Y29tZU5vZGU6NjE2OTk4NA==,179.0,179.0,199.0,226.0
T2ZmZXJUYWJsZU9mZmVyTm9kZToxMDMyMzgzMjE=,RmlnaHROb2RlOjYwNjA5,U3BvcnRzYm9va05vZGU6Mjg=,T3V0Y29tZU5vZGU6NjE3MTgxNQ==,-200.0,-270.0,-270.0,-200.0,T3V0Y29tZU5vZGU6NjE3MTgxNg==,150.0,150.0,185.0,185.0
T2ZmZXJUYWJsZU9mZmVyTm9kZToxMDMyMzg0NjY=,RmlnaHROb2RlOjYwNjA5,U3BvcnRzYm9va05vZGU6MjE=,T3V0Y29tZU5vZGU6NjE3MjA0OA==,-256.0,-323.0,-323.0,-256.0,T3V0Y29tZU5vZGU6NjE3MjA0Nw==,168.0,168.0,207.0,207.0
T2ZmZXJUYWJsZU9mZmVyTm9kZToxMDMyMzcyNDE=,RmlnaHROb2RlOjYwNjA5,U3BvcnRzYm9va05vZGU6Mjc=,T3V0Y29tZU5vZGU6NjE3MDI2NA==,-188.0,-188.0,-188.0,-188.0,T3V0Y29tZU5vZGU6NjE3MDI2NQ==,140.0,140.0,140.0,140.0
T2ZmZXJUYWJsZU9mZmVyTm9kZToxMDMyMzcyNzA=,RmlnaHROb2RlOjYwNTY5,U3BvcnRzYm9va05vZGU6MjE=,T3V0Y29tZU5vZGU6NjE3MDMyMw==,-233.0,-286.0,-286.0,-233.0,T3V0Y29tZU5vZGU6NjE3MDMyMg==,157.0,157.0,193.0,193.0
T2ZmZXJUYWJsZU9mZmVyTm9kZToxMDMyMzY5ODc=,RmlnaHROb2RlOjU5MDU1,U3BvcnRzYm9va05vZGU6MTA=,T3V0Y29tZU5vZGU6NjE2OTg4Mg==,160.0,-155.0,-145.0,160.0,T3V0Y29tZU5vZGU6NjE2OTg4Mw==,-200.0,-200.0,115.0,125.0
T2ZmZXJUYWJsZU9mZmVyTm9kZToxMDMyMzcwNjc=,RmlnaHROb2RlOjU5MDUz,U3BvcnRzYm9va05vZGU6MjE=,T3V0Y29tZU5vZGU6NjE2OTk5NA==,-164.0,-455.0,-455.0,-164.0,T3V0Y29tZU5vZGU6NjE2OTk5NQ==,113.0,113.0,268.0,268.0
T2ZmZXJUYWJsZU9mZmVyTm9kZToxMDMyMzY5Nzg=,RmlnaHROb2RlOjU5MDUz,U3BvcnRzYm9va05vZGU6MTA=,T3V0Y29tZU5vZGU6NjE2OTg2NA==,-150.0,-400.0,-400.0,-150.0,T3V0Y29tZU5vZGU6NjE2OTg2NQ==,120.0,120.0,300.0,300.0
T2ZmZXJUYWJsZU9mZmVyTm9kZToxMDMyMzgzMTk=,RmlnaHROb2RlOjU5MDUz,U3BvcnRzYm9va05vZGU6Mjg=,T3V0Y29tZU5vZGU6NjE3MTgxMg==,-179.0,-400.0,-400.0,-179.0,T3V0Y29tZU5vZGU6NjE3MTgxMQ==,139.0,139.0,250.0,250.0
T2ZmZXJUYWJsZU9mZmVyTm9kZToxMDMyMzcyMjY=,RmlnaHROb2RlOjU5MDUz,U3BvcnRzYm9va05vZGU6Mjc=,T3V0Y29tZU5vZGU6NjE3MDIzNA==,-150.0,-333.0,-333.0,-150.0,T3V0Y29tZU5vZGU6NjE3MDIzNQ==,110.0,110.0,225.0,225.0
T2ZmZXJUYWJsZU9mZmVyTm9kZToxMDMyNDIyNTc=,RmlnaHROb2RlOjYwNjU2,U3BvcnRzYm9va05vZGU6Mjg=,T3V0Y29tZU5vZGU6NjE3NzA4NA==,-305.0,-500.0,-476.0,-305.0,T3V0Y29tZU5vZGU6NjE3NzA4NQ==,205.0,205.0,291.0,300.0
T2ZmZXJUYWJsZU9mZmVyTm9kZToxMDMyNDE2MTk=,RmlnaHROb2RlOjYwNjU2,U3BvcnRzYm9va05vZGU6Mjc=,T3V0Y29tZU5vZGU6NjE3NjI1MA==,-333.0,-400.0,-400.0,-333.0,T3V0Y29tZU5vZGU6NjE3NjI1MQ==,225.0,225.0,275.0,275.0
T2ZmZXJUYWJsZU9mZmVyTm9kZToxMDMyNDEwNzA=,RmlnaHROb2RlOjYwNjU2,U3BvcnRzYm9va05vZGU6MjE=,T3V0Y29tZU5vZGU6NjE3NTU4MA==,-385.0,-455.0,-455.0,-333.0,T3V0Y29tZU5vZGU6NjE3NTU3OQ==,236.0,214.0,289.0,289.0
T2ZmZXJUYWJsZU9mZmVyTm9kZToxMDMyNDAxMTU=,RmlnaHROb2RlOjYwNjU2,U3BvcnRzYm9va05vZGU6MTA=,T3V0Y29tZU5vZGU6NjE3NDM5NQ==,-200.0,-550.0,-470.0,-200.0,T3V0Y29tZU5vZGU6NjE3NDM5NA==,160.0,160.0,370.0,400.0
T2ZmZXJUYWJsZU9mZmVyTm9kZToxMDMyNDEwNzE=,RmlnaHROb2RlOjYwNjY1,U3BvcnRzYm9va05vZGU6MjE=,T3V0Y29tZU5vZGU6NjE3NTU4Mg==,-286.0,-303.0,-303.0,-233.0,T3V0Y29tZU5vZGU6NjE3NTU4MQ==,187.0,162.0,192.0,197.0
T2ZmZXJUYWJsZU9mZmVyTm9kZToxMDMyNDIyNTM=,RmlnaHROb2RlOjYwNjY1,U3BvcnRzYm9va05vZGU6Mjg=,T3V0Y29tZU5vZGU6NjE3NzA3Ng==,-200.0,-270.0,-238.0,-200.0,T3V0Y29tZU5vZGU6NjE3NzA3Nw==,150.0,150.0,173.0,185.0
T2ZmZXJUYWJsZU9mZmVyTm9kZToxMDMyNDE2MjE=,RmlnaHROb2RlOjYwNjY1,U3BvcnRzYm9va05vZGU6Mjc=,T3V0Y29tZU5vZGU6NjE3NjI1NA==,-188.0,-275.0,-275.0,-188.0,T3V0Y29tZU5vZGU6NjE3NjI1NQ==,140.0,140.0,200.0,200.0
T2ZmZXJUYWJsZU9mZmVyTm9kZToxMDMyNDAxMjM=,RmlnaHROb2RlOjYwNjY1,U3BvcnRzYm9va05vZGU6MTA=,T3V0Y29tZU5vZGU6NjE3NDQxMA==,-200.0,-270.0,-215.0,-200.0,T3V0Y29tZU5vZGU6NjE3NDQxMQ==,160.0,160.0,175.0,210.0
T2ZmZXJUYWJsZU9mZmVyTm9kZToxMDMyNDA2MzA=,RmlnaHROb2RlOjYwNjU0,U3BvcnRzYm9va05vZGU6MjE=,T3V0Y29tZU5vZGU6NjE3NTAzNg==,-385.0,-531.0,-531.0,-385.0,T3V0Y29tZU5vZGU6NjE3NTAzNQ==,236.0,236.0,292.0,292.0
T2ZmZXJUYWJsZU9mZmVyTm9kZToxMDMyNDIyNTI=,RmlnaHROb2RlOjYwNjU0,U3BvcnRzYm9va05vZGU6Mjg=,T3V0Y29tZU5vZGU6NjE3NzA3NA==,-400.0,-400.0,-400.0,-345.0,T3V0Y29tZU5vZGU6NjE3NzA3NQ==,250.0,225.0,250.0,250.0
T2ZmZXJUYWJsZU9mZmVyTm9kZToxMDMyNDE2MjM=,RmlnaHROb2RlOjYwNjU0,U3BvcnRzYm9va05vZGU6Mjc=,T3V0Y29tZU5vZGU6NjE3NjI1OA==,-400.0,-400.0,-400.0,-400.0,T3V0Y29tZU5vZGU6NjE3NjI1OQ==,275.0,275.0,275.0,275.0
T2ZmZXJUYWJsZU9mZmVyTm9kZToxMDMyNDAxMTM=,RmlnaHROb2RlOjYwNjU0,U3BvcnRzYm9va05vZGU6MTA=,T3V0Y29tZU5vZGU6NjE3NDM5MA==,-150.0,-430.0,-425.0,-150.0,T3V0Y29tZU5vZGU6NjE3NDM5MQ==,120.0,120.0,325.0,330.0
T2ZmZXJUYWJsZU9mZmVyTm9kZToxMDMyNDE2MjQ=,RmlnaHROb2RlOjYwNjYx,U3BvcnRzYm9va05vZGU6Mjc=,T3V0Y29tZU5vZGU6NjE3NjI2MA==,225.0,225.0,275.0,275.0,T3V0Y29tZU5vZGU6NjE3NjI2MQ==,-333.0,-400.0,-400.0,-333.0
T2ZmZXJUYWJsZU9mZmVyTm9kZToxMDMyNDIyNTU=,RmlnaHROb2RlOjYwNjYx,U3BvcnRzYm9va05vZGU6Mjg=,T3V0Y29tZU5vZGU6NjE3NzA4MA==,230.0,230.0,280.0,392.0,T3V0Y29tZU5vZGU6NjE3NzA4MQ==,-355.0,-667.0,-455.0,-355.0
T2ZmZXJUYWJsZU9mZmVyTm9kZToxMDMyNDAxMTk=,RmlnaHROb2RlOjYwNjYx,U3BvcnRzYm9va05vZGU6MTA=,T3V0Y29tZU5vZGU6NjE3NDQwMg==,180.0,180.0,330.0,550.0,T3V0Y29tZU5vZGU6NjE3NDQwMw==,-220.0,-800.0,-430.0,-220.0
T2ZmZXJUYWJsZU9mZmVyTm9kZToxMDMyNDEwNjk=,RmlnaHROb2RlOjYwNjYx,U3BvcnRzYm9va05vZGU6MjE=,T3V0Y29tZU5vZGU6NjE3NTU3OA==,220.0,163.0,302.0,302.0,T3V0Y29tZU5vZGU6NjE3NTU3Nw==,-323.0,-500.0,-500.0,-244.0
T2ZmZXJUYWJsZU9mZmVyTm9kZToxMDMyNDA2MzE=,RmlnaHROb2RlOjYwNjU1,U3BvcnRzYm9va05vZGU6MjE=,T3V0Y29tZU5vZGU6NjE3NTAzOA==,-455.0,-1111.0,-833.0,-455.0,T3V0Y29tZU5vZGU6NjE3NTAzNw==,268.0,268.0,390.0,443.0
T2ZmZXJUYWJsZU9mZmVyTm9kZToxMDMyNDIyNTA=,RmlnaHROb2RlOjYwNjU1,U3BvcnRzYm9va05vZGU6Mjg=,T3V0Y29tZU5vZGU6NjE3NzA3MA==,-667.0,-909.0,-625.0,-500.0,T3V0Y29tZU5vZGU6NjE3NzA3MQ==,392.0,300.0,360.0,459.0
T2ZmZXJUYWJsZU9mZmVyTm9kZToxMDMyNDAxMTQ=,RmlnaHROb2RlOjYwNjU1,U3BvcnRzYm9va05vZGU6MTA=,T3V0Y29tZU5vZGU6NjE3NDM5Mg==,-240.0,-1000.0,-665.0,-240.0,T3V0Y29tZU5vZGU6NjE3NDM5Mw==,190.0,190.0,490.0,700.0
T2ZmZXJUYWJsZU9mZmVyTm9kZToxMDMyNDE2MTg=,RmlnaHROb2RlOjYwNjU1,U3BvcnRzYm9va05vZGU6Mjc=,T3V0Y29tZU5vZGU6NjE3NjI0OA==,-549.0,-549.0,-549.0,-549.0,T3V0Y29tZU5vZGU6NjE3NjI0OQ==,350.0,350.0,350.0,350.0
T2ZmZXJUYWJsZU9mZmVyTm9kZToxMDMyNDA2MzI=,RmlnaHROb2RlOjYwNjU5,U3BvcnRzYm9va05vZGU6MjE=,T3V0Y29tZU5vZGU6NjE3NTA0MA==,-149.0,-190.0,-133.0,-111.0,T3V0Y29tZU5vZGU6NjE3NTAzOQ==,104.0,-127.0,-102.0,136.0
T2ZmZXJUYWJsZU9mZmVyTm9kZToxMDMyNDAxMTY=,RmlnaHROb2RlOjYwNjU5,U3BvcnRzYm9va05vZGU6MTA=,T3V0Y29tZU5vZGU6NjE3NDM5Ng==,-200.0,-240.0,-150.0,-110.0,T3V0Y29tZU5vZGU6NjE3NDM5Nw==,160.0,-120.0,120.0,190.0
T2ZmZXJUYWJsZU9mZmVyTm9kZToxMDMyNDE2MjA=,RmlnaHROb2RlOjYwNjU5,U3BvcnRzYm9va05vZGU6Mjc=,T3V0Y29tZU5vZGU6NjE3NjI1Mg==,-125.0,-163.0,-163.0,-125.0,T3V0Y29tZU5vZGU6NjE3NjI1Mw==,-105.0,-105.0,120.0,120.0
T2ZmZXJUYWJsZU9mZmVyTm9kZToxMDMyNDIyNTg=,RmlnaHROb2RlOjYwNjU5,U3BvcnRzYm9va05vZGU6Mjg=,T3V0Y29tZU5vZGU6NjE3NzA4Ng==,-125.0,-190.0,-156.0,-125.0,T3V0Y29tZU5vZGU6NjE3NzA4Nw==,-115.0,-115.0,116.0,145.0
T2ZmZXJUYWJsZU9mZmVyTm9kZToxMDMyNDIyNDg=,RmlnaHROb2RlOjYwNjY2,U3BvcnRzYm9va05vZGU6Mjg=,T3V0Y29tZU5vZGU6NjE3NzA2Nw==,-165.0,-227.0,-217.0,-165.0,T3V0Y29tZU5vZGU6NjE3NzA2Ng==,125.0,125.0,162.0,167.0
T2ZmZXJUYWJsZU9mZmVyTm9kZToxMDMyNDE2MjU=,RmlnaHROb2RlOjYwNjY2,U3BvcnRzYm9va05vZGU6Mjc=,T3V0Y29tZU5vZGU6NjE3NjI2Mw==,-150.0,-225.0,-225.0,-150.0,T3V0Y29tZU5vZGU6NjE3NjI2Mg==,110.0,110.0,163.0,163.0
T2ZmZXJUYWJsZU9mZmVyTm9kZToxMDMyNDEwNjc=,RmlnaHROb2RlOjYwNjY2,U3BvcnRzYm9va05vZGU6MjE=,T3V0Y29tZU5vZGU6NjE3NTU3Mw==,128.0,-233.0,-233.0,128.0,T3V0Y29tZU5vZGU6NjE3NTU3NA==,-189.0,-189.0,153.0,153.0
T2ZmZXJUYWJsZU9mZmVyTm9kZToxMDMyNDAxMTg=,RmlnaHROb2RlOjYwNjY2,U3BvcnRzYm9va05vZGU6MTA=,T3V0Y29tZU5vZGU6NjE3NDQwMA==,-105.0,-250.0,-220.0,-105.0,,,,,
T2ZmZXJUYWJsZU9mZmVyTm9kZToxMDMyNDAxMjE=,RmlnaHROb2RlOjYwNjYy,U3BvcnRzYm9va05vZGU6MTA=,T3V0Y29tZU5vZGU6NjE3NDQwNw==,160.0,160.0,360.0,360.0,T3V0Y29tZU5vZGU6NjE3NDQwNg==,-200.0,-460.0,-460.0,-200.0
T2ZmZXJUYWJsZU9mZmVyTm9kZToxMDMyNDEwNjg=,RmlnaHROb2RlOjYwNjYw,U3BvcnRzYm9va05vZGU6MjE=,T3V0Y29tZU5vZGU6NjE3NTU3NQ==,142.0,141.0,155.0,161.0,T3V0Y29tZU5vZGU6NjE3NTU3Ng==,-208.0,-238.0,-238.0,-208.0
T2ZmZXJUYWJsZU9mZmVyTm9kZToxMDMyNDAxMTc=,RmlnaHROb2RlOjYwNjYw,U3BvcnRzYm9va05vZGU6MTA=,T3V0Y29tZU5vZGU6NjE3NDM5OA==,180.0,155.0,185.0,215.0,T3V0Y29tZU5vZGU6NjE3NDM5OQ==,-220.0,-275.0,-225.0,-185.0
T2ZmZXJUYWJsZU9mZmVyTm9kZToxMDMyNDE2Mjc=,RmlnaHROb2RlOjYwNjYw,U3BvcnRzYm9va05vZGU6Mjc=,T3V0Y29tZU5vZGU6NjE3NjI2Ng==,163.0,150.0,150.0,163.0,T3V0Y29tZU5vZGU6NjE3NjI2Nw==,-225.0,-225.0,-200.0,-200.0
T2ZmZXJUYWJsZU9mZmVyTm9kZToxMDMyNDIyNDk=,RmlnaHROb2RlOjYwNjYw,U3BvcnRzYm9va05vZGU6Mjg=,T3V0Y29tZU5vZGU6NjE3NzA2OQ==,170.0,142.0,150.0,170.0,T3V0Y29tZU5vZGU6NjE3NzA2OA==,-235.0,-240.0,-200.0,-185.0
T2ZmZXJUYWJsZU9mZmVyTm9kZToxMDMyNDAxMjI=,RmlnaHROb2RlOjYwNjYz,U3BvcnRzYm9va05vZGU6MTA=,T3V0Y29tZU5vZGU6NjE3NDQwOA==,120.0,120.0,305.0,375.0,T3V0Y29tZU5vZGU6NjE3NDQwOQ==,-150.0,-500.0,-405.0,-150.0
T2ZmZXJUYWJsZU9mZmVyTm9kZToxMDMyNDE2MjY=,RmlnaHROb2RlOjYwNjYz,U3BvcnRzYm9va05vZGU6Mjc=,T3V0Y29tZU5vZGU6NjE3NjI2NA==,175.0,175.0,300.0,300.0,T3V0Y29tZU5vZGU6NjE3NjI2NQ==,-250.0,-450.0,-450.0,-250.0
T2ZmZXJUYWJsZU9mZmVyTm9kZToxMDMyNDIyNTQ=,RmlnaHROb2RlOjYwNjYz,U3BvcnRzYm9va05vZGU6Mjg=,T3V0Y29tZU5vZGU6NjE3NzA3OA==,190.0,190.0,250.0,250.0,T3V0Y29tZU5vZGU6NjE3NzA3OQ==,-280.0,-400.0,-400.0,-280.0
T2ZmZXJUYWJsZU9mZmVyTm9kZToxMDMyNDEwNjQ=,RmlnaHROb2RlOjYwNjYz,U3BvcnRzYm9va05vZGU6MjE=,T3V0Y29tZU5vZGU6NjE3NTU2OA==,184.0,184.0,259.0,274.0,T3V0Y29tZU5vZGU6NjE3NTU2Nw==,-278.0,-455.0,-435.0,-278.0
T2ZmZXJUYWJsZU9mZmVyTm9kZToxMDMyNDE2MzA=,RmlnaHROb2RlOjU4OTU3,U3BvcnRzYm9va05vZGU6Mjc=,T3V0Y29tZU5vZGU6NjE3NjI3Mg==,-800.0,-800.0,-800.0,-800.0,T3V0Y29tZU5vZGU6NjE3NjI3Mw==,450.0,450.0,450.0,450.0
T2ZmZXJUYWJsZU9mZmVyTm9kZToxMDMyNDEyMDU=,RmlnaHROb2RlOjU4OTU3,U3BvcnRzYm9va05vZGU6MTA=,T3V0Y29tZU5vZGU6NjE3NTczNg==,-450.0,-1000.0,-900.0,-450.0,T3V0Y29tZU5vZGU6NjE3NTczNQ==,350.0,350.0,600.0,700.0
T2ZmZXJUYWJsZU9mZmVyTm9kZToxMDMyNDE2NDE=,RmlnaHROb2RlOjU4OTU3,U3BvcnRzYm9va05vZGU6MjE=,T3V0Y29tZU5vZGU6NjE3NjI5NQ==,-1250.0,-2000.0,-1250.0,-1250.0,T3V0Y29tZU5vZGU6NjE3NjI5NA==,513.0,488.0,513.0,636.0
T2ZmZXJUYWJsZU9mZmVyTm9kZToxMDMyNDE2MzY=,RmlnaHROb2RlOjU5Mzky,U3BvcnRzYm9va05vZGU6Mjc=,T3V0Y29tZU5vZGU6NjE3NjI4NA==,-333.0,-549.0,-549.0,-333.0,T3V0Y29tZU5vZGU6NjE3NjI4NQ==,225.0,225.0,350.0,350.0
T2ZmZXJUYWJsZU9mZmVyTm9kZToxMDMyNDEyMTA=,RmlnaHROb2RlOjU5Mzky,U3BvcnRzYm9va05vZGU6MTA=,T3V0Y29tZU5vZGU6NjE3NTc0Ng==,-260.0,-565.0,-400.0,-260.0,T3V0Y29tZU5vZGU6NjE3NTc0NQ==,200.0,200.0,300.0,415.0
T2ZmZXJUYWJsZU9mZmVyTm9kZToxMDMyNDI3ODc=,RmlnaHROb2RlOjU5Mzky,U3BvcnRzYm9va05vZGU6MjE=,T3V0Y29tZU5vZGU6NjE3Nzk5MQ==,-476.0,-556.0,-556.0,-476.0,T3V0Y29tZU5vZGU6NjE3Nzk5MA==,281.0,272.0,305.0,305.0
T2ZmZXJUYWJsZU9mZmVyTm9kZToxMDMyNDEyMTE=,RmlnaHROb2RlOjU5Mzcx,U3BvcnRzYm9va05vZGU6MTA=,T3V0Y29tZU5vZGU6NjE3NTc0Nw==,-200.0,-240.0,-200.0,-200.0,T3V0Y29tZU5vZGU6NjE3NTc0OA==,160.0,160.0,160.0,190.0
T2ZmZXJUYWJsZU9mZmVyTm9kZToxMDMyNDE2MzQ=,RmlnaHROb2RlOjU5Mzcx,U3BvcnRzYm9va05vZGU6Mjc=,T3V0Y29tZU5vZGU6NjE3NjI4MA==,-188.0,-225.0,-225.0,-188.0,T3V0Y29tZU5vZGU6NjE3NjI4MQ==,140.0,140.0,163.0,163.0
T2ZmZXJUYWJsZU9mZmVyTm9kZToxMDMyNDE2NDA=,RmlnaHROb2RlOjU5Mzcx,U3BvcnRzYm9va05vZGU6MjE=,T3V0Y29tZU5vZGU6NjE3NjI5Mw==,-238.0,-250.0,-250.0,-222.0,T3V0Y29tZU5vZGU6NjE3NjI5Mg==,167.0,147.0,164.0,167.0
T2ZmZXJUYWJsZU9mZmVyTm9kZToxMDMyNDE2MzU=,RmlnaHROb2RlOjU5NTcw,U3BvcnRzYm9va05vZGU6Mjc=,T3V0Y29tZU5vZGU6NjE3NjI4Mg==,-120.0,-120.0,-105.0,-105.0,T3V0Y29tZU5vZGU6NjE3NjI4Mw==,-110.0,-125.0,-125.0,-110.0
T2ZmZXJUYWJsZU9mZmVyTm9kZToxMDMyNDEyMTI=,RmlnaHROb2RlOjU5NTcw,U3BvcnRzYm9va05vZGU6MTA=,T3V0Y29tZU5vZGU6NjE3NTc0OQ==,-115.0,-135.0,105.0,115.0,T3V0Y29tZU5vZGU6NjE3NTc1MA==,-115.0,-145.0,-135.0,105.0
T2ZmZXJUYWJsZU9mZmVyTm9kZToxMDMyNDI1NDE=,RmlnaHROb2RlOjU5NTcw,U3BvcnRzYm9va05vZGU6MjE=,T3V0Y29tZU5vZGU6NjE3NzUwNQ==,106.0,-122.0,-111.0,106.0,T3V0Y29tZU5vZGU6NjE3NzUwNA==,-154.0,-154.0,-130.0,-118.0
T2ZmZXJUYWJsZU9mZmVyTm9kZToxMDMyNDI1NDA=,RmlnaHROb2RlOjU5Mzkz,U3BvcnRzYm9va05vZGU6MjE=,T3V0Y29tZU5vZGU6NjE3NzUwMw==,141.0,-169.0,-156.0,141.0,T3V0Y29tZU5vZGU6NjE3NzUwMg==,-208.0,-208.0,107.0,116.0
T2ZmZXJUYWJsZU9mZmVyTm9kZToxMDMyNDEyMTM=,RmlnaHROb2RlOjU5Mzkz,U3BvcnRzYm9va05vZGU6MTA=,T3V0Y29tZU5vZGU6NjE3NTc1MQ==,160.0,-145.0,-110.0,160.0,T3V0Y29tZU5vZGU6NjE3NTc1Mg==,-200.0,-200.0,-120.0,115.0
T2ZmZXJUYWJsZU9mZmVyTm9kZToxMDMyNDE2MzM=,RmlnaHROb2RlOjU5Mzkz,U3BvcnRzYm9va05vZGU6Mjc=,T3V0Y29tZU5vZGU6NjE3NjI3OA==,140.0,-125.0,-125.0,140.0,T3V0Y29tZU5vZGU6NjE3NjI3OQ==,-188.0,-188.0,-105.0,-105.0
T2ZmZXJUYWJsZU9mZmVyTm9kZToxMDMyNDE2Mjk=,RmlnaHROb2RlOjU5NTcx,U3BvcnRzYm9va05vZGU6Mjc=,T3V0Y29tZU5vZGU6NjE3NjI3MA==,-110.0,-110.0,-110.0,-110.0,T3V0Y29tZU5vZGU6NjE3NjI3MQ==,-120.0,-120.0,-120.0,-120.0
T2ZmZXJUYWJsZU9mZmVyTm9kZToxMDMyNDI1Mzk=,RmlnaHROb2RlOjU5NTcx,U3BvcnRzYm9va05vZGU6MjE=,T3V0Y29tZU5vZGU6NjE3NzUwMQ==,103.0,103.0,162.0,181.0,T3V0Y29tZU5vZGU6NjE3NzUwMA==,-149.0,-278.0,-250.0,-149.0
T2ZmZXJUYWJsZU9mZmVyTm9kZToxMDMyNDEyMTQ=,RmlnaHROb2RlOjU5NTcx,U3BvcnRzYm9va05vZGU6MTA=,T3V0Y29tZU5vZGU6NjE3NTc1Mw==,-105.0,-105.0,145.0,200.0,T3V0Y29tZU5vZGU6NjE3NTc1NA==,-125.0,-260.0,-175.0,-125.0
T2ZmZXJUYWJsZU9mZmVyTm9kZToxMDMyNDE2Mzc=,RmlnaHROb2RlOjU5Mzcw,U3BvcnRzYm9va05vZGU6Mjc=,T3V0Y29tZU5vZGU6NjE3NjI4Nw==,225.0,225.0,300.0,300.0,T3V0Y29tZU5vZGU6NjE3NjI4Ng==,-333.0,-450.0,-450.0,-333.0
T2ZmZXJUYWJsZU9mZmVyTm9kZToxMDMyNDEyMDk=,RmlnaHROb2RlOjU5Mzcw,U3BvcnRzYm9va05vZGU6MTA=,T3V0Y29tZU5vZGU6NjE3NTc0Mw==,-150.0,-150.0,250.0,330.0,T3V0Y29tZU5vZGU6NjE3NTc0NA==,120.0,-430.0,-325.0,120.0
T2ZmZXJUYWJsZU9mZmVyTm9kZToxMDMyNDIwMTA=,RmlnaHROb2RlOjU5Mzcw,U3BvcnRzYm9va05vZGU6MjE=,T3V0Y29tZU5vZGU6NjE3Njc5Ng==,251.0,234.0,272.0,281.0,T3V0Y29tZU5vZGU6NjE3Njc5Nw==,-417.0,-476.0,-455.0,-417.0
T2ZmZXJUYWJsZU9mZmVyTm9kZToxMDMyNDEyMDg=,RmlnaHROb2RlOjU5NTY5,U3BvcnRzYm9va05vZGU6MTA=,T3V0Y29tZU5vZGU6NjE3NTc0MQ==,-800.0,-3300.0,-3000.0,-800.0,T3V0Y29tZU5vZGU6NjE3NTc0Mg==,550.0,550.0,1200.0,1400.0
T2ZmZXJUYWJsZU9mZmVyTm9kZToxMDMyNDI1NDI=,RmlnaHROb2RlOjU5NTY5,U3BvcnRzYm9va05vZGU6MjE=,T3V0Y29tZU5vZGU6NjE3NzUwNw==,-10000.0,-10000.0,-10000.0,-10000.0,T3V0Y29tZU5vZGU6NjE3NzUwNg==,1127.0,1078.0,1078.0,1127.0
T2ZmZXJUYWJsZU9mZmVyTm9kZToxMDMyNDE2MzE=,RmlnaHROb2RlOjU5NTY5,U3BvcnRzYm9va05vZGU6Mjc=,T3V0Y29tZU5vZGU6NjE3NjI3NA==,-3333.0,-3333.0,-3333.0,-3333.0,T3V0Y29tZU5vZGU6NjE3NjI3NQ==,900.0,900.0,900.0,900.0
T2ZmZXJUYWJsZU9mZmVyTm9kZToxMDMyNDEyMDY=,RmlnaHROb2RlOjU5MDc0,U3BvcnRzYm9va05vZGU6MTA=,T3V0Y29tZU5vZGU6NjE3NTczNw==,135.0,-145.0,-115.0,180.0,T3V0Y29tZU5vZGU6NjE3NTczOA==,-165.0,-220.0,-115.0,115.0
T2ZmZXJUYWJsZU9mZmVyTm9kZToxMDMyNDE2MzI=,RmlnaHROb2RlOjU5MDc0,U3BvcnRzYm9va05vZGU6Mjc=,T3V0Y29tZU5vZGU6NjE3NjI3Ng==,163.0,-138.0,-138.0,163.0,T3V0Y29tZU5vZGU6NjE3NjI3Nw==,-225.0,-225.0,105.0,105.0
T2ZmZXJUYWJsZU9mZmVyTm9kZToxMDMyNDE2Mzk=,RmlnaHROb2RlOjU5MDc0,U3BvcnRzYm9va05vZGU6MjE=,T3V0Y29tZU5vZGU6NjE3NjI5MQ==,154.0,-125.0,-125.0,154.0,T3V0Y29tZU5vZGU6NjE3NjI5MA==,-227.0,-227.0,-115.0,-115.0
T2ZmZXJUYWJsZU9mZmVyTm9kZToxMDMyNDg0NTE=,RmlnaHROb2RlOjYwOTU4,U3BvcnRzYm9va05vZGU6MjE=,T3V0Y29tZU5vZGU6NjE4NTc3NA==,-500.0,-500.0,-492.0,-368.0,T3V0Y29tZU5vZGU6NjE4NTc3Mw==,287.0,243.0,286.0,298.0
T2ZmZXJUYWJsZU9mZmVyTm9kZToxMDMyNDg0NTY=,RmlnaHROb2RlOjYwOTU4,U3BvcnRzYm9va05vZGU6Mjc=,T3V0Y29tZU5vZGU6NjE4NTc4Mw==,-275.0,-333.0,-333.0,-275.0,T3V0Y29tZU5vZGU6NjE4NTc4NA==,200.0,200.0,225.0,225.0
T2ZmZXJUYWJsZU9mZmVyTm9kZToxMDMyNDg0MTY=,RmlnaHROb2RlOjYwOTU4,U3BvcnRzYm9va05vZGU6MTA=,T3V0Y29tZU5vZGU6NjE4NTcwNA==,-200.0,-1200.0,-1200.0,-200.0,T3V0Y29tZU5vZGU6NjE4NTcwMw==,160.0,160.0,750.0,750.0
T2ZmZXJUYWJsZU9mZmVyTm9kZToxMDMyNDg5MjA=,RmlnaHROb2RlOjYwOTU3,U3BvcnRzYm9va05vZGU6Mjg=,T3V0Y29tZU5vZGU6NjE4NjYxNQ==,-125.0,-125.0,-105.0,109.0,T3V0Y29tZU5vZGU6NjE4NjYxNg==,-115.0,-149.0,-135.0,-115.0
T2ZmZXJUYWJsZU9mZmVyTm9kZToxMDMyNDg0MTg=,RmlnaHROb2RlOjYwOTU3,U3BvcnRzYm9va05vZGU6MjE=,T3V0Y29tZU5vZGU6NjE4NTcwOA==,-222.0,-222.0,-115.0,-105.0,T3V0Y29tZU5vZGU6NjE4NTcwNw==,151.0,-136.0,-128.0,151.0
T2ZmZXJUYWJsZU9mZmVyTm9kZToxMDMyNDg0NTQ=,RmlnaHROb2RlOjYwOTU3,U3BvcnRzYm9va05vZGU6Mjc=,T3V0Y29tZU5vZGU6NjE4NTc3OQ==,-163.0,-163.0,-163.0,-163.0,T3V0Y29tZU5vZGU6NjE4NTc4MA==,120.0,120.0,120.0,120.0
T2ZmZXJUYWJsZU9mZmVyTm9kZToxMDMyNDg0MTU=,RmlnaHROb2RlOjYwOTU3,U3BvcnRzYm9va05vZGU6MTA=,T3V0Y29tZU5vZGU6NjE4NTcwMg==,-200.0,-200.0,-110.0,120.0,T3V0Y29tZU5vZGU6NjE4NTcwMQ==,160.0,-150.0,-120.0,160.0
T2ZmZXJUYWJsZU9mZmVyTm9kZToxMDMyNDg5MjE=,RmlnaHROb2RlOjYwOTUy,U3BvcnRzYm9va05vZGU6Mjg=,T3V0Y29tZU5vZGU6NjE4NjYxOA==,-135.0,-145.0,-112.0,-112.0,T3V0Y29tZU5vZGU6NjE4NjYxNw==,-105.0,-128.0,-128.0,105.0
T2ZmZXJUYWJsZU9mZmVyTm9kZToxMDMyNDg0MDA=,RmlnaHROb2RlOjYwOTUy,U3BvcnRzYm9va05vZGU6MTA=,T3V0Y29tZU5vZGU6NjE4NTY3MQ==,120.0,-145.0,-125.0,120.0,T3V0Y29tZU5vZGU6NjE4NTY3Mg==,-150.0,-150.0,-105.0,115.0
T2ZmZXJUYWJsZU9mZmVyTm9kZToxMDMyNDg0MDQ=,RmlnaHROb2RlOjYwOTUy,U3BvcnRzYm9va05vZGU6MjE=,T3V0Y29tZU5vZGU6NjE4NTY3OQ==,-110.0,-141.0,-133.0,-110.0,T3V0Y29tZU5vZGU6NjE4NTY4MA==,-132.0,-132.0,-123.0,103.0
T2ZmZXJUYWJsZU9mZmVyTm9kZToxMDMyNDg0NTg=,RmlnaHROb2RlOjYwOTUy,U3BvcnRzYm9va05vZGU6Mjc=,T3V0Y29tZU5vZGU6NjE4NTc4Nw==,-125.0,-138.0,-138.0,-125.0,T3V0Y29tZU5vZGU6NjE4NTc4OA==,-105.0,-105.0,105.0,105.0
T2ZmZXJUYWJsZU9mZmVyTm9kZToxMDMyNDg0MDU=,RmlnaHROb2RlOjYwOTUz,U3BvcnRzYm9va05vZGU6MjE=,T3V0Y29tZU5vZGU6NjE4NTY4Mg==,-769.0,-2500.0,-2500.0,-769.0,T3V0Y29tZU5vZGU6NjE4NTY4MQ==,380.0,355.0,685.0,685.0
T2ZmZXJUYWJsZU9mZmVyTm9kZToxMDMyNDg5MTg=,RmlnaHROb2RlOjYwOTUz,U3BvcnRzYm9va05vZGU6Mjg=,T3V0Y29tZU5vZGU6NjE4NjYxMQ==,-909.0,-1429.0,-1429.0,-909.0,T3V0Y29tZU5vZGU6NjE4NjYxMg==,459.0,459.0,679.0,679.0
T2ZmZXJUYWJsZU9mZmVyTm9kZToxMDMyNDg0NTI=,RmlnaHROb2RlOjYwOTUz,U3BvcnRzYm9va05vZGU6Mjc=,T3V0Y29tZU5vZGU6NjE4NTc3NQ==,-450.0,-800.0,-800.0,-450.0,T3V0Y29tZU5vZGU6NjE4NTc3Ng==,300.0,300.0,450.0,450.0
T2ZmZXJUYWJsZU9mZmVyTm9kZToxMDMyNDg0MDE=,RmlnaHROb2RlOjYwOTUz,U3BvcnRzYm9va05vZGU6MTA=,T3V0Y29tZU5vZGU6NjE4NTY3NA==,-240.0,-1500.0,-1500.0,-240.0,T3V0Y29tZU5vZGU6NjE4NTY3Mw==,190.0,190.0,850.0,850.0
T2ZmZXJUYWJsZU9mZmVyTm9kZToxMDMyNDg5MjU=,RmlnaHROb2RlOjYwOTU5,U3BvcnRzYm9va05vZGU6Mjg=,T3V0Y29tZU5vZGU6NjE4NjYyNg==,203.0,203.0,203.0,203.0,T3V0Y29tZU5vZGU6NjE4NjYyNQ==,-303.0,-303.0,-303.0,-303.0
T2ZmZXJUYWJsZU9mZmVyTm9kZToxMDMyNDg0MTc=,RmlnaHROb2RlOjYwOTU5,U3BvcnRzYm9va05vZGU6MTA=,T3V0Y29tZU5vZGU6NjE4NTcwNQ==,160.0,160.0,240.0,240.0,T3V0Y29tZU5vZGU6NjE4NTcwNg==,-200.0,-300.0,-300.0,-200.0
T2ZmZXJUYWJsZU9mZmVyTm9kZToxMDMyNDg0MjA=,RmlnaHROb2RlOjYwOTU5,U3BvcnRzYm9va05vZGU6MjE=,T3V0Y29tZU5vZGU6NjE4NTcxMQ==,151.0,151.0,229.0,229.0,T3V0Y29tZU5vZGU6NjE4NTcxMg==,-222.0,-370.0,-370.0,-222.0
T2ZmZXJUYWJsZU9mZmVyTm9kZToxMDMyNDg0NTU=,RmlnaHROb2RlOjYwOTU5,U3BvcnRzYm9va05vZGU6Mjc=,T3V0Y29tZU5vZGU6NjE4NTc4MQ==,150.0,150.0,200.0,200.0,T3V0Y29tZU5vZGU6NjE4NTc4Mg==,-200.0,-275.0,-275.0,-200.0
T2ZmZXJUYWJsZU9mZmVyTm9kZToxMDMyNDg0MDM=,RmlnaHROb2RlOjYwOTU1,U3BvcnRzYm9va05vZGU6MTA=,T3V0Y29tZU5vZGU6NjE4NTY3Nw==,240.0,115.0,180.0,240.0,T3V0Y29tZU5vZGU6NjE4NTY3OA==,-300.0,-300.0,-220.0,-145.0
T2ZmZXJUYWJsZU9mZmVyTm9kZToxMDMyNDg0MDc=,RmlnaHROb2RlOjYwOTU1,U3BvcnRzYm9va05vZGU6MjE=,T3V0Y29tZU5vZGU6NjE4NTY4NQ==,226.0,114.0,155.0,226.0,T3V0Y29tZU5vZGU6NjE4NTY4Ng==,-357.0,-357.0,-238.0,-172.0
T2ZmZXJUYWJsZU9mZmVyTm9kZToxMDMyNDg5MTc=,RmlnaHROb2RlOjYwOTU1,U3BvcnRzYm9va05vZGU6Mjg=,T3V0Y29tZU5vZGU6NjE4NjYxMA==,150.0,150.0,162.0,162.0,T3V0Y29tZU5vZGU6NjE4NjYwOQ==,-200.0,-217.0,-217.0,-200.0
T2ZmZXJUYWJsZU9mZmVyTm9kZToxMDMyNDg0NTc=,RmlnaHROb2RlOjYwOTU1,U3BvcnRzYm9va05vZGU6Mjc=,T3V0Y29tZU5vZGU6NjE4NTc4NQ==,225.0,120.0,120.0,225.0,T3V0Y29tZU5vZGU6NjE4NTc4Ng==,-333.0,-333.0,-163.0,-163.0
T2ZmZXJUYWJsZU9mZmVyTm9kZToxMDMyNDg0NzA=,RmlnaHROb2RlOjYwOTg1,U3BvcnRzYm9va05vZGU6MjE=,T3V0Y29tZU5vZGU6NjE4NTgxMg==,-250.0,-303.0,-303.0,-250.0,T3V0Y29tZU5vZGU6NjE4NTgxMQ==,165.0,165.0,193.0,193.0
T2ZmZXJUYWJsZU9mZmVyTm9kZToxMDMyNDg3MDg=,RmlnaHROb2RlOjYwOTg1,U3BvcnRzYm9va05vZGU6Mjc=,T3V0Y29tZU5vZGU6NjE4NjI4Nw==,-250.0,-250.0,-250.0,-250.0,T3V0Y29tZU5vZGU6NjE4NjI4OA==,175.0,175.0,175.0,175.0
T2ZmZXJUYWJsZU9mZmVyTm9kZToxMDMyNDg5MTE=,RmlnaHROb2RlOjYwOTg1,U3BvcnRzYm9va05vZGU6Mjg=,T3V0Y29tZU5vZGU6NjE4NjU5Nw==,-238.0,-303.0,-303.0,-238.0,T3V0Y29tZU5vZGU6NjE4NjU5OA==,173.0,173.0,203.0,203.0
T2ZmZXJUYWJsZU9mZmVyTm9kZToxMDMyNDg0MjM=,RmlnaHROb2RlOjYwOTg1,U3BvcnRzYm9va05vZGU6MTA=,T3V0Y29tZU5vZGU6NjE4NTcxOA==,-180.0,-300.0,-300.0,-180.0,T3V0Y29tZU5vZGU6NjE4NTcxNw==,150.0,150.0,240.0,240.0
T2ZmZXJUYWJsZU9mZmVyTm9kZToxMDMyNDg0MDI=,RmlnaHROb2RlOjYwOTU0,U3BvcnRzYm9va05vZGU6MTA=,T3V0Y29tZU5vZGU6NjE4NTY3NQ==,110.0,-225.0,-180.0,110.0,T3V0Y29tZU5vZGU6NjE4NTY3Ng==,-140.0,-140.0,150.0,185.0
T2ZmZXJUYWJsZU9mZmVyTm9kZToxMDMyNDg5MDk=,RmlnaHROb2RlOjYwOTU0,U3BvcnRzYm9va05vZGU6Mjg=,T3V0Y29tZU5vZGU6NjE4NjU5NA==,-208.0,-217.0,-179.0,-179.0,T3V0Y29tZU5vZGU6NjE4NjU5Mw==,158.0,139.0,139.0,162.0
T2ZmZXJUYWJsZU9mZmVyTm9kZToxMDMyNDg0MDY=,RmlnaHROb2RlOjYwOTU0,U3BvcnRzYm9va05vZGU6MjE=,T3V0Y29tZU5vZGU6NjE4NTY4Mw==,104.0,-256.0,-227.0,104.0,T3V0Y29tZU5vZGU6NjE4NTY4NA==,-152.0,-152.0,152.0,170.0
T2ZmZXJUYWJsZU9mZmVyTm9kZToxMDMyNDg0NTk=,RmlnaHROb2RlOjYwOTU0,U3BvcnRzYm9va05vZGU6Mjc=,T3V0Y29tZU5vZGU6NjE4NTc4OQ==,-225.0,-225.0,-225.0,-225.0,T3V0Y29tZU5vZGU6NjE4NTc5MA==,163.0,163.0,163.0,163.0
T2ZmZXJUYWJsZU9mZmVyTm9kZToxMDMyNDg5MTk=,RmlnaHROb2RlOjYwOTYw,U3BvcnRzYm9va05vZGU6Mjg=,T3V0Y29tZU5vZGU6NjE4NjYxMw==,-217.0,-263.0,-263.0,-217.0,T3V0Y29tZU5vZGU6NjE4NjYxNA==,162.0,162.0,183.0,183.0
T2ZmZXJUYWJsZU9mZmVyTm9kZToxMDMyNDg0MjE=,RmlnaHROb2RlOjYwOTYw,U3BvcnRzYm9va05vZGU6MTA=,T3V0Y29tZU5vZGU6NjE4NTcxNA==,-140.0,-265.0,-265.0,-140.0,T3V0Y29tZU5vZGU6NjE4NTcxMw==,110.0,110.0,205.0,205.0
T2ZmZXJUYWJsZU9mZmVyTm9kZToxMDMyNDg0MjQ=,RmlnaHROb2RlOjYwOTYw,U3BvcnRzYm9va05vZGU6MjE=,T3V0Y29tZU5vZGU6NjE4NTcyMA==,-152.0,-263.0,-256.0,-152.0,T3V0Y29tZU5vZGU6NjE4NTcxOQ==,104.0,104.0,179.0,179.0
T2ZmZXJUYWJsZU9mZmVyTm9kZToxMDMyNDg0NjA=,RmlnaHROb2RlOjYwOTYw,U3BvcnRzYm9va05vZGU6Mjc=,T3V0Y29tZU5vZGU6NjE4NTc5MQ==,-150.0,-250.0,-250.0,-150.0,T3V0Y29tZU5vZGU6NjE4NTc5Mg==,110.0,110.0,175.0,175.0
T2ZmZXJUYWJsZU9mZmVyTm9kZToxMDMyNDg0MTQ=,RmlnaHROb2RlOjYwOTU2,U3BvcnRzYm9va05vZGU6MTA=,T3V0Y29tZU5vZGU6NjE4NTcwMA==,-165.0,-165.0,-145.0,-125.0,T3V0Y29tZU5vZGU6NjE4NTY5OQ==,135.0,-105.0,115.0,135.0
T2ZmZXJUYWJsZU9mZmVyTm9kZToxMDMyNDg0MTk=,RmlnaHROb2RlOjYwOTU2,U3BvcnRzYm9va05vZGU6MjE=,T3V0Y29tZU5vZGU6NjE4NTcxMA==,-182.0,-182.0,-143.0,-125.0,T3V0Y29tZU5vZGU6NjE4NTcwOQ==,126.0,-115.0,-103.0,126.0
T2ZmZXJUYWJsZU9mZmVyTm9kZToxMDMyNDg0NTM=,RmlnaHROb2RlOjYwOTU2,U3BvcnRzYm9va05vZGU6Mjc=,T3V0Y29tZU5vZGU6NjE4NTc3Nw==,-138.0,-138.0,-138.0,-125.0,T3V0Y29tZU5vZGU6NjE4NTc3OA==,105.0,-105.0,105.0,105.0
T2ZmZXJUYWJsZU9mZmVyTm9kZToxMDMyNDg5MTA=,RmlnaHROb2RlOjYwOTU2,U3BvcnRzYm9va05vZGU6Mjg=,T3V0Y29tZU5vZGU6NjE4NjU5NQ==,-125.0,-149.0,-149.0,-125.0,T3V0Y29tZU5vZGU6NjE4NjU5Ng==,-115.0,-115.0,109.0,109.0
T2ZmZXJUYWJsZU9mZmVyTm9kZToxMDMyNTMwNDE=,RmlnaHROb2RlOjYxMTMw,U3BvcnRzYm9va05vZGU6Mjg=,T3V0Y29tZU5vZGU6NjE5MjA1MQ==,150.0,150.0,183.0,213.0,T3V0Y29tZU5vZGU6NjE5MjA1Mg==,-200.0,-323.0,-263.0,-200.0
T2ZmZXJUYWJsZU9mZmVyTm9kZToxMDMyNTEzMzU=,RmlnaHROb2RlOjYxMTMw,U3BvcnRzYm9va05vZGU6MTA=,T3V0Y29tZU5vZGU6NjE4OTg0OA==,-120.0,-120.0,200.0,250.0,T3V0Y29tZU5vZGU6NjE4OTg0OQ==,-120.0,-325.0,-260.0,-120.0
T2ZmZXJUYWJsZU9mZmVyTm9kZToxMDMyNTE4NDU=,RmlnaHROb2RlOjYxMTMw,U3BvcnRzYm9va05vZGU6Mjc=,T3V0Y29tZU5vZGU6NjE5MDQ4Mg==,150.0,150.0,200.0,225.0,T3V0Y29tZU5vZGU6NjE5MDQ4Mw==,-200.0,-333.0,-275.0,-200.0
T2ZmZXJUYWJsZU9mZmVyTm9kZToxMDMyNTMyMDg=,RmlnaHROb2RlOjYxMTMw,U3BvcnRzYm9va05vZGU6MzM=,T3V0Y29tZU5vZGU6NjE5MjMzMA==,220.0,185.0,185.0,220.0,T3V0Y29tZU5vZGU6NjE5MjMyOQ==,-300.0,-300.0,-250.0,-250.0
T2ZmZXJUYWJsZU9mZmVyTm9kZToxMDMyNTE5OTI=,RmlnaHROb2RlOjYxMTMw,U3BvcnRzYm9va05vZGU6MjE=,T3V0Y29tZU5vZGU6NjE5MDY2NA==,145.0,145.0,191.0,201.0,T3V0Y29tZU5vZGU6NjE5MDY2Mw==,-213.0,-302.0,-302.0,-213.0
T2ZmZXJUYWJsZU9mZmVyTm9kZToxMDMyNTEzMjg=,RmlnaHROb2RlOjU5NTY0,U3BvcnRzYm9va05vZGU6MTA=,T3V0Y29tZU5vZGU6NjE4OTgzNQ==,165.0,-130.0,120.0,165.0,T3V0Y29tZU5vZGU6NjE4OTgzNA==,-240.0,-240.0,-150.0,-102.0
T2ZmZXJUYWJsZU9mZmVyTm9kZToxMDMyNTE4NDM=,RmlnaHROb2RlOjU5NTY0,U3BvcnRzYm9va05vZGU6Mjc=,T3V0Y29tZU5vZGU6NjE5MDQ3OQ==,120.0,-110.0,-110.0,120.0,T3V0Y29tZU5vZGU6NjE5MDQ3OA==,-163.0,-163.0,-120.0,-120.0
T2ZmZXJUYWJsZU9mZmVyTm9kZToxMDMyNTMwMDQ=,RmlnaHROb2RlOjU5NTY0,U3BvcnRzYm9va05vZGU6MjE=,T3V0Y29tZU5vZGU6NjE5MTk4OQ==,-106.0,-120.0,-104.0,109.0,T3V0Y29tZU5vZGU6NjE5MTk5MA==,-135.0,-151.0,-138.0,-119.0
T2ZmZXJUYWJsZU9mZmVyTm9kZToxMDMyNTMwMzc=,RmlnaHROb2RlOjU5NTY0,U3BvcnRzYm9va05vZGU6Mjg=,T3V0Y29tZU5vZGU6NjE5MjA0NA==,-130.0,-130.0,121.0,121.0,T3V0Y29tZU5vZGU6NjE5MjA0Mw==,-110.0,-161.0,-161.0,-110.0
T2ZmZXJUYWJsZU9mZmVyTm9kZToxMDMyNTMwNzE=,RmlnaHROb2RlOjU5NTY0,U3BvcnRzYm9va05vZGU6MzM=,T3V0Y29tZU5vZGU6NjE5MjExMQ==,-125.0,-125.0,-105.0,-105.0,T3V0Y29tZU5vZGU6NjE5MjExMg==,-105.0,-125.0,-125.0,-105.0
T2ZmZXJUYWJsZU9mZmVyTm9kZToxMDMyNTEzMjk=,RmlnaHROb2RlOjYxMTI4,U3BvcnRzYm9va05vZGU6MTA=,T3V0Y29tZU5vZGU6NjE4OTgzNg==,-150.0,-150.0,160.0,185.0,T3V0Y29tZU5vZGU6NjE4OTgzNw==,110.0,-225.0,-200.0,110.0
T2ZmZXJUYWJsZU9mZmVyTm9kZToxMDMyNTMxMTE=,RmlnaHROb2RlOjYxMTI4,U3BvcnRzYm9va05vZGU6MzM=,T3V0Y29tZU5vZGU6NjE5MjE5Mg==,125.0,125.0,165.0,165.0,T3V0Y29tZU5vZGU6NjE5MjE5MQ==,-165.0,-225.0,-225.0,-165.0
T2ZmZXJUYWJsZU9mZmVyTm9kZToxMDMyNTE5OTQ=,RmlnaHROb2RlOjYxMTI4,U3BvcnRzYm9va05vZGU6MjE=,T3V0Y29tZU5vZGU6NjE5MDY2OA==,112.0,112.0,126.0,168.0,T3V0Y29tZU5vZGU6NjE5MDY2Nw==,-161.0,-256.0,-185.0,-161.0
T2ZmZXJUYWJsZU9mZmVyTm9kZToxMDMyNTE4NDg=,RmlnaHROb2RlOjYxMTI4,U3BvcnRzYm9va05vZGU6Mjc=,T3V0Y29tZU5vZGU6NjE5MDQ4OA==,110.0,110.0,150.0,150.0,T3V0Y29tZU5vZGU6NjE5MDQ4OQ==,-150.0,-200.0,-200.0,-150.0
T2ZmZXJUYWJsZU9mZmVyTm9kZToxMDMyNTMwNDA=,RmlnaHROb2RlOjYxMTI4,U3BvcnRzYm9va05vZGU6Mjg=,T3V0Y29tZU5vZGU6NjE5MjA0OQ==,116.0,116.0,150.0,167.0,T3V0Y29tZU5vZGU6NjE5MjA1MA==,-156.0,-227.0,-200.0,-156.0
T2ZmZXJUYWJsZU9mZmVyTm9kZToxMDMyNTEzMzA=,RmlnaHROb2RlOjYxMTI5,U3BvcnRzYm9va05vZGU6MTA=,T3V0Y29tZU5vZGU6NjE4OTgzOA==,150.0,150.0,250.0,250.0,T3V0Y29tZU5vZGU6NjE4OTgzOQ==,-200.0,-325.0,-325.0,-200.0
T2ZmZXJUYWJsZU9mZmVyTm9kZToxMDMyNTE4NDc=,RmlnaHROb2RlOjYxMTI5,U3BvcnRzYm9va05vZGU6Mjc=,T3V0Y29tZU5vZGU6NjE5MDQ4Ng==,163.0,163.0,163.0,163.0,T3V0Y29tZU5vZGU6NjE5MDQ4Nw==,-225.0,-225.0,-225.0,-225.0
T2ZmZXJUYWJsZU9mZmVyTm9kZToxMDMyNTMxMTQ=,RmlnaHROb2RlOjYxMTI5,U3BvcnRzYm9va05vZGU6MzM=,T3V0Y29tZU5vZGU6NjE5MjE5OA==,165.0,165.0,185.0,185.0,T3V0Y29tZU5vZGU6NjE5MjE5Nw==,-220.0,-250.0,-250.0,-220.0
T2ZmZXJUYWJsZU9mZmVyTm9kZToxMDMyNTMwMzI=,RmlnaHROb2RlOjYxMTI5,U3BvcnRzYm9va05vZGU6Mjg=,T3V0Y29tZU5vZGU6NjE5MjAzMw==,162.0,162.0,213.0,213.0,T3V0Y29tZU5vZGU6NjE5MjAzNA==,-217.0,-323.0,-323.0,-217.0
T2ZmZXJUYWJsZU9mZmVyTm9kZToxMDMyNTE5OTA=,RmlnaHROb2RlOjYxMTI5,U3BvcnRzYm9va05vZGU6MjE=,T3V0Y29tZU5vZGU6NjE5MDY2MA==,158.0,158.0,177.0,208.0,T3V0Y29tZU5vZGU6NjE5MDY1OQ==,-238.0,-329.0,-268.0,-238.0
T2ZmZXJUYWJsZU9mZmVyTm9kZToxMDMyNTEzMzE=,RmlnaHROb2RlOjYxMTAw,U3BvcnRzYm9va05vZGU6MTA=,T3V0Y29tZU5vZGU6NjE4OTg0MA==,-120.0,-500.0,-278.0,-120.0,T3V0Y29tZU5vZGU6NjE4OTg0MQ==,-120.0,-120.0,218.0,375.0
T2ZmZXJUYWJsZU9mZmVyTm9kZToxMDMyNTE5OTU=,RmlnaHROb2RlOjYxMTAw,U3BvcnRzYm9va05vZGU6MjE=,T3V0Y29tZU5vZGU6NjE5MDY2OQ==,-213.0,-323.0,-241.0,-200.0,T3V0Y29tZU5vZGU6NjE5MDY3MA==,145.0,136.0,162.0,208.0
T2ZmZXJUYWJsZU9mZmVyTm9kZToxMDMyNTMwMzA=,RmlnaHROb2RlOjYxMTAw,U3BvcnRzYm9va05vZGU6Mjg=,T3V0Y29tZU5vZGU6NjE5MjAzMA==,-303.0,-455.0,-300.0,-278.0,T3V0Y29tZU5vZGU6NjE5MjAyOQ==,203.0,193.0,200.0,280.0
T2ZmZXJUYWJsZU9mZmVyTm9kZToxMDMyNTMxMTU=,RmlnaHROb2RlOjYxMTAw,U3BvcnRzYm9va05vZGU6MzM=,T3V0Y29tZU5vZGU6NjE5MjIwMA==,-300.0,-325.0,-325.0,-300.0,T3V0Y29tZU5vZGU6NjE5MjE5OQ==,220.0,220.0,240.0,240.0
T2ZmZXJUYWJsZU9mZmVyTm9kZToxMDMyNTE4NDA=,RmlnaHROb2RlOjYxMTAw,U3BvcnRzYm9va05vZGU6Mjc=,T3V0Y29tZU5vZGU6NjE5MDQ3Mg==,-200.0,-275.0,-275.0,-200.0,T3V0Y29tZU5vZGU6NjE5MDQ3Mw==,150.0,150.0,200.0,200.0
T2ZmZXJUYWJsZU9mZmVyTm9kZToxMDMyNTMwMzk=,RmlnaHROb2RlOjYwOTcy,U3BvcnRzYm9va05vZGU6Mjg=,T3V0Y29tZU5vZGU6NjE5MjA0Nw==,-590.0,-910.0,-667.0,-590.0,T3V0Y29tZU5vZGU6NjE5MjA0OA==,345.0,345.0,392.0,460.0
T2ZmZXJUYWJsZU9mZmVyTm9kZToxMDMyNTE5NTE=,RmlnaHROb2RlOjYwOTcy,U3BvcnRzYm9va05vZGU6MjE=,T3V0Y29tZU5vZGU6NjE5MDYwMg==,-1429.0,-1429.0,-1000.0,-1000.0,T3V0Y29tZU5vZGU6NjE5MDYwMQ==,528.0,402.0,415.0,528.0
T2ZmZXJUYWJsZU9mZmVyTm9kZToxMDMyNTE4NDI=,RmlnaHROb2RlOjYwOTcy,U3BvcnRzYm9va05vZGU6Mjc=,T3V0Y29tZU5vZGU6NjE5MDQ3Ng==,-400.0,-800.0,-800.0,-400.0,T3V0Y29tZU5vZGU6NjE5MDQ3Nw==,300.0,300.0,500.0,500.0
T2ZmZXJUYWJsZU9mZmVyTm9kZToxMDMyNTEzMjQ=,RmlnaHROb2RlOjYwOTcy,U3BvcnRzYm9va05vZGU6MTA=,T3V0Y29tZU5vZGU6NjE4OTgyNg==,-300.0,-900.0,-700.0,-300.0,T3V0Y29tZU5vZGU6NjE4OTgyNw==,200.0,200.0,500.0,600.0
T2ZmZXJUYWJsZU9mZmVyTm9kZToxMDMyNTMwNjc=,RmlnaHROb2RlOjYwOTcy,U3BvcnRzYm9va05vZGU6MzM=,T3V0Y29tZU5vZGU6NjE5MjEwNA==,-600.0,-800.0,-800.0,-600.0,T3V0Y29tZU5vZGU6NjE5MjEwMw==,360.0,360.0,475.0,475.0
T2ZmZXJUYWJsZU9mZmVyTm9kZToxMDMyNTE4Mzk=,RmlnaHROb2RlOjU5NTY2,U3BvcnRzYm9va05vZGU6Mjc=,T3V0Y29tZU5vZGU6NjE5MDQ3MA==,175.0,175.0,175.0,175.0,T3V0Y29tZU5vZGU6NjE5MDQ3MQ==,-250.0,-250.0,-250.0,-250.0
T2ZmZXJUYWJsZU9mZmVyTm9kZToxMDMyNTMwMzU=,RmlnaHROb2RlOjU5NTY2,U3BvcnRzYm9va05vZGU6Mjg=,T3V0Y29tZU5vZGU6NjE5MjAzOQ==,174.0,124.0,142.0,174.0,T3V0Y29tZU5vZGU6NjE5MjA0MA==,-244.0,-244.0,-182.0,-164.0
T2ZmZXJUYWJsZU9mZmVyTm9kZToxMDMyNTE5NTQ=,RmlnaHROb2RlOjU5NTY2,U3BvcnRzYm9va05vZGU6MjE=,T3V0Y29tZU5vZGU6NjE5MDYwOA==,171.0,127.0,144.0,179.0,T3V0Y29tZU5vZGU6NjE5MDYwNw==,-256.0,-256.0,-213.0,-184.0
T2ZmZXJUYWJsZU9mZmVyTm9kZToxMDMyNTMxMTM=,RmlnaHROb2RlOjU5NTY2,U3BvcnRzYm9va05vZGU6MzM=,T3V0Y29tZU5vZGU6NjE5MjE5Ng==,175.0,140.0,140.0,175.0,T3V0Y29tZU5vZGU6NjE5MjE5NQ==,-235.0,-235.0,-185.0,-185.0
T2ZmZXJUYWJsZU9mZmVyTm9kZToxMDMyNTEzMzQ=,RmlnaHROb2RlOjU5NTY2,U3BvcnRzYm9va05vZGU6MTA=,T3V0Y29tZU5vZGU6NjE4OTg0Ng==,140.0,120.0,140.0,195.0,T3V0Y29tZU5vZGU6NjE4OTg0Nw==,-180.0,-245.0,-170.0,-150.0
T2ZmZXJUYWJsZU9mZmVyTm9kZToxMDMyNTE5OTE=,RmlnaHROb2RlOjU5NTM4,U3BvcnRzYm9va05vZGU6MjE=,T3V0Y29tZU5vZGU6NjE5MDY2Mg==,-154.0,-154.0,-125.0,-100.0,T3V0Y29tZU5vZGU6NjE5MDY2MQ==,107.0,-143.0,-115.0,107.0
T2ZmZXJUYWJsZU9mZmVyTm9kZToxMDMyNTE4NDk=,RmlnaHROb2RlOjU5NTM4,U3BvcnRzYm9va05vZGU6Mjc=,T3V0Y29tZU5vZGU6NjE5MDQ5MA==,-150.0,-150.0,-105.0,-105.0,T3V0Y29tZU5vZGU6NjE5MDQ5MQ==,110.0,-125.0,-125.0,110.0
T2ZmZXJUYWJsZU9mZmVyTm9kZToxMDMyNTEzMzM=,RmlnaHROb2RlOjU5NTM4,U3BvcnRzYm9va05vZGU6MTA=,T3V0Y29tZU5vZGU6NjE4OTg0NA==,-140.0,-180.0,105.0,135.0,T3V0Y29tZU5vZGU6NjE4OTg0NQ==,100.0,-165.0,-135.0,140.0
T2ZmZXJUYWJsZU9mZmVyTm9kZToxMDMyNTMwMzY=,RmlnaHROb2RlOjU5NTM4,U3BvcnRzYm9va05vZGU6Mjg=,T3V0Y29tZU5vZGU6NjE5MjA0MQ==,-149.0,-149.0,-105.0,124.0,T3V0Y29tZU5vZGU6NjE5MjA0Mg==,109.0,-164.0,-135.0,109.0
T2ZmZXJUYWJsZU9mZmVyTm9kZToxMDMyNTEzMzI=,RmlnaHROb2RlOjU5NTM3,U3BvcnRzYm9va05vZGU6MTA=,T3V0Y29tZU5vZGU6NjE4OTg0Mw==,150.0,150.0,245.0,300.0,T3V0Y29tZU5vZGU6NjE4OTg0Mg==,-200.0,-400.0,-305.0,-200.0
T2ZmZXJUYWJsZU9mZmVyTm9kZToxMDMyNTMxMTI=,RmlnaHROb2RlOjU5NTM3,U3BvcnRzYm9va05vZGU6MzM=,T3V0Y29tZU5vZGU6NjE5MjE5Mw==,220.0,220.0,240.0,240.0,T3V0Y29tZU5vZGU6NjE5MjE5NA==,-300.0,-350.0,-350.0,-300.0
T2ZmZXJUYWJsZU9mZmVyTm9kZToxMDMyNTE5NTM=,RmlnaHROb2RlOjU5NTM3,U3BvcnRzYm9va05vZGU6MjE=,T3V0Y29tZU5vZGU6NjE5MDYwNg==,186.0,174.0,221.0,233.0,T3V0Y29tZU5vZGU6NjE5MDYwNQ==,-286.0,-370.0,-364.0,-263.0
T2ZmZXJUYWJsZU9mZmVyTm9kZToxMDMyNTE4NDQ=,RmlnaHROb2RlOjU5NTM3,U3BvcnRzYm9va05vZGU6Mjc=,T3V0Y29tZU5vZGU6NjE5MDQ4MA==,225.0,225.0,240.0,240.0,T3V0Y29tZU5vZGU6NjE5MDQ4MQ==,-333.0,-350.0,-350.0,-333.0
T2ZmZXJUYWJsZU9mZmVyTm9kZToxMDMyNTMwMzQ=,RmlnaHROb2RlOjU5NTM3,U3BvcnRzYm9va05vZGU6Mjg=,T3V0Y29tZU5vZGU6NjE5MjAzNw==,203.0,203.0,203.0,250.0,T3V0Y29tZU5vZGU6NjE5MjAzOA==,-303.0,-400.0,-303.0,-303.0
T2ZmZXJUYWJsZU9mZmVyTm9kZToxMDMyNTE4Mjc=,RmlnaHROb2RlOjU5MDUw,U3BvcnRzYm9va05vZGU6MjE=,T3V0Y29tZU5vZGU6NjE5MDQ0Nw==,-120.0,-120.0,124.0,124.0,T3V0Y29tZU5vZGU6NjE5MDQ0Ng==,-120.0,-176.0,-176.0,-120.0
T2ZmZXJUYWJsZU9mZmVyTm9kZToxMDMyNTMwNzA=,RmlnaHROb2RlOjU5MDUw,U3BvcnRzYm9va05vZGU6MzM=,T3V0Y29tZU5vZGU6NjE5MjExMA==,100.0,100.0,100.0,100.0,T3V0Y29tZU5vZGU6NjE5MjEwOQ==,-135.0,-135.0,-135.0,-135.0
T2ZmZXJUYWJsZU9mZmVyTm9kZToxMDMyNTMwMzE=,RmlnaHROb2RlOjU5MDUw,U3BvcnRzYm9va05vZGU6Mjg=,T3V0Y29tZU5vZGU6NjE5MjAzMQ==,109.0,-110.0,135.0,162.0,T3V0Y29tZU5vZGU6NjE5MjAzMg==,-149.0,-217.0,-175.0,-130.0
T2ZmZXJUYWJsZU9mZmVyTm9kZToxMDMyNTEzMjU=,RmlnaHROb2RlOjU5MDUw,U3BvcnRzYm9va05vZGU6MTA=,T3V0Y29tZU5vZGU6NjE4OTgyOA==,200.0,-110.0,121.0,200.0,T3V0Y29tZU5vZGU6NjE4OTgyOQ==,-300.0,-300.0,-151.0,-130.0
T2ZmZXJUYWJsZU9mZmVyTm9kZToxMDMyNTE4NDY=,RmlnaHROb2RlOjU5MDUw,U3BvcnRzYm9va05vZGU6Mjc=,T3V0Y29tZU5vZGU6NjE5MDQ4NA==,120.0,110.0,150.0,150.0,T3V0Y29tZU5vZGU6NjE5MDQ4NQ==,-163.0,-200.0,-200.0,-150.0
T2ZmZXJUYWJsZU9mZmVyTm9kZToxMDMyNTEzMjY=,RmlnaHROb2RlOjU5NTY1,U3BvcnRzYm9va05vZGU6MTA=,T3V0Y29tZU5vZGU6NjE4OTgzMA==,-225.0,-500.0,-325.0,-225.0,T3V0Y29tZU5vZGU6NjE4OTgzMQ==,160.0,160.0,250.0,375.0
T2ZmZXJUYWJsZU9mZmVyTm9kZToxMDMyNTMwNjk=,RmlnaHROb2RlOjU5NTY1,U3BvcnRzYm9va05vZGU6MzM=,T3V0Y29tZU5vZGU6NjE5MjEwOA==,-500.0,-500.0,-350.0,-350.0,T3V0Y29tZU5vZGU6NjE5MjEwNw==,325.0,250.0,250.0,325.0
T2ZmZXJUYWJsZU9mZmVyTm9kZToxMDMyNTE4NDE=,RmlnaHROb2RlOjU5NTY1,U3BvcnRzYm9va05vZGU6Mjc=,T3V0Y29tZU5vZGU6NjE5MDQ3NA==,-549.0,-549.0,-549.0,-549.0,T3V0Y29tZU5vZGU6NjE5MDQ3NQ==,350.0,350.0,350.0,350.0
T2ZmZXJUYWJsZU9mZmVyTm9kZToxMDMyNTE5NTI=,RmlnaHROb2RlOjU5NTY1,U3BvcnRzYm9va05vZGU6MjE=,T3V0Y29tZU5vZGU6NjE5MDYwNA==,-588.0,-588.0,-556.0,-451.0,T3V0Y29tZU5vZGU6NjE5MDYwMw==,313.0,267.0,312.0,340.0
T2ZmZXJUYWJsZU9mZmVyTm9kZToxMDMyNTMwMzg=,RmlnaHROb2RlOjU5NTY1,U3BvcnRzYm9va05vZGU6Mjg=,T3V0Y29tZU5vZGU6NjE5MjA0NQ==,-500.0,-500.0,-323.0,-323.0,T3V0Y29tZU5vZGU6NjE5MjA0Ng==,300.0,213.0,213.0,300.0
T2ZmZXJUYWJsZU9mZmVyTm9kZToxMDMyNTMwMzM=,RmlnaHROb2RlOjU5NTM1,U3BvcnRzYm9va05vZGU6Mjg=,T3V0Y29tZU5vZGU6NjE5MjAzNQ==,-170.0,-240.0,-240.0,-165.0,T3V0Y29tZU5vZGU6NjE5MjAzNg==,130.0,125.0,170.0,170.0
T2ZmZXJUYWJsZU9mZmVyTm9kZToxMDMyNTE5OTM=,RmlnaHROb2RlOjU5NTM1,U3BvcnRzYm9va05vZGU6MjE=,T3V0Y29tZU5vZGU6NjE5MDY2Ng==,-179.0,-244.0,-244.0,-167.0,T3V0Y29tZU5vZGU6NjE5MDY2NQ==,122.0,115.0,172.0,172.0
T2ZmZXJUYWJsZU9mZmVyTm9kZToxMDMyNTE4Mzg=,RmlnaHROb2RlOjU5NTM1,U3BvcnRzYm9va05vZGU6Mjc=,T3V0Y29tZU5vZGU6NjE5MDQ2OQ==,-175.0,-250.0,-250.0,-175.0,T3V0Y29tZU5vZGU6NjE5MDQ2OA==,130.0,130.0,175.0,175.0
T2ZmZXJUYWJsZU9mZmVyTm9kZToxMDMyNTMwNjg=,RmlnaHROb2RlOjU5NTM1,U3BvcnRzYm9va05vZGU6MzM=,T3V0Y29tZU5vZGU6NjE5MjEwNQ==,-180.0,-250.0,-185.0,-180.0,T3V0Y29tZU5vZGU6NjE5MjEwNg==,135.0,135.0,140.0,185.0
T2ZmZXJUYWJsZU9mZmVyTm9kZToxMDMyNTEzMjc=,RmlnaHROb2RlOjU5NTM1,U3BvcnRzYm9va05vZGU6MTA=,T3V0Y29tZU5vZGU6NjE4OTgzMw==,-135.0,-260.0,-240.0,-135.0,T3V0Y29tZU5vZGU6NjE4OTgzMg==,-105.0,-105.0,190.0,200.0
T2ZmZXJUYWJsZU9mZmVyTm9kZToxMDMyNTcyNzc=,RmlnaHROb2RlOjYwNjAz,U3BvcnRzYm9va05vZGU6Mjg=,T3V0Y29tZU5vZGU6NjE5NzgxMw==,-238.0,-238.0,-238.0,-238.0,T3V0Y29tZU5vZGU6NjE5NzgxMg==,173.0,173.0,173.0,173.0
T2ZmZXJUYWJsZU9mZmVyTm9kZToxMDMyNTYwMjE=,RmlnaHROb2RlOjYwNjAz,U3BvcnRzYm9va05vZGU6MzM=,T3V0Y29tZU5vZGU6NjE5NjIzMQ==,-235.0,-250.0,-250.0,-235.0,T3V0Y29tZU5vZGU6NjE5NjIzMA==,175.0,175.0,185.0,185.0
T2ZmZXJUYWJsZU9mZmVyTm9kZToxMDMyNTU3MzI=,RmlnaHROb2RlOjYwNjAz,U3BvcnRzYm9va05vZGU6MjE=,T3V0Y29tZU5vZGU6NjE5NTc0OQ==,-244.0,-400.0,-400.0,-244.0,T3V0Y29tZU5vZGU6NjE5NTc1MA==,163.0,163.0,244.0,244.0
T2ZmZXJUYWJsZU9mZmVyTm9kZToxMDMyNTU3MjI=,RmlnaHROb2RlOjYwNjAz,U3BvcnRzYm9va05vZGU6MTA=,T3V0Y29tZU5vZGU6NjE5NTcyOQ==,-180.0,-400.0,-400.0,-180.0,T3V0Y29tZU5vZGU6NjE5NTczMA==,140.0,140.0,300.0,300.0
T2ZmZXJUYWJsZU9mZmVyTm9kZToxMDMyNTU5Nzc=,RmlnaHROb2RlOjYwNjAz,U3BvcnRzYm9va05vZGU6Mjc=,T3V0Y29tZU5vZGU6NjE5NjE1OQ==,-250.0,-250.0,-250.0,-250.0,T3V0Y29tZU5vZGU6NjE5NjE2MA==,175.0,175.0,175.0,175.0
T2ZmZXJUYWJsZU9mZmVyTm9kZToxMDMyNTYwMTc=,RmlnaHROb2RlOjYxMjEx,U3BvcnRzYm9va05vZGU6MzM=,T3V0Y29tZU5vZGU6NjE5NjIyMg==,-295.0,-300.0,-300.0,-295.0,T3V0Y29tZU5vZGU6NjE5NjIyMw==,210.0,210.0,220.0,220.0
T2ZmZXJUYWJsZU9mZmVyTm9kZToxMDMyNTU3Mzc=,RmlnaHROb2RlOjYxMjEx,U3BvcnRzYm9va05vZGU6MjE=,T3V0Y29tZU5vZGU6NjE5NTc2MA==,-227.0,-345.0,-312.0,-227.0,T3V0Y29tZU5vZGU6NjE5NTc1OQ==,152.0,152.0,207.0,215.0
T2ZmZXJUYWJsZU9mZmVyTm9kZToxMDMyNTU5ODE=,RmlnaHROb2RlOjYxMjEx,U3BvcnRzYm9va05vZGU6Mjc=,T3V0Y29tZU5vZGU6NjE5NjE2Nw==,-275.0,-275.0,-275.0,-275.0,T3V0Y29tZU5vZGU6NjE5NjE2OA==,200.0,200.0,200.0,200.0
T2ZmZXJUYWJsZU9mZmVyTm9kZToxMDMyNTU3MjU=,RmlnaHROb2RlOjYxMjEx,U3BvcnRzYm9va05vZGU6MTA=,T3V0Y29tZU5vZGU6NjE5NTczNg==,-170.0,-300.0,-245.0,-170.0,T3V0Y29tZU5vZGU6NjE5NTczNQ==,130.0,130.0,195.0,220.0
T2ZmZXJUYWJsZU9mZmVyTm9kZToxMDMyNTcyNzE=,RmlnaHROb2RlOjYxMjEx,U3BvcnRzYm9va05vZGU6Mjg=,T3V0Y29tZU5vZGU6NjE5NzgwMA==,-278.0,-278.0,-278.0,-278.0,T3V0Y29tZU5vZGU6NjE5NzgwMQ==,193.0,193.0,193.0,193.0
T2ZmZXJUYWJsZU9mZmVyTm9kZToxMDMyNTYwMTU=,RmlnaHROb2RlOjYwMjA5,U3BvcnRzYm9va05vZGU6MzM=,T3V0Y29tZU5vZGU6NjE5NjIxOA==,-400.0,-700.0,-700.0,-400.0,T3V0Y29tZU5vZGU6NjE5NjIxOQ==,275.0,275.0,425.0,425.0
T2ZmZXJUYWJsZU9mZmVyTm9kZToxMDMyNTU3MzU=,RmlnaHROb2RlOjYwMjA5,U3BvcnRzYm9va05vZGU6MjE=,T3V0Y29tZU5vZGU6NjE5NTc1Ng==,-526.0,-1111.0,-1111.0,-357.0,T3V0Y29tZU5vZGU6NjE5NTc1NQ==,298.0,223.0,436.0,480.0
T2ZmZXJUYWJsZU9mZmVyTm9kZToxMDMyNTcyNzg=,RmlnaHROb2RlOjYwMjA5,U3BvcnRzYm9va05vZGU6Mjg=,T3V0Y29tZU5vZGU6NjE5NzgxNA==,-400.0,-650.0,-650.0,-400.0,T3V0Y29tZU5vZGU6NjE5NzgxNQ==,250.0,250.0,375.0,375.0
T2ZmZXJUYWJsZU9mZmVyTm9kZToxMDMyNTU5NzU=,RmlnaHROb2RlOjYwMjA5,U3BvcnRzYm9va05vZGU6Mjc=,T3V0Y29tZU5vZGU6NjE5NjE1NQ==,-350.0,-350.0,-350.0,-350.0,T3V0Y29tZU5vZGU6NjE5NjE1Ng==,240.0,240.0,240.0,240.0
T2ZmZXJUYWJsZU9mZmVyTm9kZToxMDMyNTU3MjQ=,RmlnaHROb2RlOjYwMjA5,U3BvcnRzYm9va05vZGU6MTA=,T3V0Y29tZU5vZGU6NjE5NTczNA==,-500.0,-1100.0,-800.0,-350.0,T3V0Y29tZU5vZGU6NjE5NTczMw==,300.0,225.0,550.0,725.0
T2ZmZXJUYWJsZU9mZmVyTm9kZToxMDMyNTU5ODM=,RmlnaHROb2RlOjYwMjA4,U3BvcnRzYm9va05vZGU6Mjc=,T3V0Y29tZU5vZGU6NjE5NjE3MQ==,-163.0,-163.0,-163.0,-163.0,T3V0Y29tZU5vZGU6NjE5NjE3Mg==,120.0,120.0,120.0,120.0
T2ZmZXJUYWJsZU9mZmVyTm9kZToxMDMyNTYwMTg=,RmlnaHROb2RlOjYwMjA4,U3BvcnRzYm9va05vZGU6MzM=,T3V0Y29tZU5vZGU6NjE5NjIyNA==,-165.0,-165.0,-140.0,-140.0,T3V0Y29tZU5vZGU6NjE5NjIyNQ==,125.0,105.0,105.0,125.0
T2ZmZXJUYWJsZU9mZmVyTm9kZToxMDMyNTU3MjM=,RmlnaHROb2RlOjYwMjA4,U3BvcnRzYm9va05vZGU6MTA=,T3V0Y29tZU5vZGU6NjE5NTczMg==,-220.0,-220.0,-135.0,-132.0,T3V0Y29tZU5vZGU6NjE5NTczMQ==,155.0,102.0,105.0,155.0
T2ZmZXJUYWJsZU9mZmVyTm9kZToxMDMyNTU3MzQ=,RmlnaHROb2RlOjYwMjA4,U3BvcnRzYm9va05vZGU6MjE=,T3V0Y29tZU5vZGU6NjE5NTc1NA==,-227.0,-227.0,-141.0,-139.0,T3V0Y29tZU5vZGU6NjE5NTc1Mw==,152.0,-103.0,-102.0,152.0
T2ZmZXJUYWJsZU9mZmVyTm9kZToxMDMyNTcyNzQ=,RmlnaHROb2RlOjYwMjA4,U3BvcnRzYm9va05vZGU6Mjg=,T3V0Y29tZU5vZGU6NjE5NzgwNg==,-135.0,-135.0,-135.0,-135.0,T3V0Y29tZU5vZGU6NjE5NzgwNw==,-105.0,-105.0,-105.0,-105.0
T2ZmZXJUYWJsZU9mZmVyTm9kZToxMDMyNTU5ODI=,RmlnaHROb2RlOjYwNjIx,U3BvcnRzYm9va05vZGU6Mjc=,T3V0Y29tZU5vZGU6NjE5NjE2OQ==,-188.0,-188.0,-188.0,-188.0,T3V0Y29tZU5vZGU6NjE5NjE3MA==,140.0,140.0,140.0,140.0
T2ZmZXJUYWJsZU9mZmVyTm9kZToxMDMyNTU3MjY=,RmlnaHROb2RlOjYwNjIx,U3BvcnRzYm9va05vZGU6MTA=,T3V0Y29tZU5vZGU6NjE5NTczNw==,-200.0,-200.0,-185.0,-175.0,T3V0Y29tZU5vZGU6NjE5NTczOA==,150.0,135.0,155.0,155.0
T2ZmZXJUYWJsZU9mZmVyTm9kZToxMDMyNTYwMTY=,RmlnaHROb2RlOjYwNjIx,U3BvcnRzYm9va05vZGU6MzM=,T3V0Y29tZU5vZGU6NjE5NjIyMQ==,-185.0,-190.0,-190.0,-185.0,T3V0Y29tZU5vZGU6NjE5NjIyMA==,140.0,140.0,145.0,145.0
T2ZmZXJUYWJsZU9mZmVyTm9kZToxMDMyNTYzMjg=,RmlnaHROb2RlOjYwNjIx,U3BvcnRzYm9va05vZGU6MjE=,T3V0Y29tZU5vZGU6NjE5NjYyOQ==,-196.0,-213.0,-200.0,-196.0,T3V0Y29tZU5vZGU6NjE5NjYyOA==,133.0,133.0,139.0,144.0
T2ZmZXJUYWJsZU9mZmVyTm9kZToxMDMyNTcyODE=,RmlnaHROb2RlOjYwNjIx,U3BvcnRzYm9va05vZGU6Mjg=,T3V0Y29tZU5vZGU6NjE5NzgyMA==,-185.0,-185.0,-185.0,-185.0,T3V0Y29tZU5vZGU6NjE5NzgyMQ==,142.0,142.0,142.0,142.0
T2ZmZXJUYWJsZU9mZmVyTm9kZToxMDMyNTU3OTk=,RmlnaHROb2RlOjYwMjEw,U3BvcnRzYm9va05vZGU6MjE=,T3V0Y29tZU5vZGU6NjE5NTg3OA==,-175.0,-200.0,-179.0,-175.0,T3V0Y29tZU5vZGU6NjE5NTg3Nw==,120.0,119.0,122.0,136.0
T2ZmZXJUYWJsZU9mZmVyTm9kZToxMDMyNTU5ODA=,RmlnaHROb2RlOjYwMjEw,U3BvcnRzYm9va05vZGU6Mjc=,T3V0Y29tZU5vZGU6NjE5NjE2NQ==,-163.0,-163.0,-163.0,-163.0,T3V0Y29tZU5vZGU6NjE5NjE2Ng==,120.0,120.0,120.0,120.0
T2ZmZXJUYWJsZU9mZmVyTm9kZToxMDMyNTU3Mjc=,RmlnaHROb2RlOjYwMjEw,U3BvcnRzYm9va05vZGU6MTA=,T3V0Y29tZU5vZGU6NjE5NTc0MA==,-120.0,-200.0,-200.0,-120.0,T3V0Y29tZU5vZGU6NjE5NTczOQ==,-120.0,-120.0,160.0,160.0
T2ZmZXJUYWJsZU9mZmVyTm9kZToxMDMyNTcyODA=,RmlnaHROb2RlOjYwMjEw,U3BvcnRzYm9va05vZGU6Mjg=,T3V0Y29tZU5vZGU6NjE5NzgxOA==,-161.0,-200.0,-200.0,-161.0,T3V0Y29tZU5vZGU6NjE5NzgxOQ==,121.0,121.0,150.0,150.0
T2ZmZXJUYWJsZU9mZmVyTm9kZToxMDMyNTcyMjg=,RmlnaHROb2RlOjYwMjI0,U3BvcnRzYm9va05vZGU6MjE=,T3V0Y29tZU5vZGU6NjE5Nzc0Mg==,-185.0,-185.0,-167.0,-167.0,T3V0Y29tZU5vZGU6NjE5Nzc0MQ==,126.0,115.0,115.0,126.0
T2ZmZXJUYWJsZU9mZmVyTm9kZToxMDMyNTU3Mjg=,RmlnaHROb2RlOjYwMjI0,U3BvcnRzYm9va05vZGU6MTA=,T3V0Y29tZU5vZGU6NjE5NTc0Mg==,-300.0,-300.0,-110.0,-101.0,T3V0Y29tZU5vZGU6NjE5NTc0MQ==,200.0,-129.0,-120.0,200.0
T2ZmZXJUYWJsZU9mZmVyTm9kZToxMDMyNTcyNzY=,RmlnaHROb2RlOjYwMjI0,U3BvcnRzYm9va05vZGU6Mjg=,T3V0Y29tZU5vZGU6NjE5NzgxMA==,-165.0,-165.0,-150.0,-150.0,T3V0Y29tZU5vZGU6NjE5NzgxMQ==,125.0,110.0,110.0,125.0
T2ZmZXJUYWJsZU9mZmVyTm9kZToxMDMyNTU5NjM=,RmlnaHROb2RlOjYwMjA2,U3BvcnRzYm9va05vZGU6Mjc=,T3V0Y29tZU5vZGU6NjE5NjEzMQ==,-200.0,-200.0,-200.0,-200.0,T3V0Y29tZU5vZGU6NjE5NjEzMg==,150.0,150.0,150.0,150.0
T2ZmZXJUYWJsZU9mZmVyTm9kZToxMDMyNTcyNzk=,RmlnaHROb2RlOjYwMjA2,U3BvcnRzYm9va05vZGU6Mjg=,T3V0Y29tZU5vZGU6NjE5NzgxNg==,-204.0,-204.0,-200.0,-200.0,T3V0Y29tZU5vZGU6NjE5NzgxNw==,154.0,150.0,150.0,154.0
T2ZmZXJUYWJsZU9mZmVyTm9kZToxMDMyNTU3MzM=,RmlnaHROb2RlOjYwMjA2,U3BvcnRzYm9va05vZGU6MjE=,T3V0Y29tZU5vZGU6NjE5NTc1Mg==,-196.0,-233.0,-233.0,-196.0,T3V0Y29tZU5vZGU6NjE5NTc1MQ==,133.0,133.0,155.0,155.0
T2ZmZXJUYWJsZU9mZmVyTm9kZToxMDMyNTU3Mzk=,RmlnaHROb2RlOjYwMjA2,U3BvcnRzYm9va05vZGU6MTA=,T3V0Y29tZU5vZGU6NjE5NTc2NA==,-180.0,-205.0,-200.0,-180.0,T3V0Y29tZU5vZGU6NjE5NTc2Mw==,140.0,140.0,160.0,165.0
T2ZmZXJUYWJsZU9mZmVyTm9kZToxMDMyNTYwMjA=,RmlnaHROb2RlOjYwMjA2,U3BvcnRzYm9va05vZGU6MzM=,T3V0Y29tZU5vZGU6NjE5NjIyOA==,-190.0,-210.0,-210.0,-190.0,T3V0Y29tZU5vZGU6NjE5NjIyOQ==,145.0,145.0,155.0,155.0
T2ZmZXJUYWJsZU9mZmVyTm9kZToxMDMyNTU5NTk=,RmlnaHROb2RlOjYwMjA1,U3BvcnRzYm9va05vZGU6Mjc=,T3V0Y29tZU5vZGU6NjE5NjEyMw==,-175.0,-175.0,-175.0,-175.0,T3V0Y29tZU5vZGU6NjE5NjEyNA==,130.0,130.0,130.0,130.0
T2ZmZXJUYWJsZU9mZmVyTm9kZToxMDMyNTU3MTk=,RmlnaHROb2RlOjYwMjA1,U3BvcnRzYm9va05vZGU6MTA=,T3V0Y29tZU5vZGU6NjE5NTcyNA==,-200.0,-200.0,-155.0,-125.0,T3V0Y29tZU5vZGU6NjE5NTcyMw==,150.0,-105.0,125.0,150.0
T2ZmZXJUYWJsZU9mZmVyTm9kZToxMDMyNTcyNzI=,RmlnaHROb2RlOjYwMjA1,U3BvcnRzYm9va05vZGU6Mjg=,T3V0Y29tZU5vZGU6NjE5NzgwMg==,-169.0,-180.0,-180.0,-169.0,T3V0Y29tZU5vZGU6NjE5NzgwMw==,129.0,129.0,140.0,140.0
T2ZmZXJUYWJsZU9mZmVyTm9kZToxMDMyNTU3MzE=,RmlnaHROb2RlOjYwMjA1,U3BvcnRzYm9va05vZGU6MjE=,T3V0Y29tZU5vZGU6NjE5NTc0OA==,-196.0,-196.0,-182.0,-169.0,T3V0Y29tZU5vZGU6NjE5NTc0Nw==,133.0,118.0,125.0,133.0
T2ZmZXJUYWJsZU9mZmVyTm9kZToxMDMyNTYwMTk=,RmlnaHROb2RlOjYwMjA1,U3BvcnRzYm9va05vZGU6MzM=,T3V0Y29tZU5vZGU6NjE5NjIyNg==,-185.0,-185.0,-185.0,-185.0,T3V0Y29tZU5vZGU6NjE5NjIyNw==,140.0,140.0,140.0,140.0
T2ZmZXJUYWJsZU9mZmVyTm9kZToxMDMyNTU3MjA=,RmlnaHROb2RlOjYwMjA3,U3BvcnRzYm9va05vZGU6MTA=,T3V0Y29tZU5vZGU6NjE5NTcyNg==,-240.0,-1000.0,-925.0,-240.0,T3V0Y29tZU5vZGU6NjE5NTcyNQ==,165.0,165.0,625.0,700.0
T2ZmZXJUYWJsZU9mZmVyTm9kZToxMDMyNTcyNzM=,RmlnaHROb2RlOjYwMjA3,U3BvcnRzYm9va05vZGU6Mjg=,T3V0Y29tZU5vZGU6NjE5NzgwNA==,-667.0,-1000.0,-910.0,-667.0,T3V0Y29tZU5vZGU6NjE5NzgwNQ==,392.0,392.0,460.0,500.0
T2ZmZXJUYWJsZU9mZmVyTm9kZToxMDMyNTU3MzA=,RmlnaHROb2RlOjYwMjA3,U3BvcnRzYm9va05vZGU6MjE=,T3V0Y29tZU5vZGU6NjE5NTc0Ng==,-625.0,-1429.0,-1429.0,-625.0,T3V0Y29tZU5vZGU6NjE5NTc0NQ==,345.0,345.0,542.0,598.0
T2ZmZXJUYWJsZU9mZmVyTm9kZToxMDMyNTU5NzY=,RmlnaHROb2RlOjYwMjA3,U3BvcnRzYm9va05vZGU6Mjc=,T3V0Y29tZU5vZGU6NjE5NjE1Nw==,-649.0,-649.0,-649.0,-649.0,T3V0Y29tZU5vZGU6NjE5NjE1OA==,400.0,400.0,400.0,400.0
T2ZmZXJUYWJsZU9mZmVyTm9kZToxMDMyNjEyMDY=,RmlnaHROb2RlOjYwOTQz,U3BvcnRzYm9va05vZGU6Mjg=,T3V0Y29tZU5vZGU6NjIwMzMyMw==,124.0,124.0,160.0,167.0,T3V0Y29tZU5vZGU6NjIwMzMyMg==,-164.0,-227.0,-220.0,-164.0
T2ZmZXJUYWJsZU9mZmVyTm9kZToxMDMyNjAzNjA=,RmlnaHROb2RlOjYwOTQz,U3BvcnRzYm9va05vZGU6MTA=,T3V0Y29tZU5vZGU6NjIwMTk3OA==,-170.0,-170.0,175.0,195.0,T3V0Y29tZU5vZGU6NjIwMTk3OQ==,130.0,-245.0,-215.0,130.0
T2ZmZXJUYWJsZU9mZmVyTm9kZToxMDMyNjA2NTg=,RmlnaHROb2RlOjYwOTQz,U3BvcnRzYm9va05vZGU6Mjc=,T3V0Y29tZU5vZGU6NjIwMjUxNg==,130.0,125.0,125.0,130.0,T3V0Y29tZU5vZGU6NjIwMjUxNw==,-163.0,-163.0,-163.0,-163.0
T2ZmZXJUYWJsZU9mZmVyTm9kZToxMDMyNjAzNjE=,RmlnaHROb2RlOjYxMDk3,U3BvcnRzYm9va05vZGU6MTA=,T3V0Y29tZU5vZGU6NjIwMTk4MA==,-300.0,-700.0,-400.0,-300.0,T3V0Y29tZU5vZGU6NjIwMTk4MQ==,200.0,200.0,300.0,500.0
T2ZmZXJUYWJsZU9mZmVyTm9kZToxMDMyNjEyMDg=,RmlnaHROb2RlOjYxMDk3,U3BvcnRzYm9va05vZGU6Mjg=,T3V0Y29tZU5vZGU6NjIwMzMyNw==,-714.0,-715.0,-500.0,-500.0,T3V0Y29tZU5vZGU6NjIwMzMyNg==,414.0,300.0,300.0,415.0
T2ZmZXJUYWJsZU9mZmVyTm9kZToxMDMyNjA2NTk=,RmlnaHROb2RlOjYxMDk3,U3BvcnRzYm9va05vZGU6Mjc=,T3V0Y29tZU5vZGU6NjIwMjUxOA==,-699.0,-699.0,-699.0,-699.0,T3V0Y29tZU5vZGU6NjIwMjUxOQ==,450.0,425.0,425.0,450.0
T2ZmZXJUYWJsZU9mZmVyTm9kZToxMDMyNjAzNjI=,RmlnaHROb2RlOjYxNDA4,U3BvcnRzYm9va05vZGU6MTA=,T3V0Y29tZU5vZGU6NjIwMTk4Mg==,140.0,140.0,160.0,160.0,T3V0Y29tZU5vZGU6NjIwMTk4Mw==,-180.0,-200.0,-200.0,-180.0
T2ZmZXJUYWJsZU9mZmVyTm9kZToxMDMyNjA2MDM=,RmlnaHROb2RlOjYxNDA4,U3BvcnRzYm9va05vZGU6Mjg=,T3V0Y29tZU5vZGU6NjIwMjQ0MQ==,139.0,139.0,150.0,150.0,T3V0Y29tZU5vZGU6NjIwMjQ0MA==,-179.0,-200.0,-200.0,-179.0
T2ZmZXJUYWJsZU9mZmVyTm9kZToxMDMyNjA2OTg=,RmlnaHROb2RlOjYxNDA4,U3BvcnRzYm9va05vZGU6Mjc=,T3V0Y29tZU5vZGU6NjIwMjU5Ng==,140.0,140.0,140.0,140.0,T3V0Y29tZU5vZGU6NjIwMjU5Nw==,-182.0,-182.0,-182.0,-182.0
T2ZmZXJUYWJsZU9mZmVyTm9kZToxMDMyNjA2NjA=,RmlnaHROb2RlOjYxMDk4,U3BvcnRzYm9va05vZGU6Mjc=,T3V0Y29tZU5vZGU6NjIwMjUyMA==,-225.0,-250.0,-250.0,-225.0,T3V0Y29tZU5vZGU6NjIwMjUyMQ==,175.0,175.0,188.0,188.0
T2ZmZXJUYWJsZU9mZmVyTm9kZToxMDMyNjAzNTU=,RmlnaHROb2RlOjYxMDk4,U3BvcnRzYm9va05vZGU6MTA=,T3V0Y29tZU5vZGU6NjIwMTk2OA==,-240.0,-350.0,-350.0,-240.0,T3V0Y29tZU5vZGU6NjIwMTk2OQ==,165.0,165.0,275.0,275.0
T2ZmZXJUYWJsZU9mZmVyTm9kZToxMDMyNjEyMDQ=,RmlnaHROb2RlOjYxMDk4,U3BvcnRzYm9va05vZGU6Mjg=,T3V0Y29tZU5vZGU6NjIwMzMxOQ==,-238.0,-345.0,-345.0,-238.0,T3V0Y29tZU5vZGU6NjIwMzMxOA==,173.0,173.0,225.0,225.0
T2ZmZXJUYWJsZU9mZmVyTm9kZToxMDMyNjAzNTQ=,RmlnaHROb2RlOjYwOTQw,U3BvcnRzYm9va05vZGU6MTA=,T3V0Y29tZU5vZGU6NjIwMTk2Ng==,-300.0,-800.0,-800.0,-300.0,T3V0Y29tZU5vZGU6NjIwMTk2Nw==,200.0,200.0,550.0,550.0
T2ZmZXJUYWJsZU9mZmVyTm9kZToxMDMyNjA2NjE=,RmlnaHROb2RlOjYwOTQw,U3BvcnRzYm9va05vZGU6Mjc=,T3V0Y29tZU5vZGU6NjIwMjUyMg==,-500.0,-500.0,-500.0,-500.0,T3V0Y29tZU5vZGU6NjIwMjUyMw==,350.0,333.0,333.0,350.0
T2ZmZXJUYWJsZU9mZmVyTm9kZToxMDMyNjA2MTQ=,RmlnaHROb2RlOjYwOTQw,U3BvcnRzYm9va05vZGU6Mjg=,T3V0Y29tZU5vZGU6NjIwMjQ2Mw==,-500.0,-556.0,-556.0,-500.0,T3V0Y29tZU5vZGU6NjIwMjQ2Mg==,300.0,300.0,331.0,331.0
T2ZmZXJUYWJsZU9mZmVyTm9kZToxMDMyNjEyMDc=,RmlnaHROb2RlOjYxNDQx,U3BvcnRzYm9va05vZGU6Mjg=,T3V0Y29tZU5vZGU6NjIwMzMyNQ==,-149.0,-150.0,-120.0,-120.0,T3V0Y29tZU5vZGU6NjIwMzMyNA==,109.0,-120.0,-120.0,110.0
T2ZmZXJUYWJsZU9mZmVyTm9kZToxMDMyNjA1OTE=,RmlnaHROb2RlOjYxNDQx,U3BvcnRzYm9va05vZGU6Mjg=,T3V0Y29tZU5vZGU6NjIwMjQxNw==,-141.0,-149.0,-149.0,-141.0,T3V0Y29tZU5vZGU6NjIwMjQxNg==,101.0,101.0,109.0,109.0
T2ZmZXJUYWJsZU9mZmVyTm9kZToxMDMyNjA2OTY=,RmlnaHROb2RlOjYxMTI2,U3BvcnRzYm9va05vZGU6Mjc=,T3V0Y29tZU5vZGU6NjIwMjU5Mg==,-110.0,-110.0,-110.0,-110.0,T3V0Y29tZU5vZGU6NjIwMjU5Mw==,-120.0,-120.0,-120.0,-120.0
T2ZmZXJUYWJsZU9mZmVyTm9kZToxMDMyNjAzNTY=,RmlnaHROb2RlOjYxMTI2,U3BvcnRzYm9va05vZGU6MTA=,T3V0Y29tZU5vZGU6NjIwMTk3MA==,110.0,-160.0,-140.0,120.0,T3V0Y29tZU5vZGU6NjIwMTk3MQ==,-150.0,-150.0,110.0,130.0
T2ZmZXJUYWJsZU9mZmVyTm9kZToxMDMyNjA2MDI=,RmlnaHROb2RlOjYxMTI2,U3BvcnRzYm9va05vZGU6Mjg=,T3V0Y29tZU5vZGU6NjIwMjQzOQ==,-120.0,-149.0,-140.0,-110.0,T3V0Y29tZU5vZGU6NjIwMjQzOA==,-120.0,-130.0,100.0,109.0
T2ZmZXJUYWJsZU9mZmVyTm9kZToxMDMyNjA2OTU=,RmlnaHROb2RlOjYwMzA4,U3BvcnRzYm9va05vZGU6Mjc=,T3V0Y29tZU5vZGU6NjIwMjU5MA==,-138.0,-138.0,-138.0,-138.0,T3V0Y29tZU5vZGU6NjIwMjU5MQ==,110.0,110.0,110.0,110.0
T2ZmZXJUYWJsZU9mZmVyTm9kZToxMDMyNjAzNTM=,RmlnaHROb2RlOjYwMzA4,U3BvcnRzYm9va05vZGU6MTA=,T3V0Y29tZU5vZGU6NjIwMTk2NA==,-200.0,-200.0,-120.0,-120.0,T3V0Y29tZU5vZGU6NjIwMTk2NQ==,150.0,-110.0,-110.0,150.0
T2ZmZXJUYWJsZU9mZmVyTm9kZToxMDMyNjAzNTc=,RmlnaHROb2RlOjYxMTI1,U3BvcnRzYm9va05vZGU6MTA=,T3V0Y29tZU5vZGU6NjIwMTk3Mg==,-150.0,-550.0,-500.0,-150.0,T3V0Y29tZU5vZGU6NjIwMTk3Mw==,110.0,110.0,375.0,400.0
T2ZmZXJUYWJsZU9mZmVyTm9kZToxMDMyNjEyMDM=,RmlnaHROb2RlOjYxMTI1,U3BvcnRzYm9va05vZGU6Mjg=,T3V0Y29tZU5vZGU6NjIwMzMxNw==,-200.0,-556.0,-500.0,-200.0,T3V0Y29tZU5vZGU6NjIwMzMxNg==,150.0,150.0,300.0,331.0
T2ZmZXJUYWJsZU9mZmVyTm9kZToxMDMyNjA3MDA=,RmlnaHROb2RlOjYxMTI1,U3BvcnRzYm9va05vZGU6Mjc=,T3V0Y29tZU5vZGU6NjIwMjYwMA==,-200.0,-200.0,-200.0,-200.0,T3V0Y29tZU5vZGU6NjIwMjYwMQ==,150.0,150.0,150.0,150.0
T2ZmZXJUYWJsZU9mZmVyTm9kZToxMDMyNjAzNTg=,RmlnaHROb2RlOjYwOTQy,U3BvcnRzYm9va05vZGU6MTA=,T3V0Y29tZU5vZGU6NjIwMTk3NA==,110.0,110.0,125.0,150.0,T3V0Y29tZU5vZGU6NjIwMTk3NQ==,-150.0,-180.0,-155.0,-150.0
T2ZmZXJUYWJsZU9mZmVyTm9kZToxMDMyNjA2OTk=,RmlnaHROb2RlOjYwOTQy,U3BvcnRzYm9va05vZGU6Mjc=,T3V0Y29tZU5vZGU6NjIwMjU5OA==,115.0,115.0,115.0,115.0,T3V0Y29tZU5vZGU6NjIwMjU5OQ==,-150.0,-150.0,-150.0,-150.0
T2ZmZXJUYWJsZU9mZmVyTm9kZToxMDMyNjEyMDU=,RmlnaHROb2RlOjYwOTcx,U3BvcnRzYm9va05vZGU6Mjg=,T3V0Y29tZU5vZGU6NjIwMzMyMQ==,-303.0,-345.0,-303.0,-303.0,T3V0Y29tZU5vZGU6NjIwMzMyMA==,203.0,203.0,203.0,225.0
T2ZmZXJUYWJsZU9mZmVyTm9kZToxMDMyNjAzNTk=,RmlnaHROb2RlOjYwOTcx,U3BvcnRzYm9va05vZGU6MTA=,T3V0Y29tZU5vZGU6NjIwMTk3Ng==,-700.0,-700.0,-300.0,-300.0,T3V0Y29tZU5vZGU6NjIwMTk3Nw==,400.0,200.0,240.0,400.0
T2ZmZXJUYWJsZU9mZmVyTm9kZToxMDMyNjA2OTc=,RmlnaHROb2RlOjYwOTcx,U3BvcnRzYm9va05vZGU6Mjc=,T3V0Y29tZU5vZGU6NjIwMjU5NA==,-333.0,-333.0,-333.0,-333.0,T3V0Y29tZU5vZGU6NjIwMjU5NQ==,240.0,240.0,240.0,240.0
T2ZmZXJUYWJsZU9mZmVyTm9kZToxMDMyNzAxMTk=,RmlnaHROb2RlOjYxNzY0,U3BvcnRzYm9va05vZGU6Mjc=,T3V0Y29tZU5vZGU6NjIxNTc0MA==,-110.0,-120.0,-120.0,-110.0,T3V0Y29tZU5vZGU6NjIxNTc0MQ==,-120.0,-120.0,-110.0,-110.0
T2ZmZXJUYWJsZU9mZmVyTm9kZToxMDMyNjk1ODc=,RmlnaHROb2RlOjYxNzY0,U3BvcnRzYm9va05vZGU6MTA=,T3V0Y29tZU5vZGU6NjIxNTA5NQ==,105.0,-165.0,-154.0,120.0,T3V0Y29tZU5vZGU6NjIxNTA5Ng==,-145.0,-150.0,124.0,135.0
T2ZmZXJUYWJsZU9mZmVyTm9kZToxMDMyNjk1ODQ=,RmlnaHROb2RlOjYyMDY4,U3BvcnRzYm9va05vZGU6MTA=,T3V0Y29tZU5vZGU6NjIxNTA5MA==,-125.0,-175.0,-155.0,-125.0,T3V0Y29tZU5vZGU6NjIxNTA4OQ==,-115.0,-115.0,125.0,145.0
T2ZmZXJUYWJsZU9mZmVyTm9kZToxMDMyNzA0MzM=,RmlnaHROb2RlOjYyMDY4,U3BvcnRzYm9va05vZGU6Mjg=,T3V0Y29tZU5vZGU6NjIxNjE2Mg==,-150.0,-175.0,-156.0,-149.0,T3V0Y29tZU5vZGU6NjIxNjE2Mw==,110.0,109.0,116.0,135.0
T2ZmZXJUYWJsZU9mZmVyTm9kZToxMDMyNzAxMjM=,RmlnaHROb2RlOjYyMDY4,U3BvcnRzYm9va05vZGU6Mjc=,T3V0Y29tZU5vZGU6NjIxNTc0OA==,-150.0,-150.0,-150.0,-150.0,T3V0Y29tZU5vZGU6NjIxNTc0OQ==,110.0,110.0,110.0,110.0
T2ZmZXJUYWJsZU9mZmVyTm9kZToxMDMyNjk1ODY=,RmlnaHROb2RlOjYyMDY5,U3BvcnRzYm9va05vZGU6MTA=,T3V0Y29tZU5vZGU6NjIxNTA5NA==,-500.0,-2500.0,-2500.0,-500.0,T3V0Y29tZU5vZGU6NjIxNTA5Mw==,300.0,300.0,1200.0,1200.0
T2ZmZXJUYWJsZU9mZmVyTm9kZToxMDMyNzAxMTY=,RmlnaHROb2RlOjYyMDY5,U3BvcnRzYm9va05vZGU6Mjc=,T3V0Y29tZU5vZGU6NjIxNTczNA==,-1000.0,-1000.0,-1000.0,-1000.0,T3V0Y29tZU5vZGU6NjIxNTczNQ==,500.0,500.0,500.0,500.0
T2ZmZXJUYWJsZU9mZmVyTm9kZToxMDMyNzA0MjY=,RmlnaHROb2RlOjYyMDY5,U3BvcnRzYm9va05vZGU6Mjg=,T3V0Y29tZU5vZGU6NjIxNjE0OA==,-1665.0,-1800.0,-1429.0,-590.0,T3V0Y29tZU5vZGU6NjIxNjE0OQ==,765.0,345.0,679.0,765.0
T2ZmZXJUYWJsZU9mZmVyTm9kZToxMDMyNzAxMTU=,RmlnaHROb2RlOjYxNzYy,U3BvcnRzYm9va05vZGU6Mjc=,T3V0Y29tZU5vZGU6NjIxNTczMg==,-110.0,-110.0,-110.0,-110.0,T3V0Y29tZU5vZGU6NjIxNTczMw==,-120.0,-120.0,-120.0,-120.0
T2ZmZXJUYWJsZU9mZmVyTm9kZToxMDMyNzA0Mjg=,RmlnaHROb2RlOjYxNzYy,U3BvcnRzYm9va05vZGU6Mjg=,T3V0Y29tZU5vZGU6NjIxNjE1Mg==,-115.0,-115.0,-115.0,-115.0,T3V0Y29tZU5vZGU6NjIxNjE1Mw==,-125.0,-125.0,-125.0,-125.0
T2ZmZXJUYWJsZU9mZmVyTm9kZToxMDMyNjk1ODI=,RmlnaHROb2RlOjYxNzYy,U3BvcnRzYm9va05vZGU6MTA=,T3V0Y29tZU5vZGU6NjIxNTA4NQ==,-140.0,-140.0,-105.0,-105.0,T3V0Y29tZU5vZGU6NjIxNTA4Ng==,100.0,-125.0,-125.0,100.0
T2ZmZXJUYWJsZU9mZmVyTm9kZToxMDMyNjk1ODM=,RmlnaHROb2RlOjYxNzYz,U3BvcnRzYm9va05vZGU6MTA=,T3V0Y29tZU5vZGU6NjIxNTA4Nw==,-250.0,-250.0,-175.0,-175.0,T3V0Y29tZU5vZGU6NjIxNTA4OA==,170.0,145.0,145.0,190.0
T2ZmZXJUYWJsZU9mZmVyTm9kZToxMDMyNzA0Mjk=,RmlnaHROb2RlOjYxNzYz,U3BvcnRzYm9va05vZGU6Mjg=,T3V0Y29tZU5vZGU6NjIxNjE1NA==,-225.0,-238.0,-175.0,-175.0,T3V0Y29tZU5vZGU6NjIxNjE1NQ==,165.0,135.0,135.0,173.0
T2ZmZXJUYWJsZU9mZmVyTm9kZToxMDMyNzAxMjI=,RmlnaHROb2RlOjYxNzYz,U3BvcnRzYm9va05vZGU6Mjc=,T3V0Y29tZU5vZGU6NjIxNTc0Ng==,-225.0,-225.0,-225.0,-225.0,T3V0Y29tZU5vZGU6NjIxNTc0Nw==,163.0,163.0,163.0,163.0
T2ZmZXJUYWJsZU9mZmVyTm9kZToxMDMyNzA0MzA=,RmlnaHROb2RlOjYxODcx,U3BvcnRzYm9va05vZGU6Mjg=,T3V0Y29tZU5vZGU6NjIxNjE1Nw==,-455.0,-800.0,-800.0,-455.0,T3V0Y29tZU5vZGU6NjIxNjE1Ng==,280.0,280.0,425.0,425.0
T2ZmZXJUYWJsZU9mZmVyTm9kZToxMDMyNzAxMjA=,RmlnaHROb2RlOjYxODcx,U3BvcnRzYm9va05vZGU6Mjc=,T3V0Y29tZU5vZGU6NjIxNTc0Mg==,-400.0,-400.0,-400.0,-400.0,T3V0Y29tZU5vZGU6NjIxNTc0Mw==,275.0,275.0,275.0,275.0
T2ZmZXJUYWJsZU9mZmVyTm9kZToxMDMyNjk1ODU=,RmlnaHROb2RlOjYxODcx,U3BvcnRzYm9va05vZGU6MTA=,T3V0Y29tZU5vZGU6NjIxNTA5MQ==,-500.0,-800.0,-800.0,-450.0,T3V0Y29tZU5vZGU6NjIxNTA5Mg==,300.0,275.0,550.0,550.0
T2ZmZXJUYWJsZU9mZmVyTm9kZToxMDMyNzEyNzY=,RmlnaHROb2RlOjYyMTMy,U3BvcnRzYm9va05vZGU6Mjg=,T3V0Y29tZU5vZGU6NjIxNzIxOA==,-312.0,-500.0,-500.0,-312.0,T3V0Y29tZU5vZGU6NjIxNzIxOQ==,207.0,207.0,300.0,300.0
T2ZmZXJUYWJsZU9mZmVyTm9kZToxMDMyNzA2NzA=,RmlnaHROb2RlOjYyMTMy,U3BvcnRzYm9va05vZGU6MTA=,T3V0Y29tZU5vZGU6NjIxNjQ4Mw==,-180.0,-1400.0,-1200.0,-180.0,T3V0Y29tZU5vZGU6NjIxNjQ4Mg==,150.0,150.0,750.0,800.0
T2ZmZXJUYWJsZU9mZmVyTm9kZToxMDMyNjk1ODE=,RmlnaHROb2RlOjYxNzYx,U3BvcnRzYm9va05vZGU6MTA=,T3V0Y29tZU5vZGU6NjIxNTA4Mw==,-180.0,-180.0,-175.0,-175.0,T3V0Y29tZU5vZGU6NjIxNTA4NA==,140.0,135.0,145.0,145.0
T2ZmZXJUYWJsZU9mZmVyTm9kZToxMDMyNzAxMjE=,RmlnaHROb2RlOjYxNzYx,U3BvcnRzYm9va05vZGU6Mjc=,T3V0Y29tZU5vZGU6NjIxNTc0NA==,-175.0,-175.0,-175.0,-175.0,T3V0Y29tZU5vZGU6NjIxNTc0NQ==,130.0,130.0,130.0,130.0
T2ZmZXJUYWJsZU9mZmVyTm9kZToxMDMyNzA0MzE=,RmlnaHROb2RlOjYxNzYx,U3BvcnRzYm9va05vZGU6Mjg=,T3V0Y29tZU5vZGU6NjIxNjE1OA==,-175.0,-175.0,-175.0,-175.0,T3V0Y29tZU5vZGU6NjIxNjE1OQ==,135.0,135.0,135.0,135.0
T2ZmZXJUYWJsZU9mZmVyTm9kZToxMDMyNzAxMTg=,RmlnaHROb2RlOjYxMDk2,U3BvcnRzYm9va05vZGU6Mjc=,T3V0Y29tZU5vZGU6NjIxNTczOA==,-275.0,-450.0,-450.0,-275.0,T3V0Y29tZU5vZGU6NjIxNTczOQ==,200.0,200.0,300.0,300.0
T2ZmZXJUYWJsZU9mZmVyTm9kZToxMDMyNjk1Nzk=,RmlnaHROb2RlOjYxMDk2,U3BvcnRzYm9va05vZGU6MTA=,T3V0Y29tZU5vZGU6NjIxNTA3OQ==,-350.0,-1000.0,-1000.0,-270.0,T3V0Y29tZU5vZGU6NjIxNTA4MA==,225.0,200.0,700.0,700.0
T2ZmZXJUYWJsZU9mZmVyTm9kZToxMDMyNzA0MzI=,RmlnaHROb2RlOjYxMDk2,U3BvcnRzYm9va05vZGU6Mjg=,T3V0Y29tZU5vZGU6NjIxNjE2MA==,-305.0,-769.0,-556.0,-270.0,T3V0Y29tZU5vZGU6NjIxNjE2MQ==,205.0,185.0,331.0,434.0
T2ZmZXJUYWJsZU9mZmVyTm9kZToxMDMyNzA0Mjc=,RmlnaHROb2RlOjYyMDY3,U3BvcnRzYm9va05vZGU6Mjg=,T3V0Y29tZU5vZGU6NjIxNjE1MA==,-665.0,-665.0,-588.0,-455.0,T3V0Y29tZU5vZGU6NjIxNjE1MQ==,390.0,280.0,348.0,390.0
T2ZmZXJUYWJsZU9mZmVyTm9kZToxMDMyNzAxMTc=,RmlnaHROb2RlOjYyMDY3,U3BvcnRzYm9va05vZGU6Mjc=,T3V0Y29tZU5vZGU6NjIxNTczNg==,-549.0,-549.0,-549.0,-549.0,T3V0Y29tZU5vZGU6NjIxNTczNw==,350.0,350.0,350.0,350.0
T2ZmZXJUYWJsZU9mZmVyTm9kZToxMDMyNjk1ODA=,RmlnaHROb2RlOjYyMDY3,U3BvcnRzYm9va05vZGU6MTA=,T3V0Y29tZU5vZGU6NjIxNTA4Mg==,-700.0,-1000.0,-1000.0,-450.0,T3V0Y29tZU5vZGU6NjIxNTA4MQ==,400.0,350.0,700.0,700.0
T2ZmZXJUYWJsZU9mZmVyTm9kZToxMDMyNzM5MjQ=,RmlnaHROb2RlOjYxMjE3,U3BvcnRzYm9va05vZGU6MTA=,T3V0Y29tZU5vZGU6NjIyMDk2OQ==,-200.0,-275.0,-240.0,-200.0,T3V0Y29tZU5vZGU6NjIyMDk3MA==,150.0,150.0,190.0,215.0
T2ZmZXJUYWJsZU9mZmVyTm9kZToxMDMyNzQ3ODc=,RmlnaHROb2RlOjYxMjE3,U3BvcnRzYm9va05vZGU6Mjc=,T3V0Y29tZU5vZGU6NjIyMjA2Ng==,-200.0,-250.0,-250.0,-200.0,T3V0Y29tZU5vZGU6NjIyMjA2Nw==,150.0,150.0,175.0,175.0
T2ZmZXJUYWJsZU9mZmVyTm9kZToxMDMyNzU3NDc=,RmlnaHROb2RlOjYxMjE3,U3BvcnRzYm9va05vZGU6Mjg=,T3V0Y29tZU5vZGU6NjIyMzQyMQ==,-200.0,-250.0,-217.0,-200.0,T3V0Y29tZU5vZGU6NjIyMzQyMA==,150.0,150.0,162.0,175.0
T2ZmZXJUYWJsZU9mZmVyTm9kZToxMDMyNzQ3Nzg=,RmlnaHROb2RlOjYxMTc1,U3BvcnRzYm9va05vZGU6Mjc=,T3V0Y29tZU5vZGU6NjIyMjA0OA==,-350.0,-549.0,-549.0,-350.0,T3V0Y29tZU5vZGU6NjIyMjA0OQ==,240.0,240.0,350.0,350.0
T2ZmZXJUYWJsZU9mZmVyTm9kZToxMDMyNzM5MjA=,RmlnaHROb2RlOjYxMTc1,U3BvcnRzYm9va05vZGU6MTA=,T3V0Y29tZU5vZGU6NjIyMDk2Mg==,-500.0,-600.0,-450.0,-350.0,T3V0Y29tZU5vZGU6NjIyMDk2MQ==,300.0,250.0,350.0,425.0
T2ZmZXJUYWJsZU9mZmVyTm9kZToxMDMyNzU3NTU=,RmlnaHROb2RlOjYxMTc1,U3BvcnRzYm9va05vZGU6Mjg=,T3V0Y29tZU5vZGU6NjIyMzQzNg==,-345.0,-500.0,-435.0,-345.0,T3V0Y29tZU5vZGU6NjIyMzQzNw==,225.0,225.0,270.0,300.0
T2ZmZXJUYWJsZU9mZmVyTm9kZToxMDMyNzU3NTQ=,RmlnaHROb2RlOjYxNzUy,U3BvcnRzYm9va05vZGU6Mjg=,T3V0Y29tZU5vZGU6NjIyMzQzNQ==,-714.0,-1000.0,-1000.0,-714.0,T3V0Y29tZU5vZGU6NjIyMzQzNA==,414.0,414.0,500.0,500.0
T2ZmZXJUYWJsZU9mZmVyTm9kZToxMDMyNzM5MjY=,RmlnaHROb2RlOjYxNzUy,U3BvcnRzYm9va05vZGU6MTA=,T3V0Y29tZU5vZGU6NjIyMDk3Mw==,-700.0,-1000.0,-1000.0,-700.0,T3V0Y29tZU5vZGU6NjIyMDk3NA==,400.0,400.0,700.0,700.0
T2ZmZXJUYWJsZU9mZmVyTm9kZToxMDMyNzQ3ODk=,RmlnaHROb2RlOjYxNzUy,U3BvcnRzYm9va05vZGU6Mjc=,T3V0Y29tZU5vZGU6NjIyMjA3MA==,-649.0,-800.0,-800.0,-649.0,T3V0Y29tZU5vZGU6NjIyMjA3MQ==,400.0,400.0,450.0,450.0
T2ZmZXJUYWJsZU9mZmVyTm9kZToxMDMyNzM5Mjc=,RmlnaHROb2RlOjYxMjE2,U3BvcnRzYm9va05vZGU6MTA=,T3V0Y29tZU5vZGU6NjIyMDk3NQ==,-200.0,-350.0,-280.0,-200.0,T3V0Y29tZU5vZGU6NjIyMDk3Ng==,150.0,150.0,220.0,275.0
T2ZmZXJUYWJsZU9mZmVyTm9kZToxMDMyNzU3NTY=,RmlnaHROb2RlOjYxMjE2,U3BvcnRzYm9va05vZGU6Mjg=,T3V0Y29tZU5vZGU6NjIyMzQzOQ==,-345.0,-345.0,-278.0,-278.0,T3V0Y29tZU5vZGU6NjIyMzQzOA==,225.0,193.0,193.0,225.0
T2ZmZXJUYWJsZU9mZmVyTm9kZToxMDMyNzQ3OTA=,RmlnaHROb2RlOjYxMjE2,U3BvcnRzYm9va05vZGU6Mjc=,T3V0Y29tZU5vZGU6NjIyMjA3Mg==,-350.0,-350.0,-350.0,-350.0,T3V0Y29tZU5vZGU6NjIyMjA3Mw==,240.0,240.0,240.0,240.0
T2ZmZXJUYWJsZU9mZmVyTm9kZToxMDMyNzM5Mjg=,RmlnaHROb2RlOjYxMzIz,U3BvcnRzYm9va05vZGU6MTA=,T3V0Y29tZU5vZGU6NjIyMDk3Nw==,-300.0,-750.0,-650.0,-300.0,T3V0Y29tZU5vZGU6NjIyMDk3OA==,200.0,200.0,475.0,550.0
T2ZmZXJUYWJsZU9mZmVyTm9kZToxMDMyNzQ3ODY=,RmlnaHROb2RlOjYxMzIz,U3BvcnRzYm9va05vZGU6Mjc=,T3V0Y29tZU5vZGU6NjIyMjA2NA==,-500.0,-649.0,-649.0,-500.0,T3V0Y29tZU5vZGU6NjIyMjA2NQ==,333.0,333.0,400.0,400.0
T2ZmZXJUYWJsZU9mZmVyTm9kZToxMDMyNzU3NTc=,RmlnaHROb2RlOjYxMzIz,U3BvcnRzYm9va05vZGU6Mjg=,T3V0Y29tZU5vZGU6NjIyMzQ0MQ==,-556.0,-714.0,-667.0,-556.0,T3V0Y29tZU5vZGU6NjIyMzQ0MA==,331.0,331.0,392.0,414.0
T2ZmZXJUYWJsZU9mZmVyTm9kZToxMDMyNzU3NTM=,RmlnaHROb2RlOjYxMjE4,U3BvcnRzYm9va05vZGU6Mjg=,T3V0Y29tZU5vZGU6NjIyMzQzMw==,-323.0,-345.0,-323.0,-323.0,T3V0Y29tZU5vZGU6NjIyMzQzMg==,213.0,213.0,213.0,225.0
T2ZmZXJUYWJsZU9mZmVyTm9kZToxMDMyNzM5Mjk=,RmlnaHROb2RlOjYxMjE4,U3BvcnRzYm9va05vZGU6MTA=,T3V0Y29tZU5vZGU6NjIyMDk3OQ==,-200.0,-340.0,-325.0,-200.0,T3V0Y29tZU5vZGU6NjIyMDk4MA==,150.0,150.0,250.0,265.0
T2ZmZXJUYWJsZU9mZmVyTm9kZToxMDMyNzQ3ODA=,RmlnaHROb2RlOjYxMjE4,U3BvcnRzYm9va05vZGU6Mjc=,T3V0Y29tZU5vZGU6NjIyMjA1Mg==,-225.0,-350.0,-350.0,-225.0,T3V0Y29tZU5vZGU6NjIyMjA1Mw==,163.0,163.0,240.0,240.0
T2ZmZXJUYWJsZU9mZmVyTm9kZToxMDMyNzM5MzI=,RmlnaHROb2RlOjYxMjE5,U3BvcnRzYm9va05vZGU6MTA=,T3V0Y29tZU5vZGU6NjIyMDk4Mw==,-180.0,-300.0,-300.0,-180.0,T3V0Y29tZU5vZGU6NjIyMDk4NA==,140.0,140.0,240.0,240.0
T2ZmZXJUYWJsZU9mZmVyTm9kZToxMDMyNzQ3ODU=,RmlnaHROb2RlOjYxMjE5,U3BvcnRzYm9va05vZGU6Mjc=,T3V0Y29tZU5vZGU6NjIyMjA2Mg==,-275.0,-275.0,-275.0,-275.0,T3V0Y29tZU5vZGU6NjIyMjA2Mw==,200.0,200.0,200.0,200.0
T2ZmZXJUYWJsZU9mZmVyTm9kZToxMDMyNzU3NTA=,RmlnaHROb2RlOjYxMjE5,U3BvcnRzYm9va05vZGU6Mjg=,T3V0Y29tZU5vZGU6NjIyMzQyNw==,-303.0,-303.0,-303.0,-303.0,T3V0Y29tZU5vZGU6NjIyMzQyNg==,203.0,203.0,203.0,203.0
T2ZmZXJUYWJsZU9mZmVyTm9kZToxMDMyNzU3NTI=,RmlnaHROb2RlOjYxMjQx,U3BvcnRzYm9va05vZGU6Mjg=,T3V0Y29tZU5vZGU6NjIyMzQzMQ==,-217.0,-263.0,-263.0,-217.0,T3V0Y29tZU5vZGU6NjIyMzQzMA==,162.0,162.0,183.0,183.0
T2ZmZXJUYWJsZU9mZmVyTm9kZToxMDMyNzQ3ODQ=,RmlnaHROb2RlOjYxMjQx,U3BvcnRzYm9va05vZGU6Mjc=,T3V0Y29tZU5vZGU6NjIyMjA2MA==,-225.0,-225.0,-225.0,-225.0,T3V0Y29tZU5vZGU6NjIyMjA2MQ==,163.0,163.0,163.0,163.0
T2ZmZXJUYWJsZU9mZmVyTm9kZToxMDMyNzM5MzM=,RmlnaHROb2RlOjYxMjQx,U3BvcnRzYm9va05vZGU6MTA=,T3V0Y29tZU5vZGU6NjIyMDk4NQ==,-200.0,-260.0,-260.0,-200.0,T3V0Y29tZU5vZGU6NjIyMDk4Ng==,150.0,150.0,200.0,200.0
T2ZmZXJUYWJsZU9mZmVyTm9kZToxMDMyNzU3NTE=,RmlnaHROb2RlOjYxMjE1,U3BvcnRzYm9va05vZGU6Mjg=,T3V0Y29tZU5vZGU6NjIyMzQyOQ==,-667.0,-1000.0,-833.0,-667.0,T3V0Y29tZU5vZGU6NjIyMzQyOA==,392.0,392.0,458.0,500.0
T2ZmZXJUYWJsZU9mZmVyTm9kZToxMDMyNzQ3Nzk=,RmlnaHROb2RlOjYxMjE1,U3BvcnRzYm9va05vZGU6Mjc=,T3V0Y29tZU5vZGU6NjIyMjA1MA==,-500.0,-800.0,-800.0,-500.0,T3V0Y29tZU5vZGU6NjIyMjA1MQ==,333.0,333.0,450.0,450.0
T2ZmZXJUYWJsZU9mZmVyTm9kZToxMDMyNzM5MjU=,RmlnaHROb2RlOjYxMjE1,U3BvcnRzYm9va05vZGU6MTA=,T3V0Y29tZU5vZGU6NjIyMDk3MQ==,-300.0,-900.0,-800.0,-300.0,T3V0Y29tZU5vZGU6NjIyMDk3Mg==,200.0,200.0,550.0,600.0
T2ZmZXJUYWJsZU9mZmVyTm9kZToxMDMyNzM5MjI=,RmlnaHROb2RlOjYxMjE0,U3BvcnRzYm9va05vZGU6MTA=,T3V0Y29tZU5vZGU6NjIyMDk2NQ==,-150.0,-2000.0,-2000.0,-150.0,T3V0Y29tZU5vZGU6NjIyMDk2Ng==,110.0,110.0,1000.0,1000.0
T2ZmZXJUYWJsZU9mZmVyTm9kZToxMDMyNzQ3ODI=,RmlnaHROb2RlOjYxMjE0,U3BvcnRzYm9va05vZGU6Mjc=,T3V0Y29tZU5vZGU6NjIyMjA1Ng==,-649.0,-1205.0,-1205.0,-649.0,T3V0Y29tZU5vZGU6NjIyMjA1Nw==,400.0,400.0,550.0,550.0
T2ZmZXJUYWJsZU9mZmVyTm9kZToxMDMyNzU3NDg=,RmlnaHROb2RlOjYxMjE0,U3BvcnRzYm9va05vZGU6Mjg=,T3V0Y29tZU5vZGU6NjIyMzQyMw==,-1429.0,-2000.0,-2000.0,-1429.0,T3V0Y29tZU5vZGU6NjIyMzQyMg==,679.0,679.0,1000.0,1000.0
T2ZmZXJUYWJsZU9mZmVyTm9kZToxMDMyNzM5MjM=,RmlnaHROb2RlOjYxNzUz,U3BvcnRzYm9va05vZGU6MTA=,T3V0Y29tZU5vZGU6NjIyMDk2Nw==,-200.0,-800.0,-600.0,-200.0,T3V0Y29tZU5vZGU6NjIyMDk2OA==,150.0,150.0,425.0,550.0
T2ZmZXJUYWJsZU9mZmVyTm9kZToxMDMyNzQ3ODg=,RmlnaHROb2RlOjYxNzUz,U3BvcnRzYm9va05vZGU6Mjc=,T3V0Y29tZU5vZGU6NjIyMjA2OA==,-333.0,-649.0,-649.0,-333.0,T3V0Y29tZU5vZGU6NjIyMjA2OQ==,225.0,225.0,400.0,400.0
T2ZmZXJUYWJsZU9mZmVyTm9kZToxMDMyNzU3NDk=,RmlnaHROb2RlOjYxNzUz,U3BvcnRzYm9va05vZGU6Mjg=,T3V0Y29tZU5vZGU6NjIyMzQyNQ==,-500.0,-833.0,-588.0,-500.0,T3V0Y29tZU5vZGU6NjIyMzQyNA==,300.0,300.0,348.0,458.0
T2ZmZXJUYWJsZU9mZmVyTm9kZToxMDMyNzM5MjE=,RmlnaHROb2RlOjYxMjEz,U3BvcnRzYm9va05vZGU6MTA=,T3V0Y29tZU5vZGU6NjIyMDk2Mw==,-120.0,-450.0,-305.0,-120.0,T3V0Y29tZU5vZGU6NjIyMDk2NA==,-120.0,-120.0,245.0,350.0
T2ZmZXJUYWJsZU9mZmVyTm9kZToxMDMyNzU3NDY=,RmlnaHROb2RlOjYxMjEz,U3BvcnRzYm9va05vZGU6Mjg=,T3V0Y29tZU5vZGU6NjIyMzQxOQ==,-303.0,-303.0,-303.0,-238.0,T3V0Y29tZU5vZGU6NjIyMzQxOA==,203.0,173.0,203.0,203.0
T2ZmZXJUYWJsZU9mZmVyTm9kZToxMDMyNzQ3ODE=,RmlnaHROb2RlOjYxMjEz,U3BvcnRzYm9va05vZGU6Mjc=,T3V0Y29tZU5vZGU6NjIyMjA1NA==,-225.0,-350.0,-350.0,-225.0,T3V0Y29tZU5vZGU6NjIyMjA1NQ==,163.0,163.0,240.0,240.0
T2ZmZXJUYWJsZU9mZmVyTm9kZToxMDMyNzc5NDc=,RmlnaHROb2RlOjYyNDEz,U3BvcnRzYm9va05vZGU6MTA=,T3V0Y29tZU5vZGU6NjIyNjUzOA==,-200.0,-200.0,-120.0,100.0,T3V0Y29tZU5vZGU6NjIyNjUzNw==,170.0,-130.0,-110.0,170.0
T2ZmZXJUYWJsZU9mZmVyTm9kZToxMDMyNzg2NDQ=,RmlnaHROb2RlOjYyNDEz,U3BvcnRzYm9va05vZGU6Mjc=,T3V0Y29tZU5vZGU6NjIyNzMyMQ==,-125.0,-163.0,-163.0,-125.0,T3V0Y29tZU5vZGU6NjIyNzMyMg==,-105.0,-105.0,120.0,120.0
T2ZmZXJUYWJsZU9mZmVyTm9kZToxMDMyODAwMTE=,RmlnaHROb2RlOjYyMzM2,U3BvcnRzYm9va05vZGU6Mjg=,T3V0Y29tZU5vZGU6NjIyOTI0Mw==,203.0,193.0,280.0,280.0,T3V0Y29tZU5vZGU6NjIyOTI0NA==,-303.0,-455.0,-455.0,-278.0
T2ZmZXJUYWJsZU9mZmVyTm9kZToxMDMyNzc5NDM=,RmlnaHROb2RlOjYyMzM2,U3BvcnRzYm9va05vZGU6MTA=,T3V0Y29tZU5vZGU6NjIyNjUzMA==,150.0,150.0,350.0,350.0,T3V0Y29tZU5vZGU6NjIyNjUyOQ==,-200.0,-450.0,-450.0,-200.0
T2ZmZXJUYWJsZU9mZmVyTm9kZToxMDMyNzg2NTA=,RmlnaHROb2RlOjYyMzM2,U3BvcnRzYm9va05vZGU6Mjc=,T3V0Y29tZU5vZGU6NjIyNzMzNA==,240.0,240.0,250.0,250.0,T3V0Y29tZU5vZGU6NjIyNzMzMw==,-350.0,-350.0,-350.0,-350.0
T2ZmZXJUYWJsZU9mZmVyTm9kZToxMDMyODAwMTM=,RmlnaHROb2RlOjYxNDY1,U3BvcnRzYm9va05vZGU6Mjg=,T3V0Y29tZU5vZGU6NjIyOTI0Nw==,109.0,100.0,100.0,110.0,T3V0Y29tZU5vZGU6NjIyOTI0OA==,-149.0,-150.0,-140.0,-140.0
T2ZmZXJUYWJsZU9mZmVyTm9kZToxMDMyNzg2NDI=,RmlnaHROb2RlOjYxNDY1,U3BvcnRzYm9va05vZGU6Mjc=,T3V0Y29tZU5vZGU6NjIyNzMxNw==,120.0,120.0,120.0,120.0,T3V0Y29tZU5vZGU6NjIyNzMxOA==,-163.0,-163.0,-163.0,-163.0
T2ZmZXJUYWJsZU9mZmVyTm9kZToxMDMyNzc5NTQ=,RmlnaHROb2RlOjYxNDY1,U3BvcnRzYm9va05vZGU6MTA=,T3V0Y29tZU5vZGU6NjIyNjU1MQ==,-120.0,-120.0,110.0,125.0,T3V0Y29tZU5vZGU6NjIyNjU1Mg==,-120.0,-155.0,-140.0,-120.0
T2ZmZXJUYWJsZU9mZmVyTm9kZToxMDMyODAwMTA=,RmlnaHROb2RlOjYyMDg4,U3BvcnRzYm9va05vZGU6Mjg=,T3V0Y29tZU5vZGU6NjIyOTI0Mg==,-323.0,-335.0,-335.0,-323.0,T3V0Y29tZU5vZGU6NjIyOTI0MQ==,213.0,213.0,220.0,220.0
T2ZmZXJUYWJsZU9mZmVyTm9kZToxMDMyNzg2NDg=,RmlnaHROb2RlOjYyMDg4,U3BvcnRzYm9va05vZGU6Mjc=,T3V0Y29tZU5vZGU6NjIyNzMyOQ==,-225.0,-333.0,-333.0,-225.0,T3V0Y29tZU5vZGU6NjIyNzMzMA==,163.0,163.0,225.0,225.0
T2ZmZXJUYWJsZU9mZmVyTm9kZToxMDMyNzc5NTM=,RmlnaHROb2RlOjYyMDg4,U3BvcnRzYm9va05vZGU6MTA=,T3V0Y29tZU5vZGU6NjIyNjU0OQ==,-250.0,-325.0,-300.0,-250.0,T3V0Y29tZU5vZGU6NjIyNjU1MA==,170.0,170.0,240.0,250.0
T2ZmZXJUYWJsZU9mZmVyTm9kZToxMDMyNzg2NDk=,RmlnaHROb2RlOjYxNzgy,U3BvcnRzYm9va05vZGU6Mjc=,T3V0Y29tZU5vZGU6NjIyNzMzMQ==,163.0,163.0,250.0,250.0,T3V0Y29tZU5vZGU6NjIyNzMzMg==,-225.0,-350.0,-350.0,-225.0
T2ZmZXJUYWJsZU9mZmVyTm9kZToxMDMyODAwMjA=,RmlnaHROb2RlOjYxNzgy,U3BvcnRzYm9va05vZGU6Mjg=,T3V0Y29tZU5vZGU6NjIyOTI2MQ==,213.0,213.0,392.0,392.0,T3V0Y29tZU5vZGU6NjIyOTI2Mg==,-323.0,-667.0,-667.0,-323.0
T2ZmZXJUYWJsZU9mZmVyTm9kZToxMDMyNzc5NTU=,RmlnaHROb2RlOjYxNzgy,U3BvcnRzYm9va05vZGU6MTA=,T3V0Y29tZU5vZGU6NjIyNjU1Mw==,140.0,140.0,450.0,475.0,T3V0Y29tZU5vZGU6NjIyNjU1NA==,-180.0,-650.0,-625.0,-180.0
T2ZmZXJUYWJsZU9mZmVyTm9kZToxMDMyNzc5NTI=,RmlnaHROb2RlOjYyMDg3,U3BvcnRzYm9va05vZGU6MTA=,T3V0Y29tZU5vZGU6NjIyNjU0Nw==,150.0,-120.0,100.0,150.0,T3V0Y29tZU5vZGU6NjIyNjU0OA==,-200.0,-200.0,-130.0,-115.0
T2ZmZXJUYWJsZU9mZmVyTm9kZToxMDMyNzg2NDM=,RmlnaHROb2RlOjYyMDg3,U3BvcnRzYm9va05vZGU6Mjc=,T3V0Y29tZU5vZGU6NjIyNzMxOQ==,105.0,-110.0,-110.0,105.0,T3V0Y29tZU5vZGU6NjIyNzMyMA==,-138.0,-138.0,-120.0,-120.0
T2ZmZXJUYWJsZU9mZmVyTm9kZToxMDMyNzg2NDU=,RmlnaHROb2RlOjYxNDQ5,U3BvcnRzYm9va05vZGU6Mjc=,T3V0Y29tZU5vZGU6NjIyNzMyMw==,-275.0,-275.0,-275.0,-275.0,T3V0Y29tZU5vZGU6NjIyNzMyNA==,200.0,200.0,200.0,200.0
T2ZmZXJUYWJsZU9mZmVyTm9kZToxMDMyNzc5NTE=,RmlnaHROb2RlOjYxNDQ5,U3BvcnRzYm9va05vZGU6MTA=,T3V0Y29tZU5vZGU6NjIyNjU0Ng==,-300.0,-300.0,-220.0,-220.0,T3V0Y29tZU5vZGU6NjIyNjU0NQ==,200.0,180.0,180.0,240.0
T2ZmZXJUYWJsZU9mZmVyTm9kZToxMDMyODAwMTc=,RmlnaHROb2RlOjYxNDQ5,U3BvcnRzYm9va05vZGU6Mjg=,T3V0Y29tZU5vZGU6NjIyOTI1NQ==,-303.0,-303.0,-280.0,-263.0,T3V0Y29tZU5vZGU6NjIyOTI1Ng==,203.0,183.0,190.0,203.0
T2ZmZXJUYWJsZU9mZmVyTm9kZToxMDMyNzg2NTE=,RmlnaHROb2RlOjYyMzg2,U3BvcnRzYm9va05vZGU6Mjc=,T3V0Y29tZU5vZGU6NjIyNzMzNQ==,500.0,500.0,650.0,650.0,T3V0Y29tZU5vZGU6NjIyNzMzNg==,-1000.0,-1408.0,-1408.0,-1000.0
T2ZmZXJUYWJsZU9mZmVyTm9kZToxMDMyNzc5NTA=,RmlnaHROb2RlOjYyMzg2,U3BvcnRzYm9va05vZGU6MTA=,T3V0Y29tZU5vZGU6NjIyNjU0Mw==,400.0,400.0,800.0,800.0,T3V0Y29tZU5vZGU6NjIyNjU0NA==,-700.0,-1400.0,-1400.0,-700.0
T2ZmZXJUYWJsZU9mZmVyTm9kZToxMDMyNzk5OTk=,RmlnaHROb2RlOjYxNzU3,U3BvcnRzYm9va05vZGU6Mjg=,T3V0Y29tZU5vZGU6NjIyOTIyMA==,280.0,199.0,203.0,280.0,T3V0Y29tZU5vZGU6NjIyOTIxOQ==,-455.0,-455.0,-303.0,-294.0
T2ZmZXJUYWJsZU9mZmVyTm9kZToxMDMyNzc5NDk=,RmlnaHROb2RlOjYxNzU3,U3BvcnRzYm9va05vZGU6MTA=,T3V0Y29tZU5vZGU6NjIyNjU0MQ==,275.0,220.0,220.0,350.0,T3V0Y29tZU5vZGU6NjIyNjU0Mg==,-450.0,-450.0,-280.0,-280.0
T2ZmZXJUYWJsZU9mZmVyTm9kZToxMDMyNzg2NDA=,RmlnaHROb2RlOjYxNzU3,U3BvcnRzYm9va05vZGU6Mjc=,T3V0Y29tZU5vZGU6NjIyNzMxMw==,275.0,275.0,275.0,275.0,T3V0Y29tZU5vZGU6NjIyNzMxNA==,-400.0,-400.0,-400.0,-400.0
T2ZmZXJUYWJsZU9mZmVyTm9kZToxMDMyODAwMTg=,RmlnaHROb2RlOjYxNTcy,U3BvcnRzYm9va05vZGU6Mjg=,T3V0Y29tZU5vZGU6NjIyOTI1Nw==,124.0,105.0,135.0,135.0,T3V0Y29tZU5vZGU6NjIyOTI1OA==,-164.0,-175.0,-175.0,-145.0
T2ZmZXJUYWJsZU9mZmVyTm9kZToxMDMyNzc5NDg=,RmlnaHROb2RlOjYxNTcy,U3BvcnRzYm9va05vZGU6MTA=,T3V0Y29tZU5vZGU6NjIyNjU0MA==,-150.0,-200.0,-105.0,150.0,T3V0Y29tZU5vZGU6NjIyNjUzOQ==,110.0,-180.0,-125.0,150.0
T2ZmZXJUYWJsZU9mZmVyTm9kZToxMDMyNzg2NDE=,RmlnaHROb2RlOjYxNTcy,U3BvcnRzYm9va05vZGU6Mjc=,T3V0Y29tZU5vZGU6NjIyNzMxNQ==,105.0,105.0,120.0,130.0,T3V0Y29tZU5vZGU6NjIyNzMxNg==,-138.0,-175.0,-163.0,-138.0
T2ZmZXJUYWJsZU9mZmVyTm9kZToxMDMyNzg2NDY=,RmlnaHROb2RlOjYxNDY0,U3BvcnRzYm9va05vZGU6Mjc=,T3V0Y29tZU5vZGU6NjIyNzMyNQ==,-649.0,-649.0,-649.0,-649.0,T3V0Y29tZU5vZGU6NjIyNzMyNg==,400.0,400.0,400.0,400.0
T2ZmZXJUYWJsZU9mZmVyTm9kZToxMDMyNzc5NDY=,RmlnaHROb2RlOjYxNDY0,U3BvcnRzYm9va05vZGU6MTA=,T3V0Y29tZU5vZGU6NjIyNjUzNQ==,-700.0,-1500.0,-1500.0,-650.0,T3V0Y29tZU5vZGU6NjIyNjUzNg==,400.0,400.0,850.0,850.0
T2ZmZXJUYWJsZU9mZmVyTm9kZToxMDMyODAwMTQ=,RmlnaHROb2RlOjYxNDY0,U3BvcnRzYm9va05vZGU6Mjg=,T3V0Y29tZU5vZGU6NjIyOTI1MA==,-714.0,-1429.0,-1429.0,-667.0,T3V0Y29tZU5vZGU6NjIyOTI0OQ==,414.0,392.0,679.0,679.0
T2ZmZXJUYWJsZU9mZmVyTm9kZToxMDMyNzc5NDU=,RmlnaHROb2RlOjYxNTMy,U3BvcnRzYm9va05vZGU6MTA=,T3V0Y29tZU5vZGU6NjIyNjUzMw==,-105.0,-140.0,185.0,225.0,T3V0Y29tZU5vZGU6NjIyNjUzNA==,-135.0,-285.0,-225.0,110.0
T2ZmZXJUYWJsZU9mZmVyTm9kZToxMDMyODAwMTk=,RmlnaHROb2RlOjYxNTMy,U3BvcnRzYm9va05vZGU6Mjg=,T3V0Y29tZU5vZGU6NjIyOTI2MA==,-105.0,-125.0,183.0,193.0,T3V0Y29tZU5vZGU6NjIyOTI1OQ==,-135.0,-278.0,-263.0,-115.0
T2ZmZXJUYWJsZU9mZmVyTm9kZToxMDMyNzg2NDc=,RmlnaHROb2RlOjYxNTMy,U3BvcnRzYm9va05vZGU6Mjc=,T3V0Y29tZU5vZGU6NjIyNzMyNw==,-110.0,-110.0,105.0,105.0,T3V0Y29tZU5vZGU6NjIyNzMyOA==,-120.0,-138.0,-138.0,-120.0
T2ZmZXJUYWJsZU9mZmVyTm9kZToxMDMyNzc5NDQ=,RmlnaHROb2RlOjYyMTY4,U3BvcnRzYm9va05vZGU6MTA=,T3V0Y29tZU5vZGU6NjIyNjUzMQ==,-180.0,-350.0,-270.0,-180.0,T3V0Y29tZU5vZGU6NjIyNjUzMg==,140.0,140.0,210.0,275.0
T2ZmZXJUYWJsZU9mZmVyTm9kZToxMDMyNzg2Mzk=,RmlnaHROb2RlOjYyMTY4,U3BvcnRzYm9va05vZGU6Mjc=,T3V0Y29tZU5vZGU6NjIyNzMxMQ==,-225.0,-333.0,-250.0,-225.0,T3V0Y29tZU5vZGU6NjIyNzMxMg==,163.0,163.0,175.0,225.0
T2ZmZXJUYWJsZU9mZmVyTm9kZToxMDMyODAwMTU=,RmlnaHROb2RlOjYyMTY4,U3BvcnRzYm9va05vZGU6Mjg=,T3V0Y29tZU5vZGU6NjIyOTI1Mg==,-233.0,-278.0,-250.0,-227.0,T3V0Y29tZU5vZGU6NjIyOTI1MQ==,168.0,167.0,175.0,193.0
T2ZmZXJUYWJsZU9mZmVyTm9kZToxMDMyODgyNzY=,RmlnaHROb2RlOjYyNDk2,U3BvcnRzYm9va05vZGU6Mjg=,T3V0Y29tZU5vZGU6NjI0MTA5Mw==,-120.0,-120.0,-105.0,-105.0,T3V0Y29tZU5vZGU6NjI0MTA5Mg==,-120.0,-135.0,-135.0,-120.0
T2ZmZXJUYWJsZU9mZmVyTm9kZToxMDMyODYyMTE=,RmlnaHROb2RlOjYyNDk2,U3BvcnRzYm9va05vZGU6Mjc=,T3V0Y29tZU5vZGU6NjIzODE5NA==,-120.0,-120.0,-110.0,-110.0,T3V0Y29tZU5vZGU6NjIzODE5NQ==,-110.0,-120.0,-120.0,-110.0
T2ZmZXJUYWJsZU9mZmVyTm9kZToxMDMyODQ5MDc=,RmlnaHROb2RlOjYyNDk2,U3BvcnRzYm9va05vZGU6MTA=,T3V0Y29tZU5vZGU6NjIzNjM0Nw==,-120.0,-120.0,115.0,115.0,T3V0Y29tZU5vZGU6NjIzNjM0OA==,-120.0,-135.0,-135.0,-110.0
T2ZmZXJUYWJsZU9mZmVyTm9kZToxMDMyODQ4OTY=,RmlnaHROb2RlOjYyNDg5,U3BvcnRzYm9va05vZGU6MTA=,T3V0Y29tZU5vZGU6NjIzNjMyNg==,200.0,170.0,170.0,230.0,T3V0Y29tZU5vZGU6NjIzNjMyNQ==,-300.0,-300.0,-200.0,-200.0
T2ZmZXJUYWJsZU9mZmVyTm9kZToxMDMyODYyMDk=,RmlnaHROb2RlOjYyNDg5,U3BvcnRzYm9va05vZGU6Mjc=,T3V0Y29tZU5vZGU6NjIzODE5MA==,200.0,200.0,200.0,200.0,T3V0Y29tZU5vZGU6NjIzODE5MQ==,-275.0,-275.0,-275.0,-275.0
T2ZmZXJUYWJsZU9mZmVyTm9kZToxMDMyODgyODQ=,RmlnaHROb2RlOjYyNDg5,U3BvcnRzYm9va05vZGU6Mjg=,T3V0Y29tZU5vZGU6NjI0MTEwOA==,193.0,174.0,185.0,193.0,T3V0Y29tZU5vZGU6NjI0MTEwOQ==,-278.0,-280.0,-265.0,-244.0
T2ZmZXJUYWJsZU9mZmVyTm9kZToxMDMyODYxOTk=,RmlnaHROb2RlOjYyNDkz,U3BvcnRzYm9va05vZGU6Mjc=,T3V0Y29tZU5vZGU6NjIzODE3MA==,-150.0,-150.0,-150.0,-150.0,T3V0Y29tZU5vZGU6NjIzODE3MQ==,110.0,110.0,110.0,110.0
T2ZmZXJUYWJsZU9mZmVyTm9kZToxMDMyODgyNzQ=,RmlnaHROb2RlOjYyNDkz,U3BvcnRzYm9va05vZGU6Mjg=,T3V0Y29tZU5vZGU6NjI0MTA4OA==,-130.0,-145.0,-135.0,-125.0,T3V0Y29tZU5vZGU6NjI0MTA4OQ==,-110.0,-115.0,-105.0,105.0
T2ZmZXJUYWJsZU9mZmVyTm9kZToxMDMyODQ5MDM=,RmlnaHROb2RlOjYyNDkz,U3BvcnRzYm9va05vZGU6MTA=,T3V0Y29tZU5vZGU6NjIzNjM0MA==,-150.0,-150.0,-140.0,-125.0,T3V0Y29tZU5vZGU6NjIzNjMzOQ==,110.0,100.0,120.0,120.0
T2ZmZXJUYWJsZU9mZmVyTm9kZToxMDMyODgyODU=,RmlnaHROb2RlOjYyNDk0,U3BvcnRzYm9va05vZGU6Mjg=,T3V0Y29tZU5vZGU6NjI0MTExMA==,-303.0,-303.0,-265.0,-263.0,T3V0Y29tZU5vZGU6NjI0MTExMQ==,203.0,183.0,185.0,203.0
T2ZmZXJUYWJsZU9mZmVyTm9kZToxMDMyODYyMDU=,RmlnaHROb2RlOjYyNDk0,U3BvcnRzYm9va05vZGU6Mjc=,T3V0Y29tZU5vZGU6NjIzODE4Mg==,-275.0,-275.0,-275.0,-275.0,T3V0Y29tZU5vZGU6NjIzODE4Mw==,200.0,200.0,200.0,200.0
T2ZmZXJUYWJsZU9mZmVyTm9kZToxMDMyODQ5MDY=,RmlnaHROb2RlOjYyNDk0,U3BvcnRzYm9va05vZGU6MTA=,T3V0Y29tZU5vZGU6NjIzNjM0Ng==,-300.0,-300.0,-260.0,-260.0,T3V0Y29tZU5vZGU6NjIzNjM0NQ==,200.0,200.0,220.0,250.0
T2ZmZXJUYWJsZU9mZmVyTm9kZToxMDMyODYyMDg=,RmlnaHROb2RlOjYyNDg3,U3BvcnRzYm9va05vZGU6Mjc=,T3V0Y29tZU5vZGU6NjIzODE4OA==,105.0,105.0,105.0,105.0,T3V0Y29tZU5vZGU6NjIzODE4OQ==,-138.0,-138.0,-138.0,-138.0
T2ZmZXJUYWJsZU9mZmVyTm9kZToxMDMyODgyNzU=,RmlnaHROb2RlOjYyNDg3,U3BvcnRzYm9va05vZGU6Mjg=,T3V0Y29tZU5vZGU6NjI0MTA5MQ==,-110.0,-120.0,-112.0,-105.0,T3V0Y29tZU5vZGU6NjI0MTA5MA==,-130.0,-135.0,-128.0,-120.0
T2ZmZXJUYWJsZU9mZmVyTm9kZToxMDMyODQ5MDQ=,RmlnaHROb2RlOjYyNDg3,U3BvcnRzYm9va05vZGU6MTA=,T3V0Y29tZU5vZGU6NjIzNjM0MQ==,140.0,-110.0,-108.0,140.0,T3V0Y29tZU5vZGU6NjIzNjM0Mg==,-180.0,-180.0,-112.0,-110.0
T2ZmZXJUYWJsZU9mZmVyTm9kZToxMDMyODQ5MDE=,RmlnaHROb2RlOjYyNDg2,U3BvcnRzYm9va05vZGU6MTA=,T3V0Y29tZU5vZGU6NjIzNjMzNQ==,120.0,-210.0,-210.0,120.0,T3V0Y29tZU5vZGU6NjIzNjMzNg==,-160.0,-160.0,180.0,180.0
T2ZmZXJUYWJsZU9mZmVyTm9kZToxMDMyODgyODM=,RmlnaHROb2RlOjYyNDg2,U3BvcnRzYm9va05vZGU6Mjg=,T3V0Y29tZU5vZGU6NjI0MTEwNw==,-172.0,-175.0,-175.0,-169.0,T3V0Y29tZU5vZGU6NjI0MTEwNg==,132.0,129.0,135.0,135.0
T2ZmZXJUYWJsZU9mZmVyTm9kZToxMDMyODYyMDY=,RmlnaHROb2RlOjYyNDg2,U3BvcnRzYm9va05vZGU6Mjc=,T3V0Y29tZU5vZGU6NjIzODE4NA==,120.0,-175.0,-175.0,120.0,T3V0Y29tZU5vZGU6NjIzODE4NQ==,-163.0,-163.0,130.0,130.0
T2ZmZXJUYWJsZU9mZmVyTm9kZToxMDMyODQ5MDA=,RmlnaHROb2RlOjYyNDkx,U3BvcnRzYm9va05vZGU6MTA=,T3V0Y29tZU5vZGU6NjIzNjMzMw==,-120.0,-120.0,120.0,170.0,T3V0Y29tZU5vZGU6NjIzNjMzNA==,-120.0,-210.0,-140.0,-115.0
T2ZmZXJUYWJsZU9mZmVyTm9kZToxMDMyODgyODA=,RmlnaHROb2RlOjYyNDkx,U3BvcnRzYm9va05vZGU6Mjg=,T3V0Y29tZU5vZGU6NjI0MTEwMQ==,150.0,-105.0,101.0,150.0,T3V0Y29tZU5vZGU6NjI0MTEwMA==,-200.0,-200.0,-141.0,-135.0
T2ZmZXJUYWJsZU9mZmVyTm9kZToxMDMyODYyMDM=,RmlnaHROb2RlOjYyNDkx,U3BvcnRzYm9va05vZGU6Mjc=,T3V0Y29tZU5vZGU6NjIzODE3OA==,-120.0,-120.0,130.0,130.0,T3V0Y29tZU5vZGU6NjIzODE3OQ==,-110.0,-175.0,-175.0,-110.0
T2ZmZXJUYWJsZU9mZmVyTm9kZToxMDMyODYyMDE=,RmlnaHROb2RlOjYyNDkw,U3BvcnRzYm9va05vZGU6Mjc=,T3V0Y29tZU5vZGU6NjIzODE3NA==,105.0,-188.0,-188.0,105.0,T3V0Y29tZU5vZGU6NjIzODE3NQ==,-138.0,-138.0,140.0,140.0
T2ZmZXJUYWJsZU9mZmVyTm9kZToxMDMyODQ4OTg=,RmlnaHROb2RlOjYyNDkw,U3BvcnRzYm9va05vZGU6MTA=,T3V0Y29tZU5vZGU6NjIzNjMyOQ==,140.0,-225.0,-202.0,140.0,T3V0Y29tZU5vZGU6NjIzNjMzMA==,-180.0,-180.0,172.0,190.0
T2ZmZXJUYWJsZU9mZmVyTm9kZToxMDMyODgyNzc=,RmlnaHROb2RlOjYyNDkw,U3BvcnRzYm9va05vZGU6Mjg=,T3V0Y29tZU5vZGU6NjI0MTA5NQ==,-175.0,-220.0,-220.0,-169.0,T3V0Y29tZU5vZGU6NjI0MTA5NA==,135.0,129.0,160.0,162.0
T2ZmZXJUYWJsZU9mZmVyTm9kZToxMDMyODYyMTA=,RmlnaHROb2RlOjYyNDky,U3BvcnRzYm9va05vZGU6Mjc=,T3V0Y29tZU5vZGU6NjIzODE5Mg==,-138.0,-138.0,-138.0,-138.0,T3V0Y29tZU5vZGU6NjIzODE5Mw==,105.0,105.0,105.0,105.0
T2ZmZXJUYWJsZU9mZmVyTm9kZToxMDMyODQ5MDI=,RmlnaHROb2RlOjYyNDky,U3BvcnRzYm9va05vZGU6MTA=,T3V0Y29tZU5vZGU6NjIzNjMzOA==,-135.0,-205.0,-205.0,-125.0,T3V0Y29tZU5vZGU6NjIzNjMzNw==,-105.0,-105.0,175.0,175.0
T2ZmZXJUYWJsZU9mZmVyTm9kZToxMDMyODgyODI=,RmlnaHROb2RlOjYyNDky,U3BvcnRzYm9va05vZGU6Mjg=,T3V0Y29tZU5vZGU6NjI0MTEwNA==,-125.0,-204.0,-204.0,-125.0,T3V0Y29tZU5vZGU6NjI0MTEwNQ==,-115.0,-115.0,154.0,154.0
T2ZmZXJUYWJsZU9mZmVyTm9kZToxMDMyODQ4OTc=,RmlnaHROb2RlOjYyNDg4,U3BvcnRzYm9va05vZGU6MTA=,T3V0Y29tZU5vZGU6NjIzNjMyOA==,-500.0,-1200.0,-825.0,-500.0,T3V0Y29tZU5vZGU6NjIzNjMyNw==,300.0,300.0,575.0,750.0
T2ZmZXJUYWJsZU9mZmVyTm9kZToxMDMyODgyODE=,RmlnaHROb2RlOjYyNDg4,U3BvcnRzYm9va05vZGU6Mjg=,T3V0Y29tZU5vZGU6NjI0MTEwMg==,-833.0,-1000.0,-910.0,-625.0,T3V0Y29tZU5vZGU6NjI0MTEwMw==,458.0,360.0,460.0,500.0
T2ZmZXJUYWJsZU9mZmVyTm9kZToxMDMyODYyMDA=,RmlnaHROb2RlOjYyNDg4,U3BvcnRzYm9va05vZGU6Mjc=,T3V0Y29tZU5vZGU6NjIzODE3Mg==,-450.0,-649.0,-649.0,-450.0,T3V0Y29tZU5vZGU6NjIzODE3Mw==,300.0,300.0,400.0,400.0
T2ZmZXJUYWJsZU9mZmVyTm9kZToxMDMyODQ4OTU=,RmlnaHROb2RlOjYyNDg1,U3BvcnRzYm9va05vZGU6MTA=,T3V0Y29tZU5vZGU6NjIzNjMyMw==,-240.0,-1000.0,-500.0,-240.0,T3V0Y29tZU5vZGU6NjIzNjMyNA==,165.0,165.0,375.0,700.0
T2ZmZXJUYWJsZU9mZmVyTm9kZToxMDMyODgyNzk=,RmlnaHROb2RlOjYyNDg1,U3BvcnRzYm9va05vZGU6Mjg=,T3V0Y29tZU5vZGU6NjI0MTA5OQ==,-588.0,-833.0,-715.0,-500.0,T3V0Y29tZU5vZGU6NjI0MTA5OA==,348.0,300.0,415.0,458.0
T2ZmZXJUYWJsZU9mZmVyTm9kZToxMDMyODYyMDI=,RmlnaHROb2RlOjYyNDg1,U3BvcnRzYm9va05vZGU6Mjc=,T3V0Y29tZU5vZGU6NjIzODE3Ng==,-350.0,-549.0,-549.0,-350.0,T3V0Y29tZU5vZGU6NjIzODE3Nw==,240.0,240.0,350.0,350.0
T2ZmZXJUYWJsZU9mZmVyTm9kZToxMDMyODQ4OTQ=,RmlnaHROb2RlOjYyNDg0,U3BvcnRzYm9va05vZGU6MTA=,T3V0Y29tZU5vZGU6NjIzNjMyMQ==,-150.0,-260.0,-250.0,-150.0,T3V0Y29tZU5vZGU6NjIzNjMyMg==,110.0,110.0,210.0,210.0
T2ZmZXJUYWJsZU9mZmVyTm9kZToxMDMyODYyMDQ=,RmlnaHROb2RlOjYyNDg0,U3BvcnRzYm9va05vZGU6Mjc=,T3V0Y29tZU5vZGU6NjIzODE4MA==,-200.0,-275.0,-275.0,-200.0,T3V0Y29tZU5vZGU6NjIzODE4MQ==,150.0,150.0,200.0,200.0
T2ZmZXJUYWJsZU9mZmVyTm9kZToxMDMyODgyODY=,RmlnaHROb2RlOjYyNDg0,U3BvcnRzYm9va05vZGU6Mjg=,T3V0Y29tZU5vZGU6NjI0MTExMw==,-263.0,-263.0,-250.0,-250.0,T3V0Y29tZU5vZGU6NjI0MTExMg==,183.0,175.0,175.0,183.0
T2ZmZXJUYWJsZU9mZmVyTm9kZToxMDMyOTM3NzM=,RmlnaHROb2RlOjYyMDQx,U3BvcnRzYm9va05vZGU6Mjg=,T3V0Y29tZU5vZGU6NjI0OTAzMQ==,-345.0,-357.0,-355.0,-345.0,T3V0Y29tZU5vZGU6NjI0OTAzMg==,225.0,225.0,230.0,232.0
T2ZmZXJUYWJsZU9mZmVyTm9kZToxMDMyOTIxNzM=,RmlnaHROb2RlOjYyMDQx,U3BvcnRzYm9va05vZGU6Mjc=,T3V0Y29tZU5vZGU6NjI0NjcxMQ==,-275.0,-350.0,-350.0,-275.0,T3V0Y29tZU5vZGU6NjI0NjcxMg==,200.0,200.0,240.0,240.0
T2ZmZXJUYWJsZU9mZmVyTm9kZToxMDMyOTI5NDg=,RmlnaHROb2RlOjYyMDQx,U3BvcnRzYm9va05vZGU6MjE=,T3V0Y29tZU5vZGU6NjI0Nzc0Mg==,-417.0,-417.0,-417.0,-417.0,T3V0Y29tZU5vZGU6NjI0Nzc0MQ==,241.0,241.0,267.0,267.0
T2ZmZXJUYWJsZU9mZmVyTm9kZToxMDMyOTIwNjQ=,RmlnaHROb2RlOjYyMDQx,U3BvcnRzYm9va05vZGU6MTA=,T3V0Y29tZU5vZGU6NjI0NjU3OQ==,-300.0,-420.0,-415.0,-300.0,T3V0Y29tZU5vZGU6NjI0NjU3OA==,200.0,200.0,315.0,345.0
T2ZmZXJUYWJsZU9mZmVyTm9kZToxMDMyOTM3NjQ=,RmlnaHROb2RlOjYxMjk0,U3BvcnRzYm9va05vZGU6Mjg=,T3V0Y29tZU5vZGU6NjI0OTAxMw==,-1429.0,-2500.0,-2500.0,-1429.0,T3V0Y29tZU5vZGU6NjI0OTAxNA==,679.0,679.0,1175.0,1175.0
T2ZmZXJUYWJsZU9mZmVyTm9kZToxMDMyOTI5NTA=,RmlnaHROb2RlOjYxMjk0,U3BvcnRzYm9va05vZGU6MjE=,T3V0Y29tZU5vZGU6NjI0Nzc0Ng==,-769.0,-10000.0,-10000.0,-714.0,T3V0Y29tZU5vZGU6NjI0Nzc0NQ==,390.0,390.0,868.0,868.0
T2ZmZXJUYWJsZU9mZmVyTm9kZToxMDMyOTIxNzE=,RmlnaHROb2RlOjYxMjk0,U3BvcnRzYm9va05vZGU6Mjc=,T3V0Y29tZU5vZGU6NjI0NjcwNw==,-549.0,-3333.0,-3333.0,-549.0,T3V0Y29tZU5vZGU6NjI0NjcwOA==,350.0,350.0,900.0,900.0
T2ZmZXJUYWJsZU9mZmVyTm9kZToxMDMyOTIwNjI=,RmlnaHROb2RlOjYxMjk0,U3BvcnRzYm9va05vZGU6MTA=,T3V0Y29tZU5vZGU6NjI0NjU3NQ==,-240.0,-2500.0,-2000.0,-240.0,T3V0Y29tZU5vZGU6NjI0NjU3NA==,165.0,165.0,1000.0,1200.0
T2ZmZXJUYWJsZU9mZmVyTm9kZToxMDMyOTI5NTQ=,RmlnaHROb2RlOjYxNDQ1,U3BvcnRzYm9va05vZGU6MjE=,T3V0Y29tZU5vZGU6NjI0Nzc1Mw==,128.0,114.0,115.0,128.0,T3V0Y29tZU5vZGU6NjI0Nzc1NA==,-185.0,-185.0,-167.0,-167.0
T2ZmZXJUYWJsZU9mZmVyTm9kZToxMDMyOTM3Njk=,RmlnaHROb2RlOjYxNDQ1,U3BvcnRzYm9va05vZGU6Mjg=,T3V0Y29tZU5vZGU6NjI0OTAyNA==,109.0,101.0,120.0,121.0,T3V0Y29tZU5vZGU6NjI0OTAyMw==,-149.0,-161.0,-160.0,-141.0
T2ZmZXJUYWJsZU9mZmVyTm9kZToxMDMyOTIwNjM=,RmlnaHROb2RlOjYxNDQ1,U3BvcnRzYm9va05vZGU6MTA=,T3V0Y29tZU5vZGU6NjI0NjU3Ng==,125.0,110.0,130.0,150.0,T3V0Y29tZU5vZGU6NjI0NjU3Nw==,-165.0,-200.0,-150.0,-130.0
T2ZmZXJUYWJsZU9mZmVyTm9kZToxMDMyOTIxNzk=,RmlnaHROb2RlOjYxNDQ1,U3BvcnRzYm9va05vZGU6Mjc=,T3V0Y29tZU5vZGU6NjI0NjcyMw==,120.0,120.0,120.0,120.0,T3V0Y29tZU5vZGU6NjI0NjcyNA==,-163.0,-163.0,-163.0,-163.0
T2ZmZXJUYWJsZU9mZmVyTm9kZToxMDMyOTI5NTM=,RmlnaHROb2RlOjYyMDQ4,U3BvcnRzYm9va05vZGU6MjE=,T3V0Y29tZU5vZGU6NjI0Nzc1Mg==,-345.0,-400.0,-400.0,-345.0,T3V0Y29tZU5vZGU6NjI0Nzc1MQ==,216.0,216.0,231.0,244.0
T2ZmZXJUYWJsZU9mZmVyTm9kZToxMDMyOTIxODA=,RmlnaHROb2RlOjYyMDQ4,U3BvcnRzYm9va05vZGU6Mjc=,T3V0Y29tZU5vZGU6NjI0NjcyNQ==,-200.0,-333.0,-333.0,-200.0,T3V0Y29tZU5vZGU6NjI0NjcyNg==,150.0,150.0,225.0,225.0
T2ZmZXJUYWJsZU9mZmVyTm9kZToxMDMyOTIwNzI=,RmlnaHROb2RlOjYyMDQ4,U3BvcnRzYm9va05vZGU6MTA=,T3V0Y29tZU5vZGU6NjI0NjU5NQ==,-200.0,-350.0,-350.0,-200.0,T3V0Y29tZU5vZGU6NjI0NjU5NA==,150.0,150.0,285.0,285.0
T2ZmZXJUYWJsZU9mZmVyTm9kZToxMDMyOTM3NzA=,RmlnaHROb2RlOjYyMDQ4,U3BvcnRzYm9va05vZGU6Mjg=,T3V0Y29tZU5vZGU6NjI0OTAyNQ==,-345.0,-355.0,-335.0,-312.0,T3V0Y29tZU5vZGU6NjI0OTAyNg==,225.0,207.0,220.0,230.0
T2ZmZXJUYWJsZU9mZmVyTm9kZToxMDMyOTIxODE=,RmlnaHROb2RlOjYyMDQ2,U3BvcnRzYm9va05vZGU6Mjc=,T3V0Y29tZU5vZGU6NjI0NjcyNw==,150.0,110.0,110.0,150.0,T3V0Y29tZU5vZGU6NjI0NjcyOA==,-200.0,-200.0,-150.0,-150.0
T2ZmZXJUYWJsZU9mZmVyTm9kZToxMDMyOTM3NjY=,RmlnaHROb2RlOjYyMDQ2,U3BvcnRzYm9va05vZGU6Mjg=,T3V0Y29tZU5vZGU6NjI0OTAxOA==,109.0,-120.0,-120.0,109.0,T3V0Y29tZU5vZGU6NjI0OTAxNw==,-149.0,-149.0,-115.0,-115.0
T2ZmZXJUYWJsZU9mZmVyTm9kZToxMDMyOTI5NTc=,RmlnaHROb2RlOjYyMDQ2,U3BvcnRzYm9va05vZGU6MjE=,T3V0Y29tZU5vZGU6NjI0Nzc1OQ==,145.0,111.0,111.0,145.0,T3V0Y29tZU5vZGU6NjI0Nzc2MA==,-213.0,-213.0,-159.0,-159.0
T2ZmZXJUYWJsZU9mZmVyTm9kZToxMDMyOTIwNzE=,RmlnaHROb2RlOjYyMDQ2,U3BvcnRzYm9va05vZGU6MTA=,T3V0Y29tZU5vZGU6NjI0NjU5Mg==,110.0,-105.0,105.0,160.0,T3V0Y29tZU5vZGU6NjI0NjU5Mw==,-150.0,-200.0,-125.0,-115.0
T2ZmZXJUYWJsZU9mZmVyTm9kZToxMDMyOTI5NTU=,RmlnaHROb2RlOjYyMDQ3,U3BvcnRzYm9va05vZGU6MjE=,T3V0Y29tZU5vZGU6NjI0Nzc1Ng==,-667.0,-833.0,-833.0,-667.0,T3V0Y29tZU5vZGU6NjI0Nzc1NQ==,355.0,355.0,405.0,405.0
T2ZmZXJUYWJsZU9mZmVyTm9kZToxMDMyOTIxNzI=,RmlnaHROb2RlOjYyMDQ3,U3BvcnRzYm9va05vZGU6Mjc=,T3V0Y29tZU5vZGU6NjI0NjcwOQ==,-450.0,-549.0,-549.0,-450.0,T3V0Y29tZU5vZGU6NjI0NjcxMA==,300.0,300.0,350.0,350.0
T2ZmZXJUYWJsZU9mZmVyTm9kZToxMDMyOTIwNjg=,RmlnaHROb2RlOjYyMDQ3,U3BvcnRzYm9va05vZGU6MTA=,T3V0Y29tZU5vZGU6NjI0NjU4Nw==,-500.0,-1800.0,-1800.0,-500.0,T3V0Y29tZU5vZGU6NjI0NjU4Ng==,300.0,300.0,900.0,900.0
T2ZmZXJUYWJsZU9mZmVyTm9kZToxMDMyOTM3NzQ=,RmlnaHROb2RlOjYyMDQ3,U3BvcnRzYm9va05vZGU6Mjg=,T3V0Y29tZU5vZGU6NjI0OTAzMw==,-588.0,-625.0,-625.0,-588.0,T3V0Y29tZU5vZGU6NjI0OTAzNA==,348.0,348.0,360.0,360.0
T2ZmZXJUYWJsZU9mZmVyTm9kZToxMDMyOTI5NTg=,RmlnaHROb2RlOjYxNzQ1,U3BvcnRzYm9va05vZGU6MjE=,T3V0Y29tZU5vZGU6NjI0Nzc2Mg==,-400.0,-455.0,-455.0,-400.0,T3V0Y29tZU5vZGU6NjI0Nzc2MQ==,249.0,249.0,266.0,266.0
T2ZmZXJUYWJsZU9mZmVyTm9kZToxMDMyOTIwNjc=,RmlnaHROb2RlOjYxNzQ1,U3BvcnRzYm9va05vZGU6MTA=,T3V0Y29tZU5vZGU6NjI0NjU4NQ==,-400.0,-400.0,-400.0,-365.0,T3V0Y29tZU5vZGU6NjI0NjU4NA==,250.0,250.0,300.0,300.0
T2ZmZXJUYWJsZU9mZmVyTm9kZToxMDMyOTIxNzQ=,RmlnaHROb2RlOjYxNzQ1,U3BvcnRzYm9va05vZGU6Mjc=,T3V0Y29tZU5vZGU6NjI0NjcxMw==,-350.0,-400.0,-400.0,-350.0,T3V0Y29tZU5vZGU6NjI0NjcxNA==,240.0,240.0,275.0,275.0
T2ZmZXJUYWJsZU9mZmVyTm9kZToxMDMyOTM3NzE=,RmlnaHROb2RlOjYxNzQ1,U3BvcnRzYm9va05vZGU6Mjg=,T3V0Y29tZU5vZGU6NjI0OTAyNw==,-370.0,-400.0,-400.0,-370.0,T3V0Y29tZU5vZGU6NjI0OTAyOA==,235.0,235.0,250.0,250.0
T2ZmZXJUYWJsZU9mZmVyTm9kZToxMDMyOTI5NTI=,RmlnaHROb2RlOjYyMDQy,U3BvcnRzYm9va05vZGU6MjE=,T3V0Y29tZU5vZGU6NjI0Nzc1MA==,-769.0,-1000.0,-1000.0,-769.0,T3V0Y29tZU5vZGU6NjI0Nzc0OQ==,416.0,388.0,413.0,429.0
T2ZmZXJUYWJsZU9mZmVyTm9kZToxMDMyOTIxNzg=,RmlnaHROb2RlOjYyMDQy,U3BvcnRzYm9va05vZGU6Mjc=,T3V0Y29tZU5vZGU6NjI0NjcyMQ==,-549.0,-549.0,-549.0,-549.0,T3V0Y29tZU5vZGU6NjI0NjcyMg==,350.0,350.0,350.0,350.0
T2ZmZXJUYWJsZU9mZmVyTm9kZToxMDMyOTM3NjU=,RmlnaHROb2RlOjYyMDQy,U3BvcnRzYm9va05vZGU6Mjg=,T3V0Y29tZU5vZGU6NjI0OTAxNQ==,-588.0,-835.0,-835.0,-588.0,T3V0Y29tZU5vZGU6NjI0OTAxNg==,348.0,348.0,460.0,460.0
T2ZmZXJUYWJsZU9mZmVyTm9kZToxMDMyOTIwNjU=,RmlnaHROb2RlOjYyMDQy,U3BvcnRzYm9va05vZGU6MTA=,T3V0Y29tZU5vZGU6NjI0NjU4MQ==,-600.0,-800.0,-800.0,-600.0,T3V0Y29tZU5vZGU6NjI0NjU4MA==,350.0,350.0,550.0,550.0
T2ZmZXJUYWJsZU9mZmVyTm9kZToxMDMyOTM3NzI=,RmlnaHROb2RlOjYyMDQz,U3BvcnRzYm9va05vZGU6Mjg=,T3V0Y29tZU5vZGU6NjI0OTAyOQ==,-244.0,-250.0,-250.0,-227.0,T3V0Y29tZU5vZGU6NjI0OTAzMA==,174.0,167.0,175.0,175.0
T2ZmZXJUYWJsZU9mZmVyTm9kZToxMDMyOTIxNzU=,RmlnaHROb2RlOjYyMDQz,U3BvcnRzYm9va05vZGU6Mjc=,T3V0Y29tZU5vZGU6NjI0NjcxNQ==,-175.0,-225.0,-225.0,-175.0,T3V0Y29tZU5vZGU6NjI0NjcxNg==,130.0,130.0,163.0,163.0
T2ZmZXJUYWJsZU9mZmVyTm9kZToxMDMyOTIwNjY=,RmlnaHROb2RlOjYyMDQz,U3BvcnRzYm9va05vZGU6MTA=,T3V0Y29tZU5vZGU6NjI0NjU4Mw==,-160.0,-350.0,-258.0,-160.0,T3V0Y29tZU5vZGU6NjI0NjU4Mg==,120.0,120.0,218.0,275.0
T2ZmZXJUYWJsZU9mZmVyTm9kZToxMDMyOTI5NTE=,RmlnaHROb2RlOjYyMDQz,U3BvcnRzYm9va05vZGU6MjE=,T3V0Y29tZU5vZGU6NjI0Nzc0OA==,-185.0,-270.0,-270.0,-185.0,T3V0Y29tZU5vZGU6NjI0Nzc0Nw==,124.0,124.0,172.0,172.0
T2ZmZXJUYWJsZU9mZmVyTm9kZToxMDMyOTM3NzU=,RmlnaHROb2RlOjYyMDQ1,U3BvcnRzYm9va05vZGU6Mjg=,T3V0Y29tZU5vZGU6NjI0OTAzNQ==,-303.0,-303.0,-280.0,-270.0,T3V0Y29tZU5vZGU6NjI0OTAzNg==,203.0,185.0,190.0,203.0
T2ZmZXJUYWJsZU9mZmVyTm9kZToxMDMyOTI5NTY=,RmlnaHROb2RlOjYyMDQ1,U3BvcnRzYm9va05vZGU6MjE=,T3V0Y29tZU5vZGU6NjI0Nzc1OA==,-286.0,-345.0,-345.0,-286.0,T3V0Y29tZU5vZGU6NjI0Nzc1Nw==,188.0,188.0,210.0,230.0
T2ZmZXJUYWJsZU9mZmVyTm9kZToxMDMyOTIwNzA=,RmlnaHROb2RlOjYyMDQ1,U3BvcnRzYm9va05vZGU6MTA=,T3V0Y29tZU5vZGU6NjI0NjU5MQ==,-180.0,-325.0,-260.0,-180.0,T3V0Y29tZU5vZGU6NjI0NjU5MA==,140.0,140.0,220.0,250.0
T2ZmZXJUYWJsZU9mZmVyTm9kZToxMDMyOTIxNzc=,RmlnaHROb2RlOjYyMDQ1,U3BvcnRzYm9va05vZGU6Mjc=,T3V0Y29tZU5vZGU6NjI0NjcxOQ==,-275.0,-275.0,-275.0,-275.0,T3V0Y29tZU5vZGU6NjI0NjcyMA==,200.0,200.0,200.0,200.0
T2ZmZXJUYWJsZU9mZmVyTm9kZToxMDMyOTIxNzA=,RmlnaHROb2RlOjYyMDQ0,U3BvcnRzYm9va05vZGU6Mjc=,T3V0Y29tZU5vZGU6NjI0NjcwNQ==,-549.0,-549.0,-549.0,-549.0,T3V0Y29tZU5vZGU6NjI0NjcwNg==,350.0,350.0,350.0,350.0
T2ZmZXJUYWJsZU9mZmVyTm9kZToxMDMyOTM3Njg=,RmlnaHROb2RlOjYyMDQ0,U3BvcnRzYm9va05vZGU6Mjg=,T3V0Y29tZU5vZGU6NjI0OTAyMQ==,-625.0,-625.0,-625.0,-625.0,T3V0Y29tZU5vZGU6NjI0OTAyMg==,360.0,360.0,360.0,360.0
T2ZmZXJUYWJsZU9mZmVyTm9kZToxMDMyOTI5NTk=,RmlnaHROb2RlOjYyMDQ0,U3BvcnRzYm9va05vZGU6MjE=,T3V0Y29tZU5vZGU6NjI0Nzc2NA==,-833.0,-833.0,-833.0,-833.0,T3V0Y29tZU5vZGU6NjI0Nzc2Mw==,389.0,370.0,370.0,389.0
T2ZmZXJUYWJsZU9mZmVyTm9kZToxMDMyOTIwNzM=,RmlnaHROb2RlOjYyMDQ0,U3BvcnRzYm9va05vZGU6MTA=,T3V0Y29tZU5vZGU6NjI0NjU5Ng==,-600.0,-600.0,-450.0,-350.0,T3V0Y29tZU5vZGU6NjI0NjU5Nw==,350.0,275.0,350.0,425.0
T2ZmZXJUYWJsZU9mZmVyTm9kZToxMDMyOTI5NDk=,RmlnaHROb2RlOjYxNzQ2,U3BvcnRzYm9va05vZGU6MjE=,T3V0Y29tZU5vZGU6NjI0Nzc0NA==,-200.0,-244.0,-244.0,-200.0,T3V0Y29tZU5vZGU6NjI0Nzc0Mw==,135.0,135.0,166.0,169.0
T2ZmZXJUYWJsZU9mZmVyTm9kZToxMDMyOTIxNzY=,RmlnaHROb2RlOjYxNzQ2,U3BvcnRzYm9va05vZGU6Mjc=,T3V0Y29tZU5vZGU6NjI0NjcxNw==,-175.0,-225.0,-225.0,-175.0,T3V0Y29tZU5vZGU6NjI0NjcxOA==,130.0,130.0,163.0,163.0
T2ZmZXJUYWJsZU9mZmVyTm9kZToxMDMyOTM3Njc=,RmlnaHROb2RlOjYxNzQ2,U3BvcnRzYm9va05vZGU6Mjg=,T3V0Y29tZU5vZGU6NjI0OTAxOQ==,-238.0,-250.0,-225.0,-225.0,T3V0Y29tZU5vZGU6NjI0OTAyMA==,173.0,165.0,165.0,175.0
T2ZmZXJUYWJsZU9mZmVyTm9kZToxMDMyOTIwNjk=,RmlnaHROb2RlOjYxNzQ2,U3BvcnRzYm9va05vZGU6MTA=,T3V0Y29tZU5vZGU6NjI0NjU4OQ==,-165.0,-255.0,-255.0,-165.0,T3V0Y29tZU5vZGU6NjI0NjU4OA==,125.0,125.0,215.0,215.0
T2ZmZXJUYWJsZU9mZmVyTm9kZToxMDMzMDYzOTM=,RmlnaHROb2RlOjYyNDA0,U3BvcnRzYm9va05vZGU6MjE=,T3V0Y29tZU5vZGU6NjI2ODQwMw==,116.0,116.0,116.0,116.0,T3V0Y29tZU5vZGU6NjI2ODQwMg==,-169.0,-169.0,-169.0,-169.0
T2ZmZXJUYWJsZU9mZmVyTm9kZToxMDMzMDQyMjQ=,RmlnaHROb2RlOjYyNDA0,U3BvcnRzYm9va05vZGU6MTA=,T3V0Y29tZU5vZGU6NjI2NTYyNA==,-140.0,-140.0,137.0,145.0,T3V0Y29tZU5vZGU6NjI2NTYyMw==,100.0,-175.0,-157.0,100.0
T2ZmZXJUYWJsZU9mZmVyTm9kZToxMDMzMDU0ODI=,RmlnaHROb2RlOjYyNDA0,U3BvcnRzYm9va05vZGU6Mjc=,T3V0Y29tZU5vZGU6NjI2NzE2MA==,130.0,130.0,130.0,130.0,T3V0Y29tZU5vZGU6NjI2NzE2MQ==,-175.0,-175.0,-175.0,-175.0
T2ZmZXJUYWJsZU9mZmVyTm9kZToxMDMzMDU4MDg=,RmlnaHROb2RlOjYyNDA0,U3BvcnRzYm9va05vZGU6Mjg=,T3V0Y29tZU5vZGU6NjI2NzU3Mw==,140.0,121.0,121.0,140.0,T3V0Y29tZU5vZGU6NjI2NzU3NA==,-180.0,-180.0,-161.0,-161.0
T2ZmZXJUYWJsZU9mZmVyTm9kZToxMDMzMDQyMjI=,RmlnaHROb2RlOjYzMjI1,U3BvcnRzYm9va05vZGU6MTA=,T3V0Y29tZU5vZGU6NjI2NTYyMA==,-300.0,-340.0,-275.0,-240.0,T3V0Y29tZU5vZGU6NjI2NTYxOQ==,200.0,200.0,235.0,280.0
T2ZmZXJUYWJsZU9mZmVyTm9kZToxMDMzMDU4MTA=,RmlnaHROb2RlOjYzMjI1,U3BvcnRzYm9va05vZGU6Mjg=,T3V0Y29tZU5vZGU6NjI2NzU3Nw==,-340.0,-340.0,-340.0,-340.0,T3V0Y29tZU5vZGU6NjI2NzU3OA==,220.0,220.0,220.0,220.0
T2ZmZXJUYWJsZU9mZmVyTm9kZToxMDMzMDU0Nzc=,RmlnaHROb2RlOjYzMjI1,U3BvcnRzYm9va05vZGU6Mjc=,T3V0Y29tZU5vZGU6NjI2NzE1MA==,-275.0,-333.0,-333.0,-275.0,T3V0Y29tZU5vZGU6NjI2NzE1MQ==,200.0,200.0,225.0,225.0
T2ZmZXJUYWJsZU9mZmVyTm9kZToxMDMzMDU4MTE=,RmlnaHROb2RlOjYzMjI2,U3BvcnRzYm9va05vZGU6Mjg=,T3V0Y29tZU5vZGU6NjI2NzU3OQ==,-335.0,-667.0,-667.0,-335.0,T3V0Y29tZU5vZGU6NjI2NzU4MA==,220.0,220.0,392.0,392.0
T2ZmZXJUYWJsZU9mZmVyTm9kZToxMDMzMDYzODg=,RmlnaHROb2RlOjYzMjI2,U3BvcnRzYm9va05vZGU6MjE=,T3V0Y29tZU5vZGU6NjI2ODM5Mw==,-370.0,-714.0,-714.0,-370.0,T3V0Y29tZU5vZGU6NjI2ODM5Mg==,233.0,233.0,368.0,368.0
T2ZmZXJUYWJsZU9mZmVyTm9kZToxMDMzMDQyMjM=,RmlnaHROb2RlOjYzMjI2,U3BvcnRzYm9va05vZGU6MTA=,T3V0Y29tZU5vZGU6NjI2NTYyMg==,-150.0,-1200.0,-1200.0,-150.0,T3V0Y29tZU5vZGU6NjI2NTYyMQ==,110.0,110.0,750.0,750.0
T2ZmZXJUYWJsZU9mZmVyTm9kZToxMDMzMDU0ODE=,RmlnaHROb2RlOjYzMjI2,U3BvcnRzYm9va05vZGU6Mjc=,T3V0Y29tZU5vZGU6NjI2NzE1OA==,-275.0,-500.0,-500.0,-275.0,T3V0Y29tZU5vZGU6NjI2NzE1OQ==,200.0,200.0,300.0,300.0
T2ZmZXJUYWJsZU9mZmVyTm9kZToxMDMzMDYzODc=,RmlnaHROb2RlOjYyMzUx,U3BvcnRzYm9va05vZGU6MjE=,T3V0Y29tZU5vZGU6NjI2ODM5MA==,183.0,183.0,206.0,206.0,T3V0Y29tZU5vZGU6NjI2ODM5MQ==,-278.0,-323.0,-323.0,-278.0
T2ZmZXJUYWJsZU9mZmVyTm9kZToxMDMzMDU0ODQ=,RmlnaHROb2RlOjYyMzUx,U3BvcnRzYm9va05vZGU6Mjc=,T3V0Y29tZU5vZGU6NjI2NzE2NA==,150.0,150.0,225.0,225.0,T3V0Y29tZU5vZGU6NjI2NzE2NQ==,-200.0,-333.0,-333.0,-200.0
T2ZmZXJUYWJsZU9mZmVyTm9kZToxMDMzMDU4MTc=,RmlnaHROb2RlOjYyMzUx,U3BvcnRzYm9va05vZGU6Mjg=,T3V0Y29tZU5vZGU6NjI2NzU5Mg==,205.0,205.0,245.0,245.0,T3V0Y29tZU5vZGU6NjI2NzU5MQ==,-310.0,-385.0,-385.0,-310.0
T2ZmZXJUYWJsZU9mZmVyTm9kZToxMDMzMDQyMjg=,RmlnaHROb2RlOjYyMzUx,U3BvcnRzYm9va05vZGU6MTA=,T3V0Y29tZU5vZGU6NjI2NTYzMQ==,110.0,110.0,370.0,375.0,T3V0Y29tZU5vZGU6NjI2NTYzMg==,-150.0,-500.0,-470.0,-150.0
T2ZmZXJUYWJsZU9mZmVyTm9kZToxMDMzMDU4MTY=,RmlnaHROb2RlOjYyMzI3,U3BvcnRzYm9va05vZGU6Mjg=,T3V0Y29tZU5vZGU6NjI2NzU4OQ==,-340.0,-357.0,-357.0,-340.0,T3V0Y29tZU5vZGU6NjI2NzU5MA==,220.0,220.0,232.0,232.0
T2ZmZXJUYWJsZU9mZmVyTm9kZToxMDMzMDY3ODA=,RmlnaHROb2RlOjYyMzI3,U3BvcnRzYm9va05vZGU6MjE=,T3V0Y29tZU5vZGU6NjI2ODk2Mw==,-333.0,-333.0,-333.0,-333.0,T3V0Y29tZU5vZGU6NjI2ODk2Mg==,211.0,211.0,211.0,211.0
T2ZmZXJUYWJsZU9mZmVyTm9kZToxMDMzMDQyMjc=,RmlnaHROb2RlOjYyMzI3,U3BvcnRzYm9va05vZGU6MTA=,T3V0Y29tZU5vZGU6NjI2NTYzMA==,-200.0,-450.0,-450.0,-200.0,T3V0Y29tZU5vZGU6NjI2NTYyOQ==,150.0,150.0,350.0,375.0
T2ZmZXJUYWJsZU9mZmVyTm9kZToxMDMzMDU0ODM=,RmlnaHROb2RlOjYyMzI3,U3BvcnRzYm9va05vZGU6Mjc=,T3V0Y29tZU5vZGU6NjI2NzE2Mg==,-333.0,-333.0,-333.0,-333.0,T3V0Y29tZU5vZGU6NjI2NzE2Mw==,225.0,225.0,225.0,225.0
T2ZmZXJUYWJsZU9mZmVyTm9kZToxMDMzMDU0Nzg=,RmlnaHROb2RlOjYyMzI0,U3BvcnRzYm9va05vZGU6Mjc=,T3V0Y29tZU5vZGU6NjI2NzE1Mg==,-200.0,-250.0,-250.0,-200.0,T3V0Y29tZU5vZGU6NjI2NzE1Mw==,150.0,150.0,175.0,175.0
T2ZmZXJUYWJsZU9mZmVyTm9kZToxMDMzMDQyMTk=,RmlnaHROb2RlOjYyMzI0,U3BvcnRzYm9va05vZGU6MTA=,T3V0Y29tZU5vZGU6NjI2NTYxMw==,150.0,-300.0,-300.0,150.0,T3V0Y29tZU5vZGU6NjI2NTYxNA==,-200.0,-200.0,250.0,250.0
T2ZmZXJUYWJsZU9mZmVyTm9kZToxMDMzMDYzODk=,RmlnaHROb2RlOjYyMzI0,U3BvcnRzYm9va05vZGU6MjE=,T3V0Y29tZU5vZGU6NjI2ODM5NQ==,-200.0,-233.0,-233.0,-200.0,T3V0Y29tZU5vZGU6NjI2ODM5NA==,137.0,137.0,157.0,157.0
T2ZmZXJUYWJsZU9mZmVyTm9kZToxMDMzMDcxODA=,RmlnaHROb2RlOjYyMzI0,U3BvcnRzYm9va05vZGU6Mjg=,T3V0Y29tZU5vZGU6NjI2OTU3Mg==,-210.0,-250.0,-250.0,-210.0,T3V0Y29tZU5vZGU6NjI2OTU3Mw==,155.0,155.0,175.0,175.0
T2ZmZXJUYWJsZU9mZmVyTm9kZToxMDMzMDQyMjE=,RmlnaHROb2RlOjYzMjI0,U3BvcnRzYm9va05vZGU6MTA=,T3V0Y29tZU5vZGU6NjI2NTYxOA==,-150.0,-2500.0,-2500.0,-150.0,T3V0Y29tZU5vZGU6NjI2NTYxNw==,110.0,110.0,1200.0,1200.0
T2ZmZXJUYWJsZU9mZmVyTm9kZToxMDMzMDU4MTQ=,RmlnaHROb2RlOjYzMjI0,U3BvcnRzYm9va05vZGU6Mjg=,T3V0Y29tZU5vZGU6NjI2NzU4NQ==,-2000.0,-2000.0,-2000.0,-2000.0,T3V0Y29tZU5vZGU6NjI2NzU4Ng==,1000.0,1000.0,1000.0,1000.0
T2ZmZXJUYWJsZU9mZmVyTm9kZToxMDMzMDYzODY=,RmlnaHROb2RlOjYzMjI0,U3BvcnRzYm9va05vZGU6MjE=,T3V0Y29tZU5vZGU6NjI2ODM4OQ==,-3333.0,-3333.0,-3333.0,-3333.0,T3V0Y29tZU5vZGU6NjI2ODM4OA==,764.0,764.0,764.0,764.0
T2ZmZXJUYWJsZU9mZmVyTm9kZToxMDMzMDYzODQ=,RmlnaHROb2RlOjYyMzI1,U3BvcnRzYm9va05vZGU6MjE=,T3V0Y29tZU5vZGU6NjI2ODM4NQ==,-909.0,-1429.0,-1429.0,-909.0,T3V0Y29tZU5vZGU6NjI2ODM4NA==,430.0,430.0,528.0,528.0
T2ZmZXJUYWJsZU9mZmVyTm9kZToxMDMzMDQyMjA=,RmlnaHROb2RlOjYyMzI1,U3BvcnRzYm9va05vZGU6MTA=,T3V0Y29tZU5vZGU6NjI2NTYxNg==,-240.0,-1000.0,-1000.0,-240.0,T3V0Y29tZU5vZGU6NjI2NTYxNQ==,165.0,165.0,700.0,700.0
T2ZmZXJUYWJsZU9mZmVyTm9kZToxMDMzMDU0Nzk=,RmlnaHROb2RlOjYyMzI1,U3BvcnRzYm9va05vZGU6Mjc=,T3V0Y29tZU5vZGU6NjI2NzE1NA==,-800.0,-800.0,-800.0,-800.0,T3V0Y29tZU5vZGU6NjI2NzE1NQ==,450.0,450.0,450.0,450.0
T2ZmZXJUYWJsZU9mZmVyTm9kZToxMDMzMDU4MDk=,RmlnaHROb2RlOjYyMzI1,U3BvcnRzYm9va05vZGU6Mjg=,T3V0Y29tZU5vZGU6NjI2NzU3NQ==,-770.0,-1110.0,-835.0,-770.0,T3V0Y29tZU5vZGU6NjI2NzU3Ng==,435.0,435.0,460.0,560.0
T2ZmZXJUYWJsZU9mZmVyTm9kZToxMDMzMDk2OTQ=,RmlnaHROb2RlOjYyMzEw,U3BvcnRzYm9va05vZGU6MTA=,T3V0Y29tZU5vZGU6NjI3Mzk0Ng==,-150.0,-300.0,-250.0,-150.0,T3V0Y29tZU5vZGU6NjI3Mzk0NQ==,110.0,110.0,210.0,250.0
T2ZmZXJUYWJsZU9mZmVyTm9kZToxMDMzMTA3Mzg=,RmlnaHROb2RlOjYyMzEw,U3BvcnRzYm9va05vZGU6Mjc=,T3V0Y29tZU5vZGU6NjI3NTMwMw==,-200.0,-250.0,-250.0,-200.0,T3V0Y29tZU5vZGU6NjI3NTMwNA==,150.0,150.0,175.0,175.0
T2ZmZXJUYWJsZU9mZmVyTm9kZToxMDMzMTMyNDg=,RmlnaHROb2RlOjYyMzEw,U3BvcnRzYm9va05vZGU6Mg==,T3V0Y29tZU5vZGU6NjI3ODUzNQ==,-214.0,-265.0,-265.0,-196.0,T3V0Y29tZU5vZGU6NjI3ODUzNg==,168.0,155.0,204.0,204.0
T2ZmZXJUYWJsZU9mZmVyTm9kZToxMDMzMTIyNTM=,RmlnaHROb2RlOjYyMzEw,U3BvcnRzYm9va05vZGU6MjE=,T3V0Y29tZU5vZGU6NjI3NzI5MA==,-213.0,-227.0,-227.0,-213.0,T3V0Y29tZU5vZGU6NjI3NzI4OQ==,145.0,145.0,150.0,150.0
T2ZmZXJUYWJsZU9mZmVyTm9kZToxMDMzMTM4OTA=,RmlnaHROb2RlOjYyMzEw,U3BvcnRzYm9va05vZGU6Mjg=,T3V0Y29tZU5vZGU6NjI3OTM1Ng==,-200.0,-227.0,-227.0,-200.0,T3V0Y29tZU5vZGU6NjI3OTM1Nw==,150.0,150.0,167.0,167.0
T2ZmZXJUYWJsZU9mZmVyTm9kZToxMDMzMTA3NDI=,RmlnaHROb2RlOjYzODQw,U3BvcnRzYm9va05vZGU6Mjc=,T3V0Y29tZU5vZGU6NjI3NTMxMQ==,-275.0,-275.0,-275.0,-275.0,T3V0Y29tZU5vZGU6NjI3NTMxMg==,200.0,200.0,200.0,200.0
T2ZmZXJUYWJsZU9mZmVyTm9kZToxMDMzMTMyNDU=,RmlnaHROb2RlOjYzMjE4,U3BvcnRzYm9va05vZGU6Mg==,T3V0Y29tZU5vZGU6NjI3ODUyOQ==,-410.0,-411.0,-333.0,-333.0,T3V0Y29tZU5vZGU6NjI3ODUzMA==,298.0,250.0,250.0,299.0
T2ZmZXJUYWJsZU9mZmVyTm9kZToxMDMzMDk2OTg=,RmlnaHROb2RlOjYzMjE4,U3BvcnRzYm9va05vZGU6MTA=,T3V0Y29tZU5vZGU6NjI3Mzk1Mw==,-300.0,-500.0,-370.0,-300.0,T3V0Y29tZU5vZGU6NjI3Mzk1NA==,200.0,200.0,295.0,325.0
T2ZmZXJUYWJsZU9mZmVyTm9kZToxMDMzMTIyNTg=,RmlnaHROb2RlOjYzMjE4,U3BvcnRzYm9va05vZGU6MjE=,T3V0Y29tZU5vZGU6NjI3NzMwMA==,-400.0,-455.0,-397.0,-397.0,T3V0Y29tZU5vZGU6NjI3NzI5OQ==,243.0,243.0,256.0,285.0
T2ZmZXJUYWJsZU9mZmVyTm9kZToxMDMzMTM4ODM=,RmlnaHROb2RlOjYzMjE4,U3BvcnRzYm9va05vZGU6Mjg=,T3V0Y29tZU5vZGU6NjI3OTM0Mg==,-385.0,-588.0,-357.0,-357.0,T3V0Y29tZU5vZGU6NjI3OTM0Mw==,245.0,232.0,232.0,348.0
T2ZmZXJUYWJsZU9mZmVyTm9kZToxMDMzMTA3Mzk=,RmlnaHROb2RlOjYzMjE4,U3BvcnRzYm9va05vZGU6Mjc=,T3V0Y29tZU5vZGU6NjI3NTMwNQ==,-350.0,-400.0,-400.0,-350.0,T3V0Y29tZU5vZGU6NjI3NTMwNg==,240.0,240.0,275.0,275.0
T2ZmZXJUYWJsZU9mZmVyTm9kZToxMDMzMTMyNDY=,RmlnaHROb2RlOjYyNDM4,U3BvcnRzYm9va05vZGU6Mg==,T3V0Y29tZU5vZGU6NjI3ODUzMQ==,-311.0,-316.0,-315.0,-272.0,T3V0Y29tZU5vZGU6NjI3ODUzMg==,235.0,209.0,238.0,239.0
T2ZmZXJUYWJsZU9mZmVyTm9kZToxMDMzMTM4ODU=,RmlnaHROb2RlOjYyNDM4,U3BvcnRzYm9va05vZGU6Mjg=,T3V0Y29tZU5vZGU6NjI3OTM0Ng==,-300.0,-355.0,-335.0,-300.0,T3V0Y29tZU5vZGU6NjI3OTM0Nw==,200.0,200.0,220.0,230.0
T2ZmZXJUYWJsZU9mZmVyTm9kZToxMDMzMTIyNTk=,RmlnaHROb2RlOjYyNDM4,U3BvcnRzYm9va05vZGU6MjE=,T3V0Y29tZU5vZGU6NjI3NzMwMg==,-256.0,-392.0,-392.0,-256.0,T3V0Y29tZU5vZGU6NjI3NzMwMQ==,171.0,171.0,242.0,242.0
T2ZmZXJUYWJsZU9mZmVyTm9kZToxMDMzMTM5NjU=,RmlnaHROb2RlOjYyNDM4,U3BvcnRzYm9va05vZGU6Mjc=,T3V0Y29tZU5vZGU6NjI3OTQ4OQ==,-250.0,-333.0,-333.0,-250.0,T3V0Y29tZU5vZGU6NjI3OTQ5MA==,175.0,175.0,225.0,225.0
T2ZmZXJUYWJsZU9mZmVyTm9kZToxMDMzMDk2OTc=,RmlnaHROb2RlOjYyNDM4,U3BvcnRzYm9va05vZGU6MTA=,T3V0Y29tZU5vZGU6NjI3Mzk1MQ==,-265.0,-450.0,-450.0,-260.0,T3V0Y29tZU5vZGU6NjI3Mzk1Mg==,180.0,180.0,350.0,350.0
T2ZmZXJUYWJsZU9mZmVyTm9kZToxMDMzMTMyNDc=,RmlnaHROb2RlOjYyMzA5,U3BvcnRzYm9va05vZGU6Mg==,T3V0Y29tZU5vZGU6NjI3ODUzMw==,-520.0,-528.0,-312.0,-305.0,T3V0Y29tZU5vZGU6NjI3ODUzNA==,362.0,231.0,236.0,367.0
T2ZmZXJUYWJsZU9mZmVyTm9kZToxMDMzMTM4OTE=,RmlnaHROb2RlOjYyMzA5,U3BvcnRzYm9va05vZGU6Mjg=,T3V0Y29tZU5vZGU6NjI3OTM1OA==,-455.0,-556.0,-370.0,-370.0,T3V0Y29tZU5vZGU6NjI3OTM1OQ==,280.0,235.0,235.0,331.0
T2ZmZXJUYWJsZU9mZmVyTm9kZToxMDMzMDk2OTU=,RmlnaHROb2RlOjYyMzA5,U3BvcnRzYm9va05vZGU6MTA=,T3V0Y29tZU5vZGU6NjI3Mzk0OA==,-200.0,-500.0,-440.0,-200.0,T3V0Y29tZU5vZGU6NjI3Mzk0Nw==,150.0,150.0,340.0,375.0
T2ZmZXJUYWJsZU9mZmVyTm9kZToxMDMzMTIyODA=,RmlnaHROb2RlOjYyMzA5,U3BvcnRzYm9va05vZGU6Mjc=,T3V0Y29tZU5vZGU6NjI3NzM0Mw==,-450.0,-500.0,-350.0,-350.0,T3V0Y29tZU5vZGU6NjI3NzM0NA==,300.0,240.0,240.0,333.0
T2ZmZXJUYWJsZU9mZmVyTm9kZToxMDMzMTIyNTY=,RmlnaHROb2RlOjYyMzA5,U3BvcnRzYm9va05vZGU6MjE=,T3V0Y29tZU5vZGU6NjI3NzI5Ng==,-476.0,-556.0,-476.0,-476.0,T3V0Y29tZU5vZGU6NjI3NzI5NQ==,280.0,262.0,262.0,317.0
T2ZmZXJUYWJsZU9mZmVyTm9kZToxMDMzMTA3NDE=,RmlnaHROb2RlOjYzODQy,U3BvcnRzYm9va05vZGU6Mjc=,T3V0Y29tZU5vZGU6NjI3NTMwOQ==,-333.0,-333.0,-333.0,-333.0,T3V0Y29tZU5vZGU6NjI3NTMxMA==,225.0,225.0,225.0,225.0
T2ZmZXJUYWJsZU9mZmVyTm9kZToxMDMzMTMyNDM=,RmlnaHROb2RlOjYyMzEx,U3BvcnRzYm9va05vZGU6Mg==,T3V0Y29tZU5vZGU6NjI3ODUyNg==,-515.0,-515.0,-496.0,-375.0,T3V0Y29tZU5vZGU6NjI3ODUyNQ==,360.0,277.0,349.0,360.0
T2ZmZXJUYWJsZU9mZmVyTm9kZToxMDMzMDk3MDA=,RmlnaHROb2RlOjYyMzEx,U3BvcnRzYm9va05vZGU6MTA=,T3V0Y29tZU5vZGU6NjI3Mzk1Nw==,-200.0,-625.0,-625.0,-200.0,T3V0Y29tZU5vZGU6NjI3Mzk1OA==,150.0,150.0,450.0,450.0
T2ZmZXJUYWJsZU9mZmVyTm9kZToxMDMzMTM4ODg=,RmlnaHROb2RlOjYyMzEx,U3BvcnRzYm9va05vZGU6Mjg=,T3V0Y29tZU5vZGU6NjI3OTM1Mg==,-455.0,-500.0,-500.0,-455.0,T3V0Y29tZU5vZGU6NjI3OTM1Mw==,280.0,280.0,300.0,300.0
T2ZmZXJUYWJsZU9mZmVyTm9kZToxMDMzMTA3NDA=,RmlnaHROb2RlOjYyMzEx,U3BvcnRzYm9va05vZGU6Mjc=,T3V0Y29tZU5vZGU6NjI3NTMwNw==,-450.0,-450.0,-450.0,-450.0,T3V0Y29tZU5vZGU6NjI3NTMwOA==,300.0,300.0,300.0,300.0
T2ZmZXJUYWJsZU9mZmVyTm9kZToxMDMzMTIyNTU=,RmlnaHROb2RlOjYyMzEx,U3BvcnRzYm9va05vZGU6MjE=,T3V0Y29tZU5vZGU6NjI3NzI5NA==,-500.0,-680.0,-680.0,-500.0,T3V0Y29tZU5vZGU6NjI3NzI5Mw==,293.0,293.0,352.0,352.0
T2ZmZXJUYWJsZU9mZmVyTm9kZToxMDMzMDk3MDE=,RmlnaHROb2RlOjYyMzEy,U3BvcnRzYm9va05vZGU6MTA=,T3V0Y29tZU5vZGU6NjI3Mzk1OQ==,200.0,-330.0,-330.0,200.0,T3V0Y29tZU5vZGU6NjI3Mzk2MA==,-300.0,-300.0,270.0,270.0
T2ZmZXJUYWJsZU9mZmVyTm9kZToxMDMzMTMyNDI=,RmlnaHROb2RlOjYyMzEy,U3BvcnRzYm9va05vZGU6Mg==,T3V0Y29tZU5vZGU6NjI3ODUyMw==,-325.0,-350.0,-350.0,-323.0,T3V0Y29tZU5vZGU6NjI3ODUyNA==,244.0,243.0,261.0,261.0
T2ZmZXJUYWJsZU9mZmVyTm9kZToxMDMzMTA3NDM=,RmlnaHROb2RlOjYzODQz,U3BvcnRzYm9va05vZGU6Mjc=,T3V0Y29tZU5vZGU6NjI3NTMxMw==,-333.0,-333.0,-333.0,-333.0,T3V0Y29tZU5vZGU6NjI3NTMxNA==,225.0,225.0,225.0,225.0
T2ZmZXJUYWJsZU9mZmVyTm9kZToxMDMzMTMyNDE=,RmlnaHROb2RlOjYzNzA3,U3BvcnRzYm9va05vZGU6Mg==,T3V0Y29tZU5vZGU6NjI3ODUyMQ==,-349.0,-355.0,-355.0,-348.0,T3V0Y29tZU5vZGU6NjI3ODUyMg==,260.0,259.0,264.0,264.0
T2ZmZXJUYWJsZU9mZmVyTm9kZToxMDMzMDk3MDI=,RmlnaHROb2RlOjYzNzA3,U3BvcnRzYm9va05vZGU6MTA=,T3V0Y29tZU5vZGU6NjI3Mzk2Mg==,-170.0,-350.0,-335.0,-170.0,T3V0Y29tZU5vZGU6NjI3Mzk2MQ==,130.0,130.0,275.0,275.0
T2ZmZXJUYWJsZU9mZmVyTm9kZToxMDMzMTIyNTI=,RmlnaHROb2RlOjYyNzQ1,U3BvcnRzYm9va05vZGU6MjE=,T3V0Y29tZU5vZGU6NjI3NzI4OA==,137.0,110.0,114.0,137.0,T3V0Y29tZU5vZGU6NjI3NzI4Nw==,-192.0,-192.0,-165.0,-165.0
T2ZmZXJUYWJsZU9mZmVyTm9kZToxMDMzMTM4ODQ=,RmlnaHROb2RlOjYyNzQ1,U3BvcnRzYm9va05vZGU6Mjg=,T3V0Y29tZU5vZGU6NjI3OTM0NA==,142.0,125.0,125.0,142.0,T3V0Y29tZU5vZGU6NjI3OTM0NQ==,-182.0,-182.0,-165.0,-165.0
T2ZmZXJUYWJsZU9mZmVyTm9kZToxMDMzMTMyNDk=,RmlnaHROb2RlOjYyNzQ1,U3BvcnRzYm9va05vZGU6Mg==,T3V0Y29tZU5vZGU6NjI3ODUzOA==,149.0,110.0,112.0,149.0,T3V0Y29tZU5vZGU6NjI3ODUzNw==,-188.0,-188.0,-142.0,-140.0
T2ZmZXJUYWJsZU9mZmVyTm9kZToxMDMzMTA3NDQ=,RmlnaHROb2RlOjYyNzQ1,U3BvcnRzYm9va05vZGU6Mjc=,T3V0Y29tZU5vZGU6NjI3NTMxNQ==,140.0,105.0,105.0,140.0,T3V0Y29tZU5vZGU6NjI3NTMxNg==,-188.0,-188.0,-138.0,-138.0
T2ZmZXJUYWJsZU9mZmVyTm9kZToxMDMzMDk2OTM=,RmlnaHROb2RlOjYyNzQ1,U3BvcnRzYm9va05vZGU6MTA=,T3V0Y29tZU5vZGU6NjI3Mzk0NA==,-240.0,-240.0,115.0,170.0,T3V0Y29tZU5vZGU6NjI3Mzk0Mw==,165.0,-250.0,-135.0,165.0
T2ZmZXJUYWJsZU9mZmVyTm9kZToxMDMzMTM4ODc=,RmlnaHROb2RlOjYyMzA4,U3BvcnRzYm9va05vZGU6Mjg=,T3V0Y29tZU5vZGU6NjI3OTM1MA==,-227.0,-350.0,-345.0,-227.0,T3V0Y29tZU5vZGU6NjI3OTM1MQ==,167.0,167.0,225.0,225.0
T2ZmZXJUYWJsZU9mZmVyTm9kZToxMDMzMDk2OTI=,RmlnaHROb2RlOjYyMzA4,U3BvcnRzYm9va05vZGU6MTA=,T3V0Y29tZU5vZGU6NjI3Mzk0MQ==,-300.0,-450.0,-440.0,-200.0,T3V0Y29tZU5vZGU6NjI3Mzk0Mg==,200.0,150.0,340.0,350.0
T2ZmZXJUYWJsZU9mZmVyTm9kZToxMDMzMTA3MzY=,RmlnaHROb2RlOjYyMzA4,U3BvcnRzYm9va05vZGU6Mjc=,T3V0Y29tZU5vZGU6NjI3NTI5OQ==,-175.0,-400.0,-400.0,-175.0,T3V0Y29tZU5vZGU6NjI3NTMwMA==,130.0,130.0,275.0,275.0
T2ZmZXJUYWJsZU9mZmVyTm9kZToxMDMzMTIyNTE=,RmlnaHROb2RlOjYyMzA4,U3BvcnRzYm9va05vZGU6MjE=,T3V0Y29tZU5vZGU6NjI3NzI4Ng==,-213.0,-396.0,-396.0,-213.0,T3V0Y29tZU5vZGU6NjI3NzI4NQ==,145.0,145.0,251.0,251.0
T2ZmZXJUYWJsZU9mZmVyTm9kZToxMDMzMTMyNTA=,RmlnaHROb2RlOjYyMzA4,U3BvcnRzYm9va05vZGU6Mg==,T3V0Y29tZU5vZGU6NjI3ODUzOQ==,-224.0,-375.0,-375.0,-224.0,T3V0Y29tZU5vZGU6NjI3ODU0MA==,175.0,175.0,277.0,277.0
T2ZmZXJUYWJsZU9mZmVyTm9kZToxMDMzMTYzNDg=,RmlnaHROb2RlOjYzOTI4,U3BvcnRzYm9va05vZGU6MjE=,T3V0Y29tZU5vZGU6NjI4MjY4Ng==,-312.0,-588.0,-357.0,-312.0,T3V0Y29tZU5vZGU6NjI4MjY4NQ==,198.0,198.0,226.0,360.0
T2ZmZXJUYWJsZU9mZmVyTm9kZToxMDMzMTcxNjc=,RmlnaHROb2RlOjYzOTI4,U3BvcnRzYm9va05vZGU6MTA=,T3V0Y29tZU5vZGU6NjI4MzcyNQ==,-450.0,-700.0,-625.0,-450.0,T3V0Y29tZU5vZGU6NjI4MzcyNA==,275.0,275.0,375.0,400.0
T2ZmZXJUYWJsZU9mZmVyTm9kZToxMDMzMTY4NzA=,RmlnaHROb2RlOjYzOTI4,U3BvcnRzYm9va05vZGU6Mjc=,T3V0Y29tZU5vZGU6NjI4MzM3NQ==,-275.0,-450.0,-450.0,-275.0,T3V0Y29tZU5vZGU6NjI4MzM3Ng==,200.0,200.0,300.0,300.0
T2ZmZXJUYWJsZU9mZmVyTm9kZToxMDMzMTg0Mjc=,RmlnaHROb2RlOjYzOTI4,U3BvcnRzYm9va05vZGU6Mjg=,T3V0Y29tZU5vZGU6NjI4NTgxOA==,-600.0,-625.0,-370.0,-370.0,T3V0Y29tZU5vZGU6NjI4NTgxOQ==,350.0,235.0,235.0,360.0
T2ZmZXJUYWJsZU9mZmVyTm9kZToxMDMzMTczNTg=,RmlnaHROb2RlOjYzOTI4,U3BvcnRzYm9va05vZGU6Mg==,T3V0Y29tZU5vZGU6NjI4NDA0Nw==,-610.0,-725.0,-635.0,-525.0,T3V0Y29tZU5vZGU6NjI4NDA0OA==,333.0,300.0,342.0,373.0
T2ZmZXJUYWJsZU9mZmVyTm9kZToxMDMzMTY4NzM=,RmlnaHROb2RlOjYzMjE2,U3BvcnRzYm9va05vZGU6Mjc=,T3V0Y29tZU5vZGU6NjI4MzM4MQ==,-175.0,-175.0,-163.0,-163.0,T3V0Y29tZU5vZGU6NjI4MzM4Mg==,130.0,120.0,120.0,130.0
T2ZmZXJUYWJsZU9mZmVyTm9kZToxMDMzMTYzNDY=,RmlnaHROb2RlOjYzMjE2,U3BvcnRzYm9va05vZGU6MjE=,T3V0Y29tZU5vZGU6NjI4MjY4Mg==,-189.0,-189.0,-169.0,-149.0,T3V0Y29tZU5vZGU6NjI4MjY4MQ==,129.0,103.0,112.0,130.0
T2ZmZXJUYWJsZU9mZmVyTm9kZToxMDMzMTg0MjU=,RmlnaHROb2RlOjYzMjE2,U3BvcnRzYm9va05vZGU6Mjg=,T3V0Y29tZU5vZGU6NjI4NTgxNA==,-155.0,-169.0,-164.0,-155.0,T3V0Y29tZU5vZGU6NjI4NTgxNQ==,115.0,115.0,124.0,129.0
T2ZmZXJUYWJsZU9mZmVyTm9kZToxMDMzMTcxNzE=,RmlnaHROb2RlOjYzMjE2,U3BvcnRzYm9va05vZGU6MTA=,T3V0Y29tZU5vZGU6NjI4MzczMw==,-160.0,-200.0,-130.0,120.0,T3V0Y29tZU5vZGU6NjI4MzczMg==,120.0,-160.0,-110.0,150.0
T2ZmZXJUYWJsZU9mZmVyTm9kZToxMDMzMTczNTQ=,RmlnaHROb2RlOjYzMjE2,U3BvcnRzYm9va05vZGU6Mg==,T3V0Y29tZU5vZGU6NjI4NDA0MA==,-165.0,-223.0,-134.0,-115.0,T3V0Y29tZU5vZGU6NjI4NDAzOQ==,114.0,-125.0,-107.0,150.0
T2ZmZXJUYWJsZU9mZmVyTm9kZToxMDMzMTc2NDU=,RmlnaHROb2RlOjYzMjEz,U3BvcnRzYm9va05vZGU6Mjg=,T3V0Y29tZU5vZGU6NjI4NDQ4NA==,-145.0,-180.0,-180.0,-145.0,T3V0Y29tZU5vZGU6NjI4NDQ4NQ==,105.0,105.0,140.0,140.0
T2ZmZXJUYWJsZU9mZmVyTm9kZToxMDMzMTczNTU=,RmlnaHROb2RlOjYzMjEz,U3BvcnRzYm9va05vZGU6Mg==,T3V0Y29tZU5vZGU6NjI4NDA0MQ==,-140.0,-257.0,-215.0,-140.0,T3V0Y29tZU5vZGU6NjI4NDA0Mg==,-103.0,-103.0,145.0,170.0
T2ZmZXJUYWJsZU9mZmVyTm9kZToxMDMzMTY4Nzc=,RmlnaHROb2RlOjYzMjEz,U3BvcnRzYm9va05vZGU6Mjc=,T3V0Y29tZU5vZGU6NjI4MzM4OQ==,-225.0,-225.0,-200.0,-150.0,T3V0Y29tZU5vZGU6NjI4MzM5MA==,163.0,110.0,150.0,163.0
T2ZmZXJUYWJsZU9mZmVyTm9kZToxMDMzMTcxNzM=,RmlnaHROb2RlOjYzMjEz,U3BvcnRzYm9va05vZGU6MTA=,T3V0Y29tZU5vZGU6NjI4MzczNg==,-115.0,-250.0,-250.0,-105.0,T3V0Y29tZU5vZGU6NjI4MzczNw==,-125.0,-135.0,170.0,170.0
T2ZmZXJUYWJsZU9mZmVyTm9kZToxMDMzMTYzMDQ=,RmlnaHROb2RlOjYzMjEz,U3BvcnRzYm9va05vZGU6MjE=,T3V0Y29tZU5vZGU6NjI4MjYyNg==,-222.0,-227.0,-208.0,-120.0,T3V0Y29tZU5vZGU6NjI4MjYyNQ==,150.0,-120.0,141.0,154.0
T2ZmZXJUYWJsZU9mZmVyTm9kZToxMDMzMTYzNDc=,RmlnaHROb2RlOjYzMjEy,U3BvcnRzYm9va05vZGU6MjE=,T3V0Y29tZU5vZGU6NjI4MjY4NA==,-323.0,-455.0,-455.0,-323.0,T3V0Y29tZU5vZGU6NjI4MjY4Mw==,208.0,208.0,273.0,273.0
T2ZmZXJUYWJsZU9mZmVyTm9kZToxMDMzMTczNTY=,RmlnaHROb2RlOjYzMjEy,U3BvcnRzYm9va05vZGU6Mg==,T3V0Y29tZU5vZGU6NjI4NDA0Mw==,-410.0,-410.0,-292.0,-260.0,T3V0Y29tZU5vZGU6NjI4NDA0NA==,250.0,172.0,190.0,250.0
T2ZmZXJUYWJsZU9mZmVyTm9kZToxMDMzMTcxNzA=,RmlnaHROb2RlOjYzMjEy,U3BvcnRzYm9va05vZGU6MTA=,T3V0Y29tZU5vZGU6NjI4MzczMQ==,-210.0,-450.0,-275.0,-210.0,T3V0Y29tZU5vZGU6NjI4MzczMA==,160.0,160.0,185.0,275.0
T2ZmZXJUYWJsZU9mZmVyTm9kZToxMDMzMTg0MjY=,RmlnaHROb2RlOjYzMjEx,U3BvcnRzYm9va05vZGU6Mjg=,T3V0Y29tZU5vZGU6NjI4NTgxNg==,-240.0,-263.0,-240.0,-238.0,T3V0Y29tZU5vZGU6NjI4NTgxNw==,170.0,170.0,170.0,183.0
T2ZmZXJUYWJsZU9mZmVyTm9kZToxMDMzMTYzNDQ=,RmlnaHROb2RlOjYzMjEx,U3BvcnRzYm9va05vZGU6MjE=,T3V0Y29tZU5vZGU6NjI4MjY3OA==,-345.0,-345.0,-250.0,-250.0,T3V0Y29tZU5vZGU6NjI4MjY3Nw==,220.0,169.0,169.0,220.0
T2ZmZXJUYWJsZU9mZmVyTm9kZToxMDMzMTY4NzQ=,RmlnaHROb2RlOjYzMjEx,U3BvcnRzYm9va05vZGU6Mjc=,T3V0Y29tZU5vZGU6NjI4MzM4Mw==,-333.0,-333.0,-275.0,-275.0,T3V0Y29tZU5vZGU6NjI4MzM4NA==,225.0,200.0,200.0,225.0
T2ZmZXJUYWJsZU9mZmVyTm9kZToxMDMzMTczNTc=,RmlnaHROb2RlOjYzMjEx,U3BvcnRzYm9va05vZGU6Mg==,T3V0Y29tZU5vZGU6NjI4NDA0Ng==,-315.0,-315.0,-256.0,-238.0,T3V0Y29tZU5vZGU6NjI4NDA0NQ==,202.0,159.0,170.0,202.0
T2ZmZXJUYWJsZU9mZmVyTm9kZToxMDMzMTcxNjk=,RmlnaHROb2RlOjYzMjEx,U3BvcnRzYm9va05vZGU6MTA=,T3V0Y29tZU5vZGU6NjI4MzcyOQ==,-155.0,-300.0,-260.0,-155.0,T3V0Y29tZU5vZGU6NjI4MzcyOA==,115.0,115.0,175.0,200.0
T2ZmZXJUYWJsZU9mZmVyTm9kZToxMDMzMTczNzE=,RmlnaHROb2RlOjYzMjE0,U3BvcnRzYm9va05vZGU6Mg==,T3V0Y29tZU5vZGU6NjI4NDA2Ng==,130.0,-134.0,-134.0,130.0,T3V0Y29tZU5vZGU6NjI4NDA2Nw==,-190.0,-190.0,-107.0,-107.0
T2ZmZXJUYWJsZU9mZmVyTm9kZToxMDMzMTYzNDI=,RmlnaHROb2RlOjYzMjE0,U3BvcnRzYm9va05vZGU6MjE=,T3V0Y29tZU5vZGU6NjI4MjY3NA==,143.0,-149.0,-127.0,143.0,T3V0Y29tZU5vZGU6NjI4MjY3Mw==,-213.0,-213.0,-111.0,103.0
T2ZmZXJUYWJsZU9mZmVyTm9kZToxMDMzMTY4NzE=,RmlnaHROb2RlOjYzMjE0,U3BvcnRzYm9va05vZGU6Mjc=,T3V0Y29tZU5vZGU6NjI4MzM3Nw==,140.0,-105.0,105.0,140.0,T3V0Y29tZU5vZGU6NjI4MzM3OA==,-188.0,-188.0,-138.0,-135.0
T2ZmZXJUYWJsZU9mZmVyTm9kZToxMDMzMTc5MDI=,RmlnaHROb2RlOjYzMjE0,U3BvcnRzYm9va05vZGU6MTA=,T3V0Y29tZU5vZGU6NjI4NDkyMg==,100.0,-145.0,-140.0,105.0,T3V0Y29tZU5vZGU6NjI4NDkyMw==,-140.0,-145.0,100.0,105.0
T2ZmZXJUYWJsZU9mZmVyTm9kZToxMDMzMTg0MjQ=,RmlnaHROb2RlOjYzMjE0,U3BvcnRzYm9va05vZGU6Mjg=,T3V0Y29tZU5vZGU6NjI4NTgxMg==,101.0,-139.0,-125.0,101.0,T3V0Y29tZU5vZGU6NjI4NTgxMw==,-141.0,-141.0,-115.0,-101.0
T2ZmZXJUYWJsZU9mZmVyTm9kZToxMDMzMTgzMjU=,RmlnaHROb2RlOjYzMzk4,U3BvcnRzYm9va05vZGU6Mjg=,T3V0Y29tZU5vZGU6NjI4NTYzMg==,-667.0,-700.0,-700.0,-588.0,T3V0Y29tZU5vZGU6NjI4NTYzMw==,392.0,348.0,400.0,400.0
T2ZmZXJUYWJsZU9mZmVyTm9kZToxMDMzMTczNzI=,RmlnaHROb2RlOjYzMzk4,U3BvcnRzYm9va05vZGU6Mg==,T3V0Y29tZU5vZGU6NjI4NDA2OQ==,-290.0,-801.0,-695.0,-290.0,T3V0Y29tZU5vZGU6NjI4NDA2OA==,189.0,189.0,363.0,397.0
T2ZmZXJUYWJsZU9mZmVyTm9kZToxMDMzMTc5MDA=,RmlnaHROb2RlOjYzMzk4,U3BvcnRzYm9va05vZGU6MTA=,T3V0Y29tZU5vZGU6NjI4NDkxOQ==,-500.0,-1500.0,-805.0,-500.0,T3V0Y29tZU5vZGU6NjI4NDkxOA==,300.0,300.0,430.0,650.0
T2ZmZXJUYWJsZU9mZmVyTm9kZToxMDMzMTcyOTM=,RmlnaHROb2RlOjYzMzk4,U3BvcnRzYm9va05vZGU6Mjc=,T3V0Y29tZU5vZGU6NjI4MzkyNA==,-333.0,-549.0,-549.0,-333.0,T3V0Y29tZU5vZGU6NjI4MzkyNQ==,225.0,225.0,350.0,350.0
T2ZmZXJUYWJsZU9mZmVyTm9kZToxMDMzMTcxODI=,RmlnaHROb2RlOjYzMzk4,U3BvcnRzYm9va05vZGU6MjE=,T3V0Y29tZU5vZGU6NjI4Mzc1NQ==,-323.0,-909.0,-500.0,-323.0,T3V0Y29tZU5vZGU6NjI4Mzc1NA==,208.0,208.0,273.0,489.0
T2ZmZXJUYWJsZU9mZmVyTm9kZToxMDMzMTc5MDQ=,RmlnaHROb2RlOjYzMjE1,U3BvcnRzYm9va05vZGU6MTA=,T3V0Y29tZU5vZGU6NjI4NDkyNg==,375.0,300.0,350.0,375.0,T3V0Y29tZU5vZGU6NjI4NDkyNw==,-650.0,-650.0,-600.0,-500.0
T2ZmZXJUYWJsZU9mZmVyTm9kZToxMDMzMTgzMjM=,RmlnaHROb2RlOjYzMjE1,U3BvcnRzYm9va05vZGU6Mjg=,T3V0Y29tZU5vZGU6NjI4NTYyOA==,300.0,300.0,345.0,360.0,T3V0Y29tZU5vZGU6NjI4NTYyOQ==,-500.0,-625.0,-590.0,-500.0
T2ZmZXJUYWJsZU9mZmVyTm9kZToxMDMzMTY4NzU=,RmlnaHROb2RlOjYzMjE1,U3BvcnRzYm9va05vZGU6Mjc=,T3V0Y29tZU5vZGU6NjI4MzM4NQ==,400.0,300.0,300.0,400.0,T3V0Y29tZU5vZGU6NjI4MzM4Ng==,-649.0,-649.0,-450.0,-450.0
T2ZmZXJUYWJsZU9mZmVyTm9kZToxMDMzMTYzNDM=,RmlnaHROb2RlOjYzMjE1,U3BvcnRzYm9va05vZGU6MjE=,T3V0Y29tZU5vZGU6NjI4MjY3Ng==,410.0,314.0,322.0,410.0,T3V0Y29tZU5vZGU6NjI4MjY3NQ==,-833.0,-833.0,-556.0,-556.0
T2ZmZXJUYWJsZU9mZmVyTm9kZToxMDMzMTczNzA=,RmlnaHROb2RlOjYzMjE1,U3BvcnRzYm9va05vZGU6Mg==,T3V0Y29tZU5vZGU6NjI4NDA2NQ==,362.0,270.0,335.0,380.0,T3V0Y29tZU5vZGU6NjI4NDA2NA==,-690.0,-745.0,-615.0,-455.0
T2ZmZXJUYWJsZU9mZmVyTm9kZToxMDMzMTczNTk=,RmlnaHROb2RlOjYzOTgy,U3BvcnRzYm9va05vZGU6Mg==,T3V0Y29tZU5vZGU6NjI4NDA0OQ==,-510.0,-580.0,-575.0,-476.0,T3V0Y29tZU5vZGU6NjI4NDA1MA==,294.0,279.0,320.0,322.0
T2ZmZXJUYWJsZU9mZmVyTm9kZToxMDMzMTcyOTQ=,RmlnaHROb2RlOjYzOTgy,U3BvcnRzYm9va05vZGU6Mjc=,T3V0Y29tZU5vZGU6NjI4MzkyNg==,-450.0,-450.0,-450.0,-450.0,T3V0Y29tZU5vZGU6NjI4MzkyNw==,300.0,300.0,300.0,300.0
T2ZmZXJUYWJsZU9mZmVyTm9kZToxMDMzMTc4NjE=,RmlnaHROb2RlOjYzOTgy,U3BvcnRzYm9va05vZGU6Mjg=,T3V0Y29tZU5vZGU6NjI4NDg0MA==,-500.0,-556.0,-500.0,-500.0,T3V0Y29tZU5vZGU6NjI4NDg0MQ==,300.0,300.0,300.0,331.0
T2ZmZXJUYWJsZU9mZmVyTm9kZToxMDMzMTcxODM=,RmlnaHROb2RlOjYzOTgy,U3BvcnRzYm9va05vZGU6MjE=,T3V0Y29tZU5vZGU6NjI4Mzc1Nw==,-435.0,-625.0,-625.0,-435.0,T3V0Y29tZU5vZGU6NjI4Mzc1Ng==,257.0,257.0,346.0,374.0
T2ZmZXJUYWJsZU9mZmVyTm9kZToxMDMzMTcxNjY=,RmlnaHROb2RlOjYzOTgy,U3BvcnRzYm9va05vZGU6MTA=,T3V0Y29tZU5vZGU6NjI4MzcyMw==,-325.0,-1500.0,-550.0,-325.0,T3V0Y29tZU5vZGU6NjI4MzcyMg==,215.0,215.0,325.0,600.0
T2ZmZXJUYWJsZU9mZmVyTm9kZToxMDMzMTczNjA=,RmlnaHROb2RlOjYzOTI3,U3BvcnRzYm9va05vZGU6Mg==,T3V0Y29tZU5vZGU6NjI4NDA1MQ==,-430.0,-515.0,-475.0,-402.0,T3V0Y29tZU5vZGU6NjI4NDA1Mg==,259.0,246.0,279.0,296.0
T2ZmZXJUYWJsZU9mZmVyTm9kZToxMDMzMTY4NzY=,RmlnaHROb2RlOjYzOTI3,U3BvcnRzYm9va05vZGU6Mjc=,T3V0Y29tZU5vZGU6NjI4MzM4Nw==,-400.0,-400.0,-400.0,-400.0,T3V0Y29tZU5vZGU6NjI4MzM4OA==,275.0,275.0,275.0,275.0
T2ZmZXJUYWJsZU9mZmVyTm9kZToxMDMzMTcxNjU=,RmlnaHROb2RlOjYzOTI3,U3BvcnRzYm9va05vZGU6MTA=,T3V0Y29tZU5vZGU6NjI4MzcyMQ==,-400.0,-500.0,-450.0,-400.0,T3V0Y29tZU5vZGU6NjI4MzcyMA==,250.0,250.0,275.0,300.0
T2ZmZXJUYWJsZU9mZmVyTm9kZToxMDMzMTc4NjI=,RmlnaHROb2RlOjYzOTI3,U3BvcnRzYm9va05vZGU6Mjg=,T3V0Y29tZU5vZGU6NjI4NDg0Mg==,-400.0,-500.0,-400.0,-400.0,T3V0Y29tZU5vZGU6NjI4NDg0Mw==,250.0,250.0,250.0,300.0
T2ZmZXJUYWJsZU9mZmVyTm9kZToxMDMzMTYzNDU=,RmlnaHROb2RlOjYzOTI3,U3BvcnRzYm9va05vZGU6MjE=,T3V0Y29tZU5vZGU6NjI4MjY4MA==,-385.0,-526.0,-526.0,-333.0,T3V0Y29tZU5vZGU6NjI4MjY3OQ==,240.0,214.0,293.0,295.0
T2ZmZXJUYWJsZU9mZmVyTm9kZToxMDMzMzQwNDM=,RmlnaHROb2RlOjYzOTYx,U3BvcnRzYm9va05vZGU6Mjg=,T3V0Y29tZU5vZGU6NjMwNzI2Nw==,-400.0,-500.0,-400.0,-400.0,T3V0Y29tZU5vZGU6NjMwNzI2OA==,250.0,250.0,250.0,300.0
T2ZmZXJUYWJsZU9mZmVyTm9kZToxMDMzMzM5NzU=,RmlnaHROb2RlOjYzOTYx,U3BvcnRzYm9va05vZGU6Mjc=,T3V0Y29tZU5vZGU6NjMwNzEzMQ==,-400.0,-450.0,-450.0,-400.0,T3V0Y29tZU5vZGU6NjMwNzEzMg==,275.0,275.0,300.0,300.0
T2ZmZXJUYWJsZU9mZmVyTm9kZToxMDMzMzQwMTg=,RmlnaHROb2RlOjYzOTYx,U3BvcnRzYm9va05vZGU6Mg==,T3V0Y29tZU5vZGU6NjMwNzIxNw==,-420.0,-505.0,-505.0,-404.0,T3V0Y29tZU5vZGU6NjMwNzIxOA==,304.0,295.0,354.0,354.0
T2ZmZXJUYWJsZU9mZmVyTm9kZToxMDMzMzM5Mzc=,RmlnaHROb2RlOjYzOTYx,U3BvcnRzYm9va05vZGU6MTA=,T3V0Y29tZU5vZGU6NjMwNzA1Ng==,-250.0,-500.0,-400.0,-250.0,T3V0Y29tZU5vZGU6NjMwNzA1NQ==,170.0,170.0,300.0,375.0
T2ZmZXJUYWJsZU9mZmVyTm9kZToxMDMzMzQwOTM=,RmlnaHROb2RlOjYzOTYx,U3BvcnRzYm9va05vZGU6MjE=,T3V0Y29tZU5vZGU6NjMwNzM2OA==,-526.0,-526.0,-526.0,-526.0,T3V0Y29tZU5vZGU6NjMwNzM2Nw==,319.0,279.0,279.0,319.0
T2ZmZXJUYWJsZU9mZmVyTm9kZToxMDMzMzQwODY=,RmlnaHROb2RlOjY2MDM1,U3BvcnRzYm9va05vZGU6MjE=,T3V0Y29tZU5vZGU6NjMwNzM1Mw==,128.0,108.0,137.0,137.0,T3V0Y29tZU5vZGU6NjMwNzM1NA==,-185.0,-200.0,-200.0,-156.0
T2ZmZXJUYWJsZU9mZmVyTm9kZToxMDMzMzM5NDY=,RmlnaHROb2RlOjY2MDM1,U3BvcnRzYm9va05vZGU6MTA=,T3V0Y29tZU5vZGU6NjMwNzA3Mw==,140.0,105.0,170.0,185.0,T3V0Y29tZU5vZGU6NjMwNzA3NA==,-180.0,-215.0,-195.0,-125.0
T2ZmZXJUYWJsZU9mZmVyTm9kZToxMDMzMzQwMDk=,RmlnaHROb2RlOjY2MDM1,U3BvcnRzYm9va05vZGU6Mg==,T3V0Y29tZU5vZGU6NjMwNzE5OQ==,139.0,114.0,124.0,160.0,T3V0Y29tZU5vZGU6NjMwNzIwMA==,-175.0,-203.0,-155.0,-155.0
T2ZmZXJUYWJsZU9mZmVyTm9kZToxMDMzMzQwMzU=,RmlnaHROb2RlOjY2MDM1,U3BvcnRzYm9va05vZGU6Mjg=,T3V0Y29tZU5vZGU6NjMwNzI1Mg==,121.0,101.0,140.0,140.0,T3V0Y29tZU5vZGU6NjMwNzI1MQ==,-161.0,-180.0,-180.0,-141.0
T2ZmZXJUYWJsZU9mZmVyTm9kZToxMDMzMzM5NzA=,RmlnaHROb2RlOjY2MDM1,U3BvcnRzYm9va05vZGU6Mjc=,T3V0Y29tZU5vZGU6NjMwNzEyMQ==,130.0,130.0,130.0,130.0,T3V0Y29tZU5vZGU6NjMwNzEyMg==,-175.0,-175.0,-175.0,-175.0
T2ZmZXJUYWJsZU9mZmVyTm9kZToxMDMzMzM5NzY=,RmlnaHROb2RlOjYzOTY1,U3BvcnRzYm9va05vZGU6Mjc=,T3V0Y29tZU5vZGU6NjMwNzEzMw==,-250.0,-333.0,-333.0,-250.0,T3V0Y29tZU5vZGU6NjMwNzEzNA==,175.0,175.0,225.0,225.0
T2ZmZXJUYWJsZU9mZmVyTm9kZToxMDMzMzQwNDA=,RmlnaHROb2RlOjYzOTY1,U3BvcnRzYm9va05vZGU6Mjg=,T3V0Y29tZU5vZGU6NjMwNzI2MQ==,-270.0,-335.0,-310.0,-270.0,T3V0Y29tZU5vZGU6NjMwNzI2Mg==,185.0,185.0,205.0,220.0
T2ZmZXJUYWJsZU9mZmVyTm9kZToxMDMzMzQwMTQ=,RmlnaHROb2RlOjYzOTY1,U3BvcnRzYm9va05vZGU6Mg==,T3V0Y29tZU5vZGU6NjMwNzIxMA==,-265.0,-355.0,-355.0,-265.0,T3V0Y29tZU5vZGU6NjMwNzIwOQ==,204.0,204.0,264.0,264.0
T2ZmZXJUYWJsZU9mZmVyTm9kZToxMDMzMzQwOTA=,RmlnaHROb2RlOjYzOTY1,U3BvcnRzYm9va05vZGU6MjE=,T3V0Y29tZU5vZGU6NjMwNzM2Mg==,-323.0,-385.0,-345.0,-286.0,T3V0Y29tZU5vZGU6NjMwNzM2MQ==,206.0,185.0,223.0,223.0
T2ZmZXJUYWJsZU9mZmVyTm9kZToxMDMzMzM5NDE=,RmlnaHROb2RlOjYzOTY1,U3BvcnRzYm9va05vZGU6MTA=,T3V0Y29tZU5vZGU6NjMwNzA2NA==,-200.0,-400.0,-315.0,-200.0,T3V0Y29tZU5vZGU6NjMwNzA2Mw==,150.0,150.0,265.0,330.0
T2ZmZXJUYWJsZU9mZmVyTm9kZToxMDMzMzM5NDA=,RmlnaHROb2RlOjYzOTY0,U3BvcnRzYm9va05vZGU6MTA=,T3V0Y29tZU5vZGU6NjMwNzA2MQ==,250.0,250.0,425.0,500.0,T3V0Y29tZU5vZGU6NjMwNzA2Mg==,-400.0,-700.0,-600.0,-400.0
T2ZmZXJUYWJsZU9mZmVyTm9kZToxMDMzMzQwNDU=,RmlnaHROb2RlOjYzOTY0,U3BvcnRzYm9va05vZGU6Mjg=,T3V0Y29tZU5vZGU6NjMwNzI3MQ==,280.0,280.0,360.0,415.0,T3V0Y29tZU5vZGU6NjMwNzI3Mg==,-455.0,-715.0,-625.0,-455.0
T2ZmZXJUYWJsZU9mZmVyTm9kZToxMDMzMzQwMTU=,RmlnaHROb2RlOjYzOTY0,U3BvcnRzYm9va05vZGU6Mg==,T3V0Y29tZU5vZGU6NjMwNzIxMQ==,304.0,304.0,585.0,641.0,T3V0Y29tZU5vZGU6NjMwNzIxMg==,-420.0,-1150.0,-1000.0,-420.0
T2ZmZXJUYWJsZU9mZmVyTm9kZToxMDMzMzQwOTU=,RmlnaHROb2RlOjYzOTY0,U3BvcnRzYm9va05vZGU6MjE=,T3V0Y29tZU5vZGU6NjMwNzM3Mg==,334.0,334.0,370.0,416.0,T3V0Y29tZU5vZGU6NjMwNzM3MQ==,-588.0,-769.0,-714.0,-588.0
T2ZmZXJUYWJsZU9mZmVyTm9kZToxMDMzMzM5NzM=,RmlnaHROb2RlOjYzOTY0,U3BvcnRzYm9va05vZGU6Mjc=,T3V0Y29tZU5vZGU6NjMwNzEyNw==,300.0,300.0,400.0,400.0,T3V0Y29tZU5vZGU6NjMwNzEyOA==,-450.0,-649.0,-649.0,-450.0
T2ZmZXJUYWJsZU9mZmVyTm9kZToxMDMzMzM5NzI=,RmlnaHROb2RlOjYzOTE5,U3BvcnRzYm9va05vZGU6Mjc=,T3V0Y29tZU5vZGU6NjMwNzEyNQ==,175.0,175.0,225.0,225.0,T3V0Y29tZU5vZGU6NjMwNzEyNg==,-250.0,-333.0,-333.0,-250.0
T2ZmZXJUYWJsZU9mZmVyTm9kZToxMDMzMzQwOTQ=,RmlnaHROb2RlOjYzOTE5,U3BvcnRzYm9va05vZGU6MjE=,T3V0Y29tZU5vZGU6NjMwNzM2OQ==,179.0,179.0,242.0,253.0,T3V0Y29tZU5vZGU6NjMwNzM3MA==,-286.0,-385.0,-385.0,-286.0
T2ZmZXJUYWJsZU9mZmVyTm9kZToxMDMzMzQwMTM=,RmlnaHROb2RlOjYzOTE5,U3BvcnRzYm9va05vZGU6Mg==,T3V0Y29tZU5vZGU6NjMwNzIwNw==,179.0,179.0,211.0,237.0,T3V0Y29tZU5vZGU6NjMwNzIwOA==,-230.0,-314.0,-275.0,-230.0
T2ZmZXJUYWJsZU9mZmVyTm9kZToxMDMzMzM5NDI=,RmlnaHROb2RlOjYzOTE5,U3BvcnRzYm9va05vZGU6MTA=,T3V0Y29tZU5vZGU6NjMwNzA2NQ==,150.0,150.0,285.0,310.0,T3V0Y29tZU5vZGU6NjMwNzA2Ng==,-200.0,-375.0,-350.0,-200.0
T2ZmZXJUYWJsZU9mZmVyTm9kZToxMDMzMzQxMjE=,RmlnaHROb2RlOjYzOTE5,U3BvcnRzYm9va05vZGU6Mjg=,T3V0Y29tZU5vZGU6NjMwNzQyNA==,173.0,173.0,195.0,195.0,T3V0Y29tZU5vZGU6NjMwNzQyMw==,-238.0,-290.0,-290.0,-238.0
T2ZmZXJUYWJsZU9mZmVyTm9kZToxMDMzMzQwMTY=,RmlnaHROb2RlOjYzOTYz,U3BvcnRzYm9va05vZGU6Mg==,T3V0Y29tZU5vZGU6NjMwNzIxNA==,-200.0,-210.0,-204.0,-200.0,T3V0Y29tZU5vZGU6NjMwNzIxMw==,158.0,158.0,160.0,165.0
T2ZmZXJUYWJsZU9mZmVyTm9kZToxMDMzMzQwOTI=,RmlnaHROb2RlOjYzOTYz,U3BvcnRzYm9va05vZGU6MjE=,T3V0Y29tZU5vZGU6NjMwNzM2Ng==,-233.0,-278.0,-238.0,-233.0,T3V0Y29tZU5vZGU6NjMwNzM2NQ==,152.0,152.0,164.0,179.0
T2ZmZXJUYWJsZU9mZmVyTm9kZToxMDMzMzM5Nzc=,RmlnaHROb2RlOjYzOTYz,U3BvcnRzYm9va05vZGU6Mjc=,T3V0Y29tZU5vZGU6NjMwNzEzNQ==,-200.0,-200.0,-200.0,-200.0,T3V0Y29tZU5vZGU6NjMwNzEzNg==,150.0,150.0,150.0,150.0
T2ZmZXJUYWJsZU9mZmVyTm9kZToxMDMzMzM5Mzk=,RmlnaHROb2RlOjYzOTYz,U3BvcnRzYm9va05vZGU6MTA=,T3V0Y29tZU5vZGU6NjMwNzA2MA==,-200.0,-275.0,-210.0,-200.0,T3V0Y29tZU5vZGU6NjMwNzA1OQ==,150.0,150.0,180.0,235.0
T2ZmZXJUYWJsZU9mZmVyTm9kZToxMDMzMzQwNDI=,RmlnaHROb2RlOjYzOTYz,U3BvcnRzYm9va05vZGU6Mjg=,T3V0Y29tZU5vZGU6NjMwNzI2NQ==,-200.0,-215.0,-215.0,-200.0,T3V0Y29tZU5vZGU6NjMwNzI2Ng==,150.0,150.0,160.0,160.0
T2ZmZXJUYWJsZU9mZmVyTm9kZToxMDMzMzQwODg=,RmlnaHROb2RlOjY2MDMz,U3BvcnRzYm9va05vZGU6MjE=,T3V0Y29tZU5vZGU6NjMwNzM1OA==,-213.0,-357.0,-323.0,-213.0,T3V0Y29tZU5vZGU6NjMwNzM1Nw==,141.0,141.0,201.0,223.0
T2ZmZXJUYWJsZU9mZmVyTm9kZToxMDMzMzQwMTE=,RmlnaHROb2RlOjY2MDMz,U3BvcnRzYm9va05vZGU6Mg==,T3V0Y29tZU5vZGU6NjMwNzIwMw==,-185.0,-365.0,-305.0,-185.0,T3V0Y29tZU5vZGU6NjMwNzIwNA==,146.0,136.0,231.0,270.0
T2ZmZXJUYWJsZU9mZmVyTm9kZToxMDMzMzM5NjU=,RmlnaHROb2RlOjY2MDMz,U3BvcnRzYm9va05vZGU6Mjc=,T3V0Y29tZU5vZGU6NjMwNzExMQ==,-225.0,-225.0,-225.0,-225.0,T3V0Y29tZU5vZGU6NjMwNzExMg==,163.0,163.0,163.0,163.0
T2ZmZXJUYWJsZU9mZmVyTm9kZToxMDMzMzQwMzc=,RmlnaHROb2RlOjY2MDMz,U3BvcnRzYm9va05vZGU6Mjg=,T3V0Y29tZU5vZGU6NjMwNzI1NQ==,-189.0,-303.0,-300.0,-189.0,T3V0Y29tZU5vZGU6NjMwNzI1Ng==,146.0,146.0,200.0,203.0
T2ZmZXJUYWJsZU9mZmVyTm9kZToxMDMzMzM5NDQ=,RmlnaHROb2RlOjY2MDMz,U3BvcnRzYm9va05vZGU6MTA=,T3V0Y29tZU5vZGU6NjMwNzA3MA==,-150.0,-400.0,-275.0,-150.0,T3V0Y29tZU5vZGU6NjMwNzA2OQ==,110.0,110.0,235.0,330.0
T2ZmZXJUYWJsZU9mZmVyTm9kZToxMDMzMzQwMTk=,RmlnaHROb2RlOjYzOTE4,U3BvcnRzYm9va05vZGU6Mg==,T3V0Y29tZU5vZGU6NjMwNzIyMA==,-405.0,-505.0,-505.0,-402.0,T3V0Y29tZU5vZGU6NjMwNzIxOQ==,295.0,293.0,354.0,354.0
T2ZmZXJUYWJsZU9mZmVyTm9kZToxMDMzMzM5MzY=,RmlnaHROb2RlOjYzOTE4,U3BvcnRzYm9va05vZGU6MTA=,T3V0Y29tZU5vZGU6NjMwNzA1NA==,-500.0,-500.0,-400.0,-400.0,T3V0Y29tZU5vZGU6NjMwNzA1Mw==,300.0,265.0,300.0,375.0
T2ZmZXJUYWJsZU9mZmVyTm9kZToxMDMzMzM5NzQ=,RmlnaHROb2RlOjYzOTE4,U3BvcnRzYm9va05vZGU6Mjc=,T3V0Y29tZU5vZGU6NjMwNzEyOQ==,-450.0,-450.0,-450.0,-450.0,T3V0Y29tZU5vZGU6NjMwNzEzMA==,300.0,300.0,300.0,300.0
T2ZmZXJUYWJsZU9mZmVyTm9kZToxMDMzMzQwOTY=,RmlnaHROb2RlOjYzOTE4,U3BvcnRzYm9va05vZGU6MjE=,T3V0Y29tZU5vZGU6NjMwNzM3NA==,-526.0,-526.0,-526.0,-526.0,T3V0Y29tZU5vZGU6NjMwNzM3Mw==,319.0,294.0,294.0,328.0
T2ZmZXJUYWJsZU9mZmVyTm9kZToxMDMzMzQwNDQ=,RmlnaHROb2RlOjYzOTE4,U3BvcnRzYm9va05vZGU6Mjg=,T3V0Y29tZU5vZGU6NjMwNzI2OQ==,-400.0,-500.0,-400.0,-400.0,T3V0Y29tZU5vZGU6NjMwNzI3MA==,250.0,250.0,250.0,300.0
T2ZmZXJUYWJsZU9mZmVyTm9kZToxMDMzMzM5Njk=,RmlnaHROb2RlOjYzOTYy,U3BvcnRzYm9va05vZGU6Mjc=,T3V0Y29tZU5vZGU6NjMwNzExOQ==,-333.0,-450.0,-450.0,-333.0,T3V0Y29tZU5vZGU6NjMwNzEyMA==,225.0,225.0,300.0,300.0
T2ZmZXJUYWJsZU9mZmVyTm9kZToxMDMzMzM5Mzg=,RmlnaHROb2RlOjYzOTYy,U3BvcnRzYm9va05vZGU6MTA=,T3V0Y29tZU5vZGU6NjMwNzA1OA==,-300.0,-600.0,-350.0,-300.0,T3V0Y29tZU5vZGU6NjMwNzA1Nw==,200.0,200.0,275.0,425.0
T2ZmZXJUYWJsZU9mZmVyTm9kZToxMDMzMzQwMTc=,RmlnaHROb2RlOjYzOTYy,U3BvcnRzYm9va05vZGU6Mg==,T3V0Y29tZU5vZGU6NjMwNzIxNg==,-360.0,-900.0,-500.0,-360.0,T3V0Y29tZU5vZGU6NjMwNzIxNQ==,267.0,267.0,351.0,545.0
T2ZmZXJUYWJsZU9mZmVyTm9kZToxMDMzMzQwOTE=,RmlnaHROb2RlOjYzOTYy,U3BvcnRzYm9va05vZGU6MjE=,T3V0Y29tZU5vZGU6NjMwNzM2NA==,-588.0,-714.0,-588.0,-588.0,T3V0Y29tZU5vZGU6NjMwNzM2Mw==,353.0,307.0,329.0,374.0
T2ZmZXJUYWJsZU9mZmVyTm9kZToxMDMzMzQwNDE=,RmlnaHROb2RlOjYzOTYy,U3BvcnRzYm9va05vZGU6Mjg=,T3V0Y29tZU5vZGU6NjMwNzI2Mw==,-500.0,-588.0,-500.0,-417.0,T3V0Y29tZU5vZGU6NjMwNzI2NA==,300.0,262.0,300.0,348.0
T2ZmZXJUYWJsZU9mZmVyTm9kZToxMDMzNDI0MDM=,RmlnaHROb2RlOjYzOTEx,U3BvcnRzYm9va05vZGU6MTA=,T3V0Y29tZU5vZGU6NjMxODUzMw==,-300.0,-5000.0,-5000.0,-300.0,T3V0Y29tZU5vZGU6NjMxODUzMg==,200.0,200.0,1800.0,1800.0
T2ZmZXJUYWJsZU9mZmVyTm9kZToxMDMzNDI0MzQ=,RmlnaHROb2RlOjYzOTEx,U3BvcnRzYm9va05vZGU6MjE=,T3V0Y29tZU5vZGU6NjMxODU3Mw==,-10000.0,-10000.0,-5000.0,-5000.0,T3V0Y29tZU5vZGU6NjMxODU3Mg==,953.0,716.0,864.0,1097.0
T2ZmZXJUYWJsZU9mZmVyTm9kZToxMDMzNDQ1NjE=,RmlnaHROb2RlOjYzOTEx,U3BvcnRzYm9va05vZGU6Mjc=,T3V0Y29tZU5vZGU6NjMyMTI1Mg==,-3333.0,-3333.0,-3333.0,-3333.0,T3V0Y29tZU5vZGU6NjMyMTI1Mw==,900.0,900.0,900.0,900.0
T2ZmZXJUYWJsZU9mZmVyTm9kZToxMDMzNDQ3NzE=,RmlnaHROb2RlOjYzOTEx,U3BvcnRzYm9va05vZGU6Mjg=,T3V0Y29tZU5vZGU6NjMyMTU3Mg==,-2500.0,-2500.0,-2500.0,-2500.0,T3V0Y29tZU5vZGU6NjMyMTU3Mw==,1175.0,1175.0,1175.0,1175.0
T2ZmZXJUYWJsZU9mZmVyTm9kZToxMDMzNDUxMTE=,RmlnaHROb2RlOjYzOTEx,U3BvcnRzYm9va05vZGU6Mg==,T3V0Y29tZU5vZGU6NjMyMjA4NA==,-2600.0,-2600.0,-2441.0,-2200.0,T3V0Y29tZU5vZGU6NjMyMjA4NQ==,754.0,754.0,959.0,959.0
T2ZmZXJUYWJsZU9mZmVyTm9kZToxMDMzNDUxMDk=,RmlnaHROb2RlOjY1ODEx,U3BvcnRzYm9va05vZGU6Mg==,T3V0Y29tZU5vZGU6NjMyMjA4MA==,-870.0,-935.0,-935.0,-756.0,T3V0Y29tZU5vZGU6NjMyMjA4MQ==,446.0,408.0,560.0,560.0
T2ZmZXJUYWJsZU9mZmVyTm9kZToxMDMzNDI0MzM=,RmlnaHROb2RlOjY1ODEx,U3BvcnRzYm9va05vZGU6MjE=,T3V0Y29tZU5vZGU6NjMxODU3MQ==,-526.0,-1111.0,-1111.0,-526.0,T3V0Y29tZU5vZGU6NjMxODU3MA==,298.0,298.0,481.0,534.0
T2ZmZXJUYWJsZU9mZmVyTm9kZToxMDMzNDQ1NjA=,RmlnaHROb2RlOjY1ODEx,U3BvcnRzYm9va05vZGU6Mjc=,T3V0Y29tZU5vZGU6NjMyMTI1MA==,-1000.0,-1000.0,-800.0,-800.0,T3V0Y29tZU5vZGU6NjMyMTI1MQ==,500.0,450.0,450.0,500.0
T2ZmZXJUYWJsZU9mZmVyTm9kZToxMDMzNDQ3Nzk=,RmlnaHROb2RlOjY1ODEx,U3BvcnRzYm9va05vZGU6Mjg=,T3V0Y29tZU5vZGU6NjMyMTU4OA==,-715.0,-909.0,-909.0,-665.0,T3V0Y29tZU5vZGU6NjMyMTU4OQ==,415.0,390.0,459.0,459.0
T2ZmZXJUYWJsZU9mZmVyTm9kZToxMDMzNDI0MDQ=,RmlnaHROb2RlOjY1ODEx,U3BvcnRzYm9va05vZGU6MTA=,T3V0Y29tZU5vZGU6NjMxODUzNQ==,-500.0,-950.0,-900.0,-500.0,T3V0Y29tZU5vZGU6NjMxODUzNA==,300.0,300.0,600.0,650.0
T2ZmZXJUYWJsZU9mZmVyTm9kZToxMDMzNDI1MDc=,RmlnaHROb2RlOjYzOTEz,U3BvcnRzYm9va05vZGU6MjE=,T3V0Y29tZU5vZGU6NjMxODY4NQ==,-312.0,-1667.0,-1667.0,-312.0,T3V0Y29tZU5vZGU6NjMxODY4NA==,199.0,199.0,509.0,562.0
T2ZmZXJUYWJsZU9mZmVyTm9kZToxMDMzNDQ1NjI=,RmlnaHROb2RlOjYzOTEz,U3BvcnRzYm9va05vZGU6Mjc=,T3V0Y29tZU5vZGU6NjMyMTI1NA==,-1000.0,-1000.0,-1000.0,-1000.0,T3V0Y29tZU5vZGU6NjMyMTI1NQ==,500.0,500.0,500.0,500.0
T2ZmZXJUYWJsZU9mZmVyTm9kZToxMDMzNDQ3NzQ=,RmlnaHROb2RlOjYzOTEz,U3BvcnRzYm9va05vZGU6Mjg=,T3V0Y29tZU5vZGU6NjMyMTU3OA==,-770.0,-1000.0,-1000.0,-770.0,T3V0Y29tZU5vZGU6NjMyMTU3OQ==,435.0,435.0,500.0,500.0
T2ZmZXJUYWJsZU9mZmVyTm9kZToxMDMzNDI0NTE=,RmlnaHROb2RlOjYzOTEz,U3BvcnRzYm9va05vZGU6MTA=,T3V0Y29tZU5vZGU6NjMxODU5NQ==,-200.0,-1000.0,-800.0,-200.0,T3V0Y29tZU5vZGU6NjMxODU5NA==,150.0,150.0,550.0,700.0
T2ZmZXJUYWJsZU9mZmVyTm9kZToxMDMzNDUxMDQ=,RmlnaHROb2RlOjYzOTEz,U3BvcnRzYm9va05vZGU6Mg==,T3V0Y29tZU5vZGU6NjMyMjA3MA==,-800.0,-900.0,-900.0,-780.0,T3V0Y29tZU5vZGU6NjMyMjA3MQ==,423.0,417.0,545.0,545.0
T2ZmZXJUYWJsZU9mZmVyTm9kZToxMDMzNDQ3NzA=,RmlnaHROb2RlOjY1ODEz,U3BvcnRzYm9va05vZGU6Mjg=,T3V0Y29tZU5vZGU6NjMyMTU3MA==,-400.0,-400.0,-305.0,-305.0,T3V0Y29tZU5vZGU6NjMyMTU3MQ==,250.0,205.0,205.0,250.0
T2ZmZXJUYWJsZU9mZmVyTm9kZToxMDMzNDUxMDc=,RmlnaHROb2RlOjY1ODEz,U3BvcnRzYm9va05vZGU6Mg==,T3V0Y29tZU5vZGU6NjMyMjA3Nw==,-370.0,-417.0,-417.0,-370.0,T3V0Y29tZU5vZGU6NjMyMjA3Ng==,242.0,242.0,266.0,266.0
T2ZmZXJUYWJsZU9mZmVyTm9kZToxMDMzNDQ1NjU=,RmlnaHROb2RlOjY1ODEz,U3BvcnRzYm9va05vZGU6Mjc=,T3V0Y29tZU5vZGU6NjMyMTI2MA==,-400.0,-400.0,-350.0,-350.0,T3V0Y29tZU5vZGU6NjMyMTI2MQ==,275.0,240.0,240.0,275.0
T2ZmZXJUYWJsZU9mZmVyTm9kZToxMDMzNDU5NDQ=,RmlnaHROb2RlOjY1ODEz,U3BvcnRzYm9va05vZGU6MjE=,T3V0Y29tZU5vZGU6NjMyMzU4OA==,-303.0,-500.0,-500.0,-303.0,T3V0Y29tZU5vZGU6NjMyMzU4Nw==,196.0,196.0,293.0,293.0
T2ZmZXJUYWJsZU9mZmVyTm9kZToxMDMzNDI0NDg=,RmlnaHROb2RlOjY1ODEz,U3BvcnRzYm9va05vZGU6MTA=,T3V0Y29tZU5vZGU6NjMxODU4OQ==,-200.0,-400.0,-300.0,-200.0,T3V0Y29tZU5vZGU6NjMxODU4OA==,150.0,150.0,250.0,285.0
T2ZmZXJUYWJsZU9mZmVyTm9kZToxMDMzNDI1MDg=,RmlnaHROb2RlOjYzOTEy,U3BvcnRzYm9va05vZGU6MjE=,T3V0Y29tZU5vZGU6NjMxODY4Nw==,-256.0,-1111.0,-918.0,-256.0,T3V0Y29tZU5vZGU6NjMxODY4Ng==,169.0,169.0,471.0,485.0
T2ZmZXJUYWJsZU9mZmVyTm9kZToxMDMzNDQ1NTk=,RmlnaHROb2RlOjYzOTEy,U3BvcnRzYm9va05vZGU6Mjc=,T3V0Y29tZU5vZGU6NjMyMTI0OA==,-800.0,-800.0,-800.0,-800.0,T3V0Y29tZU5vZGU6NjMyMTI0OQ==,450.0,450.0,450.0,450.0
T2ZmZXJUYWJsZU9mZmVyTm9kZToxMDMzNDQ3NzM=,RmlnaHROb2RlOjYzOTEy,U3BvcnRzYm9va05vZGU6Mjg=,T3V0Y29tZU5vZGU6NjMyMTU3Ng==,-555.0,-833.0,-714.0,-555.0,T3V0Y29tZU5vZGU6NjMyMTU3Nw==,330.0,330.0,414.0,458.0
T2ZmZXJUYWJsZU9mZmVyTm9kZToxMDMzNDUxMDU=,RmlnaHROb2RlOjYzOTEy,U3BvcnRzYm9va05vZGU6Mg==,T3V0Y29tZU5vZGU6NjMyMjA3Mw==,-700.0,-930.0,-930.0,-690.0,T3V0Y29tZU5vZGU6NjMyMjA3Mg==,388.0,384.0,557.0,557.0
T2ZmZXJUYWJsZU9mZmVyTm9kZToxMDMzNDI0NTA=,RmlnaHROb2RlOjYzOTEy,U3BvcnRzYm9va05vZGU6MTA=,T3V0Y29tZU5vZGU6NjMxODU5Mw==,-250.0,-1000.0,-1000.0,-250.0,T3V0Y29tZU5vZGU6NjMxODU5Mg==,170.0,170.0,700.0,700.0
T2ZmZXJUYWJsZU9mZmVyTm9kZToxMDMzNDI4ODk=,RmlnaHROb2RlOjYzOTQ5,U3BvcnRzYm9va05vZGU6MjE=,T3V0Y29tZU5vZGU6NjMxOTE5MQ==,-667.0,-1111.0,-833.0,-500.0,T3V0Y29tZU5vZGU6NjMxOTE5MA==,394.0,293.0,421.0,489.0
T2ZmZXJUYWJsZU9mZmVyTm9kZToxMDMzNDI0NDk=,RmlnaHROb2RlOjYzOTQ5,U3BvcnRzYm9va05vZGU6MTA=,T3V0Y29tZU5vZGU6NjMxODU5MQ==,-150.0,-900.0,-600.0,-150.0,T3V0Y29tZU5vZGU6NjMxODU5MA==,110.0,110.0,425.0,600.0
T2ZmZXJUYWJsZU9mZmVyTm9kZToxMDMzNDQ1NjM=,RmlnaHROb2RlOjYzOTQ5,U3BvcnRzYm9va05vZGU6Mjc=,T3V0Y29tZU5vZGU6NjMyMTI1Ng==,-800.0,-800.0,-649.0,-649.0,T3V0Y29tZU5vZGU6NjMyMTI1Nw==,450.0,400.0,400.0,450.0
T2ZmZXJUYWJsZU9mZmVyTm9kZToxMDMzNDUxMDY=,RmlnaHROb2RlOjYzOTQ5,U3BvcnRzYm9va05vZGU6Mg==,T3V0Y29tZU5vZGU6NjMyMjA3NA==,-650.0,-971.0,-848.0,-569.0,T3V0Y29tZU5vZGU6NjMyMjA3NQ==,369.0,336.0,523.0,523.0
T2ZmZXJUYWJsZU9mZmVyTm9kZToxMDMzNDQ3NzU=,RmlnaHROb2RlOjYzOTQ5,U3BvcnRzYm9va05vZGU6Mjg=,T3V0Y29tZU5vZGU6NjMyMTU4MA==,-835.0,-910.0,-588.0,-588.0,T3V0Y29tZU5vZGU6NjMyMTU4MQ==,460.0,348.0,348.0,460.0
T2ZmZXJUYWJsZU9mZmVyTm9kZToxMDMzNDQ3ODA=,RmlnaHROb2RlOjY1ODEy,U3BvcnRzYm9va05vZGU6Mjg=,T3V0Y29tZU5vZGU6NjMyMTU5MA==,-105.0,-110.0,109.0,121.0,T3V0Y29tZU5vZGU6NjMyMTU5MQ==,-135.0,-161.0,-149.0,-130.0
T2ZmZXJUYWJsZU9mZmVyTm9kZToxMDMzNDI0MzI=,RmlnaHROb2RlOjY1ODEy,U3BvcnRzYm9va05vZGU6MjE=,T3V0Y29tZU5vZGU6NjMxODU2OQ==,-143.0,-143.0,117.0,128.0,T3V0Y29tZU5vZGU6NjMxODU2OA==,-101.0,-188.0,-170.0,-101.0
T2ZmZXJUYWJsZU9mZmVyTm9kZToxMDMzNDI0MDY=,RmlnaHROb2RlOjY1ODEy,U3BvcnRzYm9va05vZGU6MTA=,T3V0Y29tZU5vZGU6NjMxODUzOQ==,-180.0,-180.0,140.0,140.0,T3V0Y29tZU5vZGU6NjMxODUzOA==,140.0,-160.0,-160.0,140.0
T2ZmZXJUYWJsZU9mZmVyTm9kZToxMDMzNDUxMDg=,RmlnaHROb2RlOjY1ODEy,U3BvcnRzYm9va05vZGU6Mg==,T3V0Y29tZU5vZGU6NjMyMjA3OA==,-110.0,-110.0,132.0,132.0,T3V0Y29tZU5vZGU6NjMyMjA3OQ==,-125.0,-176.0,-167.0,-125.0
T2ZmZXJUYWJsZU9mZmVyTm9kZToxMDMzNDQ3NDA=,RmlnaHROb2RlOjY1ODEy,U3BvcnRzYm9va05vZGU6Mjc=,T3V0Y29tZU5vZGU6NjMyMTUxMA==,-120.0,-120.0,-110.0,-110.0,T3V0Y29tZU5vZGU6NjMyMTUxMQ==,-110.0,-120.0,-120.0,-110.0
T2ZmZXJUYWJsZU9mZmVyTm9kZToxMDMzNDI0MDU=,RmlnaHROb2RlOjYzOTQ4,U3BvcnRzYm9va05vZGU6MTA=,T3V0Y29tZU5vZGU6NjMxODUzNw==,-400.0,-10000.0,-10000.0,-400.0,T3V0Y29tZU5vZGU6NjMxODUzNg==,250.0,250.0,2000.0,2000.0
T2ZmZXJUYWJsZU9mZmVyTm9kZToxMDMzNDQ1NjQ=,RmlnaHROb2RlOjYzOTQ4,U3BvcnRzYm9va05vZGU6Mjc=,T3V0Y29tZU5vZGU6NjMyMTI1OA==,-3333.0,-3333.0,-3333.0,-3333.0,T3V0Y29tZU5vZGU6NjMyMTI1OQ==,900.0,900.0,900.0,900.0
T2ZmZXJUYWJsZU9mZmVyTm9kZToxMDMzNDI4Nzg=,RmlnaHROb2RlOjYzOTQ4,U3BvcnRzYm9va05vZGU6MjE=,T3V0Y29tZU5vZGU6NjMxOTE3Nw==,-5000.0,-5000.0,-5000.0,-5000.0,T3V0Y29tZU5vZGU6NjMxOTE3Ng==,937.0,805.0,1340.0,1617.0
T2ZmZXJUYWJsZU9mZmVyTm9kZToxMDMzNDQ3NzY=,RmlnaHROb2RlOjYzOTQ4,U3BvcnRzYm9va05vZGU6Mjg=,T3V0Y29tZU5vZGU6NjMyMTU4Mg==,-2500.0,-5000.0,-5000.0,-2500.0,T3V0Y29tZU5vZGU6NjMyMTU4Mw==,1175.0,1175.0,1600.0,1600.0
T2ZmZXJUYWJsZU9mZmVyTm9kZToxMDMzNDUxMTA=,RmlnaHROb2RlOjYzOTQ4,U3BvcnRzYm9va05vZGU6Mg==,T3V0Y29tZU5vZGU6NjMyMjA4Mw==,-3000.0,-4200.0,-4200.0,-3000.0,T3V0Y29tZU5vZGU6NjMyMjA4Mg==,791.0,791.0,1178.0,1178.0
T2ZmZXJUYWJsZU9mZmVyTm9kZToxMDMzNDQ1NTY=,RmlnaHROb2RlOjY3OTI0,U3BvcnRzYm9va05vZGU6Mjc=,T3V0Y29tZU5vZGU6NjMyMTI0Mw==,450.0,450.0,450.0,450.0,T3V0Y29tZU5vZGU6NjMyMTI0Mg==,-800.0,-800.0,-800.0,-800.0
T2ZmZXJUYWJsZU9mZmVyTm9kZToxMDMzNDI0Nzc=,RmlnaHROb2RlOjY3OTI0,U3BvcnRzYm9va05vZGU6MTA=,T3V0Y29tZU5vZGU6NjMxODYzOA==,-150.0,-150.0,800.0,900.0,T3V0Y29tZU5vZGU6NjMxODYzNw==,110.0,-1400.0,-1400.0,110.0
T2ZmZXJUYWJsZU9mZmVyTm9kZToxMDMzNDQ3Nzc=,RmlnaHROb2RlOjY3OTI0,U3BvcnRzYm9va05vZGU6Mjg=,T3V0Y29tZU5vZGU6NjMyMTU4NA==,290.0,290.0,650.0,650.0,T3V0Y29tZU5vZGU6NjMyMTU4NQ==,-475.0,-1250.0,-1250.0,-475.0
T2ZmZXJUYWJsZU9mZmVyTm9kZToxMDMzNDI1MzY=,RmlnaHROb2RlOjY3OTI0,U3BvcnRzYm9va05vZGU6MjE=,T3V0Y29tZU5vZGU6NjMxODczMQ==,-120.0,-120.0,596.0,684.0,T3V0Y29tZU5vZGU6NjMxODczMA==,-120.0,-2500.0,-2500.0,-120.0
T2ZmZXJUYWJsZU9mZmVyTm9kZToxMDMzNDUxMDM=,RmlnaHROb2RlOjY3OTI0,U3BvcnRzYm9va05vZGU6Mg==,T3V0Y29tZU5vZGU6NjMyMjA2OA==,388.0,388.0,654.0,654.0,T3V0Y29tZU5vZGU6NjMyMjA2OQ==,-700.0,-1190.0,-1190.0,-700.0
T2ZmZXJUYWJsZU9mZmVyTm9kZToxMDMzNDUxMDI=,RmlnaHROb2RlOjY3OTI1,U3BvcnRzYm9va05vZGU6Mg==,T3V0Y29tZU5vZGU6NjMyMjA2Ng==,456.0,456.0,696.0,696.0,T3V0Y29tZU5vZGU6NjMyMjA2Nw==,-900.0,-1315.0,-1315.0,-900.0
T2ZmZXJUYWJsZU9mZmVyTm9kZToxMDMzNDI1Mzc=,RmlnaHROb2RlOjY3OTI1,U3BvcnRzYm9va05vZGU6MjE=,T3V0Y29tZU5vZGU6NjMxODczMg==,298.0,298.0,659.0,799.0,T3V0Y29tZU5vZGU6NjMxODczMw==,-526.0,-5000.0,-5000.0,-526.0
T2ZmZXJUYWJsZU9mZmVyTm9kZToxMDMzNDQ3Nzg=,RmlnaHROb2RlOjY3OTI1,U3BvcnRzYm9va05vZGU6Mjg=,T3V0Y29tZU5vZGU6NjMyMTU4Nw==,500.0,500.0,765.0,765.0,T3V0Y29tZU5vZGU6NjMyMTU4Ng==,-1000.0,-1665.0,-1665.0,-1000.0
T2ZmZXJUYWJsZU9mZmVyTm9kZToxMDMzNDQ1NTg=,RmlnaHROb2RlOjY3OTI1,U3BvcnRzYm9va05vZGU6Mjc=,T3V0Y29tZU5vZGU6NjMyMTI0Nw==,500.0,500.0,500.0,500.0,T3V0Y29tZU5vZGU6NjMyMTI0Ng==,-1000.0,-1000.0,-1000.0,-1000.0
T2ZmZXJUYWJsZU9mZmVyTm9kZToxMDMzNDI0NzY=,RmlnaHROb2RlOjY3OTI1,U3BvcnRzYm9va05vZGU6MTA=,T3V0Y29tZU5vZGU6NjMxODYzNQ==,200.0,200.0,800.0,900.0,T3V0Y29tZU5vZGU6NjMxODYzNg==,-300.0,-1400.0,-1400.0,-300.0
T2ZmZXJUYWJsZU9mZmVyTm9kZToxMDMzNDI0Nzg=,RmlnaHROb2RlOjY1ODE0,U3BvcnRzYm9va05vZGU6MTA=,T3V0Y29tZU5vZGU6NjMxODY0MA==,-250.0,-300.0,-230.0,-230.0,T3V0Y29tZU5vZGU6NjMxODYzOQ==,170.0,170.0,195.0,220.0
T2ZmZXJUYWJsZU9mZmVyTm9kZToxMDMzNDQ1NTc=,RmlnaHROb2RlOjY1ODE0,U3BvcnRzYm9va05vZGU6Mjc=,T3V0Y29tZU5vZGU6NjMyMTI0NA==,-333.0,-333.0,-250.0,-250.0,T3V0Y29tZU5vZGU6NjMyMTI0NQ==,225.0,175.0,175.0,225.0
T2ZmZXJUYWJsZU9mZmVyTm9kZToxMDMzNDQ3NzI=,RmlnaHROb2RlOjY1ODE0,U3BvcnRzYm9va05vZGU6Mjg=,T3V0Y29tZU5vZGU6NjMyMTU3NA==,-303.0,-303.0,-227.0,-227.0,T3V0Y29tZU5vZGU6NjMyMTU3NQ==,203.0,167.0,167.0,203.0
T2ZmZXJUYWJsZU9mZmVyTm9kZToxMDMzNDM2Mzc=,RmlnaHROb2RlOjY1ODE0,U3BvcnRzYm9va05vZGU6MjE=,T3V0Y29tZU5vZGU6NjMyMDEwMQ==,-323.0,-323.0,-256.0,-217.0,T3V0Y29tZU5vZGU6NjMyMDEwMA==,208.0,146.0,168.0,212.0
T2ZmZXJUYWJsZU9mZmVyTm9kZToxMDMzNDUxMDE=,RmlnaHROb2RlOjY1ODE0,U3BvcnRzYm9va05vZGU6Mg==,T3V0Y29tZU5vZGU6NjMyMjA2NQ==,-250.0,-340.0,-275.0,-250.0,T3V0Y29tZU5vZGU6NjMyMjA2NA==,173.0,173.0,211.0,225.0
T2ZmZXJUYWJsZU9mZmVyTm9kZToxMDMzNTQ2ODY=,RmlnaHROb2RlOjY1ODAy,U3BvcnRzYm9va05vZGU6Mg==,T3V0Y29tZU5vZGU6NjMzNjM3Mg==,126.0,-105.0,-105.0,126.0,T3V0Y29tZU5vZGU6NjMzNjM3Mw==,-176.0,-176.0,-131.0,-131.0
T2ZmZXJUYWJsZU9mZmVyTm9kZToxMDMzNTIyMDU=,RmlnaHROb2RlOjY1ODAy,U3BvcnRzYm9va05vZGU6Mjc=,T3V0Y29tZU5vZGU6NjMzMjUxMg==,130.0,105.0,105.0,130.0,T3V0Y29tZU5vZGU6NjMzMjUxMw==,-175.0,-175.0,-138.0,-138.0
T2ZmZXJUYWJsZU9mZmVyTm9kZToxMDMzNTE1MzQ=,RmlnaHROb2RlOjY1ODAy,U3BvcnRzYm9va05vZGU6MjE=,T3V0Y29tZU5vZGU6NjMzMTU0MQ==,-105.0,-115.0,-110.0,148.0,T3V0Y29tZU5vZGU6NjMzMTU0Mg==,-135.0,-213.0,-132.0,-125.0
T2ZmZXJUYWJsZU9mZmVyTm9kZToxMDMzNTI4ODQ=,RmlnaHROb2RlOjY1ODAy,U3BvcnRzYm9va05vZGU6Mjg=,T3V0Y29tZU5vZGU6NjMzMzQ4NA==,135.0,-130.0,-130.0,135.0,T3V0Y29tZU5vZGU6NjMzMzQ4Mw==,-175.0,-175.0,-110.0,-110.0
T2ZmZXJUYWJsZU9mZmVyTm9kZToxMDMzNTE1MjU=,RmlnaHROb2RlOjY1ODAy,U3BvcnRzYm9va05vZGU6MTA=,T3V0Y29tZU5vZGU6NjMzMTUyMw==,-105.0,-125.0,-125.0,150.0,T3V0Y29tZU5vZGU6NjMzMTUyNA==,-135.0,-175.0,105.0,105.0
T2ZmZXJUYWJsZU9mZmVyTm9kZToxMDMzNTE1MzM=,RmlnaHROb2RlOjY1NTg2,U3BvcnRzYm9va05vZGU6MjE=,T3V0Y29tZU5vZGU6NjMzMTUzOQ==,-256.0,-312.0,-256.0,-200.0,T3V0Y29tZU5vZGU6NjMzMTU0MA==,169.0,137.0,176.0,198.0
T2ZmZXJUYWJsZU9mZmVyTm9kZToxMDMzNTIyMDk=,RmlnaHROb2RlOjY1NTg2,U3BvcnRzYm9va05vZGU6Mjc=,T3V0Y29tZU5vZGU6NjMzMjUyMA==,-250.0,-250.0,-250.0,-250.0,T3V0Y29tZU5vZGU6NjMzMjUyMQ==,175.0,175.0,175.0,175.0
T2ZmZXJUYWJsZU9mZmVyTm9kZToxMDMzNTE0NDc=,RmlnaHROb2RlOjY1NTg2,U3BvcnRzYm9va05vZGU6MTA=,T3V0Y29tZU5vZGU6NjMzMTQyNg==,-110.0,-430.0,-300.0,-110.0,T3V0Y29tZU5vZGU6NjMzMTQyNw==,-130.0,-130.0,250.0,330.0
T2ZmZXJUYWJsZU9mZmVyTm9kZToxMDMzNTQ2ODk=,RmlnaHROb2RlOjY1NTg2,U3BvcnRzYm9va05vZGU6Mg==,T3V0Y29tZU5vZGU6NjMzNjM3OA==,-245.0,-278.0,-278.0,-245.0,T3V0Y29tZU5vZGU6NjMzNjM3OQ==,170.0,170.0,190.0,190.0
T2ZmZXJUYWJsZU9mZmVyTm9kZToxMDMzNTI4ODg=,RmlnaHROb2RlOjY1NTg2,U3BvcnRzYm9va05vZGU6Mjg=,T3V0Y29tZU5vZGU6NjMzMzQ5Mg==,-250.0,-303.0,-240.0,-227.0,T3V0Y29tZU5vZGU6NjMzMzQ5MQ==,175.0,167.0,170.0,203.0
T2ZmZXJUYWJsZU9mZmVyTm9kZToxMDMzNTE0NDg=,RmlnaHROb2RlOjY1NTg3,U3BvcnRzYm9va05vZGU6MTA=,T3V0Y29tZU5vZGU6NjMzMTQyOA==,-200.0,-300.0,-210.0,-175.0,T3V0Y29tZU5vZGU6NjMzMTQyOQ==,150.0,150.0,180.0,250.0
T2ZmZXJUYWJsZU9mZmVyTm9kZToxMDMzNTIyMDI=,RmlnaHROb2RlOjY1NTg3,U3BvcnRzYm9va05vZGU6Mjc=,T3V0Y29tZU5vZGU6NjMzMjUwNg==,-333.0,-333.0,-250.0,-250.0,T3V0Y29tZU5vZGU6NjMzMjUwNw==,225.0,175.0,175.0,225.0
T2ZmZXJUYWJsZU9mZmVyTm9kZToxMDMzNTQ2Njk=,RmlnaHROb2RlOjY1NTg3,U3BvcnRzYm9va05vZGU6MjE=,T3V0Y29tZU5vZGU6NjMzNjMzOQ==,-303.0,-312.0,-312.0,-278.0,T3V0Y29tZU5vZGU6NjMzNjMzOA==,207.0,176.0,198.0,207.0
T2ZmZXJUYWJsZU9mZmVyTm9kZToxMDMzNTQ5Nzg=,RmlnaHROb2RlOjY1NTg3,U3BvcnRzYm9va05vZGU6Mjg=,T3V0Y29tZU5vZGU6NjMzNjg1Nw==,-227.0,-230.0,-230.0,-227.0,T3V0Y29tZU5vZGU6NjMzNjg1OA==,167.0,165.0,165.0,167.0
T2ZmZXJUYWJsZU9mZmVyTm9kZToxMDMzNTQ2ODg=,RmlnaHROb2RlOjY1NTg3,U3BvcnRzYm9va05vZGU6Mg==,T3V0Y29tZU5vZGU6NjMzNjM3Ng==,-275.0,-275.0,-237.0,-200.0,T3V0Y29tZU5vZGU6NjMzNjM3Nw==,188.0,142.0,166.0,188.0
T2ZmZXJUYWJsZU9mZmVyTm9kZToxMDMzNTIyMTE=,RmlnaHROb2RlOjY1NTIz,U3BvcnRzYm9va05vZGU6Mjc=,T3V0Y29tZU5vZGU6NjMzMjUyNA==,200.0,200.0,200.0,200.0,T3V0Y29tZU5vZGU6NjMzMjUyNQ==,-275.0,-275.0,-275.0,-275.0
T2ZmZXJUYWJsZU9mZmVyTm9kZToxMDMzNTQyNDY=,RmlnaHROb2RlOjY1NTIz,U3BvcnRzYm9va05vZGU6Mjg=,T3V0Y29tZU5vZGU6NjMzNTY1NA==,200.0,174.0,175.0,200.0,T3V0Y29tZU5vZGU6NjMzNTY1NQ==,-300.0,-300.0,-250.0,-244.0
T2ZmZXJUYWJsZU9mZmVyTm9kZToxMDMzNTE0NDk=,RmlnaHROb2RlOjY1NTIz,U3BvcnRzYm9va05vZGU6MTA=,T3V0Y29tZU5vZGU6NjMzMTQzMA==,150.0,150.0,190.0,250.0,T3V0Y29tZU5vZGU6NjMzMTQzMQ==,-200.0,-300.0,-225.0,-200.0
T2ZmZXJUYWJsZU9mZmVyTm9kZToxMDMzNTQ2ODc=,RmlnaHROb2RlOjY1NTIz,U3BvcnRzYm9va05vZGU6Mg==,T3V0Y29tZU5vZGU6NjMzNjM3NQ==,185.0,185.0,185.0,185.0,T3V0Y29tZU5vZGU6NjMzNjM3NA==,-270.0,-270.0,-270.0,-270.0
T2ZmZXJUYWJsZU9mZmVyTm9kZToxMDMzNTE1NTE=,RmlnaHROb2RlOjY1NTIz,U3BvcnRzYm9va05vZGU6MjE=,T3V0Y29tZU5vZGU6NjMzMTU3Ng==,140.0,140.0,195.0,226.0,T3V0Y29tZU5vZGU6NjMzMTU3NQ==,-208.0,-345.0,-303.0,-208.0
T2ZmZXJUYWJsZU9mZmVyTm9kZToxMDMzNTQ2ODE=,RmlnaHROb2RlOjY1ODA2,U3BvcnRzYm9va05vZGU6Mg==,T3V0Y29tZU5vZGU6NjMzNjM2Mw==,108.0,104.0,104.0,108.0,T3V0Y29tZU5vZGU6NjMzNjM2Mg==,-150.0,-150.0,-144.0,-144.0
T2ZmZXJUYWJsZU9mZmVyTm9kZToxMDMzNTIyMDY=,RmlnaHROb2RlOjY1ODA2,U3BvcnRzYm9va05vZGU6Mjc=,T3V0Y29tZU5vZGU6NjMzMjUxNA==,120.0,120.0,120.0,120.0,T3V0Y29tZU5vZGU6NjMzMjUxNQ==,-163.0,-163.0,-163.0,-163.0
T2ZmZXJUYWJsZU9mZmVyTm9kZToxMDMzNTE1MzA=,RmlnaHROb2RlOjY1ODA2,U3BvcnRzYm9va05vZGU6MTA=,T3V0Y29tZU5vZGU6NjMzMTUzMw==,-120.0,-120.0,-105.0,130.0,T3V0Y29tZU5vZGU6NjMzMTUzNA==,-120.0,-160.0,-115.0,-115.0
T2ZmZXJUYWJsZU9mZmVyTm9kZToxMDMzNTE1Mzg=,RmlnaHROb2RlOjY1ODA2,U3BvcnRzYm9va05vZGU6MjE=,T3V0Y29tZU5vZGU6NjMzMTU0OQ==,-120.0,-120.0,100.0,137.0,T3V0Y29tZU5vZGU6NjMzMTU1MA==,-120.0,-200.0,-145.0,-120.0
T2ZmZXJUYWJsZU9mZmVyTm9kZToxMDMzNTI4ODU=,RmlnaHROb2RlOjY1ODA2,U3BvcnRzYm9va05vZGU6Mjg=,T3V0Y29tZU5vZGU6NjMzMzQ4Ng==,120.0,-110.0,-110.0,140.0,T3V0Y29tZU5vZGU6NjMzMzQ4NQ==,-160.0,-180.0,-130.0,-130.0
T2ZmZXJUYWJsZU9mZmVyTm9kZToxMDMzNTQ5Nzc=,RmlnaHROb2RlOjY1ODA0,U3BvcnRzYm9va05vZGU6Mjg=,T3V0Y29tZU5vZGU6NjMzNjg1NQ==,-118.0,-118.0,-110.0,-110.0,T3V0Y29tZU5vZGU6NjMzNjg1Ng==,-122.0,-130.0,-130.0,-122.0
T2ZmZXJUYWJsZU9mZmVyTm9kZToxMDMzNTE1MzI=,RmlnaHROb2RlOjY1ODA0,U3BvcnRzYm9va05vZGU6MTA=,T3V0Y29tZU5vZGU6NjMzMTUzNw==,-180.0,-180.0,105.0,135.0,T3V0Y29tZU5vZGU6NjMzMTUzOA==,140.0,-155.0,-125.0,140.0
T2ZmZXJUYWJsZU9mZmVyTm9kZToxMDMzNTIyMDM=,RmlnaHROb2RlOjY1ODA0,U3BvcnRzYm9va05vZGU6Mjc=,T3V0Y29tZU5vZGU6NjMzMjUwOA==,-138.0,-138.0,-110.0,-110.0,T3V0Y29tZU5vZGU6NjMzMjUwOQ==,105.0,-120.0,-120.0,105.0
T2ZmZXJUYWJsZU9mZmVyTm9kZToxMDMzNTQ2Nzk=,RmlnaHROb2RlOjY1ODA0,U3BvcnRzYm9va05vZGU6Mg==,T3V0Y29tZU5vZGU6NjMzNjM1OQ==,-103.0,-134.0,-134.0,-102.0,T3V0Y29tZU5vZGU6NjMzNjM1OA==,-134.0,-135.0,-103.0,-103.0
T2ZmZXJUYWJsZU9mZmVyTm9kZToxMDMzNTI4OTA=,RmlnaHROb2RlOjY1ODA1,U3BvcnRzYm9va05vZGU6Mjg=,T3V0Y29tZU5vZGU6NjMzMzQ5Ng==,-270.0,-270.0,-260.0,-260.0,T3V0Y29tZU5vZGU6NjMzMzQ5NQ==,185.0,180.0,180.0,185.0
T2ZmZXJUYWJsZU9mZmVyTm9kZToxMDMzNTE1Mzk=,RmlnaHROb2RlOjY1ODA1,U3BvcnRzYm9va05vZGU6MjE=,T3V0Y29tZU5vZGU6NjMzMTU1MQ==,-270.0,-345.0,-345.0,-270.0,T3V0Y29tZU5vZGU6NjMzMTU1Mg==,179.0,172.0,205.0,220.0
T2ZmZXJUYWJsZU9mZmVyTm9kZToxMDMzNTE1MzE=,RmlnaHROb2RlOjY1ODA1,U3BvcnRzYm9va05vZGU6MTA=,T3V0Y29tZU5vZGU6NjMzMTUzNQ==,-140.0,-270.0,-260.0,-140.0,T3V0Y29tZU5vZGU6NjMzMTUzNg==,100.0,100.0,200.0,210.0
T2ZmZXJUYWJsZU9mZmVyTm9kZToxMDMzNTQ2ODA=,RmlnaHROb2RlOjY1ODA1,U3BvcnRzYm9va05vZGU6Mg==,T3V0Y29tZU5vZGU6NjMzNjM2MA==,-280.0,-312.0,-312.0,-278.0,T3V0Y29tZU5vZGU6NjMzNjM2MQ==,191.0,190.0,210.0,210.0
T2ZmZXJUYWJsZU9mZmVyTm9kZToxMDMzNTIyMTA=,RmlnaHROb2RlOjY1ODA1,U3BvcnRzYm9va05vZGU6Mjc=,T3V0Y29tZU5vZGU6NjMzMjUyMg==,-275.0,-275.0,-275.0,-275.0,T3V0Y29tZU5vZGU6NjMzMjUyMw==,200.0,200.0,200.0,200.0
T2ZmZXJUYWJsZU9mZmVyTm9kZToxMDMzNTE1Mjc=,RmlnaHROb2RlOjY2MDIz,U3BvcnRzYm9va05vZGU6MTA=,T3V0Y29tZU5vZGU6NjMzMTUyNw==,-200.0,-500.0,-300.0,-200.0,T3V0Y29tZU5vZGU6NjMzMTUyOA==,150.0,150.0,240.0,375.0
T2ZmZXJUYWJsZU9mZmVyTm9kZToxMDMzNTIyMDE=,RmlnaHROb2RlOjY2MDIz,U3BvcnRzYm9va05vZGU6Mjc=,T3V0Y29tZU5vZGU6NjMzMjUwNA==,-450.0,-450.0,-400.0,-400.0,T3V0Y29tZU5vZGU6NjMzMjUwNQ==,300.0,275.0,275.0,300.0
T2ZmZXJUYWJsZU9mZmVyTm9kZToxMDMzNTQ2Njc=,RmlnaHROb2RlOjY2MDIz,U3BvcnRzYm9va05vZGU6MjE=,T3V0Y29tZU5vZGU6NjMzNjMzNQ==,-714.0,-714.0,-714.0,-714.0,T3V0Y29tZU5vZGU6NjMzNjMzNA==,371.0,371.0,371.0,371.0
T2ZmZXJUYWJsZU9mZmVyTm9kZToxMDMzNTQ2ODQ=,RmlnaHROb2RlOjY2MDIz,U3BvcnRzYm9va05vZGU6Mg==,T3V0Y29tZU5vZGU6NjMzNjM2OQ==,-557.0,-557.0,-370.0,-370.0,T3V0Y29tZU5vZGU6NjMzNjM2OA==,331.0,242.0,242.0,331.0
T2ZmZXJUYWJsZU9mZmVyTm9kZToxMDMzNTQ5ODA=,RmlnaHROb2RlOjY2MDIz,U3BvcnRzYm9va05vZGU6Mjg=,T3V0Y29tZU5vZGU6NjMzNjg2MQ==,-555.0,-555.0,-400.0,-350.0,T3V0Y29tZU5vZGU6NjMzNjg2Mg==,330.0,225.0,250.0,330.0
T2ZmZXJUYWJsZU9mZmVyTm9kZToxMDMzNTQ2ODM=,RmlnaHROb2RlOjY1ODAz,U3BvcnRzYm9va05vZGU6Mg==,T3V0Y29tZU5vZGU6NjMzNjM2Ng==,-242.0,-242.0,-213.0,-191.0,T3V0Y29tZU5vZGU6NjMzNjM2Nw==,169.0,136.0,150.0,169.0
T2ZmZXJUYWJsZU9mZmVyTm9kZToxMDMzNTE1MzU=,RmlnaHROb2RlOjY1ODAz,U3BvcnRzYm9va05vZGU6MjE=,T3V0Y29tZU5vZGU6NjMzMTU0Mw==,-154.0,-303.0,-233.0,-154.0,T3V0Y29tZU5vZGU6NjMzMTU0NA==,107.0,107.0,157.0,194.0
T2ZmZXJUYWJsZU9mZmVyTm9kZToxMDMzNTI4ODk=,RmlnaHROb2RlOjY1ODAz,U3BvcnRzYm9va05vZGU6Mjg=,T3V0Y29tZU5vZGU6NjMzMzQ5NA==,-200.0,-305.0,-240.0,-200.0,T3V0Y29tZU5vZGU6NjMzMzQ5Mw==,150.0,142.0,142.0,205.0
T2ZmZXJUYWJsZU9mZmVyTm9kZToxMDMzNTE1Mjg=,RmlnaHROb2RlOjY1ODAz,U3BvcnRzYm9va05vZGU6MTA=,T3V0Y29tZU5vZGU6NjMzMTUyOQ==,-150.0,-230.0,-180.0,-150.0,T3V0Y29tZU5vZGU6NjMzMTUzMA==,110.0,110.0,155.0,195.0
T2ZmZXJUYWJsZU9mZmVyTm9kZToxMDMzNTIyMDg=,RmlnaHROb2RlOjY1ODAz,U3BvcnRzYm9va05vZGU6Mjc=,T3V0Y29tZU5vZGU6NjMzMjUxOA==,-225.0,-225.0,-225.0,-225.0,T3V0Y29tZU5vZGU6NjMzMjUxOQ==,163.0,163.0,163.0,163.0
T2ZmZXJUYWJsZU9mZmVyTm9kZToxMDMzNTQ5Nzk=,RmlnaHROb2RlOjY2MDI0,U3BvcnRzYm9va05vZGU6Mjg=,T3V0Y29tZU5vZGU6NjMzNjg1OQ==,-208.0,-208.0,-190.0,-190.0,T3V0Y29tZU5vZGU6NjMzNjg2MA==,158.0,145.0,145.0,158.0
T2ZmZXJUYWJsZU9mZmVyTm9kZToxMDMzNTQ2ODI=,RmlnaHROb2RlOjY2MDI0,U3BvcnRzYm9va05vZGU6Mg==,T3V0Y29tZU5vZGU6NjMzNjM2NQ==,-235.0,-235.0,-235.0,-235.0,T3V0Y29tZU5vZGU6NjMzNjM2NA==,164.0,164.0,164.0,164.0
T2ZmZXJUYWJsZU9mZmVyTm9kZToxMDMzNTIyMDc=,RmlnaHROb2RlOjY2MDI0,U3BvcnRzYm9va05vZGU6Mjc=,T3V0Y29tZU5vZGU6NjMzMjUxNg==,-200.0,-250.0,-250.0,-200.0,T3V0Y29tZU5vZGU6NjMzMjUxNw==,150.0,150.0,175.0,175.0
T2ZmZXJUYWJsZU9mZmVyTm9kZToxMDMzNTE1Mjk=,RmlnaHROb2RlOjY2MDI0,U3BvcnRzYm9va05vZGU6MTA=,T3V0Y29tZU5vZGU6NjMzMTUzMQ==,-200.0,-225.0,-180.0,-180.0,T3V0Y29tZU5vZGU6NjMzMTUzMg==,150.0,150.0,155.0,190.0
T2ZmZXJUYWJsZU9mZmVyTm9kZToxMDMzNTQ2Njg=,RmlnaHROb2RlOjY2MDI0,U3BvcnRzYm9va05vZGU6MjE=,T3V0Y29tZU5vZGU6NjMzNjMzNw==,-270.0,-270.0,-250.0,-233.0,T3V0Y29tZU5vZGU6NjMzNjMzNg==,171.0,156.0,165.0,171.0
T2ZmZXJUYWJsZU9mZmVyTm9kZToxMDMzNTE1MjY=,RmlnaHROb2RlOjY5MjU1,U3BvcnRzYm9va05vZGU6MTA=,T3V0Y29tZU5vZGU6NjMzMTUyNQ==,-120.0,-260.0,-260.0,-120.0,T3V0Y29tZU5vZGU6NjMzMTUyNg==,-120.0,-120.0,220.0,220.0
T2ZmZXJUYWJsZU9mZmVyTm9kZToxMDMzNTQ2ODU=,RmlnaHROb2RlOjY5MjU1,U3BvcnRzYm9va05vZGU6Mg==,T3V0Y29tZU5vZGU6NjMzNjM3MA==,-212.0,-243.0,-243.0,-212.0,T3V0Y29tZU5vZGU6NjMzNjM3MQ==,150.0,150.0,169.0,169.0
T2ZmZXJUYWJsZU9mZmVyTm9kZToxMDMzNTE1MzY=,RmlnaHROb2RlOjY5MjU1,U3BvcnRzYm9va05vZGU6MjE=,T3V0Y29tZU5vZGU6NjMzMTU0NQ==,-169.0,-312.0,-312.0,-169.0,T3V0Y29tZU5vZGU6NjMzMTU0Ng==,116.0,116.0,198.0,198.0
T2ZmZXJUYWJsZU9mZmVyTm9kZToxMDMzNTI4ODY=,RmlnaHROb2RlOjY5MjU1,U3BvcnRzYm9va05vZGU6Mjg=,T3V0Y29tZU5vZGU6NjMzMzQ4OA==,-160.0,-245.0,-230.0,-160.0,T3V0Y29tZU5vZGU6NjMzMzQ4Nw==,120.0,120.0,165.0,175.0
T2ZmZXJUYWJsZU9mZmVyTm9kZToxMDMzNTQ4NzE=,RmlnaHROb2RlOjY5MjU1,U3BvcnRzYm9va05vZGU6Mjc=,T3V0Y29tZU5vZGU6NjMzNjY5NA==,-225.0,-225.0,-225.0,-225.0,T3V0Y29tZU5vZGU6NjMzNjY5NQ==,163.0,163.0,163.0,163.0
T2ZmZXJUYWJsZU9mZmVyTm9kZToxMDMzNTg3NDQ=,RmlnaHROb2RlOjY0ODQ3,U3BvcnRzYm9va05vZGU6MTA=,T3V0Y29tZU5vZGU6NjM0MjA5OQ==,-230.0,-600.0,-450.0,-230.0,T3V0Y29tZU5vZGU6NjM0MjA5OA==,160.0,160.0,350.0,425.0
T2ZmZXJUYWJsZU9mZmVyTm9kZToxMDMzNjA0NDM=,RmlnaHROb2RlOjY0ODQ3,U3BvcnRzYm9va05vZGU6Mg==,T3V0Y29tZU5vZGU6NjM0NDQ3Ng==,-390.0,-404.0,-359.0,-359.0,T3V0Y29tZU5vZGU6NjM0NDQ3Nw==,252.0,225.0,225.0,254.0
T2ZmZXJUYWJsZU9mZmVyTm9kZToxMDMzNTkzMzA=,RmlnaHROb2RlOjY0ODQ3,U3BvcnRzYm9va05vZGU6Mjc=,T3V0Y29tZU5vZGU6NjM0Mjk2OA==,-350.0,-350.0,-350.0,-350.0,T3V0Y29tZU5vZGU6NjM0Mjk2OQ==,240.0,240.0,240.0,240.0
T2ZmZXJUYWJsZU9mZmVyTm9kZToxMDMzNTU1MTU=,RmlnaHROb2RlOjY0ODQ3,U3BvcnRzYm9va05vZGU6MjE=,T3V0Y29tZU5vZGU6NjMzNzkxNA==,-244.0,-455.0,-455.0,-227.0,T3V0Y29tZU5vZGU6NjMzNzkxMw==,161.0,155.0,271.0,271.0
T2ZmZXJUYWJsZU9mZmVyTm9kZToxMDMzNjE4MTM=,RmlnaHROb2RlOjY0ODQ3,U3BvcnRzYm9va05vZGU6Mjg=,T3V0Y29tZU5vZGU6NjM0NjQ3OA==,-357.0,-455.0,-455.0,-256.0,T3V0Y29tZU5vZGU6NjM0NjQ3OQ==,232.0,181.0,280.0,280.0
T2ZmZXJUYWJsZU9mZmVyTm9kZToxMDMzNTg3NTU=,RmlnaHROb2RlOjY0ODQ4,U3BvcnRzYm9va05vZGU6MjE=,T3V0Y29tZU5vZGU6NjM0MjEyMA==,-120.0,-143.0,100.0,103.0,T3V0Y29tZU5vZGU6NjM0MjEyMQ==,-120.0,-147.0,-139.0,-101.0
T2ZmZXJUYWJsZU9mZmVyTm9kZToxMDMzNTkzMjY=,RmlnaHROb2RlOjY0ODQ4,U3BvcnRzYm9va05vZGU6Mjc=,T3V0Y29tZU5vZGU6NjM0Mjk2MQ==,-120.0,-175.0,-120.0,-120.0,T3V0Y29tZU5vZGU6NjM0Mjk2MA==,-110.0,-110.0,-110.0,130.0
T2ZmZXJUYWJsZU9mZmVyTm9kZToxMDMzNTg3NDU=,RmlnaHROb2RlOjY0ODQ4,U3BvcnRzYm9va05vZGU6MTA=,T3V0Y29tZU5vZGU6NjM0MjEwMA==,200.0,-210.0,-105.0,200.0,T3V0Y29tZU5vZGU6NjM0MjEwMQ==,-300.0,-300.0,-115.0,160.0
T2ZmZXJUYWJsZU9mZmVyTm9kZToxMDMzNjA0NDI=,RmlnaHROb2RlOjY0ODQ4,U3BvcnRzYm9va05vZGU6Mg==,T3V0Y29tZU5vZGU6NjM0NDQ3NA==,-117.0,-177.0,-146.0,-112.0,T3V0Y29tZU5vZGU6NjM0NDQ3NQ==,-118.0,-123.0,101.0,127.0
T2ZmZXJUYWJsZU9mZmVyTm9kZToxMDMzNjE4MDY=,RmlnaHROb2RlOjY0ODQ4,U3BvcnRzYm9va05vZGU6Mjg=,T3V0Y29tZU5vZGU6NjM0NjQ2NQ==,-125.0,-169.0,-120.0,101.0,T3V0Y29tZU5vZGU6NjM0NjQ2NA==,-115.0,-141.0,-120.0,129.0
T2ZmZXJUYWJsZU9mZmVyTm9kZToxMDMzNTg3NTQ=,RmlnaHROb2RlOjY5NDUz,U3BvcnRzYm9va05vZGU6MTA=,T3V0Y29tZU5vZGU6NjM0MjExOQ==,-200.0,-500.0,-500.0,-200.0,T3V0Y29tZU5vZGU6NjM0MjExOA==,150.0,150.0,375.0,375.0
T2ZmZXJUYWJsZU9mZmVyTm9kZToxMDMzNjE4MDc=,RmlnaHROb2RlOjY5NDUz,U3BvcnRzYm9va05vZGU6Mjg=,T3V0Y29tZU5vZGU6NjM0NjQ2Ng==,-500.0,-500.0,-500.0,-500.0,T3V0Y29tZU5vZGU6NjM0NjQ2Nw==,300.0,300.0,300.0,300.0
T2ZmZXJUYWJsZU9mZmVyTm9kZToxMDMzNTkzMzQ=,RmlnaHROb2RlOjY5NDUz,U3BvcnRzYm9va05vZGU6Mjc=,T3V0Y29tZU5vZGU6NjM0Mjk3Ng==,-450.0,-450.0,-450.0,-450.0,T3V0Y29tZU5vZGU6NjM0Mjk3Nw==,300.0,300.0,300.0,300.0
T2ZmZXJUYWJsZU9mZmVyTm9kZToxMDMzNjAzODA=,RmlnaHROb2RlOjY5NDUz,U3BvcnRzYm9va05vZGU6Mg==,T3V0Y29tZU5vZGU6NjM0NDM3OA==,-500.0,-505.0,-504.0,-499.0,T3V0Y29tZU5vZGU6NjM0NDM3OQ==,305.0,291.0,291.0,305.0
T2ZmZXJUYWJsZU9mZmVyTm9kZToxMDMzNTg3NTI=,RmlnaHROb2RlOjY5NDk1,U3BvcnRzYm9va05vZGU6MTA=,T3V0Y29tZU5vZGU6NjM0MjExNA==,140.0,-950.0,-700.0,140.0,T3V0Y29tZU5vZGU6NjM0MjExNQ==,-180.0,-180.0,500.0,650.0
T2ZmZXJUYWJsZU9mZmVyTm9kZToxMDMzNjEwNjM=,RmlnaHROb2RlOjY5NDk1,U3BvcnRzYm9va05vZGU6Mjc=,T3V0Y29tZU5vZGU6NjM0NTI3Ng==,-450.0,-800.0,-649.0,-450.0,T3V0Y29tZU5vZGU6NjM0NTI3Nw==,300.0,300.0,400.0,450.0
T2ZmZXJUYWJsZU9mZmVyTm9kZToxMDMzNjE4MDg=,RmlnaHROb2RlOjY5NDk1,U3BvcnRzYm9va05vZGU6Mjg=,T3V0Y29tZU5vZGU6NjM0NjQ2OQ==,-750.0,-750.0,-750.0,-750.0,T3V0Y29tZU5vZGU6NjM0NjQ2OA==,415.0,415.0,415.0,415.0
T2ZmZXJUYWJsZU9mZmVyTm9kZToxMDMzNTg3NjE=,RmlnaHROb2RlOjY5NDk1,U3BvcnRzYm9va05vZGU6MjE=,T3V0Y29tZU5vZGU6NjM0MjEzMg==,-526.0,-769.0,-500.0,-263.0,T3V0Y29tZU5vZGU6NjM0MjEzMw==,298.0,175.0,289.0,389.0
T2ZmZXJUYWJsZU9mZmVyTm9kZToxMDMzNjA0Mzc=,RmlnaHROb2RlOjY5NDk1,U3BvcnRzYm9va05vZGU6Mg==,T3V0Y29tZU5vZGU6NjM0NDQ2NA==,-500.0,-958.0,-958.0,-499.0,T3V0Y29tZU5vZGU6NjM0NDQ2NQ==,305.0,305.0,442.0,450.0
T2ZmZXJUYWJsZU9mZmVyTm9kZToxMDMzNTkzMjg=,RmlnaHROb2RlOjY3NjA3,U3BvcnRzYm9va05vZGU6Mjc=,T3V0Y29tZU5vZGU6NjM0Mjk2NA==,-250.0,-250.0,-250.0,-250.0,T3V0Y29tZU5vZGU6NjM0Mjk2NQ==,175.0,175.0,175.0,175.0
T2ZmZXJUYWJsZU9mZmVyTm9kZToxMDMzNTg3NDg=,RmlnaHROb2RlOjY3NjA3,U3BvcnRzYm9va05vZGU6MTA=,T3V0Y29tZU5vZGU6NjM0MjEwNw==,-250.0,-250.0,-250.0,-250.0,T3V0Y29tZU5vZGU6NjM0MjEwNg==,170.0,170.0,170.0,170.0
T2ZmZXJUYWJsZU9mZmVyTm9kZToxMDMzNTg3NDk=,RmlnaHROb2RlOjY5NDU2,U3BvcnRzYm9va05vZGU6MTA=,T3V0Y29tZU5vZGU6NjM0MjEwOA==,170.0,-105.0,105.0,170.0,T3V0Y29tZU5vZGU6NjM0MjEwOQ==,-250.0,-250.0,-125.0,-125.0
T2ZmZXJUYWJsZU9mZmVyTm9kZToxMDMzNTg3NTY=,RmlnaHROb2RlOjY5NDU2,U3BvcnRzYm9va05vZGU6MjE=,T3V0Y29tZU5vZGU6NjM0MjEyMg==,-105.0,-110.0,-101.0,113.0,T3V0Y29tZU5vZGU6NjM0MjEyMw==,-135.0,-164.0,-143.0,-130.0
T2ZmZXJUYWJsZU9mZmVyTm9kZToxMDMzNjE4MTE=,RmlnaHROb2RlOjY5NDU2,U3BvcnRzYm9va05vZGU6Mjg=,T3V0Y29tZU5vZGU6NjM0NjQ3NQ==,121.0,-115.0,100.0,121.0,T3V0Y29tZU5vZGU6NjM0NjQ3NA==,-161.0,-161.0,-140.0,-125.0
T2ZmZXJUYWJsZU9mZmVyTm9kZToxMDMzNjA0NDA=,RmlnaHROb2RlOjY5NDU2,U3BvcnRzYm9va05vZGU6Mg==,T3V0Y29tZU5vZGU6NjM0NDQ3MA==,108.0,108.0,111.0,112.0,T3V0Y29tZU5vZGU6NjM0NDQ3MQ==,-150.0,-162.0,-161.0,-150.0
T2ZmZXJUYWJsZU9mZmVyTm9kZToxMDMzNTkzMzE=,RmlnaHROb2RlOjY5NDU2,U3BvcnRzYm9va05vZGU6Mjc=,T3V0Y29tZU5vZGU6NjM0Mjk3MA==,-105.0,-105.0,105.0,120.0,T3V0Y29tZU5vZGU6NjM0Mjk3MQ==,-125.0,-163.0,-138.0,-125.0
T2ZmZXJUYWJsZU9mZmVyTm9kZToxMDMzNTkzMjc=,RmlnaHROb2RlOjY1NDEz,U3BvcnRzYm9va05vZGU6Mjc=,T3V0Y29tZU5vZGU6NjM0Mjk2Mg==,200.0,200.0,200.0,200.0,T3V0Y29tZU5vZGU6NjM0Mjk2Mw==,-275.0,-275.0,-275.0,-275.0
T2ZmZXJUYWJsZU9mZmVyTm9kZToxMDMzNTg3NDY=,RmlnaHROb2RlOjY1NDEz,U3BvcnRzYm9va05vZGU6MTA=,T3V0Y29tZU5vZGU6NjM0MjEwMw==,-135.0,-135.0,250.0,250.0,T3V0Y29tZU5vZGU6NjM0MjEwMg==,-105.0,-400.0,-400.0,-105.0
T2ZmZXJUYWJsZU9mZmVyTm9kZToxMDMzNTkzMzI=,RmlnaHROb2RlOjY3NjA0,U3BvcnRzYm9va05vZGU6Mjc=,T3V0Y29tZU5vZGU6NjM0Mjk3Mg==,-350.0,-350.0,-350.0,-350.0,T3V0Y29tZU5vZGU6NjM0Mjk3Mw==,240.0,240.0,240.0,240.0
T2ZmZXJUYWJsZU9mZmVyTm9kZToxMDMzNTg3NTk=,RmlnaHROb2RlOjY3NjA0,U3BvcnRzYm9va05vZGU6MjE=,T3V0Y29tZU5vZGU6NjM0MjEyOA==,-357.0,-400.0,-400.0,-357.0,T3V0Y29tZU5vZGU6NjM0MjEyOQ==,223.0,213.0,241.0,264.0
T2ZmZXJUYWJsZU9mZmVyTm9kZToxMDMzNTg3NDc=,RmlnaHROb2RlOjY3NjA0,U3BvcnRzYm9va05vZGU6MTA=,T3V0Y29tZU5vZGU6NjM0MjEwNA==,150.0,-350.0,-290.0,150.0,T3V0Y29tZU5vZGU6NjM0MjEwNQ==,-200.0,-200.0,245.0,285.0
T2ZmZXJUYWJsZU9mZmVyTm9kZToxMDMzNjA0NDE=,RmlnaHROb2RlOjY3NjA0,U3BvcnRzYm9va05vZGU6Mg==,T3V0Y29tZU5vZGU6NjM0NDQ3Mg==,-340.0,-355.0,-354.0,-339.0,T3V0Y29tZU5vZGU6NjM0NDQ3Mw==,225.0,222.0,222.0,225.0
T2ZmZXJUYWJsZU9mZmVyTm9kZToxMDMzNjE4MTI=,RmlnaHROb2RlOjY3NjA0,U3BvcnRzYm9va05vZGU6Mjg=,T3V0Y29tZU5vZGU6NjM0NjQ3Nw==,-345.0,-345.0,-300.0,-278.0,T3V0Y29tZU5vZGU6NjM0NjQ3Ng==,225.0,193.0,200.0,225.0
T2ZmZXJUYWJsZU9mZmVyTm9kZToxMDMzNjE4MTQ=,RmlnaHROb2RlOjY5NDU0,U3BvcnRzYm9va05vZGU6Mjg=,T3V0Y29tZU5vZGU6NjM0NjQ4MA==,250.0,213.0,230.0,250.0,T3V0Y29tZU5vZGU6NjM0NjQ4MQ==,-400.0,-400.0,-360.0,-323.0
T2ZmZXJUYWJsZU9mZmVyTm9kZToxMDMzNTkxOTU=,RmlnaHROb2RlOjY5NDU0,U3BvcnRzYm9va05vZGU6MjE=,T3V0Y29tZU5vZGU6NjM0MjcxMQ==,249.0,232.0,249.0,285.0,T3V0Y29tZU5vZGU6NjM0MjcxMA==,-400.0,-500.0,-417.0,-370.0
T2ZmZXJUYWJsZU9mZmVyTm9kZToxMDMzNTg3NTA=,RmlnaHROb2RlOjY5NDU0,U3BvcnRzYm9va05vZGU6MTA=,T3V0Y29tZU5vZGU6NjM0MjExMA==,250.0,250.0,285.0,300.0,T3V0Y29tZU5vZGU6NjM0MjExMQ==,-400.0,-400.0,-360.0,-325.0
T2ZmZXJUYWJsZU9mZmVyTm9kZToxMDMzNjA0Mzk=,RmlnaHROb2RlOjY5NDU0,U3BvcnRzYm9va05vZGU6Mg==,T3V0Y29tZU5vZGU6NjM0NDQ2OA==,252.0,246.0,246.0,252.0,T3V0Y29tZU5vZGU6NjM0NDQ2OQ==,-390.0,-404.0,-402.0,-390.0
T2ZmZXJUYWJsZU9mZmVyTm9kZToxMDMzNTkzMjk=,RmlnaHROb2RlOjY5NDU0,U3BvcnRzYm9va05vZGU6Mjc=,T3V0Y29tZU5vZGU6NjM0Mjk2Ng==,240.0,240.0,240.0,240.0,T3V0Y29tZU5vZGU6NjM0Mjk2Nw==,-350.0,-350.0,-350.0,-350.0
T2ZmZXJUYWJsZU9mZmVyTm9kZToxMDMzNTg3NTE=,RmlnaHROb2RlOjY5NDU1,U3BvcnRzYm9va05vZGU6MTA=,T3V0Y29tZU5vZGU6NjM0MjExMw==,-180.0,-310.0,-300.0,-180.0,T3V0Y29tZU5vZGU6NjM0MjExMg==,140.0,140.0,250.0,260.0
T2ZmZXJUYWJsZU9mZmVyTm9kZToxMDMzNTg3NjA=,RmlnaHROb2RlOjY5NDU1,U3BvcnRzYm9va05vZGU6MjE=,T3V0Y29tZU5vZGU6NjM0MjEzMQ==,-263.0,-345.0,-312.0,-263.0,T3V0Y29tZU5vZGU6NjM0MjEzMA==,175.0,175.0,200.0,216.0
T2ZmZXJUYWJsZU9mZmVyTm9kZToxMDMzNTkzMzM=,RmlnaHROb2RlOjY5NDU1,U3BvcnRzYm9va05vZGU6Mjc=,T3V0Y29tZU5vZGU6NjM0Mjk3NA==,-275.0,-275.0,-275.0,-275.0,T3V0Y29tZU5vZGU6NjM0Mjk3NQ==,200.0,200.0,200.0,200.0
T2ZmZXJUYWJsZU9mZmVyTm9kZToxMDMzNjE4MDk=,RmlnaHROb2RlOjY5NDU1,U3BvcnRzYm9va05vZGU6Mjg=,T3V0Y29tZU5vZGU6NjM0NjQ3MA==,-270.0,-310.0,-310.0,-250.0,T3V0Y29tZU5vZGU6NjM0NjQ3MQ==,185.0,175.0,205.0,205.0
T2ZmZXJUYWJsZU9mZmVyTm9kZToxMDMzNjA0Mzg=,RmlnaHROb2RlOjY5NDU1,U3BvcnRzYm9va05vZGU6Mg==,T3V0Y29tZU5vZGU6NjM0NDQ2Ng==,-265.0,-276.0,-276.0,-265.0,T3V0Y29tZU5vZGU6NjM0NDQ2Nw==,183.0,180.0,181.0,186.0
T2ZmZXJUYWJsZU9mZmVyTm9kZToxMDMzNzQ1NTU=,RmlnaHROb2RlOjY5NDky,U3BvcnRzYm9va05vZGU6Mjg=,T3V0Y29tZU5vZGU6NjM2Mzk5MQ==,-175.0,-200.0,-200.0,-175.0,T3V0Y29tZU5vZGU6NjM2Mzk5Mg==,135.0,135.0,150.0,150.0
T2ZmZXJUYWJsZU9mZmVyTm9kZToxMDMzNzM1MzI=,RmlnaHROb2RlOjY5NDky,U3BvcnRzYm9va05vZGU6MjE=,T3V0Y29tZU5vZGU6NjM2MjI4NQ==,-182.0,-222.0,-200.0,-182.0,T3V0Y29tZU5vZGU6NjM2MjI4NA==,125.0,125.0,137.0,149.0
T2ZmZXJUYWJsZU9mZmVyTm9kZToxMDMzNzI3NDU=,RmlnaHROb2RlOjY5NDky,U3BvcnRzYm9va05vZGU6MTA=,T3V0Y29tZU5vZGU6NjM2MTA0OQ==,-140.0,-205.0,-200.0,-140.0,T3V0Y29tZU5vZGU6NjM2MTA0OA==,100.0,100.0,170.0,175.0
T2ZmZXJUYWJsZU9mZmVyTm9kZToxMDMzNzI4MDg=,RmlnaHROb2RlOjY5NDky,U3BvcnRzYm9va05vZGU6Mjc=,T3V0Y29tZU5vZGU6NjM2MTE3NA==,-188.0,-188.0,-188.0,-188.0,T3V0Y29tZU5vZGU6NjM2MTE3NQ==,140.0,140.0,140.0,140.0
T2ZmZXJUYWJsZU9mZmVyTm9kZToxMDMzNzMyNzI=,RmlnaHROb2RlOjY1Nzk5,U3BvcnRzYm9va05vZGU6MjE=,T3V0Y29tZU5vZGU6NjM2MTc2NQ==,-213.0,-385.0,-345.0,-213.0,T3V0Y29tZU5vZGU6NjM2MTc2NA==,145.0,140.0,217.0,241.0
T2ZmZXJUYWJsZU9mZmVyTm9kZToxMDMzNzI3MjU=,RmlnaHROb2RlOjY1Nzk5,U3BvcnRzYm9va05vZGU6MTA=,T3V0Y29tZU5vZGU6NjM2MTAwOQ==,-200.0,-350.0,-350.0,-200.0,T3V0Y29tZU5vZGU6NjM2MTAwOA==,150.0,150.0,285.0,285.0
T2ZmZXJUYWJsZU9mZmVyTm9kZToxMDMzNzQ0NzA=,RmlnaHROb2RlOjY1Nzk5,U3BvcnRzYm9va05vZGU6Mg==,T3V0Y29tZU5vZGU6NjM2Mzg1Mg==,-310.0,-340.0,-334.0,-250.0,T3V0Y29tZU5vZGU6NjM2Mzg1Mw==,235.0,194.0,250.0,254.0
T2ZmZXJUYWJsZU9mZmVyTm9kZToxMDMzNzQ1NTI=,RmlnaHROb2RlOjY1Nzk5,U3BvcnRzYm9va05vZGU6Mjg=,T3V0Y29tZU5vZGU6NjM2Mzk4NQ==,-305.0,-345.0,-345.0,-305.0,T3V0Y29tZU5vZGU6NjM2Mzk4Ng==,205.0,205.0,225.0,225.0
T2ZmZXJUYWJsZU9mZmVyTm9kZToxMDMzNzI4MDM=,RmlnaHROb2RlOjY1Nzk5,U3BvcnRzYm9va05vZGU6Mjc=,T3V0Y29tZU5vZGU6NjM2MTE2NA==,-200.0,-333.0,-333.0,-200.0,T3V0Y29tZU5vZGU6NjM2MTE2NQ==,150.0,150.0,225.0,225.0
T2ZmZXJUYWJsZU9mZmVyTm9kZToxMDMzNzQ1NTQ=,RmlnaHROb2RlOjY5NDUy,U3BvcnRzYm9va05vZGU6Mjg=,T3V0Y29tZU5vZGU6NjM2Mzk4OQ==,-455.0,-556.0,-556.0,-400.0,T3V0Y29tZU5vZGU6NjM2Mzk5MA==,280.0,250.0,331.0,331.0
T2ZmZXJUYWJsZU9mZmVyTm9kZToxMDMzNzI3Mjc=,RmlnaHROb2RlOjY5NDUy,U3BvcnRzYm9va05vZGU6MjE=,T3V0Y29tZU5vZGU6NjM2MTAxMw==,-312.0,-714.0,-714.0,-312.0,T3V0Y29tZU5vZGU6NjM2MTAxMg==,199.0,199.0,366.0,373.0
T2ZmZXJUYWJsZU9mZmVyTm9kZToxMDMzNzI4MDc=,RmlnaHROb2RlOjY5NDUy,U3BvcnRzYm9va05vZGU6Mjc=,T3V0Y29tZU5vZGU6NjM2MTE3Mg==,-400.0,-450.0,-450.0,-400.0,T3V0Y29tZU5vZGU6NjM2MTE3Mw==,275.0,275.0,300.0,300.0
T2ZmZXJUYWJsZU9mZmVyTm9kZToxMDMzNzQ0NzE=,RmlnaHROb2RlOjY5NDUy,U3BvcnRzYm9va05vZGU6Mg==,T3V0Y29tZU5vZGU6NjM2Mzg1NQ==,-460.0,-466.0,-406.0,-406.0,T3V0Y29tZU5vZGU6NjM2Mzg1NA==,328.0,296.0,296.0,332.0
T2ZmZXJUYWJsZU9mZmVyTm9kZToxMDMzNzI3MjQ=,RmlnaHROb2RlOjY5NDUy,U3BvcnRzYm9va05vZGU6MTA=,T3V0Y29tZU5vZGU6NjM2MTAwNw==,-200.0,-550.0,-550.0,-200.0,T3V0Y29tZU5vZGU6NjM2MTAwNg==,150.0,150.0,400.0,400.0
T2ZmZXJUYWJsZU9mZmVyTm9kZToxMDMzNzQ0Njc=,RmlnaHROb2RlOjY5NDkx,U3BvcnRzYm9va05vZGU6Mg==,T3V0Y29tZU5vZGU6NjM2Mzg0Nw==,438.0,438.0,600.0,641.0,T3V0Y29tZU5vZGU6NjM2Mzg0Ng==,-665.0,-1150.0,-1038.0,-665.0
T2ZmZXJUYWJsZU9mZmVyTm9kZToxMDMzNzI4MDU=,RmlnaHROb2RlOjY5NDkx,U3BvcnRzYm9va05vZGU6Mjc=,T3V0Y29tZU5vZGU6NjM2MTE2OA==,350.0,350.0,350.0,350.0,T3V0Y29tZU5vZGU6NjM2MTE2OQ==,-549.0,-549.0,-549.0,-549.0
T2ZmZXJUYWJsZU9mZmVyTm9kZToxMDMzNzI3MzI=,RmlnaHROb2RlOjY5NDkx,U3BvcnRzYm9va05vZGU6MTA=,T3V0Y29tZU5vZGU6NjM2MTAyMg==,150.0,150.0,1200.0,1200.0,T3V0Y29tZU5vZGU6NjM2MTAyMw==,-200.0,-2500.0,-2500.0,-200.0
T2ZmZXJUYWJsZU9mZmVyTm9kZToxMDMzNzQ1NTc=,RmlnaHROb2RlOjY5NDkx,U3BvcnRzYm9va05vZGU6Mjg=,T3V0Y29tZU5vZGU6NjM2Mzk5NQ==,500.0,500.0,650.0,650.0,T3V0Y29tZU5vZGU6NjM2Mzk5Ng==,-1000.0,-1250.0,-1250.0,-1000.0
T2ZmZXJUYWJsZU9mZmVyTm9kZToxMDMzNzMzMTA=,RmlnaHROb2RlOjY5NDkx,U3BvcnRzYm9va05vZGU6MjE=,T3V0Y29tZU5vZGU6NjM2MTg0MQ==,319.0,293.0,488.0,527.0,T3V0Y29tZU5vZGU6NjM2MTg0MA==,-526.0,-1111.0,-1111.0,-500.0
T2ZmZXJUYWJsZU9mZmVyTm9kZToxMDMzNzMyNzQ=,RmlnaHROb2RlOjY2MDEy,U3BvcnRzYm9va05vZGU6MjE=,T3V0Y29tZU5vZGU6NjM2MTc2OQ==,107.0,105.0,110.0,129.0,T3V0Y29tZU5vZGU6NjM2MTc2OA==,-154.0,-189.0,-159.0,-152.0
T2ZmZXJUYWJsZU9mZmVyTm9kZToxMDMzNzI3MzE=,RmlnaHROb2RlOjY2MDEy,U3BvcnRzYm9va05vZGU6MTA=,T3V0Y29tZU5vZGU6NjM2MTAyMA==,110.0,110.0,155.0,190.0,T3V0Y29tZU5vZGU6NjM2MTAyMQ==,-150.0,-225.0,-180.0,-150.0
T2ZmZXJUYWJsZU9mZmVyTm9kZToxMDMzNzI4MDY=,RmlnaHROb2RlOjY2MDEy,U3BvcnRzYm9va05vZGU6Mjc=,T3V0Y29tZU5vZGU6NjM2MTE3MA==,110.0,110.0,130.0,130.0,T3V0Y29tZU5vZGU6NjM2MTE3MQ==,-150.0,-175.0,-175.0,-150.0
T2ZmZXJUYWJsZU9mZmVyTm9kZToxMDMzNzQ1NTg=,RmlnaHROb2RlOjY2MDEy,U3BvcnRzYm9va05vZGU6Mjg=,T3V0Y29tZU5vZGU6NjM2Mzk5Nw==,142.0,135.0,140.0,142.0,T3V0Y29tZU5vZGU6NjM2Mzk5OA==,-182.0,-182.0,-180.0,-175.0
T2ZmZXJUYWJsZU9mZmVyTm9kZToxMDMzNzM4ODY=,RmlnaHROb2RlOjY2MDEx,U3BvcnRzYm9va05vZGU6MjE=,T3V0Y29tZU5vZGU6NjM2Mjg2MA==,276.0,276.0,365.0,365.0,T3V0Y29tZU5vZGU6NjM2Mjg2MQ==,-476.0,-667.0,-667.0,-476.0
T2ZmZXJUYWJsZU9mZmVyTm9kZToxMDMzNzQ0Njg=,RmlnaHROb2RlOjY2MDEx,U3BvcnRzYm9va05vZGU6Mg==,T3V0Y29tZU5vZGU6NjM2Mzg0OQ==,331.0,269.0,270.0,331.0,T3V0Y29tZU5vZGU6NjM2Mzg0OA==,-465.0,-465.0,-364.0,-363.0
T2ZmZXJUYWJsZU9mZmVyTm9kZToxMDMzNzI3MzA=,RmlnaHROb2RlOjY2MDEx,U3BvcnRzYm9va05vZGU6MTA=,T3V0Y29tZU5vZGU6NjM2MTAxOA==,130.0,130.0,375.0,375.0,T3V0Y29tZU5vZGU6NjM2MTAxOQ==,-170.0,-500.0,-500.0,-170.0
T2ZmZXJUYWJsZU9mZmVyTm9kZToxMDMzNzI4MDI=,RmlnaHROb2RlOjY2MDEx,U3BvcnRzYm9va05vZGU6Mjc=,T3V0Y29tZU5vZGU6NjM2MTE2Mg==,240.0,240.0,333.0,333.0,T3V0Y29tZU5vZGU6NjM2MTE2Mw==,-350.0,-500.0,-500.0,-350.0
T2ZmZXJUYWJsZU9mZmVyTm9kZToxMDMzNzI4MDE=,RmlnaHROb2RlOjY2MDEw,U3BvcnRzYm9va05vZGU6Mjc=,T3V0Y29tZU5vZGU6NjM2MTE2MA==,130.0,130.0,130.0,130.0,T3V0Y29tZU5vZGU6NjM2MTE2MQ==,-175.0,-175.0,-175.0,-175.0
T2ZmZXJUYWJsZU9mZmVyTm9kZToxMDMzNzQ2MzE=,RmlnaHROb2RlOjY2MDEw,U3BvcnRzYm9va05vZGU6Mjg=,T3V0Y29tZU5vZGU6NjM2NDE0NA==,150.0,150.0,167.0,167.0,T3V0Y29tZU5vZGU6NjM2NDE0Mw==,-200.0,-227.0,-227.0,-200.0
T2ZmZXJUYWJsZU9mZmVyTm9kZToxMDMzNzMyNzM=,RmlnaHROb2RlOjY2MDEw,U3BvcnRzYm9va05vZGU6MjE=,T3V0Y29tZU5vZGU6NjM2MTc2Ng==,126.0,121.0,146.0,150.0,T3V0Y29tZU5vZGU6NjM2MTc2Nw==,-185.0,-222.0,-217.0,-185.0
T2ZmZXJUYWJsZU9mZmVyTm9kZToxMDMzNzQ0Njk=,RmlnaHROb2RlOjY2MDEw,U3BvcnRzYm9va05vZGU6Mg==,T3V0Y29tZU5vZGU6NjM2Mzg1MQ==,142.0,142.0,175.0,175.0,T3V0Y29tZU5vZGU6NjM2Mzg1MA==,-179.0,-224.0,-224.0,-179.0
T2ZmZXJUYWJsZU9mZmVyTm9kZToxMDMzNzI3MjY=,RmlnaHROb2RlOjY2MDEw,U3BvcnRzYm9va05vZGU6MTA=,T3V0Y29tZU5vZGU6NjM2MTAxMA==,-105.0,-105.0,185.0,200.0,T3V0Y29tZU5vZGU6NjM2MTAxMQ==,-135.0,-235.0,-220.0,-135.0
T2ZmZXJUYWJsZU9mZmVyTm9kZToxMDMzNzMzNTk=,RmlnaHROb2RlOjY5NDkz,U3BvcnRzYm9va05vZGU6MjE=,T3V0Y29tZU5vZGU6NjM2MTkzOQ==,307.0,152.0,152.0,330.0,T3V0Y29tZU5vZGU6NjM2MTkzOA==,-556.0,-588.0,-233.0,-233.0
T2ZmZXJUYWJsZU9mZmVyTm9kZToxMDMzNzI4MDA=,RmlnaHROb2RlOjY5NDkz,U3BvcnRzYm9va05vZGU6Mjc=,T3V0Y29tZU5vZGU6NjM2MTE1OA==,300.0,300.0,300.0,300.0,T3V0Y29tZU5vZGU6NjM2MTE1OQ==,-450.0,-450.0,-450.0,-450.0
T2ZmZXJUYWJsZU9mZmVyTm9kZToxMDMzNzQ1NTM=,RmlnaHROb2RlOjY5NDkz,U3BvcnRzYm9va05vZGU6Mjg=,T3V0Y29tZU5vZGU6NjM2Mzk4Nw==,280.0,250.0,250.0,280.0,T3V0Y29tZU5vZGU6NjM2Mzk4OA==,-455.0,-455.0,-400.0,-400.0
T2ZmZXJUYWJsZU9mZmVyTm9kZToxMDMzNzI3NDY=,RmlnaHROb2RlOjY5NDkz,U3BvcnRzYm9va05vZGU6MTA=,T3V0Y29tZU5vZGU6NjM2MTA1MA==,170.0,170.0,300.0,350.0,T3V0Y29tZU5vZGU6NjM2MTA1MQ==,-250.0,-450.0,-400.0,-250.0
T2ZmZXJUYWJsZU9mZmVyTm9kZToxMDMzNzI3Mjg=,RmlnaHROb2RlOjY1Nzk4,U3BvcnRzYm9va05vZGU6MjE=,T3V0Y29tZU5vZGU6NjM2MTAxNQ==,-154.0,-345.0,-345.0,-154.0,T3V0Y29tZU5vZGU6NjM2MTAxNA==,107.0,107.0,216.0,217.0
T2ZmZXJUYWJsZU9mZmVyTm9kZToxMDMzNzI3MjM=,RmlnaHROb2RlOjY1Nzk4,U3BvcnRzYm9va05vZGU6MTA=,T3V0Y29tZU5vZGU6NjM2MTAwNQ==,-150.0,-335.0,-330.0,-150.0,T3V0Y29tZU5vZGU6NjM2MTAwNA==,110.0,110.0,270.0,275.0
T2ZmZXJUYWJsZU9mZmVyTm9kZToxMDMzNzQ0NzI=,RmlnaHROb2RlOjY1Nzk4,U3BvcnRzYm9va05vZGU6Mg==,T3V0Y29tZU5vZGU6NjM2Mzg1Ng==,-252.0,-284.0,-284.0,-252.0,T3V0Y29tZU5vZGU6NjM2Mzg1Nw==,195.0,195.0,217.0,217.0
T2ZmZXJUYWJsZU9mZmVyTm9kZToxMDMzNzI4MDk=,RmlnaHROb2RlOjY1Nzk4,U3BvcnRzYm9va05vZGU6Mjc=,T3V0Y29tZU5vZGU6NjM2MTE3Ng==,-250.0,-250.0,-250.0,-250.0,T3V0Y29tZU5vZGU6NjM2MTE3Nw==,175.0,175.0,175.0,175.0
T2ZmZXJUYWJsZU9mZmVyTm9kZToxMDMzNzQ1NTY=,RmlnaHROb2RlOjY1Nzk4,U3BvcnRzYm9va05vZGU6Mjg=,T3V0Y29tZU5vZGU6NjM2Mzk5Mw==,-280.0,-295.0,-295.0,-280.0,T3V0Y29tZU5vZGU6NjM2Mzk5NA==,190.0,190.0,200.0,200.0
T2ZmZXJUYWJsZU9mZmVyTm9kZToxMDMzNzcyNTc=,RmlnaHROb2RlOjY1Nzgw,U3BvcnRzYm9va05vZGU6Mjc=,T3V0Y29tZU5vZGU6NjM2NzY1MQ==,-110.0,-110.0,105.0,105.0,T3V0Y29tZU5vZGU6NjM2NzY1Mg==,-120.0,-138.0,-138.0,-120.0
T2ZmZXJUYWJsZU9mZmVyTm9kZToxMDMzNzYxMjM=,RmlnaHROb2RlOjY1Nzgw,U3BvcnRzYm9va05vZGU6MjE=,T3V0Y29tZU5vZGU6NjM2NjExMw==,-143.0,-143.0,-108.0,-106.0,T3V0Y29tZU5vZGU6NjM2NjExNA==,-101.0,-133.0,-133.0,100.0
T2ZmZXJUYWJsZU9mZmVyTm9kZToxMDMzNzYxMTY=,RmlnaHROb2RlOjY1Nzgw,U3BvcnRzYm9va05vZGU6MTA=,T3V0Y29tZU5vZGU6NjM2NjA5OQ==,140.0,-140.0,-110.0,140.0,T3V0Y29tZU5vZGU6NjM2NjEwMA==,-180.0,-180.0,-110.0,120.0
T2ZmZXJUYWJsZU9mZmVyTm9kZToxMDMzNzkwNjY=,RmlnaHROb2RlOjY1Nzgw,U3BvcnRzYm9va05vZGU6Mjg=,T3V0Y29tZU5vZGU6NjM3MDAzOA==,-135.0,-141.0,-120.0,-120.0,T3V0Y29tZU5vZGU6NjM3MDAzNw==,-105.0,-120.0,-115.0,101.0
T2ZmZXJUYWJsZU9mZmVyTm9kZToxMDMzNzY5NTA=,RmlnaHROb2RlOjY1Nzgw,U3BvcnRzYm9va05vZGU6Mg==,T3V0Y29tZU5vZGU6NjM2NzIyOQ==,-122.0,-140.0,-115.0,-115.0,T3V0Y29tZU5vZGU6NjM2NzIyOA==,-113.0,-115.0,-115.0,109.0
T2ZmZXJUYWJsZU9mZmVyTm9kZToxMDMzNzY5NTE=,RmlnaHROb2RlOjYzOTAx,U3BvcnRzYm9va05vZGU6Mg==,T3V0Y29tZU5vZGU6NjM2NzIzMQ==,-303.0,-415.0,-415.0,-303.0,T3V0Y29tZU5vZGU6NjM2NzIzMA==,205.0,205.0,301.0,301.0
T2ZmZXJUYWJsZU9mZmVyTm9kZToxMDMzNzkwNjg=,RmlnaHROb2RlOjYzOTAx,U3BvcnRzYm9va05vZGU6Mjg=,T3V0Y29tZU5vZGU6NjM3MDA0MQ==,-345.0,-417.0,-400.0,-345.0,T3V0Y29tZU5vZGU6NjM3MDA0Mg==,225.0,225.0,250.0,262.0
T2ZmZXJUYWJsZU9mZmVyTm9kZToxMDMzNzYxMjI=,RmlnaHROb2RlOjYzOTAx,U3BvcnRzYm9va05vZGU6MjE=,T3V0Y29tZU5vZGU6NjM2NjExMg==,-357.0,-435.0,-435.0,-345.0,T3V0Y29tZU5vZGU6NjM2NjExMQ==,223.0,213.0,258.0,271.0
T2ZmZXJUYWJsZU9mZmVyTm9kZToxMDMzNzYxMTU=,RmlnaHROb2RlOjYzOTAx,U3BvcnRzYm9va05vZGU6MTA=,T3V0Y29tZU5vZGU6NjM2NjA5OA==,-250.0,-415.0,-415.0,-250.0,T3V0Y29tZU5vZGU6NjM2NjA5Nw==,170.0,170.0,315.0,315.0
T2ZmZXJUYWJsZU9mZmVyTm9kZToxMDMzNzcyNjA=,RmlnaHROb2RlOjYzOTAx,U3BvcnRzYm9va05vZGU6Mjc=,T3V0Y29tZU5vZGU6NjM2NzY1Nw==,-350.0,-350.0,-350.0,-350.0,T3V0Y29tZU5vZGU6NjM2NzY1OA==,240.0,240.0,240.0,240.0
T2ZmZXJUYWJsZU9mZmVyTm9kZToxMDMzNzkwNjI=,RmlnaHROb2RlOjY5NDUw,U3BvcnRzYm9va05vZGU6Mjg=,T3V0Y29tZU5vZGU6NjM3MDAzMA==,-149.0,-250.0,-175.0,-149.0,T3V0Y29tZU5vZGU6NjM3MDAyOQ==,109.0,109.0,135.0,175.0
T2ZmZXJUYWJsZU9mZmVyTm9kZToxMDMzNzY5NDk=,RmlnaHROb2RlOjY5NDUw,U3BvcnRzYm9va05vZGU6Mg==,T3V0Y29tZU5vZGU6NjM2NzIyNw==,-263.0,-263.0,-166.0,-150.0,T3V0Y29tZU5vZGU6NjM2NzIyNg==,181.0,104.0,132.0,181.0
T2ZmZXJUYWJsZU9mZmVyTm9kZToxMDMzNzYxMTc=,RmlnaHROb2RlOjY5NDUw,U3BvcnRzYm9va05vZGU6MTA=,T3V0Y29tZU5vZGU6NjM2NjEwMg==,-300.0,-300.0,-180.0,-125.0,T3V0Y29tZU5vZGU6NjM2NjEwMQ==,200.0,-115.0,155.0,200.0
T2ZmZXJUYWJsZU9mZmVyTm9kZToxMDMzNzcyNTA=,RmlnaHROb2RlOjY5NDUw,U3BvcnRzYm9va05vZGU6Mjc=,T3V0Y29tZU5vZGU6NjM2NzYzNw==,-225.0,-225.0,-225.0,-225.0,T3V0Y29tZU5vZGU6NjM2NzYzOA==,163.0,163.0,163.0,163.0
T2ZmZXJUYWJsZU9mZmVyTm9kZToxMDMzNzY0NjY=,RmlnaHROb2RlOjY5NDUw,U3BvcnRzYm9va05vZGU6MjE=,T3V0Y29tZU5vZGU6NjM2NjU3NQ==,-222.0,-256.0,-208.0,-169.0,T3V0Y29tZU5vZGU6NjM2NjU3Ng==,150.0,116.0,141.0,171.0
T2ZmZXJUYWJsZU9mZmVyTm9kZToxMDMzNzY5NDc=,RmlnaHROb2RlOjY1Nzgy,U3BvcnRzYm9va05vZGU6Mg==,T3V0Y29tZU5vZGU6NjM2NzIyMw==,205.0,205.0,320.0,322.0,T3V0Y29tZU5vZGU6NjM2NzIyMg==,-303.0,-450.0,-446.0,-303.0
T2ZmZXJUYWJsZU9mZmVyTm9kZToxMDMzNzYxMjE=,RmlnaHROb2RlOjY1Nzgy,U3BvcnRzYm9va05vZGU6MTA=,T3V0Y29tZU5vZGU6NjM2NjEwOQ==,170.0,170.0,250.0,350.0,T3V0Y29tZU5vZGU6NjM2NjExMA==,-250.0,-450.0,-325.0,-250.0
T2ZmZXJUYWJsZU9mZmVyTm9kZToxMDMzNzcyNTY=,RmlnaHROb2RlOjY1Nzgy,U3BvcnRzYm9va05vZGU6Mjc=,T3V0Y29tZU5vZGU6NjM2NzY0OQ==,225.0,225.0,225.0,225.0,T3V0Y29tZU5vZGU6NjM2NzY1MA==,-333.0,-333.0,-333.0,-333.0
T2ZmZXJUYWJsZU9mZmVyTm9kZToxMDMzNzYxMjU=,RmlnaHROb2RlOjY1Nzgy,U3BvcnRzYm9va05vZGU6MjE=,T3V0Y29tZU5vZGU6NjM2NjExNw==,223.0,208.0,266.0,295.0,T3V0Y29tZU5vZGU6NjM2NjExOA==,-357.0,-500.0,-455.0,-323.0
T2ZmZXJUYWJsZU9mZmVyTm9kZToxMDMzNzkwNjM=,RmlnaHROb2RlOjY1Nzgy,U3BvcnRzYm9va05vZGU6Mjg=,T3V0Y29tZU5vZGU6NjM3MDAzMg==,225.0,213.0,213.0,280.0,T3V0Y29tZU5vZGU6NjM3MDAzMQ==,-345.0,-455.0,-323.0,-323.0
T2ZmZXJUYWJsZU9mZmVyTm9kZToxMDMzNzY5NDg=,RmlnaHROb2RlOjY1Nzgx,U3BvcnRzYm9va05vZGU6Mg==,T3V0Y29tZU5vZGU6NjM2NzIyNQ==,-250.0,-303.0,-303.0,-250.0,T3V0Y29tZU5vZGU6NjM2NzIyNA==,173.0,173.0,230.0,230.0
T2ZmZXJUYWJsZU9mZmVyTm9kZToxMDMzNzkwNjQ=,RmlnaHROb2RlOjY1Nzgx,U3BvcnRzYm9va05vZGU6Mjg=,T3V0Y29tZU5vZGU6NjM3MDAzMw==,-303.0,-303.0,-303.0,-303.0,T3V0Y29tZU5vZGU6NjM3MDAzNA==,203.0,203.0,203.0,203.0
T2ZmZXJUYWJsZU9mZmVyTm9kZToxMDMzNzg1NzE=,RmlnaHROb2RlOjY1Nzgx,U3BvcnRzYm9va05vZGU6MTA=,T3V0Y29tZU5vZGU6NjM2OTM0MA==,-300.0,-300.0,-300.0,-300.0,T3V0Y29tZU5vZGU6NjM2OTMzOQ==,200.0,200.0,250.0,250.0
T2ZmZXJUYWJsZU9mZmVyTm9kZToxMDMzNzg1NzA=,RmlnaHROb2RlOjY1Nzgx,U3BvcnRzYm9va05vZGU6MTA=,T3V0Y29tZU5vZGU6NjM2OTMzOA==,-135.0,-350.0,-300.0,-135.0,T3V0Y29tZU5vZGU6NjM2OTMzNw==,-105.0,-105.0,250.0,250.0
T2ZmZXJUYWJsZU9mZmVyTm9kZToxMDMzNzcyNDk=,RmlnaHROb2RlOjY1Nzgx,U3BvcnRzYm9va05vZGU6Mjc=,T3V0Y29tZU5vZGU6NjM2NzYzNQ==,-275.0,-275.0,-275.0,-275.0,T3V0Y29tZU5vZGU6NjM2NzYzNg==,200.0,200.0,200.0,200.0
T2ZmZXJUYWJsZU9mZmVyTm9kZToxMDMzNzYxMjQ=,RmlnaHROb2RlOjY1Nzgx,U3BvcnRzYm9va05vZGU6MjE=,T3V0Y29tZU5vZGU6NjM2NjExNg==,-357.0,-357.0,-333.0,-286.0,T3V0Y29tZU5vZGU6NjM2NjExNQ==,223.0,189.0,222.0,223.0
T2ZmZXJUYWJsZU9mZmVyTm9kZToxMDMzNzcyNTg=,RmlnaHROb2RlOjY2MDA5,U3BvcnRzYm9va05vZGU6Mjc=,T3V0Y29tZU5vZGU6NjM2NzY1Mw==,-188.0,-188.0,-188.0,-188.0,T3V0Y29tZU5vZGU6NjM2NzY1NA==,140.0,140.0,140.0,140.0
T2ZmZXJUYWJsZU9mZmVyTm9kZToxMDMzNzYyNzM=,RmlnaHROb2RlOjY2MDA5,U3BvcnRzYm9va05vZGU6MTA=,T3V0Y29tZU5vZGU6NjM2NjMyMA==,-150.0,-300.0,-240.0,-150.0,T3V0Y29tZU5vZGU6NjM2NjMxOQ==,110.0,110.0,205.0,250.0
T2ZmZXJUYWJsZU9mZmVyTm9kZToxMDMzNzkwODg=,RmlnaHROb2RlOjY2MDA5,U3BvcnRzYm9va05vZGU6Mjg=,T3V0Y29tZU5vZGU6NjM3MDA4MQ==,-250.0,-295.0,-270.0,-250.0,T3V0Y29tZU5vZGU6NjM3MDA4Mg==,175.0,175.0,185.0,200.0
T2ZmZXJUYWJsZU9mZmVyTm9kZToxMDMzNzc3NDA=,RmlnaHROb2RlOjY2MDA5,U3BvcnRzYm9va05vZGU6MjE=,T3V0Y29tZU5vZGU6NjM2ODMxOA==,-208.0,-312.0,-286.0,-208.0,T3V0Y29tZU5vZGU6NjM2ODMxNw==,141.0,141.0,183.0,200.0
T2ZmZXJUYWJsZU9mZmVyTm9kZToxMDMzNzY5NDI=,RmlnaHROb2RlOjY2MDA5,U3BvcnRzYm9va05vZGU6Mg==,T3V0Y29tZU5vZGU6NjM2NzIxMg==,-200.0,-300.0,-300.0,-200.0,T3V0Y29tZU5vZGU6NjM2NzIxMw==,142.0,142.0,228.0,228.0
T2ZmZXJUYWJsZU9mZmVyTm9kZToxMDMzNzYyNzA=,RmlnaHROb2RlOjY1Nzg1,U3BvcnRzYm9va05vZGU6MjE=,T3V0Y29tZU5vZGU6NjM2NjMxNA==,-110.0,-128.0,-102.0,109.0,T3V0Y29tZU5vZGU6NjM2NjMxMw==,-130.0,-154.0,-147.0,-111.0
T2ZmZXJUYWJsZU9mZmVyTm9kZToxMDMzNzcyNTI=,RmlnaHROb2RlOjY1Nzg1,U3BvcnRzYm9va05vZGU6Mjc=,T3V0Y29tZU5vZGU6NjM2NzY0MQ==,-105.0,-105.0,-105.0,-105.0,T3V0Y29tZU5vZGU6NjM2NzY0Mg==,-125.0,-125.0,-125.0,-125.0
T2ZmZXJUYWJsZU9mZmVyTm9kZToxMDMzNzkwODk=,RmlnaHROb2RlOjY1Nzg1,U3BvcnRzYm9va05vZGU6Mjg=,T3V0Y29tZU5vZGU6NjM3MDA4Mw==,-130.0,-130.0,105.0,105.0,T3V0Y29tZU5vZGU6NjM3MDA4NA==,-110.0,-145.0,-145.0,-110.0
T2ZmZXJUYWJsZU9mZmVyTm9kZToxMDMzNzYyNDM=,RmlnaHROb2RlOjY1Nzg1,U3BvcnRzYm9va05vZGU6MTA=,T3V0Y29tZU5vZGU6NjM2NjI3NA==,-200.0,-200.0,105.0,130.0,T3V0Y29tZU5vZGU6NjM2NjI3Mw==,170.0,-150.0,-125.0,170.0
T2ZmZXJUYWJsZU9mZmVyTm9kZToxMDMzNzYxMzI=,RmlnaHROb2RlOjY1Nzg0,U3BvcnRzYm9va05vZGU6MTA=,T3V0Y29tZU5vZGU6NjM2NjEzMg==,-165.0,-200.0,-175.0,-130.0,T3V0Y29tZU5vZGU6NjM2NjEzMQ==,125.0,-110.0,150.0,170.0
T2ZmZXJUYWJsZU9mZmVyTm9kZToxMDMzNzYyNjE=,RmlnaHROb2RlOjY1Nzg0,U3BvcnRzYm9va05vZGU6MjE=,T3V0Y29tZU5vZGU6NjM2NjI5Ng==,-130.0,-208.0,-192.0,-130.0,T3V0Y29tZU5vZGU6NjM2NjI5NQ==,-110.0,-110.0,134.0,141.0
T2ZmZXJUYWJsZU9mZmVyTm9kZToxMDMzNzcyNTk=,RmlnaHROb2RlOjY1Nzg0,U3BvcnRzYm9va05vZGU6Mjc=,T3V0Y29tZU5vZGU6NjM2NzY1NQ==,-175.0,-175.0,-175.0,-175.0,T3V0Y29tZU5vZGU6NjM2NzY1Ng==,130.0,130.0,130.0,130.0
T2ZmZXJUYWJsZU9mZmVyTm9kZToxMDMzNzY5NDM=,RmlnaHROb2RlOjY1Nzg0,U3BvcnRzYm9va05vZGU6Mg==,T3V0Y29tZU5vZGU6NjM2NzIxNA==,-159.0,-205.0,-205.0,-159.0,T3V0Y29tZU5vZGU6NjM2NzIxNQ==,115.0,115.0,161.0,161.0
T2ZmZXJUYWJsZU9mZmVyTm9kZToxMDMzNzkwNjE=,RmlnaHROb2RlOjY1Nzg0,U3BvcnRzYm9va05vZGU6Mjg=,T3V0Y29tZU5vZGU6NjM3MDAyNw==,-169.0,-200.0,-175.0,-169.0,T3V0Y29tZU5vZGU6NjM3MDAyOA==,129.0,129.0,135.0,150.0
T2ZmZXJUYWJsZU9mZmVyTm9kZToxMDMzNzYxMjk=,RmlnaHROb2RlOjY4NTIx,U3BvcnRzYm9va05vZGU6MTA=,T3V0Y29tZU5vZGU6NjM2NjEyNQ==,110.0,-315.0,-280.0,110.0,T3V0Y29tZU5vZGU6NjM2NjEyNg==,-150.0,-150.0,240.0,265.0
T2ZmZXJUYWJsZU9mZmVyTm9kZToxMDMzNzY5NDQ=,RmlnaHROb2RlOjY4NTIx,U3BvcnRzYm9va05vZGU6Mg==,T3V0Y29tZU5vZGU6NjM2NzIxNg==,-179.0,-325.0,-311.0,-179.0,T3V0Y29tZU5vZGU6NjM2NzIxNw==,128.0,128.0,235.0,244.0
T2ZmZXJUYWJsZU9mZmVyTm9kZToxMDMzNzYxNDI=,RmlnaHROb2RlOjY4NTIx,U3BvcnRzYm9va05vZGU6MjE=,T3V0Y29tZU5vZGU6NjM2NjE1MQ==,-143.0,-357.0,-270.0,-130.0,T3V0Y29tZU5vZGU6NjM2NjE1Mg==,-101.0,-110.0,179.0,223.0
T2ZmZXJUYWJsZU9mZmVyTm9kZToxMDMzNzkwNjU=,RmlnaHROb2RlOjY4NTIx,U3BvcnRzYm9va05vZGU6Mjg=,T3V0Y29tZU5vZGU6NjM3MDAzNg==,-303.0,-312.0,-278.0,-278.0,T3V0Y29tZU5vZGU6NjM3MDAzNQ==,203.0,193.0,193.0,207.0
T2ZmZXJUYWJsZU9mZmVyTm9kZToxMDMzNzcyNTU=,RmlnaHROb2RlOjY4NTIx,U3BvcnRzYm9va05vZGU6Mjc=,T3V0Y29tZU5vZGU6NjM2NzY0Nw==,-150.0,-150.0,-150.0,-150.0,T3V0Y29tZU5vZGU6NjM2NzY0OA==,110.0,110.0,110.0,110.0
T2ZmZXJUYWJsZU9mZmVyTm9kZToxMDMzNzcyNTQ=,RmlnaHROb2RlOjY1Nzgz,U3BvcnRzYm9va05vZGU6Mjc=,T3V0Y29tZU5vZGU6NjM2NzY0NQ==,120.0,120.0,120.0,120.0,T3V0Y29tZU5vZGU6NjM2NzY0Ng==,-163.0,-163.0,-163.0,-163.0
T2ZmZXJUYWJsZU9mZmVyTm9kZToxMDMzNzkwNjc=,RmlnaHROb2RlOjY1Nzgz,U3BvcnRzYm9va05vZGU6Mjg=,T3V0Y29tZU5vZGU6NjM3MDAzOQ==,121.0,101.0,101.0,121.0,T3V0Y29tZU5vZGU6NjM3MDA0MA==,-161.0,-161.0,-141.0,-141.0
T2ZmZXJUYWJsZU9mZmVyTm9kZToxMDMzNzYxMjg=,RmlnaHROb2RlOjY1Nzgz,U3BvcnRzYm9va05vZGU6MTA=,T3V0Y29tZU5vZGU6NjM2NjEyMw==,200.0,-130.0,120.0,200.0,T3V0Y29tZU5vZGU6NjM2NjEyNA==,-300.0,-300.0,-140.0,-110.0
T2ZmZXJUYWJsZU9mZmVyTm9kZToxMDMzNzY0Njc=,RmlnaHROb2RlOjY1Nzgz,U3BvcnRzYm9va05vZGU6MjE=,T3V0Y29tZU5vZGU6NjM2NjU3OA==,113.0,112.0,118.0,139.0,T3V0Y29tZU5vZGU6NjM2NjU3Nw==,-164.0,-204.0,-179.0,-161.0
T2ZmZXJUYWJsZU9mZmVyTm9kZToxMDMzNzY5NDU=,RmlnaHROb2RlOjY1Nzgz,U3BvcnRzYm9va05vZGU6Mg==,T3V0Y29tZU5vZGU6NjM2NzIxOQ==,119.0,103.0,109.0,119.0,T3V0Y29tZU5vZGU6NjM2NzIxOA==,-166.0,-166.0,-139.0,-139.0
T2ZmZXJUYWJsZU9mZmVyTm9kZToxMDMzNzY5NDY=,RmlnaHROb2RlOjY1Nzg2,U3BvcnRzYm9va05vZGU6Mg==,T3V0Y29tZU5vZGU6NjM2NzIyMA==,-185.0,-220.0,-210.0,-160.0,T3V0Y29tZU5vZGU6NjM2NzIyMQ==,132.0,115.0,165.0,165.0
T2ZmZXJUYWJsZU9mZmVyTm9kZToxMDMzNzYxNDE=,RmlnaHROb2RlOjY1Nzg2,U3BvcnRzYm9va05vZGU6MjE=,T3V0Y29tZU5vZGU6NjM2NjE1MA==,-169.0,-213.0,-204.0,-130.0,T3V0Y29tZU5vZGU6NjM2NjE0OQ==,116.0,-110.0,138.0,144.0
T2ZmZXJUYWJsZU9mZmVyTm9kZToxMDMzNzcyNTE=,RmlnaHROb2RlOjY1Nzg2,U3BvcnRzYm9va05vZGU6Mjc=,T3V0Y29tZU5vZGU6NjM2NzYzOQ==,-163.0,-163.0,-163.0,-163.0,T3V0Y29tZU5vZGU6NjM2NzY0MA==,120.0,120.0,120.0,120.0
T2ZmZXJUYWJsZU9mZmVyTm9kZToxMDMzNzkwNjA=,RmlnaHROb2RlOjY1Nzg2,U3BvcnRzYm9va05vZGU6Mjg=,T3V0Y29tZU5vZGU6NjM3MDAyNQ==,-200.0,-227.0,-141.0,-141.0,T3V0Y29tZU5vZGU6NjM3MDAyNg==,150.0,101.0,101.0,167.0
T2ZmZXJUYWJsZU9mZmVyTm9kZToxMDMzNzYxMjc=,RmlnaHROb2RlOjY1Nzg2,U3BvcnRzYm9va05vZGU6MTA=,T3V0Y29tZU5vZGU6NjM2NjEyMg==,-200.0,-210.0,-180.0,-130.0,T3V0Y29tZU5vZGU6NjM2NjEyMQ==,150.0,-110.0,155.0,180.0
T2ZmZXJUYWJsZU9mZmVyTm9kZToxMDMzNzc3NDE=,RmlnaHROb2RlOjY5NDUx,U3BvcnRzYm9va05vZGU6MjE=,T3V0Y29tZU5vZGU6NjM2ODMyMA==,-400.0,-588.0,-588.0,-400.0,T3V0Y29tZU5vZGU6NjM2ODMxOQ==,248.0,248.0,321.0,333.0
T2ZmZXJUYWJsZU9mZmVyTm9kZToxMDMzNzkwOTA=,RmlnaHROb2RlOjY5NDUx,U3BvcnRzYm9va05vZGU6Mjg=,T3V0Y29tZU5vZGU6NjM3MDA4NQ==,-455.0,-556.0,-555.0,-455.0,T3V0Y29tZU5vZGU6NjM3MDA4Ng==,280.0,280.0,330.0,331.0
T2ZmZXJUYWJsZU9mZmVyTm9kZToxMDMzNzcyNTM=,RmlnaHROb2RlOjY5NDUx,U3BvcnRzYm9va05vZGU6Mjc=,T3V0Y29tZU5vZGU6NjM2NzY0Mw==,-450.0,-450.0,-450.0,-450.0,T3V0Y29tZU5vZGU6NjM2NzY0NA==,300.0,300.0,300.0,300.0
T2ZmZXJUYWJsZU9mZmVyTm9kZToxMDMzNzYyNDI=,RmlnaHROb2RlOjY5NDUx,U3BvcnRzYm9va05vZGU6MTA=,T3V0Y29tZU5vZGU6NjM2NjI3Mg==,-200.0,-550.0,-500.0,-200.0,T3V0Y29tZU5vZGU6NjM2NjI3MQ==,150.0,150.0,375.0,400.0
T2ZmZXJUYWJsZU9mZmVyTm9kZToxMDMzODE4ODc=,RmlnaHROb2RlOjcwNzY4,U3BvcnRzYm9va05vZGU6MTA=,T3V0Y29tZU5vZGU6NjM3MzgxOA==,-135.0,-460.0,-460.0,-135.0,T3V0Y29tZU5vZGU6NjM3MzgxNw==,-105.0,-105.0,360.0,360.0
T2ZmZXJUYWJsZU9mZmVyTm9kZToxMDMzODQ3OTY=,RmlnaHROb2RlOjcwNzY4,U3BvcnRzYm9va05vZGU6Mjg=,T3V0Y29tZU5vZGU6NjM3NzUyNg==,-312.0,-415.0,-415.0,-312.0,T3V0Y29tZU5vZGU6NjM3NzUyNw==,207.0,207.0,260.0,260.0
T2ZmZXJUYWJsZU9mZmVyTm9kZToxMDMzODE5MDA=,RmlnaHROb2RlOjcwNzY4,U3BvcnRzYm9va05vZGU6MjE=,T3V0Y29tZU5vZGU6NjM3Mzg0NA==,-135.0,-455.0,-455.0,-135.0,T3V0Y29tZU5vZGU6NjM3Mzg0Mw==,-105.0,-105.0,293.0,293.0
T2ZmZXJUYWJsZU9mZmVyTm9kZToxMDMzODMyMzY=,RmlnaHROb2RlOjcwNzY4,U3BvcnRzYm9va05vZGU6Mjc=,T3V0Y29tZU5vZGU6NjM3NTY2MA==,-333.0,-333.0,-333.0,-333.0,T3V0Y29tZU5vZGU6NjM3NTY2MQ==,225.0,225.0,225.0,225.0
T2ZmZXJUYWJsZU9mZmVyTm9kZToxMDMzODMyMzk=,RmlnaHROb2RlOjcwNzcx,U3BvcnRzYm9va05vZGU6Mjc=,T3V0Y29tZU5vZGU6NjM3NTY2Ng==,175.0,175.0,175.0,175.0,T3V0Y29tZU5vZGU6NjM3NTY2Nw==,-250.0,-250.0,-250.0,-250.0
T2ZmZXJUYWJsZU9mZmVyTm9kZToxMDMzODQ3OTQ=,RmlnaHROb2RlOjcwNzcx,U3BvcnRzYm9va05vZGU6Mjg=,T3V0Y29tZU5vZGU6NjM3NzUyMw==,173.0,129.0,162.0,173.0,T3V0Y29tZU5vZGU6NjM3NzUyMg==,-238.0,-238.0,-217.0,-169.0
T2ZmZXJUYWJsZU9mZmVyTm9kZToxMDMzODE4OTI=,RmlnaHROb2RlOjcwNzcx,U3BvcnRzYm9va05vZGU6MTA=,T3V0Y29tZU5vZGU6NjM3MzgyNw==,135.0,135.0,185.0,205.0,T3V0Y29tZU5vZGU6NjM3MzgyOA==,-165.0,-240.0,-220.0,-165.0
T2ZmZXJUYWJsZU9mZmVyTm9kZToxMDMzODE4OTg=,RmlnaHROb2RlOjcwNzcx,U3BvcnRzYm9va05vZGU6MjE=,T3V0Y29tZU5vZGU6NjM3MzgzOQ==,126.0,126.0,167.0,175.0,T3V0Y29tZU5vZGU6NjM3Mzg0MA==,-182.0,-263.0,-250.0,-182.0
T2ZmZXJUYWJsZU9mZmVyTm9kZToxMDMzODE4ODY=,RmlnaHROb2RlOjY4NjQ1,U3BvcnRzYm9va05vZGU6MTA=,T3V0Y29tZU5vZGU6NjM3MzgxNg==,-145.0,-200.0,-190.0,-135.0,T3V0Y29tZU5vZGU6NjM3MzgxNQ==,105.0,105.0,165.0,170.0
T2ZmZXJUYWJsZU9mZmVyTm9kZToxMDMzODMyMzc=,RmlnaHROb2RlOjY4NjQ1,U3BvcnRzYm9va05vZGU6Mjc=,T3V0Y29tZU5vZGU6NjM3NTY2Mg==,-200.0,-200.0,-200.0,-200.0,T3V0Y29tZU5vZGU6NjM3NTY2Mw==,150.0,150.0,150.0,150.0
T2ZmZXJUYWJsZU9mZmVyTm9kZToxMDMzODI0MDE=,RmlnaHROb2RlOjY4NjQ1,U3BvcnRzYm9va05vZGU6Mg==,T3V0Y29tZU5vZGU6NjM3NDUwOQ==,-227.0,-227.0,-165.0,-150.0,T3V0Y29tZU5vZGU6NjM3NDUxMA==,159.0,108.0,131.0,159.0
T2ZmZXJUYWJsZU9mZmVyTm9kZToxMDMzODQ3OTc=,RmlnaHROb2RlOjY4NjQ1,U3BvcnRzYm9va05vZGU6Mjg=,T3V0Y29tZU5vZGU6NjM3NzUyOA==,-200.0,-200.0,-164.0,-135.0,T3V0Y29tZU5vZGU6NjM3NzUyOQ==,150.0,-105.0,124.0,150.0
T2ZmZXJUYWJsZU9mZmVyTm9kZToxMDMzODE4OTc=,RmlnaHROb2RlOjY4NjQ1,U3BvcnRzYm9va05vZGU6MjE=,T3V0Y29tZU5vZGU6NjM3MzgzOA==,-149.0,-238.0,-227.0,-149.0,T3V0Y29tZU5vZGU6NjM3MzgzNw==,103.0,103.0,152.0,160.0
T2ZmZXJUYWJsZU9mZmVyTm9kZToxMDMzODIzOTc=,RmlnaHROb2RlOjY5NDQ5,U3BvcnRzYm9va05vZGU6Mg==,T3V0Y29tZU5vZGU6NjM3NDUwMg==,-169.0,-269.0,-269.0,-169.0,T3V0Y29tZU5vZGU6NjM3NDUwMQ==,121.0,121.0,207.0,207.0
T2ZmZXJUYWJsZU9mZmVyTm9kZToxMDMzODQ3OTg=,RmlnaHROb2RlOjY5NDQ5,U3BvcnRzYm9va05vZGU6Mjg=,T3V0Y29tZU5vZGU6NjM3NzUzMQ==,-175.0,-240.0,-240.0,-175.0,T3V0Y29tZU5vZGU6NjM3NzUzMA==,135.0,135.0,170.0,173.0
T2ZmZXJUYWJsZU9mZmVyTm9kZToxMDMzODE5MDI=,RmlnaHROb2RlOjY5NDQ5,U3BvcnRzYm9va05vZGU6MjE=,T3V0Y29tZU5vZGU6NjM3Mzg0Nw==,-196.0,-250.0,-250.0,-154.0,T3V0Y29tZU5vZGU6NjM3Mzg0OA==,133.0,107.0,163.0,163.0
T2ZmZXJUYWJsZU9mZmVyTm9kZToxMDMzODE4OTA=,RmlnaHROb2RlOjY5NDQ5,U3BvcnRzYm9va05vZGU6MTA=,T3V0Y29tZU5vZGU6NjM3MzgyMw==,105.0,-240.0,-240.0,105.0,T3V0Y29tZU5vZGU6NjM3MzgyNA==,-145.0,-145.0,205.0,205.0
T2ZmZXJUYWJsZU9mZmVyTm9kZToxMDMzODMyMzQ=,RmlnaHROb2RlOjY5NDQ5,U3BvcnRzYm9va05vZGU6Mjc=,T3V0Y29tZU5vZGU6NjM3NTY1Ng==,-175.0,-175.0,-175.0,-175.0,T3V0Y29tZU5vZGU6NjM3NTY1Nw==,130.0,130.0,130.0,130.0
T2ZmZXJUYWJsZU9mZmVyTm9kZToxMDMzODE4ODk=,RmlnaHROb2RlOjcwNzY5,U3BvcnRzYm9va05vZGU6MTA=,T3V0Y29tZU5vZGU6NjM3MzgyMg==,-150.0,-300.0,-300.0,-125.0,T3V0Y29tZU5vZGU6NjM3MzgyMQ==,110.0,-115.0,250.0,250.0
T2ZmZXJUYWJsZU9mZmVyTm9kZToxMDMzODE4OTk=,RmlnaHROb2RlOjcwNzY5,U3BvcnRzYm9va05vZGU6MjE=,T3V0Y29tZU5vZGU6NjM3Mzg0Mg==,-154.0,-312.0,-312.0,-125.0,T3V0Y29tZU5vZGU6NjM3Mzg0MQ==,107.0,-115.0,211.0,211.0
T2ZmZXJUYWJsZU9mZmVyTm9kZToxMDMzODIzOTg=,RmlnaHROb2RlOjcwNzY5,U3BvcnRzYm9va05vZGU6Mg==,T3V0Y29tZU5vZGU6NjM3NDUwNA==,-227.0,-272.0,-250.0,-225.0,T3V0Y29tZU5vZGU6NjM3NDUwMw==,159.0,158.0,194.0,209.0
T2ZmZXJUYWJsZU9mZmVyTm9kZToxMDMzODQ3OTk=,RmlnaHROb2RlOjcwNzY5,U3BvcnRzYm9va05vZGU6Mjg=,T3V0Y29tZU5vZGU6NjM3NzUzMg==,-227.0,-303.0,-303.0,-227.0,T3V0Y29tZU5vZGU6NjM3NzUzMw==,167.0,167.0,203.0,203.0
T2ZmZXJUYWJsZU9mZmVyTm9kZToxMDMzODMyMzU=,RmlnaHROb2RlOjcwNzY5,U3BvcnRzYm9va05vZGU6Mjc=,T3V0Y29tZU5vZGU6NjM3NTY1OA==,-225.0,-225.0,-225.0,-225.0,T3V0Y29tZU5vZGU6NjM3NTY1OQ==,163.0,163.0,163.0,163.0
T2ZmZXJUYWJsZU9mZmVyTm9kZToxMDMzODE5MDE=,RmlnaHROb2RlOjY5NDQ3,U3BvcnRzYm9va05vZGU6MjE=,T3V0Y29tZU5vZGU6NjM3Mzg0NQ==,124.0,-204.0,-204.0,124.0,T3V0Y29tZU5vZGU6NjM3Mzg0Ng==,-182.0,-182.0,137.0,137.0
T2ZmZXJUYWJsZU9mZmVyTm9kZToxMDMzODIzOTk=,RmlnaHROb2RlOjY5NDQ3,U3BvcnRzYm9va05vZGU6Mg==,T3V0Y29tZU5vZGU6NjM3NDUwNQ==,-149.0,-224.0,-217.0,-149.0,T3V0Y29tZU5vZGU6NjM3NDUwNg==,108.0,108.0,170.0,175.0
T2ZmZXJUYWJsZU9mZmVyTm9kZToxMDMzODMyMzI=,RmlnaHROb2RlOjY5NDQ3,U3BvcnRzYm9va05vZGU6Mjc=,T3V0Y29tZU5vZGU6NjM3NTY1Mg==,-175.0,-175.0,-175.0,-175.0,T3V0Y29tZU5vZGU6NjM3NTY1Mw==,130.0,130.0,130.0,130.0
T2ZmZXJUYWJsZU9mZmVyTm9kZToxMDMzODE4ODg=,RmlnaHROb2RlOjY5NDQ3,U3BvcnRzYm9va05vZGU6MTA=,T3V0Y29tZU5vZGU6NjM3MzgxOQ==,170.0,-190.0,-190.0,170.0,T3V0Y29tZU5vZGU6NjM3MzgyMA==,-250.0,-250.0,165.0,165.0
T2ZmZXJUYWJsZU9mZmVyTm9kZToxMDMzODQ3OTM=,RmlnaHROb2RlOjY5NDQ3,U3BvcnRzYm9va05vZGU6Mjg=,T3V0Y29tZU5vZGU6NjM3NzUyMQ==,-169.0,-189.0,-189.0,-169.0,T3V0Y29tZU5vZGU6NjM3NzUyMA==,129.0,129.0,146.0,146.0
T2ZmZXJUYWJsZU9mZmVyTm9kZToxMDMzODE5MDk=,RmlnaHROb2RlOjcwNzkx,U3BvcnRzYm9va05vZGU6MjE=,T3V0Y29tZU5vZGU6NjM3Mzg2Mg==,109.0,-159.0,-154.0,109.0,T3V0Y29tZU5vZGU6NjM3Mzg2MQ==,-156.0,-156.0,107.0,111.0
T2ZmZXJUYWJsZU9mZmVyTm9kZToxMDMzODMyMzA=,RmlnaHROb2RlOjcwNzkx,U3BvcnRzYm9va05vZGU6Mjc=,T3V0Y29tZU5vZGU6NjM3NTY0OA==,-150.0,-150.0,-150.0,-150.0,T3V0Y29tZU5vZGU6NjM3NTY0OQ==,110.0,110.0,110.0,110.0
T2ZmZXJUYWJsZU9mZmVyTm9kZToxMDMzODE4OTM=,RmlnaHROb2RlOjcwNzkx,U3BvcnRzYm9va05vZGU6MTA=,T3V0Y29tZU5vZGU6NjM3MzgyOQ==,150.0,-145.0,-120.0,150.0,T3V0Y29tZU5vZGU6NjM3MzgzMA==,-200.0,-200.0,100.0,125.0
T2ZmZXJUYWJsZU9mZmVyTm9kZToxMDMzODQ3OTA=,RmlnaHROb2RlOjcwNzkx,U3BvcnRzYm9va05vZGU6Mjg=,T3V0Y29tZU5vZGU6NjM3NzUxNA==,-145.0,-145.0,-120.0,-115.0,T3V0Y29tZU5vZGU6NjM3NzUxNQ==,105.0,-120.0,-120.0,105.0
T2ZmZXJUYWJsZU9mZmVyTm9kZToxMDMzODMyNDA=,RmlnaHROb2RlOjcwNzkz,U3BvcnRzYm9va05vZGU6Mjc=,T3V0Y29tZU5vZGU6NjM3NTY2OA==,200.0,200.0,200.0,200.0,T3V0Y29tZU5vZGU6NjM3NTY2OQ==,-275.0,-275.0,-275.0,-275.0
T2ZmZXJUYWJsZU9mZmVyTm9kZToxMDMzODE5OTM=,RmlnaHROb2RlOjcwNzkz,U3BvcnRzYm9va05vZGU6MjE=,T3V0Y29tZU5vZGU6NjM3Mzk2MA==,199.0,185.0,211.0,232.0,T3V0Y29tZU5vZGU6NjM3Mzk2MQ==,-312.0,-370.0,-333.0,-286.0
T2ZmZXJUYWJsZU9mZmVyTm9kZToxMDMzODE4OTU=,RmlnaHROb2RlOjcwNzkz,U3BvcnRzYm9va05vZGU6MTA=,T3V0Y29tZU5vZGU6NjM3MzgzMw==,110.0,110.0,265.0,275.0,T3V0Y29tZU5vZGU6NjM3MzgzNA==,-150.0,-325.0,-315.0,-150.0
T2ZmZXJUYWJsZU9mZmVyTm9kZToxMDMzODIzOTY=,RmlnaHROb2RlOjcwNzkz,U3BvcnRzYm9va05vZGU6Mg==,T3V0Y29tZU5vZGU6NjM3NDUwMA==,166.0,166.0,225.0,248.0,T3V0Y29tZU5vZGU6NjM3NDQ5OQ==,-238.0,-330.0,-296.0,-238.0
T2ZmZXJUYWJsZU9mZmVyTm9kZToxMDMzODQ4MDA=,RmlnaHROb2RlOjcwNzkz,U3BvcnRzYm9va05vZGU6Mjg=,T3V0Y29tZU5vZGU6NjM3NzUzNQ==,203.0,183.0,207.0,207.0,T3V0Y29tZU5vZGU6NjM3NzUzNA==,-303.0,-312.0,-312.0,-263.0
T2ZmZXJUYWJsZU9mZmVyTm9kZToxMDMzODE4OTQ=,RmlnaHROb2RlOjcwNzky,U3BvcnRzYm9va05vZGU6MTA=,T3V0Y29tZU5vZGU6NjM3MzgzMQ==,-105.0,-105.0,145.0,205.0,T3V0Y29tZU5vZGU6NjM3MzgzMg==,-135.0,-240.0,-170.0,-135.0
T2ZmZXJUYWJsZU9mZmVyTm9kZToxMDMzODQ3OTI=,RmlnaHROb2RlOjcwNzky,U3BvcnRzYm9va05vZGU6Mjg=,T3V0Y29tZU5vZGU6NjM3NzUxOQ==,173.0,109.0,130.0,173.0,T3V0Y29tZU5vZGU6NjM3NzUxOA==,-238.0,-238.0,-170.0,-149.0
T2ZmZXJUYWJsZU9mZmVyTm9kZToxMDMzODE5MDg=,RmlnaHROb2RlOjcwNzky,U3BvcnRzYm9va05vZGU6MjE=,T3V0Y29tZU5vZGU6NjM3Mzg1OQ==,120.0,120.0,142.0,166.0,T3V0Y29tZU5vZGU6NjM3Mzg2MA==,-175.0,-250.0,-208.0,-175.0
T2ZmZXJUYWJsZU9mZmVyTm9kZToxMDMzODMyMzg=,RmlnaHROb2RlOjcwNzky,U3BvcnRzYm9va05vZGU6Mjc=,T3V0Y29tZU5vZGU6NjM3NTY2NA==,163.0,163.0,163.0,163.0,T3V0Y29tZU5vZGU6NjM3NTY2NQ==,-225.0,-225.0,-225.0,-225.0
T2ZmZXJUYWJsZU9mZmVyTm9kZToxMDMzODE5MDc=,RmlnaHROb2RlOjY5OTMw,U3BvcnRzYm9va05vZGU6MjE=,T3V0Y29tZU5vZGU6NjM3Mzg1OA==,-312.0,-400.0,-355.0,-286.0,T3V0Y29tZU5vZGU6NjM3Mzg1Nw==,199.0,189.0,222.0,246.0
T2ZmZXJUYWJsZU9mZmVyTm9kZToxMDMzODMyMzM=,RmlnaHROb2RlOjY5OTMw,U3BvcnRzYm9va05vZGU6Mjc=,T3V0Y29tZU5vZGU6NjM3NTY1NA==,200.0,-275.0,-275.0,200.0,T3V0Y29tZU5vZGU6NjM3NTY1NQ==,-275.0,-275.0,200.0,200.0
T2ZmZXJUYWJsZU9mZmVyTm9kZToxMDMzODQ3OTU=,RmlnaHROb2RlOjY5OTMw,U3BvcnRzYm9va05vZGU6Mjg=,T3V0Y29tZU5vZGU6NjM3NzUyNA==,-305.0,-310.0,-295.0,-295.0,T3V0Y29tZU5vZGU6NjM3NzUyNQ==,205.0,200.0,200.0,205.0
T2ZmZXJUYWJsZU9mZmVyTm9kZToxMDMzODE4OTY=,RmlnaHROb2RlOjY5OTMw,U3BvcnRzYm9va05vZGU6MTA=,T3V0Y29tZU5vZGU6NjM3MzgzNg==,-200.0,-800.0,-450.0,-200.0,T3V0Y29tZU5vZGU6NjM3MzgzNQ==,150.0,150.0,350.0,550.0
T2ZmZXJUYWJsZU9mZmVyTm9kZToxMDMzODIzOTU=,RmlnaHROb2RlOjY5OTMw,U3BvcnRzYm9va05vZGU6Mg==,T3V0Y29tZU5vZGU6NjM3NDQ5Nw==,-270.0,-744.0,-380.0,-270.0,T3V0Y29tZU5vZGU6NjM3NDQ5OA==,185.0,185.0,280.0,404.0
T2ZmZXJUYWJsZU9mZmVyTm9kZToxMDMzODE5MDM=,RmlnaHROb2RlOjcwNzcw,U3BvcnRzYm9va05vZGU6MjE=,T3V0Y29tZU5vZGU6NjM3Mzg1MA==,-182.0,-333.0,-286.0,-182.0,T3V0Y29tZU5vZGU6NjM3Mzg0OQ==,124.0,124.0,182.0,214.0
T2ZmZXJUYWJsZU9mZmVyTm9kZToxMDMzODQ3OTE=,RmlnaHROb2RlOjcwNzcw,U3BvcnRzYm9va05vZGU6Mjg=,T3V0Y29tZU5vZGU6NjM3NzUxNg==,-263.0,-263.0,-250.0,-179.0,T3V0Y29tZU5vZGU6NjM3NzUxNw==,183.0,139.0,175.0,183.0
T2ZmZXJUYWJsZU9mZmVyTm9kZToxMDMzODE4OTE=,RmlnaHROb2RlOjcwNzcw,U3BvcnRzYm9va05vZGU6MTA=,T3V0Y29tZU5vZGU6NjM3MzgyNg==,-250.0,-260.0,-250.0,-170.0,T3V0Y29tZU5vZGU6NjM3MzgyNQ==,170.0,130.0,210.0,220.0
T2ZmZXJUYWJsZU9mZmVyTm9kZToxMDMzODMyMzE=,RmlnaHROb2RlOjcwNzcw,U3BvcnRzYm9va05vZGU6Mjc=,T3V0Y29tZU5vZGU6NjM3NTY1MA==,-250.0,-250.0,-250.0,-250.0,T3V0Y29tZU5vZGU6NjM3NTY1MQ==,175.0,175.0,175.0,175.0
T2ZmZXJUYWJsZU9mZmVyTm9kZToxMDM0MDE5MjI=,RmlnaHROb2RlOjcxMjky,U3BvcnRzYm9va05vZGU6MTA=,T3V0Y29tZU5vZGU6NjQwNDI4Mw==,-155.0,-155.0,130.0,175.0,T3V0Y29tZU5vZGU6NjQwNDI4NA==,115.0,-205.0,-150.0,115.0
T2ZmZXJUYWJsZU9mZmVyTm9kZToxMDM0MDE5MzI=,RmlnaHROb2RlOjcxMjky,U3BvcnRzYm9va05vZGU6MjE=,T3V0Y29tZU5vZGU6NjQwNDMwMw==,116.0,116.0,125.0,145.0,T3V0Y29tZU5vZGU6NjQwNDMwNA==,-169.0,-213.0,-182.0,-169.0
T2ZmZXJUYWJsZU9mZmVyTm9kZToxMDM0MDE5ODA=,RmlnaHROb2RlOjcxMjky,U3BvcnRzYm9va05vZGU6Mjc=,T3V0Y29tZU5vZGU6NjQwNDM5OQ==,120.0,120.0,150.0,150.0,T3V0Y29tZU5vZGU6NjQwNDQwMA==,-163.0,-200.0,-200.0,-163.0
T2ZmZXJUYWJsZU9mZmVyTm9kZToxMDM0MDQwNzg=,RmlnaHROb2RlOjcxMjky,U3BvcnRzYm9va05vZGU6Mjg=,T3V0Y29tZU5vZGU6NjQwNzM2OQ==,121.0,121.0,140.0,154.0,T3V0Y29tZU5vZGU6NjQwNzM2OA==,-161.0,-204.0,-180.0,-161.0
T2ZmZXJUYWJsZU9mZmVyTm9kZToxMDM0MDMxMzE=,RmlnaHROb2RlOjcxMjky,U3BvcnRzYm9va05vZGU6Mg==,T3V0Y29tZU5vZGU6NjQwNTkxOQ==,131.0,116.0,119.0,131.0,T3V0Y29tZU5vZGU6NjQwNTkxOA==,-165.0,-166.0,-166.0,-161.0
T2ZmZXJUYWJsZU9mZmVyTm9kZToxMDM0MDE5MjE=,RmlnaHROb2RlOjcwNzYx,U3BvcnRzYm9va05vZGU6MTA=,T3V0Y29tZU5vZGU6NjQwNDI4MQ==,125.0,-800.0,-500.0,125.0,T3V0Y29tZU5vZGU6NjQwNDI4Mg==,-165.0,-165.0,375.0,475.0
T2ZmZXJUYWJsZU9mZmVyTm9kZToxMDM0MDQwNzc=,RmlnaHROb2RlOjcxNTgw,U3BvcnRzYm9va05vZGU6Mjg=,T3V0Y29tZU5vZGU6NjQwNzM2Nw==,-500.0,-588.0,-556.0,-500.0,T3V0Y29tZU5vZGU6NjQwNzM2Ng==,300.0,300.0,331.0,348.0
T2ZmZXJUYWJsZU9mZmVyTm9kZToxMDM0MDMxMzM=,RmlnaHROb2RlOjcxNTgw,U3BvcnRzYm9va05vZGU6Mg==,T3V0Y29tZU5vZGU6NjQwNTkyMg==,-415.0,-575.0,-575.0,-415.0,T3V0Y29tZU5vZGU6NjQwNTkyMw==,301.0,301.0,338.0,338.0
T2ZmZXJUYWJsZU9mZmVyTm9kZToxMDM0MDE5ODM=,RmlnaHROb2RlOjcxNTgw,U3BvcnRzYm9va05vZGU6Mjc=,T3V0Y29tZU5vZGU6NjQwNDQwNQ==,-450.0,-450.0,-450.0,-450.0,T3V0Y29tZU5vZGU6NjQwNDQwNg==,300.0,300.0,300.0,300.0
T2ZmZXJUYWJsZU9mZmVyTm9kZToxMDM0MDE5MzM=,RmlnaHROb2RlOjcxNTgw,U3BvcnRzYm9va05vZGU6MjE=,T3V0Y29tZU5vZGU6NjQwNDMwNQ==,-526.0,-667.0,-667.0,-435.0,T3V0Y29tZU5vZGU6NjQwNDMwNg==,298.0,250.0,361.0,372.0
T2ZmZXJUYWJsZU9mZmVyTm9kZToxMDM0MDE5MjA=,RmlnaHROb2RlOjcxNTgw,U3BvcnRzYm9va05vZGU6MTA=,T3V0Y29tZU5vZGU6NjQwNDI3OQ==,200.0,-600.0,-550.0,200.0,T3V0Y29tZU5vZGU6NjQwNDI4MA==,-300.0,-300.0,400.0,425.0
T2ZmZXJUYWJsZU9mZmVyTm9kZToxMDM0MDMxMzQ=,RmlnaHROb2RlOjcwMjQ0,U3BvcnRzYm9va05vZGU6Mg==,T3V0Y29tZU5vZGU6NjQwNTkyNQ==,190.0,166.0,167.0,201.0,T3V0Y29tZU5vZGU6NjQwNTkyNA==,-245.0,-296.0,-240.0,-238.0
T2ZmZXJUYWJsZU9mZmVyTm9kZToxMDM0MDE5MzE=,RmlnaHROb2RlOjcwMjQ0,U3BvcnRzYm9va05vZGU6MjE=,T3V0Y29tZU5vZGU6NjQwNDMwMg==,199.0,139.0,160.0,199.0,T3V0Y29tZU5vZGU6NjQwNDMwMQ==,-312.0,-312.0,-238.0,-204.0
T2ZmZXJUYWJsZU9mZmVyTm9kZToxMDM0MDE5OTA=,RmlnaHROb2RlOjcwMjQ0,U3BvcnRzYm9va05vZGU6Mjc=,T3V0Y29tZU5vZGU6NjQwNDQxOQ==,200.0,150.0,150.0,200.0,T3V0Y29tZU5vZGU6NjQwNDQyMA==,-275.0,-275.0,-200.0,-200.0
T2ZmZXJUYWJsZU9mZmVyTm9kZToxMDM0MDQwNzI=,RmlnaHROb2RlOjcwMjQ0,U3BvcnRzYm9va05vZGU6Mjg=,T3V0Y29tZU5vZGU6NjQwNzM1Ng==,173.0,129.0,168.0,173.0,T3V0Y29tZU5vZGU6NjQwNzM1Nw==,-238.0,-238.0,-233.0,-169.0
T2ZmZXJUYWJsZU9mZmVyTm9kZToxMDM0MDE5MTk=,RmlnaHROb2RlOjcwMjQ0,U3BvcnRzYm9va05vZGU6MTA=,T3V0Y29tZU5vZGU6NjQwNDI3Nw==,200.0,140.0,145.0,200.0,T3V0Y29tZU5vZGU6NjQwNDI3OA==,-300.0,-300.0,-170.0,-160.0
T2ZmZXJUYWJsZU9mZmVyTm9kZToxMDM0MDE5MzU=,RmlnaHROb2RlOjcwMzIx,U3BvcnRzYm9va05vZGU6MjE=,T3V0Y29tZU5vZGU6NjQwNDMwOQ==,-1111.0,-1667.0,-1667.0,-1111.0,T3V0Y29tZU5vZGU6NjQwNDMxMA==,488.0,488.0,606.0,606.0
T2ZmZXJUYWJsZU9mZmVyTm9kZToxMDM0MDE5ODE=,RmlnaHROb2RlOjcwMzIx,U3BvcnRzYm9va05vZGU6Mjc=,T3V0Y29tZU5vZGU6NjQwNDQwMQ==,-800.0,-800.0,-800.0,-800.0,T3V0Y29tZU5vZGU6NjQwNDQwMg==,450.0,450.0,450.0,450.0
T2ZmZXJUYWJsZU9mZmVyTm9kZToxMDM0MDE5Mjk=,RmlnaHROb2RlOjcwMzIx,U3BvcnRzYm9va05vZGU6MTA=,T3V0Y29tZU5vZGU6NjQwNDI5Nw==,-200.0,-1000.0,-1000.0,-200.0,T3V0Y29tZU5vZGU6NjQwNDI5OA==,150.0,150.0,700.0,700.0
T2ZmZXJUYWJsZU9mZmVyTm9kZToxMDM0MDQwNzY=,RmlnaHROb2RlOjcwMzIx,U3BvcnRzYm9va05vZGU6Mjg=,T3V0Y29tZU5vZGU6NjQwNzM2NQ==,-909.0,-1000.0,-1000.0,-909.0,T3V0Y29tZU5vZGU6NjQwNzM2NA==,459.0,459.0,500.0,500.0
T2ZmZXJUYWJsZU9mZmVyTm9kZToxMDM0MDMyMTc=,RmlnaHROb2RlOjcwMzIx,U3BvcnRzYm9va05vZGU6Mg==,T3V0Y29tZU5vZGU6NjQwNjA5MA==,-870.0,-1100.0,-1100.0,-870.0,T3V0Y29tZU5vZGU6NjQwNjA5MQ==,533.0,456.0,512.0,533.0
T2ZmZXJUYWJsZU9mZmVyTm9kZToxMDM0MDE5MjY=,RmlnaHROb2RlOjcxMjkz,U3BvcnRzYm9va05vZGU6MTA=,T3V0Y29tZU5vZGU6NjQwNDI5MQ==,-135.0,-153.0,-145.0,-135.0,T3V0Y29tZU5vZGU6NjQwNDI5Mg==,-105.0,-105.0,125.0,133.0
T2ZmZXJUYWJsZU9mZmVyTm9kZToxMDM0MDMxMjc=,RmlnaHROb2RlOjcxMjkz,U3BvcnRzYm9va05vZGU6Mg==,T3V0Y29tZU5vZGU6NjQwNTkxMA==,-150.0,-150.0,-135.0,-125.0,T3V0Y29tZU5vZGU6NjQwNTkxMQ==,120.0,-110.0,-102.0,120.0
T2ZmZXJUYWJsZU9mZmVyTm9kZToxMDM0MDI0MjM=,RmlnaHROb2RlOjcxMjkz,U3BvcnRzYm9va05vZGU6MjE=,T3V0Y29tZU5vZGU6NjQwNDkzOQ==,-145.0,-172.0,-172.0,-135.0,T3V0Y29tZU5vZGU6NjQwNDk0MA==,101.0,-105.0,117.0,117.0
T2ZmZXJUYWJsZU9mZmVyTm9kZToxMDM0MDQwODA=,RmlnaHROb2RlOjcxMjkz,U3BvcnRzYm9va05vZGU6Mjg=,T3V0Y29tZU5vZGU6NjQwNzM3Mw==,-135.0,-175.0,-175.0,-135.0,T3V0Y29tZU5vZGU6NjQwNzM3Mg==,-105.0,-105.0,135.0,135.0
T2ZmZXJUYWJsZU9mZmVyTm9kZToxMDM0MDE5ODU=,RmlnaHROb2RlOjcxMjkz,U3BvcnRzYm9va05vZGU6Mjc=,T3V0Y29tZU5vZGU6NjQwNDQwOQ==,-138.0,-163.0,-163.0,-138.0,T3V0Y29tZU5vZGU6NjQwNDQxMA==,105.0,105.0,120.0,120.0
T2ZmZXJUYWJsZU9mZmVyTm9kZToxMDM0MDE5MjU=,RmlnaHROb2RlOjcwMzI0,U3BvcnRzYm9va05vZGU6MTA=,T3V0Y29tZU5vZGU6NjQwNDI4OQ==,200.0,-300.0,-284.0,200.0,T3V0Y29tZU5vZGU6NjQwNDI5MA==,-300.0,-300.0,244.0,250.0
T2ZmZXJUYWJsZU9mZmVyTm9kZToxMDM0MDE5MzQ=,RmlnaHROb2RlOjcwMzI0,U3BvcnRzYm9va05vZGU6MjE=,T3V0Y29tZU5vZGU6NjQwNDMwNw==,-213.0,-333.0,-312.0,-200.0,T3V0Y29tZU5vZGU6NjQwNDMwOA==,145.0,134.0,207.0,211.0
T2ZmZXJUYWJsZU9mZmVyTm9kZToxMDM0MDE5ODk=,RmlnaHROb2RlOjcwMzI0,U3BvcnRzYm9va05vZGU6Mjc=,T3V0Y29tZU5vZGU6NjQwNDQxNw==,-200.0,-275.0,-275.0,-200.0,T3V0Y29tZU5vZGU6NjQwNDQxOA==,150.0,150.0,200.0,200.0
T2ZmZXJUYWJsZU9mZmVyTm9kZToxMDM0MDQwODE=,RmlnaHROb2RlOjcwMzI0,U3BvcnRzYm9va05vZGU6Mjg=,T3V0Y29tZU5vZGU6NjQwNzM3NQ==,-200.0,-294.0,-286.0,-200.0,T3V0Y29tZU5vZGU6NjQwNzM3NA==,150.0,150.0,196.0,199.0
T2ZmZXJUYWJsZU9mZmVyTm9kZToxMDM0MDMxMjg=,RmlnaHROb2RlOjcwMzI0,U3BvcnRzYm9va05vZGU6Mg==,T3V0Y29tZU5vZGU6NjQwNTkxMw==,-225.0,-225.0,-220.0,-205.0,T3V0Y29tZU5vZGU6NjQwNTkxMg==,176.0,145.0,155.0,176.0
T2ZmZXJUYWJsZU9mZmVyTm9kZToxMDM0MDE5ODQ=,RmlnaHROb2RlOjcxMzIz,U3BvcnRzYm9va05vZGU6Mjc=,T3V0Y29tZU5vZGU6NjQwNDQwNw==,150.0,150.0,240.0,240.0,T3V0Y29tZU5vZGU6NjQwNDQwOA==,-200.0,-350.0,-350.0,-200.0
T2ZmZXJUYWJsZU9mZmVyTm9kZToxMDM0MDI3MTI=,RmlnaHROb2RlOjcxMzIz,U3BvcnRzYm9va05vZGU6MjE=,T3V0Y29tZU5vZGU6NjQwNTQyMw==,196.0,184.0,219.0,271.0,T3V0Y29tZU5vZGU6NjQwNTQyMg==,-303.0,-435.0,-345.0,-286.0
T2ZmZXJUYWJsZU9mZmVyTm9kZToxMDM0MDE5Mjc=,RmlnaHROb2RlOjcxMzIz,U3BvcnRzYm9va05vZGU6MTA=,T3V0Y29tZU5vZGU6NjQwNDI5Mw==,150.0,150.0,215.0,300.0,T3V0Y29tZU5vZGU6NjQwNDI5NA==,-200.0,-470.0,-255.0,-200.0
T2ZmZXJUYWJsZU9mZmVyTm9kZToxMDM0MDQwNzQ=,RmlnaHROb2RlOjcxMzIz,U3BvcnRzYm9va05vZGU6Mjg=,T3V0Y29tZU5vZGU6NjQwNzM2MA==,250.0,175.0,175.0,250.0,T3V0Y29tZU5vZGU6NjQwNzM2MQ==,-400.0,-400.0,-250.0,-250.0
T2ZmZXJUYWJsZU9mZmVyTm9kZToxMDM0MzMzNzU=,RmlnaHROb2RlOjcxMjg0,U3BvcnRzYm9va05vZGU6Mg==,T3V0Y29tZU5vZGU6NjQ1NjY5Ng==,-540.0,-900.0,-725.0,-540.0,T3V0Y29tZU5vZGU6NjQ1NjY5NQ==,323.0,323.0,397.0,456.0
T2ZmZXJUYWJsZU9mZmVyTm9kZToxMDM0MzAyNTQ=,RmlnaHROb2RlOjcxMjg0,U3BvcnRzYm9va05vZGU6MjE=,T3V0Y29tZU5vZGU6NjQ1MjU3NA==,-526.0,-1667.0,-588.0,-400.0,T3V0Y29tZU5vZGU6NjQ1MjU3Mw==,298.0,249.0,317.0,617.0
T2ZmZXJUYWJsZU9mZmVyTm9kZToxMDM0MzE2Mzg=,RmlnaHROb2RlOjcxMjg0,U3BvcnRzYm9va05vZGU6Mjc=,T3V0Y29tZU5vZGU6NjQ1NDQ0Ng==,-350.0,-800.0,-800.0,-350.0,T3V0Y29tZU5vZGU6NjQ1NDQ0Nw==,240.0,240.0,450.0,450.0
T2ZmZXJUYWJsZU9mZmVyTm9kZToxMDM0MzAwMzE=,RmlnaHROb2RlOjcxMjg0,U3BvcnRzYm9va05vZGU6MTA=,T3V0Y29tZU5vZGU6NjQ1MjMwNw==,-300.0,-950.0,-400.0,-300.0,T3V0Y29tZU5vZGU6NjQ1MjMwOA==,200.0,200.0,300.0,650.0
T2ZmZXJUYWJsZU9mZmVyTm9kZToxMDM0MzIxMTA=,RmlnaHROb2RlOjcxMjg0,U3BvcnRzYm9va05vZGU6Mjg=,T3V0Y29tZU5vZGU6NjQ1NTA2Mw==,-400.0,-1000.0,-675.0,-400.0,T3V0Y29tZU5vZGU6NjQ1NTA2NA==,250.0,250.0,385.0,500.0
T2ZmZXJUYWJsZU9mZmVyTm9kZToxMDM0MzA1MzM=,RmlnaHROb2RlOjcxNDM5,U3BvcnRzYm9va05vZGU6MjE=,T3V0Y29tZU5vZGU6NjQ1MjkwNA==,-286.0,-435.0,-435.0,-286.0,T3V0Y29tZU5vZGU6NjQ1MjkwMw==,198.0,198.0,243.0,257.0
T2ZmZXJUYWJsZU9mZmVyTm9kZToxMDM0MzE2MzU=,RmlnaHROb2RlOjcxNDM5,U3BvcnRzYm9va05vZGU6Mjc=,T3V0Y29tZU5vZGU6NjQ1NDQ0MA==,-400.0,-400.0,-400.0,-400.0,T3V0Y29tZU5vZGU6NjQ1NDQ0MQ==,275.0,275.0,275.0,275.0
T2ZmZXJUYWJsZU9mZmVyTm9kZToxMDM0MzMzNjc=,RmlnaHROb2RlOjcxNDM5,U3BvcnRzYm9va05vZGU6Mg==,T3V0Y29tZU5vZGU6NjQ1NjY4MA==,-340.0,-425.0,-425.0,-340.0,T3V0Y29tZU5vZGU6NjQ1NjY3OQ==,225.0,225.0,270.0,270.0
T2ZmZXJUYWJsZU9mZmVyTm9kZToxMDM0MzAwMjM=,RmlnaHROb2RlOjcxNDM5,U3BvcnRzYm9va05vZGU6MTA=,T3V0Y29tZU5vZGU6NjQ1MjI5MQ==,110.0,-400.0,-400.0,110.0,T3V0Y29tZU5vZGU6NjQ1MjI5Mg==,-150.0,-150.0,300.0,300.0
T2ZmZXJUYWJsZU9mZmVyTm9kZToxMDM0MzIxMDk=,RmlnaHROb2RlOjcxNDM5,U3BvcnRzYm9va05vZGU6Mjg=,T3V0Y29tZU5vZGU6NjQ1NTA2MQ==,-400.0,-400.0,-400.0,-400.0,T3V0Y29tZU5vZGU6NjQ1NTA2Mg==,250.0,250.0,250.0,250.0
T2ZmZXJUYWJsZU9mZmVyTm9kZToxMDM0MzAwMzI=,RmlnaHROb2RlOjcxNDQz,U3BvcnRzYm9va05vZGU6MTA=,T3V0Y29tZU5vZGU6NjQ1MjMwOQ==,-250.0,-450.0,-440.0,-250.0,T3V0Y29tZU5vZGU6NjQ1MjMxMA==,170.0,170.0,340.0,350.0
T2ZmZXJUYWJsZU9mZmVyTm9kZToxMDM0MzIxMDg=,RmlnaHROb2RlOjcxNDQz,U3BvcnRzYm9va05vZGU6Mjg=,T3V0Y29tZU5vZGU6NjQ1NTA2MA==,-345.0,-455.0,-435.0,-345.0,T3V0Y29tZU5vZGU6NjQ1NTA1OQ==,225.0,225.0,270.0,280.0
T2ZmZXJUYWJsZU9mZmVyTm9kZToxMDM0MzE2NDA=,RmlnaHROb2RlOjcxNDQz,U3BvcnRzYm9va05vZGU6Mjc=,T3V0Y29tZU5vZGU6NjQ1NDQ1MA==,-333.0,-450.0,-450.0,-333.0,T3V0Y29tZU5vZGU6NjQ1NDQ1MQ==,225.0,225.0,300.0,300.0
T2ZmZXJUYWJsZU9mZmVyTm9kZToxMDM0MzMzNzY=,RmlnaHROb2RlOjcxNDQz,U3BvcnRzYm9va05vZGU6Mg==,T3V0Y29tZU5vZGU6NjQ1NjY5OA==,-526.0,-591.0,-591.0,-526.0,T3V0Y29tZU5vZGU6NjQ1NjY5Nw==,317.0,317.0,345.0,345.0
T2ZmZXJUYWJsZU9mZmVyTm9kZToxMDM0MzAwMzQ=,RmlnaHROb2RlOjcxNDQz,U3BvcnRzYm9va05vZGU6MjE=,T3V0Y29tZU5vZGU6NjQ1MjMxMw==,-400.0,-588.0,-588.0,-357.0,T3V0Y29tZU5vZGU6NjQ1MjMxNA==,249.0,223.0,320.0,330.0
T2ZmZXJUYWJsZU9mZmVyTm9kZToxMDM0MzIxMTU=,RmlnaHROb2RlOjcxMjgy,U3BvcnRzYm9va05vZGU6Mjg=,T3V0Y29tZU5vZGU6NjQ1NTA3NA==,193.0,173.0,173.0,207.0,T3V0Y29tZU5vZGU6NjQ1NTA3Mw==,-278.0,-312.0,-238.0,-238.0
T2ZmZXJUYWJsZU9mZmVyTm9kZToxMDM0MzMzNzE=,RmlnaHROb2RlOjcxMjgy,U3BvcnRzYm9va05vZGU6Mg==,T3V0Y29tZU5vZGU6NjQ1NjY4OA==,180.0,180.0,194.0,205.0,T3V0Y29tZU5vZGU6NjQ1NjY4Nw==,-260.0,-303.0,-285.0,-260.0
T2ZmZXJUYWJsZU9mZmVyTm9kZToxMDM0MzAyMzE=,RmlnaHROb2RlOjcxMjgy,U3BvcnRzYm9va05vZGU6MjE=,T3V0Y29tZU5vZGU6NjQ1MjUyNw==,105.0,105.0,185.0,201.0,T3V0Y29tZU5vZGU6NjQ1MjUyOA==,-152.0,-312.0,-286.0,-152.0
T2ZmZXJUYWJsZU9mZmVyTm9kZToxMDM0MzAwMjc=,RmlnaHROb2RlOjcxMjgy,U3BvcnRzYm9va05vZGU6MTA=,T3V0Y29tZU5vZGU6NjQ1MjI5OQ==,150.0,110.0,205.0,265.0,T3V0Y29tZU5vZGU6NjQ1MjMwMA==,-200.0,-315.0,-240.0,-150.0
T2ZmZXJUYWJsZU9mZmVyTm9kZToxMDM0MzE2NDE=,RmlnaHROb2RlOjcxMjgy,U3BvcnRzYm9va05vZGU6Mjc=,T3V0Y29tZU5vZGU6NjQ1NDQ1Mg==,200.0,200.0,200.0,200.0,T3V0Y29tZU5vZGU6NjQ1NDQ1Mw==,-275.0,-275.0,-275.0,-275.0
T2ZmZXJUYWJsZU9mZmVyTm9kZToxMDM0MzAyNTM=,RmlnaHROb2RlOjcxNDQy,U3BvcnRzYm9va05vZGU6MjE=,T3V0Y29tZU5vZGU6NjQ1MjU3Mg==,-256.0,-455.0,-385.0,-256.0,T3V0Y29tZU5vZGU6NjQ1MjU3MQ==,169.0,169.0,244.0,274.0
T2ZmZXJUYWJsZU9mZmVyTm9kZToxMDM0MzAwMjg=,RmlnaHROb2RlOjcxNDQy,U3BvcnRzYm9va05vZGU6MTA=,T3V0Y29tZU5vZGU6NjQ1MjMwMQ==,-250.0,-450.0,-350.0,-250.0,T3V0Y29tZU5vZGU6NjQ1MjMwMg==,170.0,170.0,275.0,350.0
T2ZmZXJUYWJsZU9mZmVyTm9kZToxMDM0MzE2NDM=,RmlnaHROb2RlOjcxNDQy,U3BvcnRzYm9va05vZGU6Mjc=,T3V0Y29tZU5vZGU6NjQ1NDQ1Ng==,-400.0,-400.0,-400.0,-400.0,T3V0Y29tZU5vZGU6NjQ1NDQ1Nw==,275.0,275.0,275.0,275.0
T2ZmZXJUYWJsZU9mZmVyTm9kZToxMDM0MzMzNzI=,RmlnaHROb2RlOjcxNDQy,U3BvcnRzYm9va05vZGU6Mg==,T3V0Y29tZU5vZGU6NjQ1NjY5MA==,-418.0,-445.0,-405.0,-336.0,T3V0Y29tZU5vZGU6NjQ1NjY4OQ==,266.0,223.0,260.0,280.0
T2ZmZXJUYWJsZU9mZmVyTm9kZToxMDM0MzIxMTE=,RmlnaHROb2RlOjcxNDQy,U3BvcnRzYm9va05vZGU6Mjg=,T3V0Y29tZU5vZGU6NjQ1NTA2NQ==,-345.0,-435.0,-345.0,-345.0,T3V0Y29tZU5vZGU6NjQ1NTA2Ng==,225.0,225.0,225.0,270.0
T2ZmZXJUYWJsZU9mZmVyTm9kZToxMDM0MzAwMjk=,RmlnaHROb2RlOjcxNDQw,U3BvcnRzYm9va05vZGU6MTA=,T3V0Y29tZU5vZGU6NjQ1MjMwMw==,-250.0,-800.0,-600.0,-250.0,T3V0Y29tZU5vZGU6NjQ1MjMwNA==,170.0,170.0,425.0,550.0
T2ZmZXJUYWJsZU9mZmVyTm9kZToxMDM0MzI4MTM=,RmlnaHROb2RlOjcxNDQw,U3BvcnRzYm9va05vZGU6MjE=,T3V0Y29tZU5vZGU6NjQ1NTk5Ng==,-588.0,-588.0,-588.0,-588.0,T3V0Y29tZU5vZGU6NjQ1NTk5NQ==,322.0,322.0,322.0,322.0
T2ZmZXJUYWJsZU9mZmVyTm9kZToxMDM0MzMzNzM=,RmlnaHROb2RlOjcxNDQw,U3BvcnRzYm9va05vZGU6Mg==,T3V0Y29tZU5vZGU6NjQ1NjY5Mg==,-669.0,-685.0,-685.0,-669.0,T3V0Y29tZU5vZGU6NjQ1NjY5MQ==,376.0,376.0,382.0,382.0
T2ZmZXJUYWJsZU9mZmVyTm9kZToxMDM0MzE2Mzk=,RmlnaHROb2RlOjcxNDQw,U3BvcnRzYm9va05vZGU6Mjc=,T3V0Y29tZU5vZGU6NjQ1NDQ0OA==,-400.0,-649.0,-649.0,-400.0,T3V0Y29tZU5vZGU6NjQ1NDQ0OQ==,275.0,275.0,400.0,400.0
T2ZmZXJUYWJsZU9mZmVyTm9kZToxMDM0MzIxMTY=,RmlnaHROb2RlOjcxNDQw,U3BvcnRzYm9va05vZGU6Mjg=,T3V0Y29tZU5vZGU6NjQ1NTA3NQ==,-590.0,-700.0,-700.0,-450.0,T3V0Y29tZU5vZGU6NjQ1NTA3Ng==,345.0,275.0,400.0,400.0
T2ZmZXJUYWJsZU9mZmVyTm9kZToxMDM0MzAyNTI=,RmlnaHROb2RlOjcxMjgx,U3BvcnRzYm9va05vZGU6MjE=,T3V0Y29tZU5vZGU6NjQ1MjU3MA==,-10000.0,-10000.0,-5000.0,-5000.0,T3V0Y29tZU5vZGU6NjQ1MjU2OQ==,857.0,757.0,1099.0,1099.0
T2ZmZXJUYWJsZU9mZmVyTm9kZToxMDM0MzAwMjQ=,RmlnaHROb2RlOjcxMjgx,U3BvcnRzYm9va05vZGU6MTA=,T3V0Y29tZU5vZGU6NjQ1MjI5Mw==,-900.0,-2500.0,-2500.0,-900.0,T3V0Y29tZU5vZGU6NjQ1MjI5NA==,500.0,500.0,1200.0,1200.0
T2ZmZXJUYWJsZU9mZmVyTm9kZToxMDM0MzMzNjg=,RmlnaHROb2RlOjcxMjgx,U3BvcnRzYm9va05vZGU6Mg==,T3V0Y29tZU5vZGU6NjQ1NjY4Mg==,-1850.0,-2700.0,-2700.0,-1850.0,T3V0Y29tZU5vZGU6NjQ1NjY4MQ==,662.0,662.0,764.0,764.0
T2ZmZXJUYWJsZU9mZmVyTm9kZToxMDM0MzIxMTk=,RmlnaHROb2RlOjcxMjgx,U3BvcnRzYm9va05vZGU6Mjg=,T3V0Y29tZU5vZGU6NjQ1NTA4MQ==,-1667.0,-2500.0,-2500.0,-1665.0,T3V0Y29tZU5vZGU6NjQ1NTA4Mg==,767.0,765.0,1175.0,1175.0
T2ZmZXJUYWJsZU9mZmVyTm9kZToxMDM0MzE2NDU=,RmlnaHROb2RlOjcxMjgx,U3BvcnRzYm9va05vZGU6Mjc=,T3V0Y29tZU5vZGU6NjQ1NDQ2MA==,-1408.0,-3333.0,-3333.0,-1408.0,T3V0Y29tZU5vZGU6NjQ1NDQ2MQ==,600.0,600.0,900.0,900.0
T2ZmZXJUYWJsZU9mZmVyTm9kZToxMDM0MzAwMjU=,RmlnaHROb2RlOjcxMjgz,U3BvcnRzYm9va05vZGU6MTA=,T3V0Y29tZU5vZGU6NjQ1MjI5NQ==,-170.0,-1200.0,-900.0,-170.0,T3V0Y29tZU5vZGU6NjQ1MjI5Ng==,130.0,130.0,600.0,800.0
T2ZmZXJUYWJsZU9mZmVyTm9kZToxMDM0MzE2NDI=,RmlnaHROb2RlOjcxMjgz,U3BvcnRzYm9va05vZGU6Mjc=,T3V0Y29tZU5vZGU6NjQ1NDQ1NA==,-450.0,-800.0,-800.0,-450.0,T3V0Y29tZU5vZGU6NjQ1NDQ1NQ==,300.0,300.0,450.0,450.0
T2ZmZXJUYWJsZU9mZmVyTm9kZToxMDM0MzMzNjk=,RmlnaHROb2RlOjcxMjgz,U3BvcnRzYm9va05vZGU6Mg==,T3V0Y29tZU5vZGU6NjQ1NjY4NA==,-900.0,-996.0,-996.0,-900.0,T3V0Y29tZU5vZGU6NjQ1NjY4Mw==,456.0,456.0,484.0,484.0
T2ZmZXJUYWJsZU9mZmVyTm9kZToxMDM0MzAyMzA=,RmlnaHROb2RlOjcxMjgz,U3BvcnRzYm9va05vZGU6MjE=,T3V0Y29tZU5vZGU6NjQ1MjUyNQ==,-526.0,-1429.0,-1429.0,-455.0,T3V0Y29tZU5vZGU6NjQ1MjUyNg==,298.0,275.0,526.0,585.0
T2ZmZXJUYWJsZU9mZmVyTm9kZToxMDM0MzIxMTg=,RmlnaHROb2RlOjcxMjgz,U3BvcnRzYm9va05vZGU6Mjg=,T3V0Y29tZU5vZGU6NjQ1NTA4MA==,-500.0,-1250.0,-909.0,-500.0,T3V0Y29tZU5vZGU6NjQ1NTA3OQ==,300.0,300.0,459.0,650.0
T2ZmZXJUYWJsZU9mZmVyTm9kZToxMDM0MzAyNTE=,RmlnaHROb2RlOjY5OTA0,U3BvcnRzYm9va05vZGU6MjE=,T3V0Y29tZU5vZGU6NjQ1MjU2Nw==,298.0,272.0,346.0,362.0,T3V0Y29tZU5vZGU6NjQ1MjU2OA==,-526.0,-667.0,-667.0,-417.0
T2ZmZXJUYWJsZU9mZmVyTm9kZToxMDM0MzAwMjI=,RmlnaHROb2RlOjY5OTA0,U3BvcnRzYm9va05vZGU6MTA=,T3V0Y29tZU5vZGU6NjQ1MjI5MA==,150.0,150.0,370.0,425.0,T3V0Y29tZU5vZGU6NjQ1MjI4OQ==,-200.0,-600.0,-470.0,-200.0
T2ZmZXJUYWJsZU9mZmVyTm9kZToxMDM0MzIxMTI=,RmlnaHROb2RlOjY5OTA0,U3BvcnRzYm9va05vZGU6Mjg=,T3V0Y29tZU5vZGU6NjQ1NTA2OA==,225.0,225.0,291.0,348.0,T3V0Y29tZU5vZGU6NjQ1NTA2Nw==,-345.0,-588.0,-476.0,-345.0
T2ZmZXJUYWJsZU9mZmVyTm9kZToxMDM0MzE2Mzc=,RmlnaHROb2RlOjY5OTA0,U3BvcnRzYm9va05vZGU6Mjc=,T3V0Y29tZU5vZGU6NjQ1NDQ0NQ==,225.0,225.0,350.0,350.0,T3V0Y29tZU5vZGU6NjQ1NDQ0NA==,-333.0,-549.0,-549.0,-333.0
T2ZmZXJUYWJsZU9mZmVyTm9kZToxMDM0MzMzNjY=,RmlnaHROb2RlOjY5OTA0,U3BvcnRzYm9va05vZGU6Mg==,T3V0Y29tZU5vZGU6NjQ1NjY3Nw==,325.0,325.0,348.0,363.0,T3V0Y29tZU5vZGU6NjQ1NjY3OA==,-544.0,-635.0,-599.0,-544.0
T2ZmZXJUYWJsZU9mZmVyTm9kZToxMDM0MzE2NDQ=,RmlnaHROb2RlOjcyMjUz,U3BvcnRzYm9va05vZGU6Mjc=,T3V0Y29tZU5vZGU6NjQ1NDQ1OA==,-200.0,-200.0,-200.0,-200.0,T3V0Y29tZU5vZGU6NjQ1NDQ1OQ==,150.0,150.0,150.0,150.0
T2ZmZXJUYWJsZU9mZmVyTm9kZToxMDM0MzE2MzQ=,RmlnaHROb2RlOjcyMjM3,U3BvcnRzYm9va05vZGU6Mjc=,T3V0Y29tZU5vZGU6NjQ1NDQzOA==,-275.0,-275.0,-275.0,-275.0,T3V0Y29tZU5vZGU6NjQ1NDQzOQ==,200.0,200.0,200.0,200.0
T2ZmZXJUYWJsZU9mZmVyTm9kZToxMDM0MzMzNzQ=,RmlnaHROb2RlOjcyMjM3,U3BvcnRzYm9va05vZGU6Mg==,T3V0Y29tZU5vZGU6NjQ1NjY5NA==,-579.0,-579.0,-446.0,-446.0,T3V0Y29tZU5vZGU6NjQ1NjY5Mw==,340.0,280.0,280.0,340.0
T2ZmZXJUYWJsZU9mZmVyTm9kZToxMDM0MzAyNTU=,RmlnaHROb2RlOjcyMjM3,U3BvcnRzYm9va05vZGU6MjE=,T3V0Y29tZU5vZGU6NjQ1MjU3Ng==,-312.0,-556.0,-556.0,-312.0,T3V0Y29tZU5vZGU6NjQ1MjU3NQ==,199.0,199.0,317.0,317.0
T2ZmZXJUYWJsZU9mZmVyTm9kZToxMDM0MzAwMzA=,RmlnaHROb2RlOjcyMjM3,U3BvcnRzYm9va05vZGU6MTA=,T3V0Y29tZU5vZGU6NjQ1MjMwNQ==,-200.0,-550.0,-425.0,-200.0,T3V0Y29tZU5vZGU6NjQ1MjMwNg==,150.0,150.0,325.0,400.0
T2ZmZXJUYWJsZU9mZmVyTm9kZToxMDM0MzIxMTQ=,RmlnaHROb2RlOjcyMjM3,U3BvcnRzYm9va05vZGU6Mjg=,T3V0Y29tZU5vZGU6NjQ1NTA3MQ==,-303.0,-556.0,-417.0,-303.0,T3V0Y29tZU5vZGU6NjQ1NTA3Mg==,203.0,203.0,262.0,331.0
T2ZmZXJUYWJsZU9mZmVyTm9kZToxMDM0MzMzNzA=,RmlnaHROb2RlOjcxNDQx,U3BvcnRzYm9va05vZGU6Mg==,T3V0Y29tZU5vZGU6NjQ1NjY4Ng==,-817.0,-825.0,-825.0,-817.0,T3V0Y29tZU5vZGU6NjQ1NjY4NQ==,429.0,429.0,432.0,432.0
T2ZmZXJUYWJsZU9mZmVyTm9kZToxMDM0MzAyMzI=,RmlnaHROb2RlOjcxNDQx,U3BvcnRzYm9va05vZGU6MjE=,T3V0Y29tZU5vZGU6NjQ1MjUyOQ==,-500.0,-1111.0,-1111.0,-500.0,T3V0Y29tZU5vZGU6NjQ1MjUzMA==,293.0,275.0,298.0,298.0
T2ZmZXJUYWJsZU9mZmVyTm9kZToxMDM0MzE2MzY=,RmlnaHROb2RlOjcxNDQx,U3BvcnRzYm9va05vZGU6Mjc=,T3V0Y29tZU5vZGU6NjQ1NDQ0Mg==,-450.0,-450.0,-450.0,-450.0,T3V0Y29tZU5vZGU6NjQ1NDQ0Mw==,300.0,300.0,300.0,300.0
T2ZmZXJUYWJsZU9mZmVyTm9kZToxMDM0MzIxMTc=,RmlnaHROb2RlOjcxNDQx,U3BvcnRzYm9va05vZGU6Mjg=,T3V0Y29tZU5vZGU6NjQ1NTA3OA==,-500.0,-1250.0,-833.0,-500.0,T3V0Y29tZU5vZGU6NjQ1NTA3Nw==,300.0,300.0,458.0,650.0
T2ZmZXJUYWJsZU9mZmVyTm9kZToxMDM0MzAwMjY=,RmlnaHROb2RlOjcxNDQx,U3BvcnRzYm9va05vZGU6MTA=,T3V0Y29tZU5vZGU6NjQ1MjI5Nw==,-300.0,-1400.0,-800.0,-300.0,T3V0Y29tZU5vZGU6NjQ1MjI5OA==,200.0,200.0,550.0,800.0
T2ZmZXJUYWJsZU9mZmVyTm9kZToxMDM0NDAxMjY=,RmlnaHROb2RlOjcyMDM3,U3BvcnRzYm9va05vZGU6Mjg=,T3V0Y29tZU5vZGU6NjQ2NjA1NQ==,165.0,165.0,200.0,200.0,T3V0Y29tZU5vZGU6NjQ2NjA1NA==,-225.0,-295.0,-295.0,-225.0
T2ZmZXJUYWJsZU9mZmVyTm9kZToxMDM0Mzc0Mzg=,RmlnaHROb2RlOjcyMDM3,U3BvcnRzYm9va05vZGU6MTA=,T3V0Y29tZU5vZGU6NjQ2MjM4Mw==,-120.0,-120.0,250.0,250.0,T3V0Y29tZU5vZGU6NjQ2MjM4NA==,-120.0,-300.0,-300.0,-120.0
T2ZmZXJUYWJsZU9mZmVyTm9kZToxMDM0Mzc4Nzk=,RmlnaHROb2RlOjcyMDM3,U3BvcnRzYm9va05vZGU6Mjc=,T3V0Y29tZU5vZGU6NjQ2Mjk4MQ==,175.0,175.0,175.0,175.0,T3V0Y29tZU5vZGU6NjQ2Mjk4Mg==,-250.0,-250.0,-250.0,-250.0
T2ZmZXJUYWJsZU9mZmVyTm9kZToxMDM0Mzc0MzM=,RmlnaHROb2RlOjcyMDIz,U3BvcnRzYm9va05vZGU6MTA=,T3V0Y29tZU5vZGU6NjQ2MjM3Mw==,150.0,110.0,120.0,150.0,T3V0Y29tZU5vZGU6NjQ2MjM3NA==,-200.0,-200.0,-140.0,-130.0
T2ZmZXJUYWJsZU9mZmVyTm9kZToxMDM0Mzc4OTc=,RmlnaHROb2RlOjcyMDIz,U3BvcnRzYm9va05vZGU6Mjc=,T3V0Y29tZU5vZGU6NjQ2MzAxMA==,140.0,110.0,110.0,140.0,T3V0Y29tZU5vZGU6NjQ2MzAxMQ==,-188.0,-188.0,-150.0,-150.0
T2ZmZXJUYWJsZU9mZmVyTm9kZToxMDM0NDAxMjI=,RmlnaHROb2RlOjcyMDIz,U3BvcnRzYm9va05vZGU6Mjg=,T3V0Y29tZU5vZGU6NjQ2NjA0Ng==,150.0,-105.0,110.0,150.0,T3V0Y29tZU5vZGU6NjQ2NjA0Nw==,-200.0,-200.0,-150.0,-135.0
T2ZmZXJUYWJsZU9mZmVyTm9kZToxMDM0MzgzNTA=,RmlnaHROb2RlOjcyMDIz,U3BvcnRzYm9va05vZGU6Mg==,T3V0Y29tZU5vZGU6NjQ2MzU0OQ==,144.0,102.0,103.0,144.0,T3V0Y29tZU5vZGU6NjQ2MzU1MA==,-182.0,-199.0,-142.0,-141.0
T2ZmZXJUYWJsZU9mZmVyTm9kZToxMDM0MzgzNTQ=,RmlnaHROb2RlOjcxNDM1,U3BvcnRzYm9va05vZGU6Mg==,T3V0Y29tZU5vZGU6NjQ2MzU1OA==,-169.0,-204.0,-204.0,-165.0,T3V0Y29tZU5vZGU6NjQ2MzU1Nw==,134.0,121.0,145.0,145.0
T2ZmZXJUYWJsZU9mZmVyTm9kZToxMDM0Mzc0Mjk=,RmlnaHROb2RlOjcxNDM1,U3BvcnRzYm9va05vZGU6MTA=,T3V0Y29tZU5vZGU6NjQ2MjM2NQ==,-165.0,-200.0,-185.0,-165.0,T3V0Y29tZU5vZGU6NjQ2MjM2Ng==,125.0,125.0,160.0,170.0
T2ZmZXJUYWJsZU9mZmVyTm9kZToxMDM0NDAxMjM=,RmlnaHROb2RlOjcxNDM1,U3BvcnRzYm9va05vZGU6Mjg=,T3V0Y29tZU5vZGU6NjQ2NjA0OQ==,-165.0,-200.0,-185.0,-165.0,T3V0Y29tZU5vZGU6NjQ2NjA0OA==,125.0,125.0,142.0,150.0
T2ZmZXJUYWJsZU9mZmVyTm9kZToxMDM0MzgzNTM=,RmlnaHROb2RlOjcxNjIx,U3BvcnRzYm9va05vZGU6Mg==,T3V0Y29tZU5vZGU6NjQ2MzU1Ng==,-280.0,-322.0,-322.0,-240.0,T3V0Y29tZU5vZGU6NjQ2MzU1NQ==,214.0,170.0,215.0,215.0
T2ZmZXJUYWJsZU9mZmVyTm9kZToxMDM0NDAxMjQ=,RmlnaHROb2RlOjcxNjIx,U3BvcnRzYm9va05vZGU6Mjg=,T3V0Y29tZU5vZGU6NjQ2NjA1MQ==,-250.0,-278.0,-263.0,-250.0,T3V0Y29tZU5vZGU6NjQ2NjA1MA==,175.0,175.0,183.0,193.0
T2ZmZXJUYWJsZU9mZmVyTm9kZToxMDM0Mzc0MzA=,RmlnaHROb2RlOjcxNjIx,U3BvcnRzYm9va05vZGU6MTA=,T3V0Y29tZU5vZGU6NjQ2MjM2Nw==,-250.0,-275.0,-265.0,-250.0,T3V0Y29tZU5vZGU6NjQ2MjM2OA==,170.0,170.0,225.0,235.0
T2ZmZXJUYWJsZU9mZmVyTm9kZToxMDM0Mzc0MzE=,RmlnaHROb2RlOjcxNDM2,U3BvcnRzYm9va05vZGU6MTA=,T3V0Y29tZU5vZGU6NjQ2MjM2OQ==,-200.0,-200.0,-128.0,-115.0,T3V0Y29tZU5vZGU6NjQ2MjM3MA==,150.0,-125.0,108.0,150.0
T2ZmZXJUYWJsZU9mZmVyTm9kZToxMDM0Mzc4OTQ=,RmlnaHROb2RlOjcxNDM2,U3BvcnRzYm9va05vZGU6Mjc=,T3V0Y29tZU5vZGU6NjQ2MzAwNA==,-110.0,-110.0,-110.0,-110.0,T3V0Y29tZU5vZGU6NjQ2MzAwNQ==,-120.0,-120.0,-120.0,-120.0
T2ZmZXJUYWJsZU9mZmVyTm9kZToxMDM0MzgzNDk=,RmlnaHROb2RlOjcxNDM2,U3BvcnRzYm9va05vZGU6Mg==,T3V0Y29tZU5vZGU6NjQ2MzU0OA==,-120.0,-167.0,-134.0,-120.0,T3V0Y29tZU5vZGU6NjQ2MzU0Nw==,-110.0,-114.0,-103.0,120.0
T2ZmZXJUYWJsZU9mZmVyTm9kZToxMDM0NDAxMjU=,RmlnaHROb2RlOjcxNDM2,U3BvcnRzYm9va05vZGU6Mjg=,T3V0Y29tZU5vZGU6NjQ2NjA1Mw==,-115.0,-128.0,-128.0,-115.0,T3V0Y29tZU5vZGU6NjQ2NjA1Mg==,-125.0,-125.0,-112.0,-112.0
T2ZmZXJUYWJsZU9mZmVyTm9kZToxMDM0Mzc0Mzc=,RmlnaHROb2RlOjcyMDM2,U3BvcnRzYm9va05vZGU6MTA=,T3V0Y29tZU5vZGU6NjQ2MjM4MQ==,-105.0,-300.0,-260.0,-105.0,T3V0Y29tZU5vZGU6NjQ2MjM4Mg==,-135.0,-135.0,220.0,250.0
T2ZmZXJUYWJsZU9mZmVyTm9kZToxMDM0Mzc4ODM=,RmlnaHROb2RlOjcyMDM2,U3BvcnRzYm9va05vZGU6Mjc=,T3V0Y29tZU5vZGU6NjQ2Mjk4OQ==,-250.0,-250.0,-250.0,-250.0,T3V0Y29tZU5vZGU6NjQ2Mjk5MA==,175.0,175.0,175.0,175.0
T2ZmZXJUYWJsZU9mZmVyTm9kZToxMDM0MzgzNDg=,RmlnaHROb2RlOjcyMDM2,U3BvcnRzYm9va05vZGU6Mg==,T3V0Y29tZU5vZGU6NjQ2MzU0NQ==,-230.0,-335.0,-335.0,-230.0,T3V0Y29tZU5vZGU6NjQ2MzU0Ng==,179.0,167.0,223.0,223.0
T2ZmZXJUYWJsZU9mZmVyTm9kZToxMDM0NDAxMjk=,RmlnaHROb2RlOjcyMDM2,U3BvcnRzYm9va05vZGU6Mjg=,T3V0Y29tZU5vZGU6NjQ2NjA2MQ==,-250.0,-303.0,-263.0,-250.0,T3V0Y29tZU5vZGU6NjQ2NjA2MA==,175.0,175.0,183.0,203.0
T2ZmZXJUYWJsZU9mZmVyTm9kZToxMDM0Mzc4ODA=,RmlnaHROb2RlOjcxNjIy,U3BvcnRzYm9va05vZGU6Mjc=,T3V0Y29tZU5vZGU6NjQ2Mjk4Mw==,150.0,110.0,110.0,150.0,T3V0Y29tZU5vZGU6NjQ2Mjk4NA==,-200.0,-200.0,-150.0,-150.0
T2ZmZXJUYWJsZU9mZmVyTm9kZToxMDM0Mzc0MzU=,RmlnaHROb2RlOjcxNjIy,U3BvcnRzYm9va05vZGU6MTA=,T3V0Y29tZU5vZGU6NjQ2MjM3Nw==,150.0,115.0,140.0,150.0,T3V0Y29tZU5vZGU6NjQ2MjM3OA==,-200.0,-200.0,-160.0,-135.0
T2ZmZXJUYWJsZU9mZmVyTm9kZToxMDM0NDAxMjc=,RmlnaHROb2RlOjcxNjIy,U3BvcnRzYm9va05vZGU6Mjg=,T3V0Y29tZU5vZGU6NjQ2NjA1Ng==,150.0,-105.0,121.0,150.0,T3V0Y29tZU5vZGU6NjQ2NjA1Nw==,-200.0,-200.0,-161.0,-135.0
T2ZmZXJUYWJsZU9mZmVyTm9kZToxMDM0MzgzNTI=,RmlnaHROb2RlOjcxNjIy,U3BvcnRzYm9va05vZGU6Mg==,T3V0Y29tZU5vZGU6NjQ2MzU1NA==,176.0,112.0,117.0,176.0,T3V0Y29tZU5vZGU6NjQ2MzU1Mw==,-225.0,-225.0,-162.0,-155.0
T2ZmZXJUYWJsZU9mZmVyTm9kZToxMDM0Mzc4OTM=,RmlnaHROb2RlOjcyMDM5,U3BvcnRzYm9va05vZGU6Mjc=,T3V0Y29tZU5vZGU6NjQ2MzAwMg==,-120.0,-120.0,-120.0,-120.0,T3V0Y29tZU5vZGU6NjQ2MzAwMw==,-110.0,-110.0,-110.0,-110.0
T2ZmZXJUYWJsZU9mZmVyTm9kZToxMDM0NDAxMjg=,RmlnaHROb2RlOjcyMDM5,U3BvcnRzYm9va05vZGU6Mjg=,T3V0Y29tZU5vZGU6NjQ2NjA1OQ==,-125.0,-125.0,-120.0,-115.0,T3V0Y29tZU5vZGU6NjQ2NjA1OA==,-115.0,-125.0,-115.0,-115.0
T2ZmZXJUYWJsZU9mZmVyTm9kZToxMDM0MzgzNTE=,RmlnaHROb2RlOjcyMDM5,U3BvcnRzYm9va05vZGU6Mg==,T3V0Y29tZU5vZGU6NjQ2MzU1MQ==,-130.0,-130.0,-107.0,100.0,T3V0Y29tZU5vZGU6NjQ2MzU1Mg==,100.0,-132.0,-129.0,100.0
T2ZmZXJUYWJsZU9mZmVyTm9kZToxMDM0Mzc0MzI=,RmlnaHROb2RlOjcyMDM5,U3BvcnRzYm9va05vZGU6MTA=,T3V0Y29tZU5vZGU6NjQ2MjM3MQ==,105.0,-125.0,-105.0,105.0,T3V0Y29tZU5vZGU6NjQ2MjM3Mg==,-145.0,-145.0,-115.0,-110.0
T2ZmZXJUYWJsZU9mZmVyTm9kZToxMDM0Mzc4Nzg=,RmlnaHROb2RlOjcyMDM4,U3BvcnRzYm9va05vZGU6Mjc=,T3V0Y29tZU5vZGU6NjQ2Mjk3OQ==,120.0,120.0,150.0,150.0,T3V0Y29tZU5vZGU6NjQ2Mjk4MA==,-163.0,-200.0,-200.0,-163.0
T2ZmZXJUYWJsZU9mZmVyTm9kZToxMDM0Mzc0MzQ=,RmlnaHROb2RlOjcyMDM4,U3BvcnRzYm9va05vZGU6MTA=,T3V0Y29tZU5vZGU6NjQ2MjM3NQ==,-150.0,-150.0,175.0,175.0,T3V0Y29tZU5vZGU6NjQ2MjM3Ng==,110.0,-205.0,-205.0,110.0
T2ZmZXJUYWJsZU9mZmVyTm9kZToxMDM0NDAxMjE=,RmlnaHROb2RlOjcyMDM4,U3BvcnRzYm9va05vZGU6Mjg=,T3V0Y29tZU5vZGU6NjQ2NjA0NA==,150.0,150.0,154.0,154.0,T3V0Y29tZU5vZGU6NjQ2NjA0NQ==,-200.0,-204.0,-204.0,-200.0
T2ZmZXJUYWJsZU9mZmVyTm9kZToxMDM0Mzc0MzY=,RmlnaHROb2RlOjcyMDM1,U3BvcnRzYm9va05vZGU6MTA=,T3V0Y29tZU5vZGU6NjQ2MjM3OQ==,125.0,125.0,155.0,195.0,T3V0Y29tZU5vZGU6NjQ2MjM4MA==,-165.0,-230.0,-180.0,-165.0
T2ZmZXJUYWJsZU9mZmVyTm9kZToxMDM0NDAxMzA=,RmlnaHROb2RlOjcyMDM1,U3BvcnRzYm9va05vZGU6Mjg=,T3V0Y29tZU5vZGU6NjQ2NjA2Mw==,165.0,150.0,150.0,165.0,T3V0Y29tZU5vZGU6NjQ2NjA2Mg==,-225.0,-225.0,-200.0,-200.0
T2ZmZXJUYWJsZU9mZmVyTm9kZToxMDM0Mzc4ODE=,RmlnaHROb2RlOjcyMDM1,U3BvcnRzYm9va05vZGU6Mjc=,T3V0Y29tZU5vZGU6NjQ2Mjk4NQ==,150.0,150.0,175.0,175.0,T3V0Y29tZU5vZGU6NjQ2Mjk4Ng==,-200.0,-250.0,-250.0,-200.0
T2ZmZXJUYWJsZU9mZmVyTm9kZToxMDM0NDA5MDQ=,RmlnaHROb2RlOjcyMDE5,U3BvcnRzYm9va05vZGU6MTA=,T3V0Y29tZU5vZGU6NjQ2NzI1NQ==,-200.0,-500.0,-260.0,-200.0,T3V0Y29tZU5vZGU6NjQ2NzI1Ng==,150.0,150.0,200.0,375.0
T2ZmZXJUYWJsZU9mZmVyTm9kZToxMDM0NDA5NjQ=,RmlnaHROb2RlOjcyMDE5,U3BvcnRzYm9va05vZGU6Mg==,T3V0Y29tZU5vZGU6NjQ2NzM3Ng==,-450.0,-510.0,-330.0,-330.0,T3V0Y29tZU5vZGU6NjQ2NzM3NQ==,282.0,210.0,210.0,294.0
T2ZmZXJUYWJsZU9mZmVyTm9kZToxMDM0NDExNzE=,RmlnaHROb2RlOjcyMDE5,U3BvcnRzYm9va05vZGU6Mjg=,T3V0Y29tZU5vZGU6NjQ2Nzc4OQ==,-500.0,-500.0,-263.0,-227.0,T3V0Y29tZU5vZGU6NjQ2Nzc4OA==,300.0,167.0,183.0,300.0
T2ZmZXJUYWJsZU9mZmVyTm9kZToxMDM0NDA5Njk=,RmlnaHROb2RlOjcyNDgx,U3BvcnRzYm9va05vZGU6Mg==,T3V0Y29tZU5vZGU6NjQ2NzM4Ng==,-400.0,-733.0,-733.0,-400.0,T3V0Y29tZU5vZGU6NjQ2NzM4NQ==,257.0,257.0,400.0,400.0
T2ZmZXJUYWJsZU9mZmVyTm9kZToxMDM0NDA4OTk=,RmlnaHROb2RlOjcyNDgx,U3BvcnRzYm9va05vZGU6MTA=,T3V0Y29tZU5vZGU6NjQ2NzI0NQ==,-250.0,-1500.0,-1500.0,-250.0,T3V0Y29tZU5vZGU6NjQ2NzI0Ng==,170.0,170.0,850.0,850.0
T2ZmZXJUYWJsZU9mZmVyTm9kZToxMDM0NDExMTI=,RmlnaHROb2RlOjcyNDgx,U3BvcnRzYm9va05vZGU6Mjg=,T3V0Y29tZU5vZGU6NjQ2NzY3MQ==,-650.0,-910.0,-500.0,-500.0,T3V0Y29tZU5vZGU6NjQ2NzY3MA==,375.0,300.0,300.0,460.0
T2ZmZXJUYWJsZU9mZmVyTm9kZToxMDM0NDA4OTc=,RmlnaHROb2RlOjcyNDc5,U3BvcnRzYm9va05vZGU6MTA=,T3V0Y29tZU5vZGU6NjQ2NzI0MQ==,150.0,-300.0,-225.0,150.0,T3V0Y29tZU5vZGU6NjQ2NzI0Mg==,-200.0,-200.0,190.0,250.0
T2ZmZXJUYWJsZU9mZmVyTm9kZToxMDM0NDA5NzE=,RmlnaHROb2RlOjcyNDc5,U3BvcnRzYm9va05vZGU6Mg==,T3V0Y29tZU5vZGU6NjQ2NzM5MA==,-150.0,-318.0,-318.0,-150.0,T3V0Y29tZU5vZGU6NjQ2NzM4OQ==,108.0,108.0,204.0,204.0
T2ZmZXJUYWJsZU9mZmVyTm9kZToxMDM0NDA5MDY=,RmlnaHROb2RlOjcyMDIw,U3BvcnRzYm9va05vZGU6MTA=,T3V0Y29tZU5vZGU6NjQ2NzI1OQ==,-165.0,-315.0,-315.0,-165.0,T3V0Y29tZU5vZGU6NjQ2NzI2MA==,125.0,125.0,265.0,265.0
T2ZmZXJUYWJsZU9mZmVyTm9kZToxMDM0NDEyMjM=,RmlnaHROb2RlOjcyMDIw,U3BvcnRzYm9va05vZGU6Mjg=,T3V0Y29tZU5vZGU6NjQ2Nzg5Mw==,-227.0,-303.0,-303.0,-227.0,T3V0Y29tZU5vZGU6NjQ2Nzg5Mg==,167.0,167.0,203.0,203.0
T2ZmZXJUYWJsZU9mZmVyTm9kZToxMDM0NDA5MDU=,RmlnaHROb2RlOjcyMDg0,U3BvcnRzYm9va05vZGU6MTA=,T3V0Y29tZU5vZGU6NjQ2NzI1Nw==,-200.0,-200.0,135.0,139.0,T3V0Y29tZU5vZGU6NjQ2NzI1OA==,150.0,-159.0,-155.0,150.0
T2ZmZXJUYWJsZU9mZmVyTm9kZToxMDM0NDEyMTg=,RmlnaHROb2RlOjcyMDg0,U3BvcnRzYm9va05vZGU6Mjg=,T3V0Y29tZU5vZGU6NjQ2Nzg4Mw==,-120.0,-125.0,-115.0,-110.0,T3V0Y29tZU5vZGU6NjQ2Nzg4Mg==,-120.0,-130.0,-125.0,-115.0
T2ZmZXJUYWJsZU9mZmVyTm9kZToxMDM0NDA4OTg=,RmlnaHROb2RlOjcyNDgw,U3BvcnRzYm9va05vZGU6MTA=,T3V0Y29tZU5vZGU6NjQ2NzI0NA==,200.0,200.0,600.0,600.0,T3V0Y29tZU5vZGU6NjQ2NzI0Mw==,-300.0,-900.0,-900.0,-300.0
T2ZmZXJUYWJsZU9mZmVyTm9kZToxMDM0NDExMTU=,RmlnaHROb2RlOjcyNDgw,U3BvcnRzYm9va05vZGU6Mjg=,T3V0Y29tZU5vZGU6NjQ2NzY3Ng==,300.0,300.0,392.0,392.0,T3V0Y29tZU5vZGU6NjQ2NzY3Nw==,-500.0,-667.0,-667.0,-500.0
T2ZmZXJUYWJsZU9mZmVyTm9kZToxMDM0NDA5Njg=,RmlnaHROb2RlOjcyNDgw,U3BvcnRzYm9va05vZGU6Mg==,T3V0Y29tZU5vZGU6NjQ2NzM4Mw==,369.0,294.0,390.0,390.0,T3V0Y29tZU5vZGU6NjQ2NzM4NA==,-650.0,-777.0,-777.0,-510.0
T2ZmZXJUYWJsZU9mZmVyTm9kZToxMDM0NDA5MDA=,RmlnaHROb2RlOjcyNDc4,U3BvcnRzYm9va05vZGU6MTA=,T3V0Y29tZU5vZGU6NjQ2NzI0Nw==,275.0,275.0,550.0,550.0,T3V0Y29tZU5vZGU6NjQ2NzI0OA==,-450.0,-800.0,-800.0,-450.0
T2ZmZXJUYWJsZU9mZmVyTm9kZToxMDM0NDA5NzA=,RmlnaHROb2RlOjcyNDc4,U3BvcnRzYm9va05vZGU6Mg==,T3V0Y29tZU5vZGU6NjQ2NzM4Nw==,349.0,272.0,272.0,349.0,T3V0Y29tZU5vZGU6NjQ2NzM4OA==,-600.0,-600.0,-460.0,-460.0
T2ZmZXJUYWJsZU9mZmVyTm9kZToxMDM0NDExMDc=,RmlnaHROb2RlOjcyNDc4,U3BvcnRzYm9va05vZGU6Mjg=,T3V0Y29tZU5vZGU6NjQ2NzY2MQ==,280.0,280.0,290.0,415.0,T3V0Y29tZU5vZGU6NjQ2NzY2MA==,-455.0,-715.0,-475.0,-455.0
T2ZmZXJUYWJsZU9mZmVyTm9kZToxMDM0NDA5MDM=,RmlnaHROb2RlOjcyMDE4,U3BvcnRzYm9va05vZGU6MTA=,T3V0Y29tZU5vZGU6NjQ2NzI1Mw==,-180.0,-600.0,-565.0,-180.0,T3V0Y29tZU5vZGU6NjQ2NzI1NA==,140.0,140.0,415.0,425.0
T2ZmZXJUYWJsZU9mZmVyTm9kZToxMDM0NDA5NjU=,RmlnaHROb2RlOjcyMDE4,U3BvcnRzYm9va05vZGU6Mg==,T3V0Y29tZU5vZGU6NjQ2NzM3OA==,-350.0,-460.0,-460.0,-350.0,T3V0Y29tZU5vZGU6NjQ2NzM3Nw==,231.0,231.0,272.0,272.0
T2ZmZXJUYWJsZU9mZmVyTm9kZToxMDM0NDExMjI=,RmlnaHROb2RlOjcyMDE4,U3BvcnRzYm9va05vZGU6Mjg=,T3V0Y29tZU5vZGU6NjQ2NzY5MQ==,-450.0,-588.0,-588.0,-417.0,T3V0Y29tZU5vZGU6NjQ2NzY5MA==,275.0,262.0,348.0,348.0
T2ZmZXJUYWJsZU9mZmVyTm9kZToxMDM0NDA5MDE=,RmlnaHROb2RlOjcyMDE2,U3BvcnRzYm9va05vZGU6MTA=,T3V0Y29tZU5vZGU6NjQ2NzI0OQ==,-300.0,-500.0,-460.0,-279.0,T3V0Y29tZU5vZGU6NjQ2NzI1MA==,200.0,200.0,360.0,375.0
T2ZmZXJUYWJsZU9mZmVyTm9kZToxMDM0NDExMDk=,RmlnaHROb2RlOjcyMDE2,U3BvcnRzYm9va05vZGU6Mjg=,T3V0Y29tZU5vZGU6NjQ2NzY2NQ==,-455.0,-500.0,-294.0,-278.0,T3V0Y29tZU5vZGU6NjQ2NzY2NA==,280.0,193.0,199.0,300.0
T2ZmZXJUYWJsZU9mZmVyTm9kZToxMDM0NDA5Njc=,RmlnaHROb2RlOjcyMDE2,U3BvcnRzYm9va05vZGU6Mg==,T3V0Y29tZU5vZGU6NjQ2NzM4Mg==,-300.0,-455.0,-455.0,-300.0,T3V0Y29tZU5vZGU6NjQ2NzM4MQ==,203.0,203.0,270.0,270.0
T2ZmZXJUYWJsZU9mZmVyTm9kZToxMDM0NDA5NzI=,RmlnaHROb2RlOjcyNDUw,U3BvcnRzYm9va05vZGU6Mg==,T3V0Y29tZU5vZGU6NjQ2NzM5MQ==,-236.0,-330.0,-330.0,-236.0,T3V0Y29tZU5vZGU6NjQ2NzM5Mg==,165.0,161.0,210.0,210.0
T2ZmZXJUYWJsZU9mZmVyTm9kZToxMDM0NDA4OTY=,RmlnaHROb2RlOjcyNDUw,U3BvcnRzYm9va05vZGU6MTA=,T3V0Y29tZU5vZGU6NjQ2NzIzOQ==,140.0,-325.0,-195.0,140.0,T3V0Y29tZU5vZGU6NjQ2NzI0MA==,-180.0,-180.0,170.0,275.0
T2ZmZXJUYWJsZU9mZmVyTm9kZToxMDM0NDExMTM=,RmlnaHROb2RlOjcyNDUw,U3BvcnRzYm9va05vZGU6Mjg=,T3V0Y29tZU5vZGU6NjQ2NzY3Mg==,-238.0,-303.0,-196.0,-196.0,T3V0Y29tZU5vZGU6NjQ2NzY3Mw==,173.0,149.0,149.0,203.0
T2ZmZXJUYWJsZU9mZmVyTm9kZToxMDM0NDA5NjY=,RmlnaHROb2RlOjcyMDE3,U3BvcnRzYm9va05vZGU6Mg==,T3V0Y29tZU5vZGU6NjQ2NzM3OQ==,-140.0,-144.0,-144.0,-120.0,T3V0Y29tZU5vZGU6NjQ2NzM4MA==,101.0,-120.0,-101.0,101.0
T2ZmZXJUYWJsZU9mZmVyTm9kZToxMDM0NDA5MDI=,RmlnaHROb2RlOjcyMDE3,U3BvcnRzYm9va05vZGU6MTA=,T3V0Y29tZU5vZGU6NjQ2NzI1MQ==,-250.0,-250.0,-155.0,-105.0,T3V0Y29tZU5vZGU6NjQ2NzI1Mg==,170.0,-120.0,135.0,170.0
T2ZmZXJUYWJsZU9mZmVyTm9kZToxMDM0NDEyMjQ=,RmlnaHROb2RlOjcyMDE3,U3BvcnRzYm9va05vZGU6Mjg=,T3V0Y29tZU5vZGU6NjQ2Nzg5NQ==,-120.0,-159.0,-147.0,-120.0,T3V0Y29tZU5vZGU6NjQ2Nzg5NA==,-120.0,-120.0,107.0,119.0
T2ZmZXJUYWJsZU9mZmVyTm9kZToxMDM0NTE5MDU=,RmlnaHROb2RlOjcyNTYz,U3BvcnRzYm9va05vZGU6MTA=,T3V0Y29tZU5vZGU6NjQ4Nzc3Mg==,-150.0,-800.0,-800.0,-150.0,T3V0Y29tZU5vZGU6NjQ4Nzc3Mw==,110.0,110.0,550.0,550.0
T2ZmZXJUYWJsZU9mZmVyTm9kZToxMDM0NTIwNDQ=,RmlnaHROb2RlOjcyNTYz,U3BvcnRzYm9va05vZGU6Mg==,T3V0Y29tZU5vZGU6NjQ4ODA1MA==,-585.0,-660.0,-660.0,-585.0,T3V0Y29tZU5vZGU6NjQ4ODA1MQ==,343.0,343.0,436.0,436.0
T2ZmZXJUYWJsZU9mZmVyTm9kZToxMDM0NTIyMDI=,RmlnaHROb2RlOjcyNTYz,U3BvcnRzYm9va05vZGU6Mjg=,T3V0Y29tZU5vZGU6NjQ4ODM2Nw==,-665.0,-715.0,-715.0,-625.0,T3V0Y29tZU5vZGU6NjQ4ODM2Ng==,390.0,360.0,415.0,415.0
T2ZmZXJUYWJsZU9mZmVyTm9kZToxMDM0NTIwMDE=,RmlnaHROb2RlOjcyNTYz,U3BvcnRzYm9va05vZGU6Mjc=,T3V0Y29tZU5vZGU6NjQ4Nzk2NA==,-599.0,-649.0,-649.0,-599.0,T3V0Y29tZU5vZGU6NjQ4Nzk2NQ==,375.0,375.0,400.0,400.0
T2ZmZXJUYWJsZU9mZmVyTm9kZToxMDM0NTIwMzU=,RmlnaHROb2RlOjcyNTY3,U3BvcnRzYm9va05vZGU6Mg==,T3V0Y29tZU5vZGU6NjQ4ODAzMg==,-275.0,-410.0,-400.0,-275.0,T3V0Y29tZU5vZGU6NjQ4ODAzMw==,188.0,188.0,292.0,298.0
T2ZmZXJUYWJsZU9mZmVyTm9kZToxMDM0NTE5MTQ=,RmlnaHROb2RlOjcyNTY3,U3BvcnRzYm9va05vZGU6MTA=,T3V0Y29tZU5vZGU6NjQ4Nzc5MQ==,-300.0,-450.0,-450.0,-290.0,T3V0Y29tZU5vZGU6NjQ4Nzc5MA==,200.0,200.0,350.0,355.0
T2ZmZXJUYWJsZU9mZmVyTm9kZToxMDM0NTIyMTA=,RmlnaHROb2RlOjcyNTY3,U3BvcnRzYm9va05vZGU6Mjg=,T3V0Y29tZU5vZGU6NjQ4ODM4Mg==,-305.0,-455.0,-345.0,-285.0,T3V0Y29tZU5vZGU6NjQ4ODM4Mw==,205.0,195.0,225.0,280.0
T2ZmZXJUYWJsZU9mZmVyTm9kZToxMDM0NTIwMDI=,RmlnaHROb2RlOjczMDIw,U3BvcnRzYm9va05vZGU6Mjc=,T3V0Y29tZU5vZGU6NjQ4Nzk2Ng==,-599.0,-1000.0,-1000.0,-599.0,T3V0Y29tZU5vZGU6NjQ4Nzk2Nw==,375.0,375.0,500.0,500.0
T2ZmZXJUYWJsZU9mZmVyTm9kZToxMDM0NTIyMDU=,RmlnaHROb2RlOjczMDIw,U3BvcnRzYm9va05vZGU6Mjg=,T3V0Y29tZU5vZGU6NjQ4ODM3Mw==,-625.0,-1111.0,-1000.0,-625.0,T3V0Y29tZU5vZGU6NjQ4ODM3Mg==,360.0,360.0,500.0,561.0
T2ZmZXJUYWJsZU9mZmVyTm9kZToxMDM0NTE5MDc=,RmlnaHROb2RlOjczMDIw,U3BvcnRzYm9va05vZGU6MTA=,T3V0Y29tZU5vZGU6NjQ4Nzc3Ng==,-200.0,-1400.0,-1300.0,-200.0,T3V0Y29tZU5vZGU6NjQ4Nzc3Nw==,150.0,150.0,775.0,800.0
T2ZmZXJUYWJsZU9mZmVyTm9kZToxMDM0NTIwNDI=,RmlnaHROb2RlOjczMDIw,U3BvcnRzYm9va05vZGU6Mg==,T3V0Y29tZU5vZGU6NjQ4ODA0Nw==,-585.0,-1075.0,-1075.0,-585.0,T3V0Y29tZU5vZGU6NjQ4ODA0Ng==,343.0,343.0,614.0,614.0
T2ZmZXJUYWJsZU9mZmVyTm9kZToxMDM0NTE5MDQ=,RmlnaHROb2RlOjcyMjc2,U3BvcnRzYm9va05vZGU6MTA=,T3V0Y29tZU5vZGU6NjQ4Nzc3MA==,150.0,-120.0,105.0,150.0,T3V0Y29tZU5vZGU6NjQ4Nzc3MQ==,-200.0,-200.0,-125.0,-110.0
T2ZmZXJUYWJsZU9mZmVyTm9kZToxMDM0NTIyMDY=,RmlnaHROb2RlOjcyMjc2,U3BvcnRzYm9va05vZGU6Mjg=,T3V0Y29tZU5vZGU6NjQ4ODM3NQ==,-105.0,-120.0,-105.0,105.0,T3V0Y29tZU5vZGU6NjQ4ODM3NA==,-135.0,-145.0,-135.0,-115.0
T2ZmZXJUYWJsZU9mZmVyTm9kZToxMDM0NTIwMDY=,RmlnaHROb2RlOjcyMjc2,U3BvcnRzYm9va05vZGU6Mjc=,T3V0Y29tZU5vZGU6NjQ4Nzk3NA==,-118.0,-118.0,105.0,105.0,T3V0Y29tZU5vZGU6NjQ4Nzk3NQ==,-118.0,-138.0,-138.0,-118.0
T2ZmZXJUYWJsZU9mZmVyTm9kZToxMDM0NTIwNDU=,RmlnaHROb2RlOjcyMjc2,U3BvcnRzYm9va05vZGU6Mg==,T3V0Y29tZU5vZGU6NjQ4ODA1Mg==,-105.0,-106.0,100.0,100.0,T3V0Y29tZU5vZGU6NjQ4ODA1Mw==,-131.0,-135.0,-130.0,-124.0
T2ZmZXJUYWJsZU9mZmVyTm9kZToxMDM0NTIyMDE=,RmlnaHROb2RlOjczMDIx,U3BvcnRzYm9va05vZGU6Mjg=,T3V0Y29tZU5vZGU6NjQ4ODM2NQ==,-714.0,-1500.0,-1500.0,-714.0,T3V0Y29tZU5vZGU6NjQ4ODM2NA==,414.0,414.0,675.0,675.0
T2ZmZXJUYWJsZU9mZmVyTm9kZToxMDM0NTE5MDg=,RmlnaHROb2RlOjczMDIx,U3BvcnRzYm9va05vZGU6MTA=,T3V0Y29tZU5vZGU6NjQ4Nzc3OA==,-250.0,-1500.0,-1500.0,-250.0,,,,,
T2ZmZXJUYWJsZU9mZmVyTm9kZToxMDM0NTIwNDE=,RmlnaHROb2RlOjczMDIx,U3BvcnRzYm9va05vZGU6Mg==,T3V0Y29tZU5vZGU6NjQ4ODA0NQ==,-685.0,-1275.0,-1275.0,-685.0,T3V0Y29tZU5vZGU6NjQ4ODA0NA==,382.0,382.0,683.0,683.0
T2ZmZXJUYWJsZU9mZmVyTm9kZToxMDM0NTIyMzM=,RmlnaHROb2RlOjczMDIx,U3BvcnRzYm9va05vZGU6Mjc=,T3V0Y29tZU5vZGU6NjQ4ODQyOA==,-599.0,-1000.0,-1000.0,-599.0,T3V0Y29tZU5vZGU6NjQ4ODQyOQ==,350.0,350.0,500.0,500.0
T2ZmZXJUYWJsZU9mZmVyTm9kZToxMDM0NTE5MDY=,RmlnaHROb2RlOjczMDE5,U3BvcnRzYm9va05vZGU6MTA=,T3V0Y29tZU5vZGU6NjQ4Nzc3NA==,-105.0,-135.0,140.0,145.0,T3V0Y29tZU5vZGU6NjQ4Nzc3NQ==,-135.0,-170.0,-160.0,-105.0
T2ZmZXJUYWJsZU9mZmVyTm9kZToxMDM0NTIyMDM=,RmlnaHROb2RlOjczMDE5,U3BvcnRzYm9va05vZGU6Mjg=,T3V0Y29tZU5vZGU6NjQ4ODM2OQ==,-125.0,-125.0,115.0,115.0,T3V0Y29tZU5vZGU6NjQ4ODM2OA==,-115.0,-155.0,-155.0,-115.0
T2ZmZXJUYWJsZU9mZmVyTm9kZToxMDM0NTIwMDA=,RmlnaHROb2RlOjczMDE5,U3BvcnRzYm9va05vZGU6Mjc=,T3V0Y29tZU5vZGU6NjQ4Nzk2Mg==,-138.0,-138.0,-105.0,-105.0,T3V0Y29tZU5vZGU6NjQ4Nzk2Mw==,-100.0,-125.0,-125.0,-100.0
T2ZmZXJUYWJsZU9mZmVyTm9kZToxMDM0NTIwNDM=,RmlnaHROb2RlOjczMDE5,U3BvcnRzYm9va05vZGU6Mg==,T3V0Y29tZU5vZGU6NjQ4ODA0OA==,-123.0,-123.0,115.0,121.0,T3V0Y29tZU5vZGU6NjQ4ODA0OQ==,-112.0,-157.0,-145.0,-112.0
T2ZmZXJUYWJsZU9mZmVyTm9kZToxMDM0NTE5MTM=,RmlnaHROb2RlOjczMDIz,U3BvcnRzYm9va05vZGU6MTA=,T3V0Y29tZU5vZGU6NjQ4Nzc4OQ==,-155.0,-260.0,-255.0,-155.0,T3V0Y29tZU5vZGU6NjQ4Nzc4OA==,115.0,115.0,215.0,215.0
T2ZmZXJUYWJsZU9mZmVyTm9kZToxMDM0NTIyMDc=,RmlnaHROb2RlOjczMDIz,U3BvcnRzYm9va05vZGU6Mjg=,T3V0Y29tZU5vZGU6NjQ4ODM3Ng==,-265.0,-265.0,-240.0,-240.0,T3V0Y29tZU5vZGU6NjQ4ODM3Nw==,185.0,170.0,170.0,185.0
T2ZmZXJUYWJsZU9mZmVyTm9kZToxMDM0NTIwMzY=,RmlnaHROb2RlOjczMDIz,U3BvcnRzYm9va05vZGU6Mg==,T3V0Y29tZU5vZGU6NjQ4ODAzNA==,-236.0,-257.0,-257.0,-236.0,T3V0Y29tZU5vZGU6NjQ4ODAzNQ==,165.0,165.0,178.0,178.0
T2ZmZXJUYWJsZU9mZmVyTm9kZToxMDM0NTE5MTI=,RmlnaHROb2RlOjczMDIy,U3BvcnRzYm9va05vZGU6MTA=,T3V0Y29tZU5vZGU6NjQ4Nzc4Ng==,140.0,140.0,225.0,225.0,T3V0Y29tZU5vZGU6NjQ4Nzc4Nw==,-180.0,-265.0,-265.0,-180.0
T2ZmZXJUYWJsZU9mZmVyTm9kZToxMDM0NTIyMDA=,RmlnaHROb2RlOjczMDIy,U3BvcnRzYm9va05vZGU6Mjg=,T3V0Y29tZU5vZGU6NjQ4ODM2Mw==,175.0,154.0,167.0,175.0,T3V0Y29tZU5vZGU6NjQ4ODM2Mg==,-250.0,-250.0,-227.0,-204.0
T2ZmZXJUYWJsZU9mZmVyTm9kZToxMDM0NTIwMzc=,RmlnaHROb2RlOjczMDIy,U3BvcnRzYm9va05vZGU6Mg==,T3V0Y29tZU5vZGU6NjQ4ODAzNg==,194.0,172.0,183.0,194.0,T3V0Y29tZU5vZGU6NjQ4ODAzNw==,-285.0,-285.0,-235.0,-235.0
T2ZmZXJUYWJsZU9mZmVyTm9kZToxMDM0NTIwMzg=,RmlnaHROb2RlOjcyNTY0,U3BvcnRzYm9va05vZGU6Mg==,T3V0Y29tZU5vZGU6NjQ4ODAzOA==,-228.0,-250.0,-224.0,-205.0,T3V0Y29tZU5vZGU6NjQ4ODAzOQ==,160.0,160.0,175.0,175.0
T2ZmZXJUYWJsZU9mZmVyTm9kZToxMDM0NTE5MTE=,RmlnaHROb2RlOjcyNTY0,U3BvcnRzYm9va05vZGU6MTA=,T3V0Y29tZU5vZGU6NjQ4Nzc4NA==,-180.0,-250.0,-235.0,-170.0,T3V0Y29tZU5vZGU6NjQ4Nzc4NQ==,140.0,140.0,200.0,205.0
T2ZmZXJUYWJsZU9mZmVyTm9kZToxMDM0NTIwMDQ=,RmlnaHROb2RlOjcyNTY0,U3BvcnRzYm9va05vZGU6Mjc=,T3V0Y29tZU5vZGU6NjQ4Nzk3MA==,-250.0,-250.0,-225.0,-225.0,T3V0Y29tZU5vZGU6NjQ4Nzk3MQ==,175.0,163.0,163.0,175.0
T2ZmZXJUYWJsZU9mZmVyTm9kZToxMDM0NTIyMDk=,RmlnaHROb2RlOjcyNTY0,U3BvcnRzYm9va05vZGU6Mjg=,T3V0Y29tZU5vZGU6NjQ4ODM4MA==,-250.0,-250.0,-185.0,-175.0,T3V0Y29tZU5vZGU6NjQ4ODM4MQ==,175.0,135.0,142.0,175.0
T2ZmZXJUYWJsZU9mZmVyTm9kZToxMDM0NTE5MTA=,RmlnaHROb2RlOjczMDkx,U3BvcnRzYm9va05vZGU6MTA=,T3V0Y29tZU5vZGU6NjQ4Nzc4Mg==,-200.0,-1200.0,-600.0,-200.0,T3V0Y29tZU5vZGU6NjQ4Nzc4Mw==,150.0,150.0,425.0,750.0
T2ZmZXJUYWJsZU9mZmVyTm9kZToxMDM0NTIwMzk=,RmlnaHROb2RlOjczMDkx,U3BvcnRzYm9va05vZGU6Mg==,T3V0Y29tZU5vZGU6NjQ4ODA0MA==,-882.0,-1275.0,-1275.0,-882.0,T3V0Y29tZU5vZGU6NjQ4ODA0MQ==,450.0,450.0,683.0,683.0
T2ZmZXJUYWJsZU9mZmVyTm9kZToxMDM0NTIyMDQ=,RmlnaHROb2RlOjczMDkx,U3BvcnRzYm9va05vZGU6Mjg=,T3V0Y29tZU5vZGU6NjQ4ODM3MQ==,-1000.0,-1250.0,-714.0,-714.0,T3V0Y29tZU5vZGU6NjQ4ODM3MA==,500.0,414.0,414.0,650.0
T2ZmZXJUYWJsZU9mZmVyTm9kZToxMDM0NTIyMzQ=,RmlnaHROb2RlOjczMDkx,U3BvcnRzYm9va05vZGU6Mjc=,T3V0Y29tZU5vZGU6NjQ4ODQzMA==,-699.0,-1205.0,-1205.0,-699.0,T3V0Y29tZU5vZGU6NjQ4ODQzMQ==,400.0,400.0,600.0,600.0
T2ZmZXJUYWJsZU9mZmVyTm9kZToxMDM0NTIyMDg=,RmlnaHROb2RlOjcyNTY1,U3BvcnRzYm9va05vZGU6Mjg=,T3V0Y29tZU5vZGU6NjQ4ODM3OQ==,175.0,109.0,129.0,175.0,T3V0Y29tZU5vZGU6NjQ4ODM3OA==,-250.0,-250.0,-169.0,-149.0
T2ZmZXJUYWJsZU9mZmVyTm9kZToxMDM0NTE5MDk=,RmlnaHROb2RlOjcyNTY1,U3BvcnRzYm9va05vZGU6MTA=,T3V0Y29tZU5vZGU6NjQ4Nzc4MA==,-150.0,-150.0,145.0,205.0,T3V0Y29tZU5vZGU6NjQ4Nzc4MQ==,110.0,-250.0,-170.0,110.0
T2ZmZXJUYWJsZU9mZmVyTm9kZToxMDM0NTE5OTk=,RmlnaHROb2RlOjcyNTY1,U3BvcnRzYm9va05vZGU6Mjc=,T3V0Y29tZU5vZGU6NjQ4Nzk2MA==,175.0,120.0,120.0,175.0,T3V0Y29tZU5vZGU6NjQ4Nzk2MQ==,-250.0,-250.0,-163.0,-163.0
T2ZmZXJUYWJsZU9mZmVyTm9kZToxMDM0NTIwNDA=,RmlnaHROb2RlOjcyNTY1,U3BvcnRzYm9va05vZGU6Mg==,T3V0Y29tZU5vZGU6NjQ4ODA0Mw==,167.0,127.0,127.0,173.0,T3V0Y29tZU5vZGU6NjQ4ODA0Mg==,-240.0,-250.0,-160.0,-160.0
T2ZmZXJUYWJsZU9mZmVyTm9kZToxMDM0NjU1Mjc=,RmlnaHROb2RlOjczODg3,U3BvcnRzYm9va05vZGU6MTA=,T3V0Y29tZU5vZGU6NjUwNjM3Mw==,-105.0,-105.0,111.0,135.0,T3V0Y29tZU5vZGU6NjUwNjM3Mg==,-135.0,-175.0,-131.0,-120.0
T2ZmZXJUYWJsZU9mZmVyTm9kZToxMDM0NjcwMDE=,RmlnaHROb2RlOjczODg3,U3BvcnRzYm9va05vZGU6MjE=,T3V0Y29tZU5vZGU6NjUwODI0NA==,160.0,-101.0,104.0,160.0,T3V0Y29tZU5vZGU6NjUwODI0NQ==,-238.0,-238.0,-149.0,-149.0
T2ZmZXJUYWJsZU9mZmVyTm9kZToxMDM0NjgzOTc=,RmlnaHROb2RlOjczODg3,U3BvcnRzYm9va05vZGU6Mjg=,T3V0Y29tZU5vZGU6NjUxMDI1Ng==,-120.0,-120.0,100.0,100.0,T3V0Y29tZU5vZGU6NjUxMDI1NQ==,-120.0,-140.0,-140.0,-120.0
T2ZmZXJUYWJsZU9mZmVyTm9kZToxMDM0NjcyMzk=,RmlnaHROb2RlOjczODg3,U3BvcnRzYm9va05vZGU6Mg==,T3V0Y29tZU5vZGU6NjUwODU1NQ==,124.0,-110.0,110.0,124.0,T3V0Y29tZU5vZGU6NjUwODU1NA==,-155.0,-167.0,-140.0,-125.0
T2ZmZXJUYWJsZU9mZmVyTm9kZToxMDM0NjcwMTg=,RmlnaHROb2RlOjczODg3,U3BvcnRzYm9va05vZGU6Mjc=,T3V0Y29tZU5vZGU6NjUwODI3OQ==,130.0,130.0,130.0,130.0,T3V0Y29tZU5vZGU6NjUwODI3OA==,-175.0,-175.0,-175.0,-175.0
T2ZmZXJUYWJsZU9mZmVyTm9kZToxMDM0NjU1MzQ=,RmlnaHROb2RlOjczMDA4,U3BvcnRzYm9va05vZGU6MjE=,T3V0Y29tZU5vZGU6NjUwNjM4MQ==,-1111.0,-2000.0,-2000.0,-1111.0,T3V0Y29tZU5vZGU6NjUwNjM4MA==,477.0,477.0,597.0,624.0
T2ZmZXJUYWJsZU9mZmVyTm9kZToxMDM0NjU1MjE=,RmlnaHROb2RlOjczMDA4,U3BvcnRzYm9va05vZGU6MTA=,T3V0Y29tZU5vZGU6NjUwNjM2MA==,-550.0,-1000.0,-1000.0,-550.0,T3V0Y29tZU5vZGU6NjUwNjM2MQ==,325.0,325.0,700.0,700.0
T2ZmZXJUYWJsZU9mZmVyTm9kZToxMDM0NjcwMTE=,RmlnaHROb2RlOjczMDA4,U3BvcnRzYm9va05vZGU6Mjc=,T3V0Y29tZU5vZGU6NjUwODI2NA==,-1408.0,-1408.0,-1408.0,-1408.0,T3V0Y29tZU5vZGU6NjUwODI2NQ==,550.0,550.0,550.0,550.0
T2ZmZXJUYWJsZU9mZmVyTm9kZToxMDM0NjcyNDY=,RmlnaHROb2RlOjczMDA4,U3BvcnRzYm9va05vZGU6Mg==,T3V0Y29tZU5vZGU6NjUwODU2OQ==,-875.0,-1575.0,-1281.0,-875.0,T3V0Y29tZU5vZGU6NjUwODU2OA==,535.0,535.0,685.0,685.0
T2ZmZXJUYWJsZU9mZmVyTm9kZToxMDM0Njg0MDM=,RmlnaHROb2RlOjczMDA4,U3BvcnRzYm9va05vZGU6Mjg=,T3V0Y29tZU5vZGU6NjUxMDI2Nw==,-1000.0,-1000.0,-1000.0,-588.0,T3V0Y29tZU5vZGU6NjUxMDI2OA==,500.0,348.0,500.0,500.0
T2ZmZXJUYWJsZU9mZmVyTm9kZToxMDM0NjU1MTg=,RmlnaHROb2RlOjcyNTAy,U3BvcnRzYm9va05vZGU6MTA=,T3V0Y29tZU5vZGU6NjUwNjM1NA==,-145.0,-145.0,113.0,115.0,T3V0Y29tZU5vZGU6NjUwNjM1NQ==,105.0,-140.0,-133.0,105.0
T2ZmZXJUYWJsZU9mZmVyTm9kZToxMDM0NjgzOTg=,RmlnaHROb2RlOjcyNTAy,U3BvcnRzYm9va05vZGU6Mjg=,T3V0Y29tZU5vZGU6NjUxMDI1Nw==,-120.0,-120.0,-120.0,-115.0,T3V0Y29tZU5vZGU6NjUxMDI1OA==,-120.0,-125.0,-120.0,-120.0
T2ZmZXJUYWJsZU9mZmVyTm9kZToxMDM0NjcyNDk=,RmlnaHROb2RlOjcyNTAy,U3BvcnRzYm9va05vZGU6Mg==,T3V0Y29tZU5vZGU6NjUwODU3NQ==,-145.0,-145.0,-130.0,117.0,T3V0Y29tZU5vZGU6NjUwODU3NA==,115.0,-147.0,100.0,115.0
T2ZmZXJUYWJsZU9mZmVyTm9kZToxMDM0NjU1Mzc=,RmlnaHROb2RlOjcyNTAy,U3BvcnRzYm9va05vZGU6MjE=,T3V0Y29tZU5vZGU6NjUwNjM4Nw==,-145.0,-149.0,-110.0,-110.0,T3V0Y29tZU5vZGU6NjUwNjM4Ng==,100.0,-130.0,-130.0,104.0
T2ZmZXJUYWJsZU9mZmVyTm9kZToxMDM0NjcwMTI=,RmlnaHROb2RlOjcyNTAy,U3BvcnRzYm9va05vZGU6Mjc=,T3V0Y29tZU5vZGU6NjUwODI2Ng==,-150.0,-150.0,-105.0,-105.0,T3V0Y29tZU5vZGU6NjUwODI2Nw==,110.0,-125.0,-125.0,110.0
T2ZmZXJUYWJsZU9mZmVyTm9kZToxMDM0NjgzOTM=,RmlnaHROb2RlOjczMDA3,U3BvcnRzYm9va05vZGU6Mjg=,T3V0Y29tZU5vZGU6NjUxMDI0Nw==,-2000.0,-2000.0,-2000.0,-2000.0,T3V0Y29tZU5vZGU6NjUxMDI0OA==,1000.0,1000.0,1000.0,1000.0
T2ZmZXJUYWJsZU9mZmVyTm9kZToxMDM0NjcwMDg=,RmlnaHROb2RlOjczMDA3,U3BvcnRzYm9va05vZGU6Mjc=,T3V0Y29tZU5vZGU6NjUwODI1OA==,-1408.0,-1408.0,-1408.0,-1408.0,T3V0Y29tZU5vZGU6NjUwODI1OQ==,550.0,550.0,550.0,550.0
T2ZmZXJUYWJsZU9mZmVyTm9kZToxMDM0NjU1Mzg=,RmlnaHROb2RlOjczMDA3,U3BvcnRzYm9va05vZGU6MjE=,T3V0Y29tZU5vZGU6NjUwNjM4OQ==,-2500.0,-5000.0,-3333.0,-2000.0,T3V0Y29tZU5vZGU6NjUwNjM4OA==,702.0,608.0,720.0,796.0
T2ZmZXJUYWJsZU9mZmVyTm9kZToxMDM0NjU1MTc=,RmlnaHROb2RlOjczMDA3,U3BvcnRzYm9va05vZGU6MTA=,T3V0Y29tZU5vZGU6NjUwNjM1Mg==,-1000.0,-2000.0,-2000.0,-1000.0,T3V0Y29tZU5vZGU6NjUwNjM1Mw==,550.0,550.0,1000.0,1000.0
T2ZmZXJUYWJsZU9mZmVyTm9kZToxMDM0NjcyNDg=,RmlnaHROb2RlOjczMDA3,U3BvcnRzYm9va05vZGU6Mg==,T3V0Y29tZU5vZGU6NjUwODU3Mg==,-1600.0,-2400.0,-2200.0,-1600.0,T3V0Y29tZU5vZGU6NjUwODU3Mw==,779.0,733.0,915.0,915.0
T2ZmZXJUYWJsZU9mZmVyTm9kZToxMDM0NjcyNTA=,RmlnaHROb2RlOjczNTY5,U3BvcnRzYm9va05vZGU6Mg==,T3V0Y29tZU5vZGU6NjUwODU3Nw==,-290.0,-290.0,-187.0,-187.0,T3V0Y29tZU5vZGU6NjUwODU3Ng==,221.0,148.0,148.0,221.0
T2ZmZXJUYWJsZU9mZmVyTm9kZToxMDM0NjU1Mzk=,RmlnaHROb2RlOjczNTY5,U3BvcnRzYm9va05vZGU6MjE=,T3V0Y29tZU5vZGU6NjUwNjM5MQ==,-303.0,-333.0,-233.0,-233.0,T3V0Y29tZU5vZGU6NjUwNjM5MA==,196.0,156.0,156.0,211.0
T2ZmZXJUYWJsZU9mZmVyTm9kZToxMDM0NjcwMTA=,RmlnaHROb2RlOjczNTY5,U3BvcnRzYm9va05vZGU6Mjc=,T3V0Y29tZU5vZGU6NjUwODI2Mg==,-275.0,-275.0,-225.0,-225.0,T3V0Y29tZU5vZGU6NjUwODI2Mw==,200.0,163.0,163.0,200.0
T2ZmZXJUYWJsZU9mZmVyTm9kZToxMDM0NjgzOTI=,RmlnaHROb2RlOjczNTY5,U3BvcnRzYm9va05vZGU6Mjg=,T3V0Y29tZU5vZGU6NjUxMDI0NQ==,-250.0,-250.0,-225.0,-225.0,T3V0Y29tZU5vZGU6NjUxMDI0Ng==,175.0,165.0,165.0,175.0
T2ZmZXJUYWJsZU9mZmVyTm9kZToxMDM0NjU1MTY=,RmlnaHROb2RlOjczNTY5,U3BvcnRzYm9va05vZGU6MTA=,T3V0Y29tZU5vZGU6NjUwNjM1MA==,-400.0,-400.0,-180.0,-180.0,T3V0Y29tZU5vZGU6NjUwNjM1MQ==,250.0,150.0,155.0,250.0
T2ZmZXJUYWJsZU9mZmVyTm9kZToxMDM0NjU1MzY=,RmlnaHROb2RlOjczMDEw,U3BvcnRzYm9va05vZGU6MjE=,T3V0Y29tZU5vZGU6NjUwNjM4NQ==,-222.0,-385.0,-385.0,-222.0,T3V0Y29tZU5vZGU6NjUwNjM4NA==,150.0,150.0,238.0,238.0
T2ZmZXJUYWJsZU9mZmVyTm9kZToxMDM0NjgzOTY=,RmlnaHROb2RlOjczMDEw,U3BvcnRzYm9va05vZGU6Mjg=,T3V0Y29tZU5vZGU6NjUxMDI1Mw==,-225.0,-400.0,-400.0,-225.0,T3V0Y29tZU5vZGU6NjUxMDI1NA==,165.0,165.0,250.0,250.0
T2ZmZXJUYWJsZU9mZmVyTm9kZToxMDM0NjU1MTk=,RmlnaHROb2RlOjczMDEw,U3BvcnRzYm9va05vZGU6MTA=,T3V0Y29tZU5vZGU6NjUwNjM1Ng==,-160.0,-600.0,-450.0,-160.0,T3V0Y29tZU5vZGU6NjUwNjM1Nw==,120.0,120.0,350.0,425.0
T2ZmZXJUYWJsZU9mZmVyTm9kZToxMDM0NjcwMTc=,RmlnaHROb2RlOjczMDEw,U3BvcnRzYm9va05vZGU6Mjc=,T3V0Y29tZU5vZGU6NjUwODI3Ng==,-225.0,-225.0,-225.0,-225.0,T3V0Y29tZU5vZGU6NjUwODI3Nw==,163.0,163.0,163.0,163.0
T2ZmZXJUYWJsZU9mZmVyTm9kZToxMDM0NjcyNDQ=,RmlnaHROb2RlOjczMDEw,U3BvcnRzYm9va05vZGU6Mg==,T3V0Y29tZU5vZGU6NjUwODU2NA==,-210.0,-328.0,-304.0,-210.0,T3V0Y29tZU5vZGU6NjUwODU2NQ==,165.0,164.0,231.0,231.0
T2ZmZXJUYWJsZU9mZmVyTm9kZToxMDM0NjcyNDM=,RmlnaHROb2RlOjczMDEx,U3BvcnRzYm9va05vZGU6Mg==,T3V0Y29tZU5vZGU6NjUwODU2Mg==,-145.0,-190.0,-180.0,-135.0,T3V0Y29tZU5vZGU6NjUwODU2Mw==,115.0,105.0,143.0,143.0
T2ZmZXJUYWJsZU9mZmVyTm9kZToxMDM0NjgzOTQ=,RmlnaHROb2RlOjczMDEx,U3BvcnRzYm9va05vZGU6Mjg=,T3V0Y29tZU5vZGU6NjUxMDI0OQ==,-169.0,-200.0,-200.0,-169.0,T3V0Y29tZU5vZGU6NjUxMDI1MA==,129.0,129.0,150.0,150.0
T2ZmZXJUYWJsZU9mZmVyTm9kZToxMDM0NjcwMDA=,RmlnaHROb2RlOjczMDEx,U3BvcnRzYm9va05vZGU6MjE=,T3V0Y29tZU5vZGU6NjUwODI0Mw==,-179.0,-185.0,-185.0,-133.0,T3V0Y29tZU5vZGU6NjUwODI0Mg==,123.0,-108.0,129.0,129.0
T2ZmZXJUYWJsZU9mZmVyTm9kZToxMDM0NjcwMTM=,RmlnaHROb2RlOjczMDEx,U3BvcnRzYm9va05vZGU6Mjc=,T3V0Y29tZU5vZGU6NjUwODI2OA==,-163.0,-163.0,-163.0,-163.0,T3V0Y29tZU5vZGU6NjUwODI2OQ==,120.0,120.0,120.0,120.0
T2ZmZXJUYWJsZU9mZmVyTm9kZToxMDM0NjU1MjQ=,RmlnaHROb2RlOjczMDEx,U3BvcnRzYm9va05vZGU6MTA=,T3V0Y29tZU5vZGU6NjUwNjM2Ng==,-135.0,-250.0,-200.0,-120.0,T3V0Y29tZU5vZGU6NjUwNjM2Nw==,-105.0,-120.0,170.0,170.0
T2ZmZXJUYWJsZU9mZmVyTm9kZToxMDM0NjY5OTk=,RmlnaHROb2RlOjczMDEy,U3BvcnRzYm9va05vZGU6MjE=,T3V0Y29tZU5vZGU6NjUwODI0MQ==,-294.0,-370.0,-370.0,-294.0,T3V0Y29tZU5vZGU6NjUwODI0MA==,191.0,191.0,238.0,238.0
T2ZmZXJUYWJsZU9mZmVyTm9kZToxMDM0NjcwMTU=,RmlnaHROb2RlOjczMDEy,U3BvcnRzYm9va05vZGU6Mjc=,T3V0Y29tZU5vZGU6NjUwODI3Mg==,-333.0,-333.0,-333.0,-333.0,T3V0Y29tZU5vZGU6NjUwODI3Mw==,225.0,225.0,225.0,225.0
T2ZmZXJUYWJsZU9mZmVyTm9kZToxMDM0NjU1MjU=,RmlnaHROb2RlOjczMDEy,U3BvcnRzYm9va05vZGU6MTA=,T3V0Y29tZU5vZGU6NjUwNjM2OA==,-325.0,-335.0,-335.0,-315.0,T3V0Y29tZU5vZGU6NjUwNjM2OQ==,215.0,215.0,275.0,275.0
T2ZmZXJUYWJsZU9mZmVyTm9kZToxMDM0NjgzOTU=,RmlnaHROb2RlOjczMDEy,U3BvcnRzYm9va05vZGU6Mjg=,T3V0Y29tZU5vZGU6NjUxMDI1MQ==,-310.0,-335.0,-335.0,-310.0,T3V0Y29tZU5vZGU6NjUxMDI1Mg==,205.0,205.0,220.0,220.0
T2ZmZXJUYWJsZU9mZmVyTm9kZToxMDM0NjcyNDE=,RmlnaHROb2RlOjczMDEy,U3BvcnRzYm9va05vZGU6Mg==,T3V0Y29tZU5vZGU6NjUwODU1OA==,-315.0,-345.0,-330.0,-315.0,T3V0Y29tZU5vZGU6NjUwODU1OQ==,238.0,225.0,248.0,248.0
T2ZmZXJUYWJsZU9mZmVyTm9kZToxMDM0NjcwMTY=,RmlnaHROb2RlOjczODg2,U3BvcnRzYm9va05vZGU6Mjc=,T3V0Y29tZU5vZGU6NjUwODI3NA==,-333.0,-333.0,-333.0,-333.0,T3V0Y29tZU5vZGU6NjUwODI3NQ==,225.0,225.0,225.0,225.0
T2ZmZXJUYWJsZU9mZmVyTm9kZToxMDM0NjcwMTQ=,RmlnaHROb2RlOjczODg1,U3BvcnRzYm9va05vZGU6Mjc=,T3V0Y29tZU5vZGU6NjUwODI3MA==,-350.0,-350.0,-350.0,-350.0,T3V0Y29tZU5vZGU6NjUwODI3MQ==,240.0,240.0,240.0,240.0
T2ZmZXJUYWJsZU9mZmVyTm9kZToxMDM0NjU1MjM=,RmlnaHROb2RlOjczODg1,U3BvcnRzYm9va05vZGU6MTA=,T3V0Y29tZU5vZGU6NjUwNjM2NA==,-350.0,-2000.0,-1800.0,-350.0,T3V0Y29tZU5vZGU6NjUwNjM2NQ==,225.0,225.0,900.0,1000.0
T2ZmZXJUYWJsZU9mZmVyTm9kZToxMDM0Njg0MDA=,RmlnaHROb2RlOjczODg1,U3BvcnRzYm9va05vZGU6Mjg=,T3V0Y29tZU5vZGU6NjUxMDI2MQ==,-625.0,-2000.0,-2000.0,-625.0,T3V0Y29tZU5vZGU6NjUxMDI2Mg==,360.0,360.0,1000.0,1000.0
T2ZmZXJUYWJsZU9mZmVyTm9kZToxMDM0NjY5OTc=,RmlnaHROb2RlOjczODg1,U3BvcnRzYm9va05vZGU6MjE=,T3V0Y29tZU5vZGU6NjUwODIzNw==,-667.0,-1000.0,-1000.0,-500.0,T3V0Y29tZU5vZGU6NjUwODIzNg==,351.0,286.0,412.0,459.0
T2ZmZXJUYWJsZU9mZmVyTm9kZToxMDM0NjcyNDI=,RmlnaHROb2RlOjczODg1,U3BvcnRzYm9va05vZGU6Mg==,T3V0Y29tZU5vZGU6NjUwODU2MQ==,-335.0,-665.0,-645.0,-335.0,T3V0Y29tZU5vZGU6NjUwODU2MA==,251.0,251.0,428.0,428.0
T2ZmZXJUYWJsZU9mZmVyTm9kZToxMDM0NjU1NDE=,RmlnaHROb2RlOjczMDA5,U3BvcnRzYm9va05vZGU6MjE=,T3V0Y29tZU5vZGU6NjUwNjM5NQ==,-588.0,-833.0,-833.0,-588.0,T3V0Y29tZU5vZGU6NjUwNjM5NA==,327.0,327.0,412.0,459.0
T2ZmZXJUYWJsZU9mZmVyTm9kZToxMDM0NjU1MjI=,RmlnaHROb2RlOjczMDA5,U3BvcnRzYm9va05vZGU6MTA=,T3V0Y29tZU5vZGU6NjUwNjM2Mg==,-900.0,-2000.0,-2000.0,-410.0,T3V0Y29tZU5vZGU6NjUwNjM2Mw==,500.0,255.0,1000.0,1000.0
T2ZmZXJUYWJsZU9mZmVyTm9kZToxMDM0NjcwMDc=,RmlnaHROb2RlOjczMDA5,U3BvcnRzYm9va05vZGU6Mjc=,T3V0Y29tZU5vZGU6NjUwODI1Ng==,-549.0,-549.0,-549.0,-549.0,T3V0Y29tZU5vZGU6NjUwODI1Nw==,350.0,350.0,350.0,350.0
T2ZmZXJUYWJsZU9mZmVyTm9kZToxMDM0NjcyNDU=,RmlnaHROb2RlOjczMDA5,U3BvcnRzYm9va05vZGU6Mg==,T3V0Y29tZU5vZGU6NjUwODU2Ng==,-600.0,-765.0,-689.0,-535.0,T3V0Y29tZU5vZGU6NjUwODU2Nw==,405.0,321.0,450.0,450.0
T2ZmZXJUYWJsZU9mZmVyTm9kZToxMDM0NjgzOTk=,RmlnaHROb2RlOjczMDA5,U3BvcnRzYm9va05vZGU6Mjg=,T3V0Y29tZU5vZGU6NjUxMDI1OQ==,-555.0,-910.0,-625.0,-555.0,T3V0Y29tZU5vZGU6NjUxMDI2MA==,330.0,330.0,360.0,460.0
T2ZmZXJUYWJsZU9mZmVyTm9kZToxMDM0NjU1NDA=,RmlnaHROb2RlOjcyNTAw,U3BvcnRzYm9va05vZGU6MjE=,T3V0Y29tZU5vZGU6NjUwNjM5Mw==,-233.0,-238.0,-227.0,-204.0,T3V0Y29tZU5vZGU6NjUwNjM5Mg==,156.0,136.0,152.0,159.0
T2ZmZXJUYWJsZU9mZmVyTm9kZToxMDM0NjcwMDY=,RmlnaHROb2RlOjcyNTAw,U3BvcnRzYm9va05vZGU6Mjc=,T3V0Y29tZU5vZGU6NjUwODI1NA==,-250.0,-250.0,-250.0,-250.0,T3V0Y29tZU5vZGU6NjUwODI1NQ==,175.0,175.0,175.0,175.0
T2ZmZXJUYWJsZU9mZmVyTm9kZToxMDM0NjU1MTU=,RmlnaHROb2RlOjcyNTAw,U3BvcnRzYm9va05vZGU6MTA=,T3V0Y29tZU5vZGU6NjUwNjM0OA==,-180.0,-230.0,-220.0,-140.0,T3V0Y29tZU5vZGU6NjUwNjM0OQ==,140.0,100.0,185.0,195.0
T2ZmZXJUYWJsZU9mZmVyTm9kZToxMDM0NjcyNTE=,RmlnaHROb2RlOjcyNTAw,U3BvcnRzYm9va05vZGU6Mg==,T3V0Y29tZU5vZGU6NjUwODU3OA==,-205.0,-283.0,-235.0,-205.0,T3V0Y29tZU5vZGU6NjUwODU3OQ==,161.0,156.0,183.0,193.0
T2ZmZXJUYWJsZU9mZmVyTm9kZToxMDM0Njg0MDE=,RmlnaHROb2RlOjcyNTAw,U3BvcnRzYm9va05vZGU6Mjg=,T3V0Y29tZU5vZGU6NjUxMDI2Mw==,-200.0,-225.0,-215.0,-200.0,T3V0Y29tZU5vZGU6NjUxMDI2NA==,150.0,150.0,160.0,165.0
T2ZmZXJUYWJsZU9mZmVyTm9kZToxMDM0NjU1MjA=,RmlnaHROb2RlOjcyNTAz,U3BvcnRzYm9va05vZGU6MTA=,T3V0Y29tZU5vZGU6NjUwNjM1OA==,-200.0,-550.0,-500.0,-200.0,T3V0Y29tZU5vZGU6NjUwNjM1OQ==,150.0,150.0,375.0,400.0
T2ZmZXJUYWJsZU9mZmVyTm9kZToxMDM0NjU1MzU=,RmlnaHROb2RlOjcyNTAz,U3BvcnRzYm9va05vZGU6MjE=,T3V0Y29tZU5vZGU6NjUwNjM4Mw==,-303.0,-526.0,-476.0,-303.0,T3V0Y29tZU5vZGU6NjUwNjM4Mg==,196.0,196.0,283.0,306.0
T2ZmZXJUYWJsZU9mZmVyTm9kZToxMDM0NjcwMDk=,RmlnaHROb2RlOjcyNTAz,U3BvcnRzYm9va05vZGU6Mjc=,T3V0Y29tZU5vZGU6NjUwODI2MA==,-333.0,-333.0,-333.0,-333.0,T3V0Y29tZU5vZGU6NjUwODI2MQ==,225.0,225.0,225.0,225.0
T2ZmZXJUYWJsZU9mZmVyTm9kZToxMDM0NjcyNDc=,RmlnaHROb2RlOjcyNTAz,U3BvcnRzYm9va05vZGU6Mg==,T3V0Y29tZU5vZGU6NjUwODU3MA==,-285.0,-456.0,-365.0,-285.0,T3V0Y29tZU5vZGU6NjUwODU3MQ==,218.0,218.0,270.0,285.0
T2ZmZXJUYWJsZU9mZmVyTm9kZToxMDM0Njg0MDI=,RmlnaHROb2RlOjcyNTAz,U3BvcnRzYm9va05vZGU6Mjg=,T3V0Y29tZU5vZGU6NjUxMDI2NQ==,-345.0,-556.0,-500.0,-345.0,T3V0Y29tZU5vZGU6NjUxMDI2Ng==,225.0,225.0,300.0,331.0
T2ZmZXJUYWJsZU9mZmVyTm9kZToxMDM0OTYwOTE=,RmlnaHROb2RlOjczNzEw,U3BvcnRzYm9va05vZGU6MjE=,T3V0Y29tZU5vZGU6NjU0NzU4Mg==,-833.0,-1111.0,-1111.0,-833.0,T3V0Y29tZU5vZGU6NjU0NzU4MQ==,401.0,401.0,480.0,480.0
T2ZmZXJUYWJsZU9mZmVyTm9kZToxMDM0OTUxNjA=,RmlnaHROb2RlOjczNzEw,U3BvcnRzYm9va05vZGU6MTA=,T3V0Y29tZU5vZGU6NjU0NjE5OA==,-1000.0,-1000.0,-500.0,-500.0,T3V0Y29tZU5vZGU6NjU0NjE5Nw==,550.0,375.0,375.0,550.0
T2ZmZXJUYWJsZU9mZmVyTm9kZToxMDM0OTU0ODk=,RmlnaHROb2RlOjczNzEw,U3BvcnRzYm9va05vZGU6Mjc=,T3V0Y29tZU5vZGU6NjU0NjY1Mw==,-649.0,-649.0,-649.0,-649.0,T3V0Y29tZU5vZGU6NjU0NjY1NA==,400.0,400.0,400.0,400.0
T2ZmZXJUYWJsZU9mZmVyTm9kZToxMDM0OTU4Njc=,RmlnaHROb2RlOjczNzEw,U3BvcnRzYm9va05vZGU6Mg==,T3V0Y29tZU5vZGU6NjU0NzE5NQ==,-800.0,-800.0,-500.0,-500.0,T3V0Y29tZU5vZGU6NjU0NzE5Ng==,423.0,305.0,305.0,423.0
T2ZmZXJUYWJsZU9mZmVyTm9kZToxMDM0OTY4NTQ=,RmlnaHROb2RlOjczNzEw,U3BvcnRzYm9va05vZGU6Mjg=,T3V0Y29tZU5vZGU6NjU0ODcwOQ==,-833.0,-833.0,-555.0,-500.0,T3V0Y29tZU5vZGU6NjU0ODcxMA==,458.0,300.0,330.0,458.0
T2ZmZXJUYWJsZU9mZmVyTm9kZToxMDM0OTU0OTU=,RmlnaHROb2RlOjczNjg4,U3BvcnRzYm9va05vZGU6Mjc=,T3V0Y29tZU5vZGU6NjU0NjY2NQ==,-649.0,-649.0,-649.0,-649.0,T3V0Y29tZU5vZGU6NjU0NjY2Ng==,400.0,400.0,400.0,400.0
T2ZmZXJUYWJsZU9mZmVyTm9kZToxMDM0OTY4NjY=,RmlnaHROb2RlOjczNjg4,U3BvcnRzYm9va05vZGU6Mjg=,T3V0Y29tZU5vZGU6NjU0ODczMw==,-667.0,-667.0,-667.0,-667.0,T3V0Y29tZU5vZGU6NjU0ODczNA==,392.0,392.0,392.0,392.0
T2ZmZXJUYWJsZU9mZmVyTm9kZToxMDM0OTUxNjU=,RmlnaHROb2RlOjczNjg4,U3BvcnRzYm9va05vZGU6MjE=,T3V0Y29tZU5vZGU6NjU0NjIwOA==,-714.0,-1000.0,-1000.0,-714.0,T3V0Y29tZU5vZGU6NjU0NjIwNw==,371.0,371.0,490.0,490.0
T2ZmZXJUYWJsZU9mZmVyTm9kZToxMDM0OTU4NzA=,RmlnaHROb2RlOjczNjg4,U3BvcnRzYm9va05vZGU6Mg==,T3V0Y29tZU5vZGU6NjU0NzIwMg==,-660.0,-660.0,-655.0,-650.0,T3V0Y29tZU5vZGU6NjU0NzIwMQ==,373.0,348.0,371.0,373.0
T2ZmZXJUYWJsZU9mZmVyTm9kZToxMDM0OTUxNTc=,RmlnaHROb2RlOjczNjg4,U3BvcnRzYm9va05vZGU6MTA=,T3V0Y29tZU5vZGU6NjU0NjE5Mg==,-650.0,-650.0,-650.0,-650.0,T3V0Y29tZU5vZGU6NjU0NjE5MQ==,375.0,375.0,475.0,475.0
T2ZmZXJUYWJsZU9mZmVyTm9kZToxMDM0OTUxNjc=,RmlnaHROb2RlOjczNjg5,U3BvcnRzYm9va05vZGU6MjE=,T3V0Y29tZU5vZGU6NjU0NjIxMg==,-169.0,-169.0,-167.0,-156.0,T3V0Y29tZU5vZGU6NjU0NjIxMQ==,116.0,109.0,116.0,118.0
T2ZmZXJUYWJsZU9mZmVyTm9kZToxMDM0OTUxNTg=,RmlnaHROb2RlOjczNjg5,U3BvcnRzYm9va05vZGU6MTA=,T3V0Y29tZU5vZGU6NjU0NjE5NA==,-160.0,-160.0,-155.0,-140.0,T3V0Y29tZU5vZGU6NjU0NjE5Mw==,120.0,100.0,115.0,120.0
T2ZmZXJUYWJsZU9mZmVyTm9kZToxMDM0OTU0OTg=,RmlnaHROb2RlOjczNjg5,U3BvcnRzYm9va05vZGU6Mjc=,T3V0Y29tZU5vZGU6NjU0NjY3MQ==,-163.0,-163.0,-163.0,-163.0,T3V0Y29tZU5vZGU6NjU0NjY3Mg==,120.0,120.0,120.0,120.0
T2ZmZXJUYWJsZU9mZmVyTm9kZToxMDM0OTU4Njk=,RmlnaHROb2RlOjczNjg5,U3BvcnRzYm9va05vZGU6Mg==,T3V0Y29tZU5vZGU6NjU0NzIwMA==,-165.0,-165.0,-140.0,-138.0,T3V0Y29tZU5vZGU6NjU0NzE5OQ==,119.0,-104.0,101.0,119.0
T2ZmZXJUYWJsZU9mZmVyTm9kZToxMDM0OTY4NjE=,RmlnaHROb2RlOjczNjg5,U3BvcnRzYm9va05vZGU6Mjg=,T3V0Y29tZU5vZGU6NjU0ODcyMw==,-161.0,-161.0,-156.0,-141.0,T3V0Y29tZU5vZGU6NjU0ODcyNA==,121.0,101.0,116.0,121.0
T2ZmZXJUYWJsZU9mZmVyTm9kZToxMDM0OTYwOTA=,RmlnaHROb2RlOjczODc4,U3BvcnRzYm9va05vZGU6MjE=,T3V0Y29tZU5vZGU6NjU0NzU4MA==,150.0,150.0,170.0,170.0,T3V0Y29tZU5vZGU6NjU0NzU3OQ==,-233.0,-256.0,-256.0,-233.0
T2ZmZXJUYWJsZU9mZmVyTm9kZToxMDM0OTU4NzM=,RmlnaHROb2RlOjczODc4,U3BvcnRzYm9va05vZGU6Mg==,T3V0Y29tZU5vZGU6NjU0NzIwOA==,146.0,130.0,139.0,146.0,T3V0Y29tZU5vZGU6NjU0NzIwNw==,-206.0,-206.0,-196.0,-190.0
T2ZmZXJUYWJsZU9mZmVyTm9kZToxMDM0OTU1MDE=,RmlnaHROb2RlOjczODc4,U3BvcnRzYm9va05vZGU6Mjc=,T3V0Y29tZU5vZGU6NjU0NjY3OA==,150.0,150.0,150.0,150.0,T3V0Y29tZU5vZGU6NjU0NjY3Nw==,-200.0,-200.0,-200.0,-200.0
T2ZmZXJUYWJsZU9mZmVyTm9kZToxMDM0OTUxNTI=,RmlnaHROb2RlOjczODc4,U3BvcnRzYm9va05vZGU6MTA=,T3V0Y29tZU5vZGU6NjU0NjE4MQ==,200.0,150.0,175.0,200.0,T3V0Y29tZU5vZGU6NjU0NjE4Mg==,-300.0,-300.0,-205.0,-190.0
T2ZmZXJUYWJsZU9mZmVyTm9kZToxMDM0OTY4NTk=,RmlnaHROb2RlOjczODc4,U3BvcnRzYm9va05vZGU6Mjg=,T3V0Y29tZU5vZGU6NjU0ODcxOQ==,150.0,146.0,154.0,154.0,T3V0Y29tZU5vZGU6NjU0ODcyMA==,-200.0,-204.0,-204.0,-189.0
T2ZmZXJUYWJsZU9mZmVyTm9kZToxMDM0OTU0OTM=,RmlnaHROb2RlOjczNjg3,U3BvcnRzYm9va05vZGU6Mjc=,T3V0Y29tZU5vZGU6NjU0NjY2MQ==,-120.0,-120.0,-105.0,-105.0,T3V0Y29tZU5vZGU6NjU0NjY2Mg==,-110.0,-120.0,-120.0,-110.0
T2ZmZXJUYWJsZU9mZmVyTm9kZToxMDM0OTUxNjQ=,RmlnaHROb2RlOjczNjg3,U3BvcnRzYm9va05vZGU6MjE=,T3V0Y29tZU5vZGU6NjU0NjIwNg==,-125.0,-125.0,-111.0,101.0,T3V0Y29tZU5vZGU6NjU0NjIwNQ==,-115.0,-145.0,-130.0,-115.0
T2ZmZXJUYWJsZU9mZmVyTm9kZToxMDM0OTY4NjA=,RmlnaHROb2RlOjczNjg3,U3BvcnRzYm9va05vZGU6Mjg=,T3V0Y29tZU5vZGU6NjU0ODcyMQ==,-125.0,-125.0,-115.0,105.0,T3V0Y29tZU5vZGU6NjU0ODcyMg==,-115.0,-145.0,-125.0,-115.0
T2ZmZXJUYWJsZU9mZmVyTm9kZToxMDM0OTUxNTE=,RmlnaHROb2RlOjczNjg3,U3BvcnRzYm9va05vZGU6MTA=,T3V0Y29tZU5vZGU6NjU0NjE4MA==,-220.0,-220.0,105.0,125.0,T3V0Y29tZU5vZGU6NjU0NjE3OQ==,155.0,-145.0,-125.0,155.0
T2ZmZXJUYWJsZU9mZmVyTm9kZToxMDM0OTU4NzQ=,RmlnaHROb2RlOjczNjg3,U3BvcnRzYm9va05vZGU6Mg==,T3V0Y29tZU5vZGU6NjU0NzIwOQ==,-125.0,-126.0,100.0,104.0,T3V0Y29tZU5vZGU6NjU0NzIxMA==,-110.0,-150.0,-138.0,-110.0
T2ZmZXJUYWJsZU9mZmVyTm9kZToxMDM0OTcwNjg=,RmlnaHROb2RlOjczNzA5,U3BvcnRzYm9va05vZGU6MjE=,T3V0Y29tZU5vZGU6NjU0OTAxOA==,-256.0,-278.0,-256.0,-256.0,T3V0Y29tZU5vZGU6NjU0OTAxNw==,178.0,170.0,170.0,182.0
T2ZmZXJUYWJsZU9mZmVyTm9kZToxMDM0OTUxNTA=,RmlnaHROb2RlOjczNzA5,U3BvcnRzYm9va05vZGU6MTA=,T3V0Y29tZU5vZGU6NjU0NjE3OA==,-250.0,-250.0,-250.0,-250.0,T3V0Y29tZU5vZGU6NjU0NjE3Nw==,170.0,170.0,210.0,210.0
T2ZmZXJUYWJsZU9mZmVyTm9kZToxMDM0OTU0OTk=,RmlnaHROb2RlOjczNzA5,U3BvcnRzYm9va05vZGU6Mjc=,T3V0Y29tZU5vZGU6NjU0NjY3Mw==,-225.0,-225.0,-225.0,-225.0,T3V0Y29tZU5vZGU6NjU0NjY3NA==,163.0,163.0,163.0,163.0
T2ZmZXJUYWJsZU9mZmVyTm9kZToxMDM0OTY4NjM=,RmlnaHROb2RlOjczNzA5,U3BvcnRzYm9va05vZGU6Mjg=,T3V0Y29tZU5vZGU6NjU0ODcyNw==,-250.0,-250.0,-250.0,-250.0,T3V0Y29tZU5vZGU6NjU0ODcyOA==,175.0,175.0,175.0,175.0
T2ZmZXJUYWJsZU9mZmVyTm9kZToxMDM0OTU4NzU=,RmlnaHROb2RlOjczNzA5,U3BvcnRzYm9va05vZGU6Mg==,T3V0Y29tZU5vZGU6NjU0NzIxMQ==,-245.0,-257.0,-257.0,-245.0,T3V0Y29tZU5vZGU6NjU0NzIxMg==,170.0,169.0,178.0,178.0
T2ZmZXJUYWJsZU9mZmVyTm9kZToxMDM0OTY4NTg=,RmlnaHROb2RlOjczNjkw,U3BvcnRzYm9va05vZGU6Mjg=,T3V0Y29tZU5vZGU6NjU0ODcxOA==,183.0,183.0,183.0,183.0,T3V0Y29tZU5vZGU6NjU0ODcxNw==,-263.0,-263.0,-263.0,-263.0
T2ZmZXJUYWJsZU9mZmVyTm9kZToxMDM0OTUxNTk=,RmlnaHROb2RlOjczNjkw,U3BvcnRzYm9va05vZGU6MTA=,T3V0Y29tZU5vZGU6NjU0NjE5NQ==,-115.0,-115.0,220.0,220.0,T3V0Y29tZU5vZGU6NjU0NjE5Ng==,-125.0,-260.0,-260.0,-125.0
T2ZmZXJUYWJsZU9mZmVyTm9kZToxMDM0OTU0OTQ=,RmlnaHROb2RlOjczNjkw,U3BvcnRzYm9va05vZGU6Mjc=,T3V0Y29tZU5vZGU6NjU0NjY2Mw==,163.0,163.0,210.0,210.0,T3V0Y29tZU5vZGU6NjU0NjY2NA==,-225.0,-275.0,-275.0,-225.0
T2ZmZXJUYWJsZU9mZmVyTm9kZToxMDM0OTUxNjg=,RmlnaHROb2RlOjczNjkw,U3BvcnRzYm9va05vZGU6MjE=,T3V0Y29tZU5vZGU6NjU0NjIxMw==,157.0,157.0,204.0,211.0,T3V0Y29tZU5vZGU6NjU0NjIxNA==,-233.0,-333.0,-303.0,-233.0
T2ZmZXJUYWJsZU9mZmVyTm9kZToxMDM0OTU4NjQ=,RmlnaHROb2RlOjc0ODYz,U3BvcnRzYm9va05vZGU6Mg==,T3V0Y29tZU5vZGU6NjU0NzE5MA==,-275.0,-296.0,-296.0,-275.0,T3V0Y29tZU5vZGU6NjU0NzE4OQ==,188.0,188.0,201.0,201.0
T2ZmZXJUYWJsZU9mZmVyTm9kZToxMDM0OTUxNjI=,RmlnaHROb2RlOjc0ODYz,U3BvcnRzYm9va05vZGU6MjE=,T3V0Y29tZU5vZGU6NjU0NjIwMg==,-294.0,-294.0,-294.0,-294.0,T3V0Y29tZU5vZGU6NjU0NjIwMQ==,190.0,181.0,228.0,228.0
T2ZmZXJUYWJsZU9mZmVyTm9kZToxMDM0OTUxNDg=,RmlnaHROb2RlOjc0ODYz,U3BvcnRzYm9va05vZGU6MTA=,T3V0Y29tZU5vZGU6NjU0NjE3NA==,-290.0,-290.0,-290.0,-290.0,T3V0Y29tZU5vZGU6NjU0NjE3Mw==,190.0,190.0,245.0,245.0
T2ZmZXJUYWJsZU9mZmVyTm9kZToxMDM0OTU0OTE=,RmlnaHROb2RlOjc0ODYz,U3BvcnRzYm9va05vZGU6Mjc=,T3V0Y29tZU5vZGU6NjU0NjY1Nw==,-250.0,-250.0,-250.0,-250.0,T3V0Y29tZU5vZGU6NjU0NjY1OA==,175.0,175.0,175.0,175.0
T2ZmZXJUYWJsZU9mZmVyTm9kZToxMDM0OTY4NTU=,RmlnaHROb2RlOjc0ODYz,U3BvcnRzYm9va05vZGU6Mjg=,T3V0Y29tZU5vZGU6NjU0ODcxMQ==,-294.0,-294.0,-294.0,-294.0,T3V0Y29tZU5vZGU6NjU0ODcxMg==,199.0,199.0,199.0,199.0
T2ZmZXJUYWJsZU9mZmVyTm9kZToxMDM0OTUxNTQ=,RmlnaHROb2RlOjc0NjI0,U3BvcnRzYm9va05vZGU6MTA=,T3V0Y29tZU5vZGU6NjU0NjE4Ng==,-800.0,-800.0,-700.0,-700.0,T3V0Y29tZU5vZGU6NjU0NjE4NQ==,425.0,400.0,400.0,425.0
T2ZmZXJUYWJsZU9mZmVyTm9kZToxMDM0OTU4NjU=,RmlnaHROb2RlOjc0NjI0,U3BvcnRzYm9va05vZGU6Mg==,T3V0Y29tZU5vZGU6NjU0NzE5Mg==,-700.0,-734.0,-734.0,-700.0,T3V0Y29tZU5vZGU6NjU0NzE5MQ==,388.0,376.0,376.0,388.0
T2ZmZXJUYWJsZU9mZmVyTm9kZToxMDM0OTUxNjM=,RmlnaHROb2RlOjc0NjI0,U3BvcnRzYm9va05vZGU6MjE=,T3V0Y29tZU5vZGU6NjU0NjIwNA==,-769.0,-1000.0,-909.0,-769.0,T3V0Y29tZU5vZGU6NjU0NjIwMw==,394.0,367.0,436.0,440.0
T2ZmZXJUYWJsZU9mZmVyTm9kZToxMDM0OTU0OTA=,RmlnaHROb2RlOjc0NjI0,U3BvcnRzYm9va05vZGU6Mjc=,T3V0Y29tZU5vZGU6NjU0NjY1NQ==,-549.0,-649.0,-649.0,-549.0,T3V0Y29tZU5vZGU6NjU0NjY1Ng==,350.0,350.0,450.0,450.0
T2ZmZXJUYWJsZU9mZmVyTm9kZToxMDM0OTY4NjQ=,RmlnaHROb2RlOjc0NjI0,U3BvcnRzYm9va05vZGU6Mjg=,T3V0Y29tZU5vZGU6NjU0ODcyOQ==,-714.0,-714.0,-714.0,-714.0,T3V0Y29tZU5vZGU6NjU0ODczMA==,414.0,414.0,414.0,414.0
T2ZmZXJUYWJsZU9mZmVyTm9kZToxMDM0OTU4NzI=,RmlnaHROb2RlOjczNjg2,U3BvcnRzYm9va05vZGU6Mg==,T3V0Y29tZU5vZGU6NjU0NzIwNQ==,-145.0,-188.0,-188.0,-145.0,T3V0Y29tZU5vZGU6NjU0NzIwNg==,105.0,105.0,134.0,134.0
T2ZmZXJUYWJsZU9mZmVyTm9kZToxMDM0OTU0OTY=,RmlnaHROb2RlOjczNjg2,U3BvcnRzYm9va05vZGU6Mjc=,T3V0Y29tZU5vZGU6NjU0NjY2Nw==,-138.0,-163.0,-163.0,-125.0,T3V0Y29tZU5vZGU6NjU0NjY2OA==,105.0,-110.0,130.0,130.0
T2ZmZXJUYWJsZU9mZmVyTm9kZToxMDM0OTUxNTM=,RmlnaHROb2RlOjczNjg2,U3BvcnRzYm9va05vZGU6MTA=,T3V0Y29tZU5vZGU6NjU0NjE4NA==,-145.0,-170.0,-170.0,-145.0,T3V0Y29tZU5vZGU6NjU0NjE4Mw==,105.0,105.0,145.0,145.0
T2ZmZXJUYWJsZU9mZmVyTm9kZToxMDM0OTY4NjI=,RmlnaHROb2RlOjczNjg2,U3BvcnRzYm9va05vZGU6Mjg=,T3V0Y29tZU5vZGU6NjU0ODcyNQ==,-145.0,-169.0,-169.0,-145.0,T3V0Y29tZU5vZGU6NjU0ODcyNg==,105.0,105.0,129.0,129.0
T2ZmZXJUYWJsZU9mZmVyTm9kZToxMDM0OTU1MTU=,RmlnaHROb2RlOjczNjg2,U3BvcnRzYm9va05vZGU6MjE=,T3V0Y29tZU5vZGU6NjU0NjcwNg==,-149.0,-222.0,-222.0,-149.0,T3V0Y29tZU5vZGU6NjU0NjcwNQ==,103.0,103.0,150.0,150.0
T2ZmZXJUYWJsZU9mZmVyTm9kZToxMDM0OTUxNjY=,RmlnaHROb2RlOjczNjkx,U3BvcnRzYm9va05vZGU6MjE=,T3V0Y29tZU5vZGU6NjU0NjIwOQ==,129.0,112.0,112.0,129.0,T3V0Y29tZU5vZGU6NjU0NjIxMA==,-189.0,-189.0,-161.0,-161.0
T2ZmZXJUYWJsZU9mZmVyTm9kZToxMDM0OTY4NjU=,RmlnaHROb2RlOjczNjkx,U3BvcnRzYm9va05vZGU6Mjg=,T3V0Y29tZU5vZGU6NjU0ODczMg==,135.0,121.0,121.0,135.0,T3V0Y29tZU5vZGU6NjU0ODczMQ==,-175.0,-175.0,-161.0,-161.0
T2ZmZXJUYWJsZU9mZmVyTm9kZToxMDM0OTU4NjY=,RmlnaHROb2RlOjczNjkx,U3BvcnRzYm9va05vZGU6Mg==,T3V0Y29tZU5vZGU6NjU0NzE5Mw==,129.0,107.0,121.0,129.0,T3V0Y29tZU5vZGU6NjU0NzE5NA==,-180.0,-180.0,-169.0,-148.0
T2ZmZXJUYWJsZU9mZmVyTm9kZToxMDM0OTU0ODg=,RmlnaHROb2RlOjczNjkx,U3BvcnRzYm9va05vZGU6Mjc=,T3V0Y29tZU5vZGU6NjU0NjY1MQ==,120.0,120.0,120.0,120.0,T3V0Y29tZU5vZGU6NjU0NjY1Mg==,-163.0,-163.0,-163.0,-163.0
T2ZmZXJUYWJsZU9mZmVyTm9kZToxMDM0OTUxNjE=,RmlnaHROb2RlOjczNjkx,U3BvcnRzYm9va05vZGU6MTA=,T3V0Y29tZU5vZGU6NjU0NjE5OQ==,170.0,135.0,142.0,170.0,T3V0Y29tZU5vZGU6NjU0NjIwMA==,-250.0,-250.0,-162.0,-162.0
T2ZmZXJUYWJsZU9mZmVyTm9kZToxMDM1MDIyNjU=,RmlnaHROb2RlOjc0NDgx,U3BvcnRzYm9va05vZGU6Mg==,T3V0Y29tZU5vZGU6NjU1NTk0Nw==,-500.0,-615.0,-475.0,-475.0,T3V0Y29tZU5vZGU6NjU1NTk0Ng==,305.0,294.0,294.0,355.0
T2ZmZXJUYWJsZU9mZmVyTm9kZToxMDM1MDE5ODA=,RmlnaHROb2RlOjc0NDgx,U3BvcnRzYm9va05vZGU6MTA=,T3V0Y29tZU5vZGU6NjU1NTUzOA==,-150.0,-650.0,-450.0,-150.0,T3V0Y29tZU5vZGU6NjU1NTUzNw==,110.0,110.0,350.0,475.0
T2ZmZXJUYWJsZU9mZmVyTm9kZToxMDM1MDIwMzY=,RmlnaHROb2RlOjc0NDgx,U3BvcnRzYm9va05vZGU6Mjc=,T3V0Y29tZU5vZGU6NjU1NTY0NA==,-450.0,-649.0,-450.0,-450.0,T3V0Y29tZU5vZGU6NjU1NTY0NQ==,300.0,300.0,300.0,400.0
T2ZmZXJUYWJsZU9mZmVyTm9kZToxMDM1MDIwMTg=,RmlnaHROb2RlOjc0NDgx,U3BvcnRzYm9va05vZGU6MjE=,T3V0Y29tZU5vZGU6NjU1NTYwOQ==,-526.0,-714.0,-625.0,-500.0,T3V0Y29tZU5vZGU6NjU1NTYwOA==,298.0,289.0,311.0,368.0
T2ZmZXJUYWJsZU9mZmVyTm9kZToxMDM1MDI1NTI=,RmlnaHROb2RlOjc0NDgx,U3BvcnRzYm9va05vZGU6Mjg=,T3V0Y29tZU5vZGU6NjU1NjQ1Ng==,-588.0,-667.0,-455.0,-400.0,T3V0Y29tZU5vZGU6NjU1NjQ1Nw==,348.0,250.0,280.0,392.0
T2ZmZXJUYWJsZU9mZmVyTm9kZToxMDM1MDIyNjQ=,RmlnaHROb2RlOjc0NDgy,U3BvcnRzYm9va05vZGU6Mg==,T3V0Y29tZU5vZGU6NjU1NTk0NA==,-920.0,-924.0,-920.0,-920.0,T3V0Y29tZU5vZGU6NjU1NTk0NQ==,462.0,462.0,462.0,463.0
T2ZmZXJUYWJsZU9mZmVyTm9kZToxMDM1MDE5ODQ=,RmlnaHROb2RlOjc0NDgy,U3BvcnRzYm9va05vZGU6MTA=,T3V0Y29tZU5vZGU6NjU1NTU0Ng==,-900.0,-900.0,-900.0,-900.0,T3V0Y29tZU5vZGU6NjU1NTU0NQ==,500.0,500.0,600.0,600.0
T2ZmZXJUYWJsZU9mZmVyTm9kZToxMDM1MDIwMTk=,RmlnaHROb2RlOjc0NDgy,U3BvcnRzYm9va05vZGU6MjE=,T3V0Y29tZU5vZGU6NjU1NTYxMQ==,-1111.0,-1667.0,-1667.0,-1111.0,T3V0Y29tZU5vZGU6NjU1NTYxMA==,488.0,463.0,539.0,570.0
T2ZmZXJUYWJsZU9mZmVyTm9kZToxMDM1MDIwMzM=,RmlnaHROb2RlOjc0NDgy,U3BvcnRzYm9va05vZGU6Mjc=,T3V0Y29tZU5vZGU6NjU1NTYzOA==,-800.0,-800.0,-800.0,-800.0,T3V0Y29tZU5vZGU6NjU1NTYzOQ==,450.0,450.0,450.0,450.0
T2ZmZXJUYWJsZU9mZmVyTm9kZToxMDM1MDI1NTA=,RmlnaHROb2RlOjc0NDgy,U3BvcnRzYm9va05vZGU6Mjg=,T3V0Y29tZU5vZGU6NjU1NjQ1Mg==,-910.0,-910.0,-910.0,-910.0,T3V0Y29tZU5vZGU6NjU1NjQ1Mw==,460.0,460.0,460.0,460.0
T2ZmZXJUYWJsZU9mZmVyTm9kZToxMDM1MDE5Nzc=,RmlnaHROb2RlOjc0NDc4,U3BvcnRzYm9va05vZGU6MTA=,T3V0Y29tZU5vZGU6NjU1NTUzMg==,-2500.0,-4000.0,-4000.0,-2500.0,T3V0Y29tZU5vZGU6NjU1NTUzMQ==,1200.0,1200.0,1600.0,1600.0
T2ZmZXJUYWJsZU9mZmVyTm9kZToxMDM1MDIwNDA=,RmlnaHROb2RlOjc0NDc4,U3BvcnRzYm9va05vZGU6Mjc=,T3V0Y29tZU5vZGU6NjU1NTY1Mg==,-3333.0,-3333.0,-3333.0,-3333.0,T3V0Y29tZU5vZGU6NjU1NTY1Mw==,900.0,900.0,900.0,900.0
T2ZmZXJUYWJsZU9mZmVyTm9kZToxMDM1MDIwNDI=,RmlnaHROb2RlOjc0NDc4,U3BvcnRzYm9va05vZGU6MjE=,T3V0Y29tZU5vZGU6NjU1NTY1Nw==,-5000.0,-10000.0,-10000.0,-5000.0,T3V0Y29tZU5vZGU6NjU1NTY1Ng==,782.0,782.0,927.0,927.0
T2ZmZXJUYWJsZU9mZmVyTm9kZToxMDM1MDIyNjk=,RmlnaHROb2RlOjc0NDc4,U3BvcnRzYm9va05vZGU6Mg==,T3V0Y29tZU5vZGU6NjU1NTk1NA==,-5000.0,-5000.0,-4850.0,-4850.0,T3V0Y29tZU5vZGU6NjU1NTk1NQ==,904.0,898.0,898.0,904.0
T2ZmZXJUYWJsZU9mZmVyTm9kZToxMDM1MDI1NDY=,RmlnaHROb2RlOjc0NDc4,U3BvcnRzYm9va05vZGU6Mjg=,T3V0Y29tZU5vZGU6NjU1NjQ0NA==,-2500.0,-3333.0,-3333.0,-2500.0,T3V0Y29tZU5vZGU6NjU1NjQ0NQ==,1175.0,1175.0,1408.0,1408.0
T2ZmZXJUYWJsZU9mZmVyTm9kZToxMDM1MDI1NDc=,RmlnaHROb2RlOjc0NDc5,U3BvcnRzYm9va05vZGU6Mjg=,T3V0Y29tZU5vZGU6NjU1NjQ0Ng==,-323.0,-400.0,-400.0,-278.0,T3V0Y29tZU5vZGU6NjU1NjQ0Nw==,213.0,193.0,250.0,250.0
T2ZmZXJUYWJsZU9mZmVyTm9kZToxMDM1MDIyNjc=,RmlnaHROb2RlOjc0NDc5,U3BvcnRzYm9va05vZGU6Mg==,T3V0Y29tZU5vZGU6NjU1NTk1MA==,-300.0,-310.0,-295.0,-295.0,T3V0Y29tZU5vZGU6NjU1NTk1MQ==,203.0,200.0,200.0,209.0
T2ZmZXJUYWJsZU9mZmVyTm9kZToxMDM1MDIwMzU=,RmlnaHROb2RlOjc0NDc5,U3BvcnRzYm9va05vZGU6Mjc=,T3V0Y29tZU5vZGU6NjU1NTY0Mg==,-275.0,-333.0,-333.0,-275.0,T3V0Y29tZU5vZGU6NjU1NTY0Mw==,200.0,200.0,225.0,225.0
T2ZmZXJUYWJsZU9mZmVyTm9kZToxMDM1MDIwMTQ=,RmlnaHROb2RlOjc0NDc5,U3BvcnRzYm9va05vZGU6MjE=,T3V0Y29tZU5vZGU6NjU1NTYwMQ==,-312.0,-435.0,-400.0,-312.0,T3V0Y29tZU5vZGU6NjU1NTYwMA==,199.0,199.0,247.0,258.0
T2ZmZXJUYWJsZU9mZmVyTm9kZToxMDM1MDE5Nzk=,RmlnaHROb2RlOjc0NDc5,U3BvcnRzYm9va05vZGU6MTA=,T3V0Y29tZU5vZGU6NjU1NTUzNg==,-300.0,-400.0,-400.0,-280.0,T3V0Y29tZU5vZGU6NjU1NTUzNQ==,200.0,200.0,300.0,300.0
T2ZmZXJUYWJsZU9mZmVyTm9kZToxMDM1MDIyNjY=,RmlnaHROb2RlOjc0NDgw,U3BvcnRzYm9va05vZGU6Mg==,T3V0Y29tZU5vZGU6NjU1NTk0OA==,145.0,143.0,145.0,145.0,T3V0Y29tZU5vZGU6NjU1NTk0OQ==,-205.0,-205.0,-205.0,-202.0
T2ZmZXJUYWJsZU9mZmVyTm9kZToxMDM1MDIwMzQ=,RmlnaHROb2RlOjc0NDgw,U3BvcnRzYm9va05vZGU6Mjc=,T3V0Y29tZU5vZGU6NjU1NTY0MA==,140.0,140.0,140.0,140.0,T3V0Y29tZU5vZGU6NjU1NTY0MQ==,-188.0,-188.0,-188.0,-188.0
T2ZmZXJUYWJsZU9mZmVyTm9kZToxMDM1MDE5ODE=,RmlnaHROb2RlOjc0NDgw,U3BvcnRzYm9va05vZGU6MTA=,T3V0Y29tZU5vZGU6NjU1NTUzOQ==,150.0,140.0,155.0,170.0,T3V0Y29tZU5vZGU6NjU1NTU0MA==,-200.0,-200.0,-180.0,-165.0
T2ZmZXJUYWJsZU9mZmVyTm9kZToxMDM1MDI1NDg=,RmlnaHROb2RlOjc0NDgw,U3BvcnRzYm9va05vZGU6Mjg=,T3V0Y29tZU5vZGU6NjU1NjQ0OQ==,139.0,124.0,139.0,150.0,T3V0Y29tZU5vZGU6NjU1NjQ0OA==,-179.0,-200.0,-179.0,-164.0
T2ZmZXJUYWJsZU9mZmVyTm9kZToxMDM1MDIwMTc=,RmlnaHROb2RlOjc0NDgw,U3BvcnRzYm9va05vZGU6MjE=,T3V0Y29tZU5vZGU6NjU1NTYwNg==,145.0,138.0,143.0,148.0,T3V0Y29tZU5vZGU6NjU1NTYwNw==,-213.0,-213.0,-213.0,-200.0
T2ZmZXJUYWJsZU9mZmVyTm9kZToxMDM1MDIwMzE=,RmlnaHROb2RlOjc0NTE3,U3BvcnRzYm9va05vZGU6Mjc=,T3V0Y29tZU5vZGU6NjU1NTYzNA==,-188.0,-225.0,-225.0,-188.0,T3V0Y29tZU5vZGU6NjU1NTYzNQ==,140.0,140.0,163.0,163.0
T2ZmZXJUYWJsZU9mZmVyTm9kZToxMDM1MDIwNTg=,RmlnaHROb2RlOjc0NTE3,U3BvcnRzYm9va05vZGU6MjE=,T3V0Y29tZU5vZGU6NjU1NTY4OQ==,-200.0,-323.0,-323.0,-200.0,T3V0Y29tZU5vZGU6NjU1NTY4OA==,135.0,135.0,205.0,205.0
T2ZmZXJUYWJsZU9mZmVyTm9kZToxMDM1MDIyNjA=,RmlnaHROb2RlOjc0NTE3,U3BvcnRzYm9va05vZGU6Mg==,T3V0Y29tZU5vZGU6NjU1NTkzNg==,-195.0,-250.0,-250.0,-194.0,T3V0Y29tZU5vZGU6NjU1NTkzNw==,139.0,138.0,173.0,173.0
T2ZmZXJUYWJsZU9mZmVyTm9kZToxMDM1MDI1NTM=,RmlnaHROb2RlOjc0NTE3,U3BvcnRzYm9va05vZGU6Mjg=,T3V0Y29tZU5vZGU6NjU1NjQ1OA==,-240.0,-250.0,-250.0,-240.0,T3V0Y29tZU5vZGU6NjU1NjQ1OQ==,170.0,170.0,175.0,175.0
T2ZmZXJUYWJsZU9mZmVyTm9kZToxMDM1MDE5ODY=,RmlnaHROb2RlOjc0NTE3,U3BvcnRzYm9va05vZGU6MTA=,T3V0Y29tZU5vZGU6NjU1NTU1MA==,-180.0,-300.0,-300.0,-180.0,T3V0Y29tZU5vZGU6NjU1NTU0OQ==,140.0,140.0,250.0,250.0
T2ZmZXJUYWJsZU9mZmVyTm9kZToxMDM1MDE5NzY=,RmlnaHROb2RlOjczOTAy,U3BvcnRzYm9va05vZGU6MTA=,T3V0Y29tZU5vZGU6NjU1NTUzMA==,-200.0,-500.0,-145.0,-140.0,T3V0Y29tZU5vZGU6NjU1NTUyOQ==,150.0,120.0,125.0,300.0
T2ZmZXJUYWJsZU9mZmVyTm9kZToxMDM1MDI1NDQ=,RmlnaHROb2RlOjczOTAy,U3BvcnRzYm9va05vZGU6Mjg=,T3V0Y29tZU5vZGU6NjU1NjQ0MA==,-227.0,-250.0,-156.0,-141.0,T3V0Y29tZU5vZGU6NjU1NjQ0MQ==,167.0,101.0,116.0,175.0
T2ZmZXJUYWJsZU9mZmVyTm9kZToxMDM1MDIwMTU=,RmlnaHROb2RlOjczOTAy,U3BvcnRzYm9va05vZGU6MjE=,T3V0Y29tZU5vZGU6NjU1NTYwMw==,-526.0,-526.0,-143.0,-143.0,T3V0Y29tZU5vZGU6NjU1NTYwMg==,298.0,-101.0,-101.0,298.0
T2ZmZXJUYWJsZU9mZmVyTm9kZToxMDM1MDIwMzk=,RmlnaHROb2RlOjczOTAy,U3BvcnRzYm9va05vZGU6Mjc=,T3V0Y29tZU5vZGU6NjU1NTY1MA==,-333.0,-333.0,-175.0,-175.0,T3V0Y29tZU5vZGU6NjU1NTY1MQ==,225.0,130.0,130.0,225.0
T2ZmZXJUYWJsZU9mZmVyTm9kZToxMDM1MDIyNzA=,RmlnaHROb2RlOjczOTAy,U3BvcnRzYm9va05vZGU6Mg==,T3V0Y29tZU5vZGU6NjU1NTk1Ng==,-400.0,-400.0,-170.0,-169.0,T3V0Y29tZU5vZGU6NjU1NTk1Nw==,257.0,121.0,122.0,257.0
T2ZmZXJUYWJsZU9mZmVyTm9kZToxMDM1MTA5NjE=,RmlnaHROb2RlOjczMzEw,U3BvcnRzYm9va05vZGU6Mjg=,T3V0Y29tZU5vZGU6NjU2ODEwNg==,-303.0,-500.0,-500.0,-303.0,T3V0Y29tZU5vZGU6NjU2ODEwNQ==,203.0,203.0,300.0,300.0
T2ZmZXJUYWJsZU9mZmVyTm9kZToxMDM1MDg3ODc=,RmlnaHROb2RlOjczMzEw,U3BvcnRzYm9va05vZGU6MjE=,T3V0Y29tZU5vZGU6NjU2NDgzMg==,-312.0,-500.0,-500.0,-312.0,T3V0Y29tZU5vZGU6NjU2NDgzMw==,199.0,199.0,299.0,311.0
T2ZmZXJUYWJsZU9mZmVyTm9kZToxMDM1MDk1MDk=,RmlnaHROb2RlOjczMzEw,U3BvcnRzYm9va05vZGU6Mg==,T3V0Y29tZU5vZGU6NjU2NjA2Ng==,-303.0,-358.0,-350.0,-303.0,T3V0Y29tZU5vZGU6NjU2NjA2NQ==,196.0,196.0,220.0,224.0
T2ZmZXJUYWJsZU9mZmVyTm9kZToxMDM1MDg3NjY=,RmlnaHROb2RlOjczMzEw,U3BvcnRzYm9va05vZGU6MTA=,T3V0Y29tZU5vZGU6NjU2NDc5MA==,-300.0,-500.0,-450.0,-300.0,T3V0Y29tZU5vZGU6NjU2NDc5MQ==,200.0,200.0,350.0,375.0
T2ZmZXJUYWJsZU9mZmVyTm9kZToxMDM1MDg4MDI=,RmlnaHROb2RlOjczMzEw,U3BvcnRzYm9va05vZGU6Mjc=,T3V0Y29tZU5vZGU6NjU2NDg2Mg==,-275.0,-275.0,-275.0,-275.0,T3V0Y29tZU5vZGU6NjU2NDg2Mw==,200.0,200.0,200.0,200.0
T2ZmZXJUYWJsZU9mZmVyTm9kZToxMDM1MDg3ODY=,RmlnaHROb2RlOjc0NDY5,U3BvcnRzYm9va05vZGU6MjE=,T3V0Y29tZU5vZGU6NjU2NDgzMA==,-769.0,-1250.0,-1250.0,-769.0,T3V0Y29tZU5vZGU6NjU2NDgzMQ==,394.0,394.0,483.0,507.0
T2ZmZXJUYWJsZU9mZmVyTm9kZToxMDM1MDk1MDg=,RmlnaHROb2RlOjc0NDY5,U3BvcnRzYm9va05vZGU6Mg==,T3V0Y29tZU5vZGU6NjU2NjA2NA==,-725.0,-850.0,-750.0,-725.0,T3V0Y29tZU5vZGU6NjU2NjA2Mw==,373.0,373.0,382.0,412.0
T2ZmZXJUYWJsZU9mZmVyTm9kZToxMDM1MTA5NTY=,RmlnaHROb2RlOjc0NDY5,U3BvcnRzYm9va05vZGU6Mjg=,T3V0Y29tZU5vZGU6NjU2ODA5Ng==,-714.0,-833.0,-833.0,-455.0,T3V0Y29tZU5vZGU6NjU2ODA5NQ==,414.0,280.0,458.0,458.0
T2ZmZXJUYWJsZU9mZmVyTm9kZToxMDM1MDg3NjU=,RmlnaHROb2RlOjc0NDY5,U3BvcnRzYm9va05vZGU6MTA=,T3V0Y29tZU5vZGU6NjU2NDc4OA==,-250.0,-800.0,-700.0,-250.0,T3V0Y29tZU5vZGU6NjU2NDc4OQ==,170.0,170.0,500.0,550.0
T2ZmZXJUYWJsZU9mZmVyTm9kZToxMDM1MDg3OTc=,RmlnaHROb2RlOjc0NDY5,U3BvcnRzYm9va05vZGU6Mjc=,T3V0Y29tZU5vZGU6NjU2NDg1Mg==,-649.0,-649.0,-649.0,-649.0,T3V0Y29tZU5vZGU6NjU2NDg1Mw==,400.0,400.0,400.0,400.0
T2ZmZXJUYWJsZU9mZmVyTm9kZToxMDM1MDg3OTM=,RmlnaHROb2RlOjc0NDY4,U3BvcnRzYm9va05vZGU6Mjc=,T3V0Y29tZU5vZGU6NjU2NDg0NA==,-450.0,-450.0,-400.0,-400.0,T3V0Y29tZU5vZGU6NjU2NDg0NQ==,300.0,275.0,275.0,300.0
T2ZmZXJUYWJsZU9mZmVyTm9kZToxMDM1MDk1MDY=,RmlnaHROb2RlOjc0NDY4,U3BvcnRzYm9va05vZGU6Mg==,T3V0Y29tZU5vZGU6NjU2NjA2MA==,-404.0,-485.0,-485.0,-404.0,T3V0Y29tZU5vZGU6NjU2NjA1OQ==,247.0,247.0,283.0,283.0
T2ZmZXJUYWJsZU9mZmVyTm9kZToxMDM1MDg3ODQ=,RmlnaHROb2RlOjc0NDY4,U3BvcnRzYm9va05vZGU6MjE=,T3V0Y29tZU5vZGU6NjU2NDgyNg==,-400.0,-833.0,-833.0,-400.0,T3V0Y29tZU5vZGU6NjU2NDgyNw==,249.0,249.0,409.0,409.0
T2ZmZXJUYWJsZU9mZmVyTm9kZToxMDM1MDg3NjM=,RmlnaHROb2RlOjc0NDY4,U3BvcnRzYm9va05vZGU6MTA=,T3V0Y29tZU5vZGU6NjU2NDc4NA==,-200.0,-700.0,-700.0,-200.0,T3V0Y29tZU5vZGU6NjU2NDc4NQ==,150.0,150.0,500.0,500.0
T2ZmZXJUYWJsZU9mZmVyTm9kZToxMDM1MTA5NTM=,RmlnaHROb2RlOjc0NDY4,U3BvcnRzYm9va05vZGU6Mjg=,T3V0Y29tZU5vZGU6NjU2ODA5MA==,-400.0,-714.0,-714.0,-400.0,T3V0Y29tZU5vZGU6NjU2ODA4OQ==,250.0,250.0,414.0,414.0
T2ZmZXJUYWJsZU9mZmVyTm9kZToxMDM1MDk1MTU=,RmlnaHROb2RlOjc0NTEy,U3BvcnRzYm9va05vZGU6Mg==,T3V0Y29tZU5vZGU6NjU2NjA3OA==,196.0,168.0,180.0,196.0,T3V0Y29tZU5vZGU6NjU2NjA3Nw==,-303.0,-303.0,-274.0,-253.0
T2ZmZXJUYWJsZU9mZmVyTm9kZToxMDM1MDg3OTY=,RmlnaHROb2RlOjc0NTEy,U3BvcnRzYm9va05vZGU6Mjc=,T3V0Y29tZU5vZGU6NjU2NDg1MA==,175.0,175.0,200.0,200.0,T3V0Y29tZU5vZGU6NjU2NDg1MQ==,-250.0,-275.0,-275.0,-250.0
T2ZmZXJUYWJsZU9mZmVyTm9kZToxMDM1MTA5NTk=,RmlnaHROb2RlOjc0NTEy,U3BvcnRzYm9va05vZGU6Mjg=,T3V0Y29tZU5vZGU6NjU2ODEwMg==,175.0,162.0,203.0,203.0,T3V0Y29tZU5vZGU6NjU2ODEwMQ==,-250.0,-303.0,-303.0,-217.0
T2ZmZXJUYWJsZU9mZmVyTm9kZToxMDM1MDkxODE=,RmlnaHROb2RlOjc0NTEy,U3BvcnRzYm9va05vZGU6MjE=,T3V0Y29tZU5vZGU6NjU2NTU0Nw==,185.0,182.0,230.0,230.0,T3V0Y29tZU5vZGU6NjU2NTU0OA==,-286.0,-357.0,-345.0,-278.0
T2ZmZXJUYWJsZU9mZmVyTm9kZToxMDM1MDg3NzM=,RmlnaHROb2RlOjc0NTEy,U3BvcnRzYm9va05vZGU6MTA=,T3V0Y29tZU5vZGU6NjU2NDgwNA==,200.0,170.0,250.0,250.0,T3V0Y29tZU5vZGU6NjU2NDgwNQ==,-300.0,-300.0,-300.0,-202.0
T2ZmZXJUYWJsZU9mZmVyTm9kZToxMDM1MTA5NTI=,RmlnaHROb2RlOjczMzMy,U3BvcnRzYm9va05vZGU6Mjg=,T3V0Y29tZU5vZGU6NjU2ODA4Nw==,-250.0,-250.0,-217.0,-217.0,T3V0Y29tZU5vZGU6NjU2ODA4OA==,175.0,162.0,162.0,175.0
T2ZmZXJUYWJsZU9mZmVyTm9kZToxMDM1MDg3Njg=,RmlnaHROb2RlOjczMzMy,U3BvcnRzYm9va05vZGU6MTA=,T3V0Y29tZU5vZGU6NjU2NDc5NA==,-250.0,-250.0,-220.0,-220.0,T3V0Y29tZU5vZGU6NjU2NDc5NQ==,170.0,170.0,185.0,210.0
T2ZmZXJUYWJsZU9mZmVyTm9kZToxMDM1MDkxODA=,RmlnaHROb2RlOjczMzMy,U3BvcnRzYm9va05vZGU6MjE=,T3V0Y29tZU5vZGU6NjU2NTU0Ng==,-238.0,-303.0,-256.0,-238.0,T3V0Y29tZU5vZGU6NjU2NTU0NQ==,159.0,159.0,171.0,195.0
T2ZmZXJUYWJsZU9mZmVyTm9kZToxMDM1MDk1MTE=,RmlnaHROb2RlOjczMzMy,U3BvcnRzYm9va05vZGU6Mg==,T3V0Y29tZU5vZGU6NjU2NjA3MA==,-252.0,-275.0,-275.0,-252.0,T3V0Y29tZU5vZGU6NjU2NjA2OQ==,167.0,167.0,180.0,180.0
T2ZmZXJUYWJsZU9mZmVyTm9kZToxMDM1MDg3OTI=,RmlnaHROb2RlOjczMzMy,U3BvcnRzYm9va05vZGU6Mjc=,T3V0Y29tZU5vZGU6NjU2NDg0Mg==,-225.0,-250.0,-250.0,-225.0,T3V0Y29tZU5vZGU6NjU2NDg0Mw==,163.0,163.0,175.0,175.0
T2ZmZXJUYWJsZU9mZmVyTm9kZToxMDM1MDg3ODk=,RmlnaHROb2RlOjc0NDcx,U3BvcnRzYm9va05vZGU6MjE=,T3V0Y29tZU5vZGU6NjU2NDgzNg==,-400.0,-769.0,-769.0,-400.0,T3V0Y29tZU5vZGU6NjU2NDgzNw==,249.0,249.0,372.0,384.0
T2ZmZXJUYWJsZU9mZmVyTm9kZToxMDM1MDk1MTI=,RmlnaHROb2RlOjc0NDcx,U3BvcnRzYm9va05vZGU6Mg==,T3V0Y29tZU5vZGU6NjU2NjA3Mg==,-404.0,-896.0,-855.0,-404.0,T3V0Y29tZU5vZGU6NjU2NjA3MQ==,247.0,247.0,414.0,426.0
T2ZmZXJUYWJsZU9mZmVyTm9kZToxMDM1MTA5NTE=,RmlnaHROb2RlOjc0NDcx,U3BvcnRzYm9va05vZGU6Mjg=,T3V0Y29tZU5vZGU6NjU2ODA4Ng==,-400.0,-625.0,-588.0,-400.0,T3V0Y29tZU5vZGU6NjU2ODA4NQ==,250.0,250.0,348.0,360.0
T2ZmZXJUYWJsZU9mZmVyTm9kZToxMDM1MDg3Njk=,RmlnaHROb2RlOjc0NDcx,U3BvcnRzYm9va05vZGU6MTA=,T3V0Y29tZU5vZGU6NjU2NDc5Ng==,-250.0,-1000.0,-900.0,-250.0,T3V0Y29tZU5vZGU6NjU2NDc5Nw==,170.0,170.0,600.0,700.0
T2ZmZXJUYWJsZU9mZmVyTm9kZToxMDM1MDg3OTU=,RmlnaHROb2RlOjc0NDcx,U3BvcnRzYm9va05vZGU6Mjc=,T3V0Y29tZU5vZGU6NjU2NDg0OA==,-450.0,-450.0,-400.0,-400.0,T3V0Y29tZU5vZGU6NjU2NDg0OQ==,300.0,275.0,275.0,300.0
T2ZmZXJUYWJsZU9mZmVyTm9kZToxMDM1MTA5NjA=,RmlnaHROb2RlOjc0NTEz,U3BvcnRzYm9va05vZGU6Mjg=,T3V0Y29tZU5vZGU6NjU2ODEwMw==,-145.0,-145.0,-135.0,-120.0,T3V0Y29tZU5vZGU6NjU2ODEwNA==,105.0,-120.0,-105.0,105.0
T2ZmZXJUYWJsZU9mZmVyTm9kZToxMDM1MDkxODI=,RmlnaHROb2RlOjc0NTEz,U3BvcnRzYm9va05vZGU6MjE=,T3V0Y29tZU5vZGU6NjU2NTU1MA==,-175.0,-175.0,-125.0,-118.0,T3V0Y29tZU5vZGU6NjU2NTU0OQ==,121.0,-122.0,-110.0,121.0
T2ZmZXJUYWJsZU9mZmVyTm9kZToxMDM1MDg3NzQ=,RmlnaHROb2RlOjc0NTEz,U3BvcnRzYm9va05vZGU6MTA=,T3V0Y29tZU5vZGU6NjU2NDgwNg==,-200.0,-200.0,-135.0,120.0,T3V0Y29tZU5vZGU6NjU2NDgwNw==,150.0,-140.0,115.0,150.0
T2ZmZXJUYWJsZU9mZmVyTm9kZToxMDM1MDk1MTY=,RmlnaHROb2RlOjc0NTEz,U3BvcnRzYm9va05vZGU6Mg==,T3V0Y29tZU5vZGU6NjU2NjA4MA==,-155.0,-160.0,-103.0,102.0,T3V0Y29tZU5vZGU6NjU2NjA3OQ==,107.0,-147.0,-139.0,111.0
T2ZmZXJUYWJsZU9mZmVyTm9kZToxMDM1MDg3OTk=,RmlnaHROb2RlOjc0NTEz,U3BvcnRzYm9va05vZGU6Mjc=,T3V0Y29tZU5vZGU6NjU2NDg1Ng==,-188.0,-188.0,-150.0,-150.0,T3V0Y29tZU5vZGU6NjU2NDg1Nw==,140.0,110.0,110.0,140.0
T2ZmZXJUYWJsZU9mZmVyTm9kZToxMDM1MTA5NTQ=,RmlnaHROb2RlOjc0NDcw,U3BvcnRzYm9va05vZGU6Mjg=,T3V0Y29tZU5vZGU6NjU2ODA5Mg==,-500.0,-555.0,-555.0,-455.0,T3V0Y29tZU5vZGU6NjU2ODA5MQ==,300.0,280.0,330.0,330.0
T2ZmZXJUYWJsZU9mZmVyTm9kZToxMDM1MDg3OTE=,RmlnaHROb2RlOjc0NDcw,U3BvcnRzYm9va05vZGU6MjE=,T3V0Y29tZU5vZGU6NjU2NDg0MA==,-526.0,-667.0,-667.0,-526.0,T3V0Y29tZU5vZGU6NjU2NDg0MQ==,298.0,298.0,388.0,388.0
T2ZmZXJUYWJsZU9mZmVyTm9kZToxMDM1MDg3OTQ=,RmlnaHROb2RlOjc0NDcw,U3BvcnRzYm9va05vZGU6Mjc=,T3V0Y29tZU5vZGU6NjU2NDg0Ng==,-549.0,-549.0,-500.0,-500.0,T3V0Y29tZU5vZGU6NjU2NDg0Nw==,350.0,333.0,333.0,350.0
T2ZmZXJUYWJsZU9mZmVyTm9kZToxMDM1MDk1MTA=,RmlnaHROb2RlOjc0NDcw,U3BvcnRzYm9va05vZGU6Mg==,T3V0Y29tZU5vZGU6NjU2NjA2OA==,-505.0,-575.0,-575.0,-505.0,T3V0Y29tZU5vZGU6NjU2NjA2Nw==,292.0,292.0,320.0,320.0
T2ZmZXJUYWJsZU9mZmVyTm9kZToxMDM1MDg3Njc=,RmlnaHROb2RlOjc0NDcw,U3BvcnRzYm9va05vZGU6MTA=,T3V0Y29tZU5vZGU6NjU2NDc5Mg==,-200.0,-550.0,-550.0,-200.0,T3V0Y29tZU5vZGU6NjU2NDc5Mw==,150.0,150.0,400.0,400.0
T2ZmZXJUYWJsZU9mZmVyTm9kZToxMDM1MDg3NjQ=,RmlnaHROb2RlOjczMzA5,U3BvcnRzYm9va05vZGU6MTA=,T3V0Y29tZU5vZGU6NjU2NDc4Ng==,-165.0,-400.0,-260.0,-165.0,T3V0Y29tZU5vZGU6NjU2NDc4Nw==,125.0,125.0,220.0,250.0
T2ZmZXJUYWJsZU9mZmVyTm9kZToxMDM1MDg3ODU=,RmlnaHROb2RlOjczMzA5,U3BvcnRzYm9va05vZGU6MjE=,T3V0Y29tZU5vZGU6NjU2NDgyOA==,-400.0,-455.0,-357.0,-270.0,T3V0Y29tZU5vZGU6NjU2NDgyOQ==,249.0,179.0,211.0,270.0
T2ZmZXJUYWJsZU9mZmVyTm9kZToxMDM1MDg4MDE=,RmlnaHROb2RlOjczMzA5,U3BvcnRzYm9va05vZGU6Mjc=,T3V0Y29tZU5vZGU6NjU2NDg2MA==,-450.0,-450.0,-250.0,-250.0,T3V0Y29tZU5vZGU6NjU2NDg2MQ==,300.0,175.0,175.0,300.0
T2ZmZXJUYWJsZU9mZmVyTm9kZToxMDM1MDk1MDc=,RmlnaHROb2RlOjczMzA5,U3BvcnRzYm9va05vZGU6Mg==,T3V0Y29tZU5vZGU6NjU2NjA2Mg==,-274.0,-315.0,-315.0,-272.0,T3V0Y29tZU5vZGU6NjU2NjA2MQ==,180.0,179.0,202.0,202.0
T2ZmZXJUYWJsZU9mZmVyTm9kZToxMDM1MTA5NTU=,RmlnaHROb2RlOjczMzA5,U3BvcnRzYm9va05vZGU6Mjg=,T3V0Y29tZU5vZGU6NjU2ODA5NA==,-270.0,-286.0,-263.0,-263.0,T3V0Y29tZU5vZGU6NjU2ODA5Mw==,185.0,183.0,183.0,196.0
T2ZmZXJUYWJsZU9mZmVyTm9kZToxMDM1MTA5NTc=,RmlnaHROb2RlOjc1Mjk4,U3BvcnRzYm9va05vZGU6Mjg=,T3V0Y29tZU5vZGU6NjU2ODA5OA==,-280.0,-295.0,-255.0,-255.0,T3V0Y29tZU5vZGU6NjU2ODA5Nw==,190.0,180.0,180.0,200.0
T2ZmZXJUYWJsZU9mZmVyTm9kZToxMDM1MDg3NzI=,RmlnaHROb2RlOjc1Mjk4,U3BvcnRzYm9va05vZGU6MTA=,T3V0Y29tZU5vZGU6NjU2NDgwMg==,200.0,-300.0,-255.0,200.0,T3V0Y29tZU5vZGU6NjU2NDgwMw==,-300.0,-300.0,215.0,240.0
T2ZmZXJUYWJsZU9mZmVyTm9kZToxMDM1MDg3OTg=,RmlnaHROb2RlOjc1Mjk4,U3BvcnRzYm9va05vZGU6Mjc=,T3V0Y29tZU5vZGU6NjU2NDg1NA==,-138.0,-138.0,-138.0,-138.0,T3V0Y29tZU5vZGU6NjU2NDg1NQ==,105.0,105.0,105.0,105.0
T2ZmZXJUYWJsZU9mZmVyTm9kZToxMDM1MDkxNTg=,RmlnaHROb2RlOjc1Mjk4,U3BvcnRzYm9va05vZGU6MjE=,T3V0Y29tZU5vZGU6NjU2NTUwMQ==,-145.0,-333.0,-294.0,-145.0,T3V0Y29tZU5vZGU6NjU2NTUwMg==,101.0,101.0,187.0,204.0
T2ZmZXJUYWJsZU9mZmVyTm9kZToxMDM1MDk1MTQ=,RmlnaHROb2RlOjc1Mjk4,U3BvcnRzYm9va05vZGU6Mg==,T3V0Y29tZU5vZGU6NjU2NjA3Ng==,-303.0,-315.0,-285.0,-282.0,T3V0Y29tZU5vZGU6NjU2NjA3NQ==,196.0,184.0,186.0,202.0
T2ZmZXJUYWJsZU9mZmVyTm9kZToxMDM1MDg3NzE=,RmlnaHROb2RlOjczNjc2,U3BvcnRzYm9va05vZGU6MTA=,T3V0Y29tZU5vZGU6NjU2NDgwMA==,-200.0,-200.0,-150.0,-145.0,T3V0Y29tZU5vZGU6NjU2NDgwMQ==,150.0,110.0,130.0,150.0
T2ZmZXJUYWJsZU9mZmVyTm9kZToxMDM1MDk1MTM=,RmlnaHROb2RlOjczNjc2,U3BvcnRzYm9va05vZGU6Mg==,T3V0Y29tZU5vZGU6NjU2NjA3NA==,-155.0,-170.0,-170.0,-153.0,T3V0Y29tZU5vZGU6NjU2NjA3Mw==,107.0,106.0,117.0,117.0
T2ZmZXJUYWJsZU9mZmVyTm9kZToxMDM1MDg4MDA=,RmlnaHROb2RlOjczNjc2,U3BvcnRzYm9va05vZGU6Mjc=,T3V0Y29tZU5vZGU6NjU2NDg1OA==,-138.0,-150.0,-150.0,-138.0,T3V0Y29tZU5vZGU6NjU2NDg1OQ==,105.0,105.0,110.0,110.0
T2ZmZXJUYWJsZU9mZmVyTm9kZToxMDM1MTA5NTg=,RmlnaHROb2RlOjczNjc2,U3BvcnRzYm9va05vZGU6Mjg=,T3V0Y29tZU5vZGU6NjU2ODEwMA==,-149.0,-161.0,-149.0,-145.0,T3V0Y29tZU5vZGU6NjU2ODA5OQ==,109.0,105.0,109.0,121.0
T2ZmZXJUYWJsZU9mZmVyTm9kZToxMDM1MDg3OTA=,RmlnaHROb2RlOjczNjc2,U3BvcnRzYm9va05vZGU6MjE=,T3V0Y29tZU5vZGU6NjU2NDgzOA==,-154.0,-185.0,-185.0,-154.0,T3V0Y29tZU5vZGU6NjU2NDgzOQ==,107.0,107.0,126.0,126.0
T2ZmZXJUYWJsZU9mZmVyTm9kZToxMDM1MjYwMjg=,RmlnaHROb2RlOjc1MTgx,U3BvcnRzYm9va05vZGU6Mjg=,T3V0Y29tZU5vZGU6NjU4ODk4OQ==,-120.0,-120.0,-120.0,-120.0,T3V0Y29tZU5vZGU6NjU4ODk4OA==,-120.0,-120.0,-120.0,-120.0
T2ZmZXJUYWJsZU9mZmVyTm9kZToxMDM1MjIyOTg=,RmlnaHROb2RlOjc1MTgx,U3BvcnRzYm9va05vZGU6MTA=,T3V0Y29tZU5vZGU6NjU4MzQ3OQ==,-165.0,-165.0,-126.0,100.0,T3V0Y29tZU5vZGU6NjU4MzQ4MA==,125.0,-120.0,106.0,125.0
T2ZmZXJUYWJsZU9mZmVyTm9kZToxMDM1MjI5MjQ=,RmlnaHROb2RlOjc1MTgx,U3BvcnRzYm9va05vZGU6Mjc=,T3V0Y29tZU5vZGU6NjU4NDM1NQ==,-175.0,-175.0,-110.0,-105.0,T3V0Y29tZU5vZGU6NjU4NDM1Ng==,130.0,-125.0,-120.0,130.0
T2ZmZXJUYWJsZU9mZmVyTm9kZToxMDM1MjIzMDk=,RmlnaHROb2RlOjc1MTgx,U3BvcnRzYm9va05vZGU6MjE=,T3V0Y29tZU5vZGU6NjU4MzUwMQ==,-175.0,-175.0,-159.0,-109.0,T3V0Y29tZU5vZGU6NjU4MzUwMg==,120.0,-132.0,115.0,120.0
T2ZmZXJUYWJsZU9mZmVyTm9kZToxMDM1MjI5MTQ=,RmlnaHROb2RlOjc0OTMy,U3BvcnRzYm9va05vZGU6Mjc=,T3V0Y29tZU5vZGU6NjU4NDMzNQ==,-110.0,-138.0,-138.0,-110.0,T3V0Y29tZU5vZGU6NjU4NDMzNg==,-120.0,-120.0,105.0,105.0
T2ZmZXJUYWJsZU9mZmVyTm9kZToxMDM1MjIzMTA=,RmlnaHROb2RlOjc0OTMy,U3BvcnRzYm9va05vZGU6MjE=,T3V0Y29tZU5vZGU6NjU4MzUwNA==,-115.0,-204.0,-154.0,-115.0,T3V0Y29tZU5vZGU6NjU4MzUwMw==,-125.0,-125.0,107.0,139.0
T2ZmZXJUYWJsZU9mZmVyTm9kZToxMDM1MjIyOTc=,RmlnaHROb2RlOjc0OTMy,U3BvcnRzYm9va05vZGU6MTA=,T3V0Y29tZU5vZGU6NjU4MzQ3OA==,125.0,-240.0,-225.0,125.0,T3V0Y29tZU5vZGU6NjU4MzQ3Nw==,-165.0,-165.0,190.0,205.0
T2ZmZXJUYWJsZU9mZmVyTm9kZToxMDM1MjYwMjU=,RmlnaHROb2RlOjc0OTMy,U3BvcnRzYm9va05vZGU6Mjg=,T3V0Y29tZU5vZGU6NjU4ODk4Mg==,-133.0,-133.0,-133.0,-133.0,T3V0Y29tZU5vZGU6NjU4ODk4Mw==,-107.0,-107.0,-107.0,-107.0
T2ZmZXJUYWJsZU9mZmVyTm9kZToxMDM1MjIzMTE=,RmlnaHROb2RlOjc0OTMw,U3BvcnRzYm9va05vZGU6MjE=,T3V0Y29tZU5vZGU6NjU4MzUwNg==,-213.0,-213.0,-200.0,-200.0,T3V0Y29tZU5vZGU6NjU4MzUwNQ==,145.0,133.0,134.0,145.0
T2ZmZXJUYWJsZU9mZmVyTm9kZToxMDM1MjI5MTY=,RmlnaHROb2RlOjc0OTMw,U3BvcnRzYm9va05vZGU6Mjc=,T3V0Y29tZU5vZGU6NjU4NDMzOQ==,-188.0,-188.0,-188.0,-188.0,T3V0Y29tZU5vZGU6NjU4NDM0MA==,140.0,140.0,140.0,140.0
T2ZmZXJUYWJsZU9mZmVyTm9kZToxMDM1MjIyOTU=,RmlnaHROb2RlOjc0OTMw,U3BvcnRzYm9va05vZGU6MTA=,T3V0Y29tZU5vZGU6NjU4MzQ3NA==,-200.0,-200.0,-180.0,-180.0,T3V0Y29tZU5vZGU6NjU4MzQ3Mw==,150.0,140.0,155.0,155.0
T2ZmZXJUYWJsZU9mZmVyTm9kZToxMDM1MjYwMjA=,RmlnaHROb2RlOjc0OTMw,U3BvcnRzYm9va05vZGU6Mjg=,T3V0Y29tZU5vZGU6NjU4ODk3Mg==,-179.0,-179.0,-179.0,-179.0,T3V0Y29tZU5vZGU6NjU4ODk3Mw==,139.0,139.0,139.0,139.0
T2ZmZXJUYWJsZU9mZmVyTm9kZToxMDM1MjM4Mzc=,RmlnaHROb2RlOjc1MjM3,U3BvcnRzYm9va05vZGU6MjE=,T3V0Y29tZU5vZGU6NjU4NTUzMQ==,-164.0,-175.0,110.0,110.0,T3V0Y29tZU5vZGU6NjU4NTUzMg==,114.0,-152.0,-152.0,128.0
T2ZmZXJUYWJsZU9mZmVyTm9kZToxMDM1MjI5MjI=,RmlnaHROb2RlOjc1MjM3,U3BvcnRzYm9va05vZGU6Mjc=,T3V0Y29tZU5vZGU6NjU4NDM1MQ==,-150.0,-150.0,-150.0,-150.0,T3V0Y29tZU5vZGU6NjU4NDM1Mg==,110.0,110.0,110.0,110.0
T2ZmZXJUYWJsZU9mZmVyTm9kZToxMDM1MjIzMDU=,RmlnaHROb2RlOjc1MjM3,U3BvcnRzYm9va05vZGU6MTA=,T3V0Y29tZU5vZGU6NjU4MzQ5Mw==,-165.0,-165.0,120.0,130.0,T3V0Y29tZU5vZGU6NjU4MzQ5NA==,125.0,-150.0,-140.0,140.0
T2ZmZXJUYWJsZU9mZmVyTm9kZToxMDM1MjYwMjE=,RmlnaHROb2RlOjc1MjM3,U3BvcnRzYm9va05vZGU6Mjg=,T3V0Y29tZU5vZGU6NjU4ODk3NQ==,-164.0,-164.0,-164.0,-164.0,T3V0Y29tZU5vZGU6NjU4ODk3NA==,124.0,124.0,124.0,124.0
T2ZmZXJUYWJsZU9mZmVyTm9kZToxMDM1MjYwMzI=,RmlnaHROb2RlOjc1MjM5,U3BvcnRzYm9va05vZGU6Mjg=,T3V0Y29tZU5vZGU6NjU4ODk5Ng==,-120.0,-120.0,-120.0,-120.0,T3V0Y29tZU5vZGU6NjU4ODk5Nw==,-120.0,-120.0,-120.0,-120.0
T2ZmZXJUYWJsZU9mZmVyTm9kZToxMDM1MjM4MzQ=,RmlnaHROb2RlOjc1MjM5,U3BvcnRzYm9va05vZGU6MjE=,T3V0Y29tZU5vZGU6NjU4NTUyNg==,-125.0,-149.0,-139.0,-125.0,T3V0Y29tZU5vZGU6NjU4NTUyNQ==,-115.0,-120.0,-103.0,104.0
T2ZmZXJUYWJsZU9mZmVyTm9kZToxMDM1MjI5MTg=,RmlnaHROb2RlOjc1MjM5,U3BvcnRzYm9va05vZGU6Mjc=,T3V0Y29tZU5vZGU6NjU4NDM0Mw==,-120.0,-120.0,-120.0,-120.0,T3V0Y29tZU5vZGU6NjU4NDM0NA==,-110.0,-110.0,-110.0,-110.0
T2ZmZXJUYWJsZU9mZmVyTm9kZToxMDM1MjIzMDI=,RmlnaHROb2RlOjc1MjM5,U3BvcnRzYm9va05vZGU6MTA=,T3V0Y29tZU5vZGU6NjU4MzQ4OA==,-120.0,-145.0,-125.0,-115.0,T3V0Y29tZU5vZGU6NjU4MzQ4Nw==,-120.0,-120.0,105.0,125.0
T2ZmZXJUYWJsZU9mZmVyTm9kZToxMDM1MjIzMDM=,RmlnaHROb2RlOjc1MjM4,U3BvcnRzYm9va05vZGU6MTA=,T3V0Y29tZU5vZGU6NjU4MzQ4OQ==,105.0,-175.0,-140.0,120.0,T3V0Y29tZU5vZGU6NjU4MzQ5MA==,-145.0,-145.0,120.0,150.0
T2ZmZXJUYWJsZU9mZmVyTm9kZToxMDM1MjI5MjM=,RmlnaHROb2RlOjc1MjM4,U3BvcnRzYm9va05vZGU6Mjc=,T3V0Y29tZU5vZGU6NjU4NDM1Mw==,-105.0,-110.0,-110.0,105.0,T3V0Y29tZU5vZGU6NjU4NDM1NA==,-125.0,-138.0,-120.0,-120.0
T2ZmZXJUYWJsZU9mZmVyTm9kZToxMDM1MjM4MzM=,RmlnaHROb2RlOjc1MjM4,U3BvcnRzYm9va05vZGU6MjE=,T3V0Y29tZU5vZGU6NjU4NTUyNA==,-103.0,-182.0,-167.0,108.0,T3V0Y29tZU5vZGU6NjU4NTUyMw==,-139.0,-149.0,117.0,126.0
T2ZmZXJUYWJsZU9mZmVyTm9kZToxMDM1MjYwMjc=,RmlnaHROb2RlOjc1MjM4,U3BvcnRzYm9va05vZGU6Mjg=,T3V0Y29tZU5vZGU6NjU4ODk4Ng==,105.0,105.0,105.0,105.0,T3V0Y29tZU5vZGU6NjU4ODk4Nw==,-145.0,-145.0,-145.0,-145.0
T2ZmZXJUYWJsZU9mZmVyTm9kZToxMDM1MjI5MjY=,RmlnaHROb2RlOjc1NjY3,U3BvcnRzYm9va05vZGU6Mjc=,T3V0Y29tZU5vZGU6NjU4NDM1OQ==,-110.0,-110.0,-110.0,-110.0,T3V0Y29tZU5vZGU6NjU4NDM2MA==,-120.0,-120.0,-120.0,-120.0
T2ZmZXJUYWJsZU9mZmVyTm9kZToxMDM1MjI5MjU=,RmlnaHROb2RlOjc1MjQy,U3BvcnRzYm9va05vZGU6Mjc=,T3V0Y29tZU5vZGU6NjU4NDM1Nw==,-450.0,-450.0,-450.0,-450.0,T3V0Y29tZU5vZGU6NjU4NDM1OA==,300.0,300.0,300.0,300.0
T2ZmZXJUYWJsZU9mZmVyTm9kZToxMDM1MjYwMzA=,RmlnaHROb2RlOjc1MjQy,U3BvcnRzYm9va05vZGU6Mjg=,T3V0Y29tZU5vZGU6NjU4ODk5Mg==,-500.0,-500.0,-500.0,-500.0,T3V0Y29tZU5vZGU6NjU4ODk5Mw==,300.0,300.0,300.0,300.0
T2ZmZXJUYWJsZU9mZmVyTm9kZToxMDM1MjM4Mzg=,RmlnaHROb2RlOjc1MjQy,U3BvcnRzYm9va05vZGU6MjE=,T3V0Y29tZU5vZGU6NjU4NTUzNA==,-500.0,-588.0,-588.0,-500.0,T3V0Y29tZU5vZGU6NjU4NTUzMw==,292.0,292.0,322.0,355.0
T2ZmZXJUYWJsZU9mZmVyTm9kZToxMDM1MjIzMDc=,RmlnaHROb2RlOjc1MjQy,U3BvcnRzYm9va05vZGU6MTA=,T3V0Y29tZU5vZGU6NjU4MzQ5OA==,-145.0,-500.0,-460.0,-145.0,T3V0Y29tZU5vZGU6NjU4MzQ5Nw==,105.0,105.0,360.0,375.0
T2ZmZXJUYWJsZU9mZmVyTm9kZToxMDM1MjI5MTc=,RmlnaHROb2RlOjc1MTgy,U3BvcnRzYm9va05vZGU6Mjc=,T3V0Y29tZU5vZGU6NjU4NDM0Mg==,130.0,130.0,130.0,130.0,,,,,
T2ZmZXJUYWJsZU9mZmVyTm9kZToxMDM1MjQ1NTE=,RmlnaHROb2RlOjc1MjM1,U3BvcnRzYm9va05vZGU6MjE=,T3V0Y29tZU5vZGU6NjU4Njg3OQ==,-213.0,-278.0,-270.0,-213.0,T3V0Y29tZU5vZGU6NjU4Njg3OA==,145.0,145.0,178.0,182.0
T2ZmZXJUYWJsZU9mZmVyTm9kZToxMDM1MjI5MjA=,RmlnaHROb2RlOjc1MjM1,U3BvcnRzYm9va05vZGU6Mjc=,T3V0Y29tZU5vZGU6NjU4NDM0Nw==,-200.0,-200.0,-200.0,-200.0,T3V0Y29tZU5vZGU6NjU4NDM0OA==,150.0,150.0,150.0,150.0
T2ZmZXJUYWJsZU9mZmVyTm9kZToxMDM1MjYwMjM=,RmlnaHROb2RlOjc1MjM1,U3BvcnRzYm9va05vZGU6Mjg=,T3V0Y29tZU5vZGU6NjU4ODk3OA==,-200.0,-200.0,-200.0,-200.0,T3V0Y29tZU5vZGU6NjU4ODk3OQ==,150.0,150.0,150.0,150.0
T2ZmZXJUYWJsZU9mZmVyTm9kZToxMDM1MjIyOTk=,RmlnaHROb2RlOjc1MjM1,U3BvcnRzYm9va05vZGU6MTA=,T3V0Y29tZU5vZGU6NjU4MzQ4Mg==,-145.0,-200.0,-155.0,-110.0,T3V0Y29tZU5vZGU6NjU4MzQ4MQ==,105.0,-110.0,135.0,170.0
T2ZmZXJUYWJsZU9mZmVyTm9kZToxMDM1MjIzMDg=,RmlnaHROb2RlOjc0OTMx,U3BvcnRzYm9va05vZGU6MjE=,T3V0Y29tZU5vZGU6NjU4MzUwMA==,199.0,199.0,289.0,371.0,T3V0Y29tZU5vZGU6NjU4MzQ5OQ==,-312.0,-714.0,-500.0,-312.0
T2ZmZXJUYWJsZU9mZmVyTm9kZToxMDM1MjIyOTY=,RmlnaHROb2RlOjc0OTMx,U3BvcnRzYm9va05vZGU6MTA=,T3V0Y29tZU5vZGU6NjU4MzQ3Ng==,-135.0,-135.0,400.0,400.0,T3V0Y29tZU5vZGU6NjU4MzQ3NQ==,-105.0,-550.0,-550.0,-105.0
T2ZmZXJUYWJsZU9mZmVyTm9kZToxMDM1MjYwMjQ=,RmlnaHROb2RlOjc0OTMx,U3BvcnRzYm9va05vZGU6Mjg=,T3V0Y29tZU5vZGU6NjU4ODk4MA==,280.0,280.0,280.0,280.0,T3V0Y29tZU5vZGU6NjU4ODk4MQ==,-455.0,-455.0,-455.0,-455.0
T2ZmZXJUYWJsZU9mZmVyTm9kZToxMDM1MjI5MTU=,RmlnaHROb2RlOjc0OTMx,U3BvcnRzYm9va05vZGU6Mjc=,T3V0Y29tZU5vZGU6NjU4NDMzNw==,200.0,200.0,300.0,300.0,T3V0Y29tZU5vZGU6NjU4NDMzOA==,-275.0,-450.0,-450.0,-275.0
T2ZmZXJUYWJsZU9mZmVyTm9kZToxMDM1MjYwMzE=,RmlnaHROb2RlOjc1MjM2,U3BvcnRzYm9va05vZGU6Mjg=,T3V0Y29tZU5vZGU6NjU4ODk5NQ==,109.0,109.0,109.0,109.0,T3V0Y29tZU5vZGU6NjU4ODk5NA==,-149.0,-149.0,-149.0,-149.0
T2ZmZXJUYWJsZU9mZmVyTm9kZToxMDM1MjI5MjE=,RmlnaHROb2RlOjc1MjM2,U3BvcnRzYm9va05vZGU6Mjc=,T3V0Y29tZU5vZGU6NjU4NDM0OQ==,110.0,110.0,110.0,110.0,T3V0Y29tZU5vZGU6NjU4NDM1MA==,-150.0,-150.0,-150.0,-150.0
T2ZmZXJUYWJsZU9mZmVyTm9kZToxMDM1MjIzMDE=,RmlnaHROb2RlOjc1MjM2,U3BvcnRzYm9va05vZGU6MTA=,T3V0Y29tZU5vZGU6NjU4MzQ4NQ==,115.0,-135.0,-110.0,125.0,T3V0Y29tZU5vZGU6NjU4MzQ4Ng==,-155.0,-155.0,-110.0,115.0
T2ZmZXJUYWJsZU9mZmVyTm9kZToxMDM1MjM4MzU=,RmlnaHROb2RlOjc1MjM2,U3BvcnRzYm9va05vZGU6MjE=,T3V0Y29tZU5vZGU6NjU4NTUyNw==,107.0,-132.0,-125.0,107.0,T3V0Y29tZU5vZGU6NjU4NTUyOA==,-154.0,-154.0,-114.0,-109.0
T2ZmZXJUYWJsZU9mZmVyTm9kZToxMDM1MjM4MzY=,RmlnaHROb2RlOjc1MjQx,U3BvcnRzYm9va05vZGU6MjE=,T3V0Y29tZU5vZGU6NjU4NTUzMA==,-105.0,-105.0,112.0,112.0,T3V0Y29tZU5vZGU6NjU4NTUyOQ==,-135.0,-154.0,-154.0,-135.0
T2ZmZXJUYWJsZU9mZmVyTm9kZToxMDM1MjYwMjY=,RmlnaHROb2RlOjc1MjQx,U3BvcnRzYm9va05vZGU6Mjg=,T3V0Y29tZU5vZGU6NjU4ODk4NA==,-105.0,-105.0,-105.0,-105.0,T3V0Y29tZU5vZGU6NjU4ODk4NQ==,-135.0,-135.0,-135.0,-135.0
T2ZmZXJUYWJsZU9mZmVyTm9kZToxMDM1MjIzMDY=,RmlnaHROb2RlOjc1MjQx,U3BvcnRzYm9va05vZGU6MTA=,T3V0Y29tZU5vZGU6NjU4MzQ5Ng==,125.0,-115.0,122.0,145.0,T3V0Y29tZU5vZGU6NjU4MzQ5NQ==,-165.0,-190.0,-142.0,-125.0
T2ZmZXJUYWJsZU9mZmVyTm9kZToxMDM1MjI5MTk=,RmlnaHROb2RlOjc1MjQx,U3BvcnRzYm9va05vZGU6Mjc=,T3V0Y29tZU5vZGU6NjU4NDM0NQ==,105.0,105.0,105.0,105.0,T3V0Y29tZU5vZGU6NjU4NDM0Ng==,-138.0,-138.0,-138.0,-138.0
T2ZmZXJUYWJsZU9mZmVyTm9kZToxMDM1MzI2MjE=,RmlnaHROb2RlOjc0NjM4,U3BvcnRzYm9va05vZGU6Mg==,T3V0Y29tZU5vZGU6NjU5ODMwOQ==,-1000.0,-2208.0,-950.0,-950.0,T3V0Y29tZU5vZGU6NjU5ODMxMA==,453.0,440.0,440.0,650.0
T2ZmZXJUYWJsZU9mZmVyTm9kZToxMDM1MzIyMDI=,RmlnaHROb2RlOjc0NjM4,U3BvcnRzYm9va05vZGU6MjE=,T3V0Y29tZU5vZGU6NjU5Nzc0MA==,-1429.0,-2500.0,-2500.0,-1429.0,T3V0Y29tZU5vZGU6NjU5Nzc0MQ==,534.0,487.0,616.0,662.0
T2ZmZXJUYWJsZU9mZmVyTm9kZToxMDM1MzMwNDk=,RmlnaHROb2RlOjc0NjM4,U3BvcnRzYm9va05vZGU6Mjc=,T3V0Y29tZU5vZGU6NjU5ODkyMQ==,-1000.0,-1000.0,-1000.0,-1000.0,T3V0Y29tZU5vZGU6NjU5ODkyMg==,500.0,500.0,500.0,500.0
T2ZmZXJUYWJsZU9mZmVyTm9kZToxMDM1Mjk1NDA=,RmlnaHROb2RlOjc0NjM4,U3BvcnRzYm9va05vZGU6MTA=,T3V0Y29tZU5vZGU6NjU5NDIwMA==,-200.0,-4000.0,-4000.0,-200.0,T3V0Y29tZU5vZGU6NjU5NDIwMQ==,150.0,150.0,1600.0,1600.0
T2ZmZXJUYWJsZU9mZmVyTm9kZToxMDM1Mjk1Mzg=,RmlnaHROb2RlOjc0NjM2,U3BvcnRzYm9va05vZGU6MTA=,T3V0Y29tZU5vZGU6NjU5NDE5Ng==,-300.0,-335.0,-315.0,-235.0,T3V0Y29tZU5vZGU6NjU5NDE5Nw==,200.0,170.0,265.0,275.0
T2ZmZXJUYWJsZU9mZmVyTm9kZToxMDM1Mjk2MTU=,RmlnaHROb2RlOjc0NjM2,U3BvcnRzYm9va05vZGU6MjE=,T3V0Y29tZU5vZGU6NjU5NDM1MA==,-312.0,-333.0,-294.0,-125.0,T3V0Y29tZU5vZGU6NjU5NDM1MQ==,199.0,-115.0,191.0,212.0
T2ZmZXJUYWJsZU9mZmVyTm9kZToxMDM1MzI2MjM=,RmlnaHROb2RlOjc0NjM2,U3BvcnRzYm9va05vZGU6Mg==,T3V0Y29tZU5vZGU6NjU5ODMxMw==,-250.0,-322.0,-322.0,-216.0,T3V0Y29tZU5vZGU6NjU5ODMxNA==,166.0,146.0,206.0,206.0
T2ZmZXJUYWJsZU9mZmVyTm9kZToxMDM1MzMwNTA=,RmlnaHROb2RlOjc0NjM2,U3BvcnRzYm9va05vZGU6Mjc=,T3V0Y29tZU5vZGU6NjU5ODkyMw==,-250.0,-250.0,-250.0,-250.0,T3V0Y29tZU5vZGU6NjU5ODkyNA==,175.0,175.0,175.0,175.0
T2ZmZXJUYWJsZU9mZmVyTm9kZToxMDM1MzI2MjQ=,RmlnaHROb2RlOjc0NjM1,U3BvcnRzYm9va05vZGU6Mg==,T3V0Y29tZU5vZGU6NjU5ODMxNQ==,-150.0,-200.0,-197.0,-150.0,T3V0Y29tZU5vZGU6NjU5ODMxNg==,104.0,104.0,135.0,136.0
T2ZmZXJUYWJsZU9mZmVyTm9kZToxMDM1Mjk2MTQ=,RmlnaHROb2RlOjc0NjM1,U3BvcnRzYm9va05vZGU6MjE=,T3V0Y29tZU5vZGU6NjU5NDM0OA==,-154.0,-185.0,-175.0,-111.0,T3V0Y29tZU5vZGU6NjU5NDM0OQ==,107.0,-128.0,121.0,126.0
T2ZmZXJUYWJsZU9mZmVyTm9kZToxMDM1Mjk1Mzc=,RmlnaHROb2RlOjc0NjM1,U3BvcnRzYm9va05vZGU6MTA=,T3V0Y29tZU5vZGU6NjU5NDE5NA==,105.0,-180.0,-130.0,105.0,T3V0Y29tZU5vZGU6NjU5NDE5NQ==,-145.0,-145.0,110.0,155.0
T2ZmZXJUYWJsZU9mZmVyTm9kZToxMDM1MzMwNTI=,RmlnaHROb2RlOjc0NjM1,U3BvcnRzYm9va05vZGU6Mjc=,T3V0Y29tZU5vZGU6NjU5ODkyNw==,-150.0,-175.0,-175.0,-150.0,T3V0Y29tZU5vZGU6NjU5ODkyOA==,110.0,110.0,130.0,130.0
T2ZmZXJUYWJsZU9mZmVyTm9kZToxMDM1MzI2MjI=,RmlnaHROb2RlOjc0NjM3,U3BvcnRzYm9va05vZGU6Mg==,T3V0Y29tZU5vZGU6NjU5ODMxMQ==,-135.0,-161.0,-158.0,-135.0,T3V0Y29tZU5vZGU6NjU5ODMxMg==,-106.0,-106.0,110.0,112.0
T2ZmZXJUYWJsZU9mZmVyTm9kZToxMDM1MzMwNTc=,RmlnaHROb2RlOjc0NjM3,U3BvcnRzYm9va05vZGU6Mjc=,T3V0Y29tZU5vZGU6NjU5ODkzNw==,-150.0,-150.0,-150.0,-150.0,T3V0Y29tZU5vZGU6NjU5ODkzOA==,110.0,110.0,110.0,110.0
T2ZmZXJUYWJsZU9mZmVyTm9kZToxMDM1Mjk1Mzk=,RmlnaHROb2RlOjc0NjM3,U3BvcnRzYm9va05vZGU6MTA=,T3V0Y29tZU5vZGU6NjU5NDE5OA==,-120.0,-185.0,-180.0,-120.0,T3V0Y29tZU5vZGU6NjU5NDE5OQ==,-120.0,-120.0,155.0,160.0
T2ZmZXJUYWJsZU9mZmVyTm9kZToxMDM1Mjk2MTY=,RmlnaHROb2RlOjc0NjM3,U3BvcnRzYm9va05vZGU6MjE=,T3V0Y29tZU5vZGU6NjU5NDM1Mg==,-169.0,-185.0,-185.0,-111.0,T3V0Y29tZU5vZGU6NjU5NDM1Mw==,116.0,-130.0,128.0,128.0
T2ZmZXJUYWJsZU9mZmVyTm9kZToxMDM1MzMwNTU=,RmlnaHROb2RlOjc1NzEz,U3BvcnRzYm9va05vZGU6Mjc=,T3V0Y29tZU5vZGU6NjU5ODkzMw==,-175.0,-175.0,-175.0,-175.0,T3V0Y29tZU5vZGU6NjU5ODkzNA==,130.0,130.0,130.0,130.0
T2ZmZXJUYWJsZU9mZmVyTm9kZToxMDM1Mjk2MTI=,RmlnaHROb2RlOjc1NzEz,U3BvcnRzYm9va05vZGU6MjE=,T3V0Y29tZU5vZGU6NjU5NDM0NA==,-208.0,-227.0,-227.0,-130.0,T3V0Y29tZU5vZGU6NjU5NDM0NQ==,140.0,-110.0,160.0,160.0
T2ZmZXJUYWJsZU9mZmVyTm9kZToxMDM1MzI2MTc=,RmlnaHROb2RlOjc1NzEz,U3BvcnRzYm9va05vZGU6Mg==,T3V0Y29tZU5vZGU6NjU5ODMwMQ==,-180.0,-180.0,-146.0,101.0,T3V0Y29tZU5vZGU6NjU5ODMwMg==,124.0,-145.0,101.0,124.0
T2ZmZXJUYWJsZU9mZmVyTm9kZToxMDM1Mjk1NDQ=,RmlnaHROb2RlOjc1NzEz,U3BvcnRzYm9va05vZGU6MTA=,T3V0Y29tZU5vZGU6NjU5NDIwOA==,125.0,-240.0,-240.0,125.0,T3V0Y29tZU5vZGU6NjU5NDIwOQ==,-165.0,-165.0,205.0,205.0
T2ZmZXJUYWJsZU9mZmVyTm9kZToxMDM1MzI2MTY=,RmlnaHROb2RlOjc1NzE0,U3BvcnRzYm9va05vZGU6Mg==,T3V0Y29tZU5vZGU6NjU5ODI5OQ==,117.0,117.0,129.0,129.0,T3V0Y29tZU5vZGU6NjU5ODMwMA==,-169.0,-189.0,-189.0,-169.0
T2ZmZXJUYWJsZU9mZmVyTm9kZToxMDM1Mjk2MTE=,RmlnaHROb2RlOjc1NzE0,U3BvcnRzYm9va05vZGU6MjE=,T3V0Y29tZU5vZGU6NjU5NDM0Mg==,123.0,123.0,128.0,133.0,T3V0Y29tZU5vZGU6NjU5NDM0Mw==,-179.0,-196.0,-196.0,-179.0
T2ZmZXJUYWJsZU9mZmVyTm9kZToxMDM1MzMwNTE=,RmlnaHROb2RlOjc1NzE0,U3BvcnRzYm9va05vZGU6Mjc=,T3V0Y29tZU5vZGU6NjU5ODkyNQ==,120.0,120.0,120.0,120.0,T3V0Y29tZU5vZGU6NjU5ODkyNg==,-163.0,-163.0,-163.0,-163.0
T2ZmZXJUYWJsZU9mZmVyTm9kZToxMDM1Mjk1NDU=,RmlnaHROb2RlOjc1NzE0,U3BvcnRzYm9va05vZGU6MTA=,T3V0Y29tZU5vZGU6NjU5NDIxMA==,-165.0,-165.0,145.0,145.0,T3V0Y29tZU5vZGU6NjU5NDIxMQ==,125.0,-170.0,-170.0,125.0
T2ZmZXJUYWJsZU9mZmVyTm9kZToxMDM1MzI2MTk=,RmlnaHROb2RlOjc0NjYy,U3BvcnRzYm9va05vZGU6Mg==,T3V0Y29tZU5vZGU6NjU5ODMwNQ==,-260.0,-325.0,-294.0,-254.0,T3V0Y29tZU5vZGU6NjU5ODMwNg==,172.0,168.0,191.0,207.0
T2ZmZXJUYWJsZU9mZmVyTm9kZToxMDM1MzIyMDE=,RmlnaHROb2RlOjc0NjYy,U3BvcnRzYm9va05vZGU6MjE=,T3V0Y29tZU5vZGU6NjU5NzczOA==,-233.0,-455.0,-400.0,-233.0,T3V0Y29tZU5vZGU6NjU5NzczOQ==,157.0,157.0,246.0,267.0
T2ZmZXJUYWJsZU9mZmVyTm9kZToxMDM1MzMwNTM=,RmlnaHROb2RlOjc0NjYy,U3BvcnRzYm9va05vZGU6Mjc=,T3V0Y29tZU5vZGU6NjU5ODkyOQ==,-275.0,-333.0,-333.0,-275.0,T3V0Y29tZU5vZGU6NjU5ODkzMA==,200.0,200.0,225.0,225.0
T2ZmZXJUYWJsZU9mZmVyTm9kZToxMDM1Mjk1NDI=,RmlnaHROb2RlOjc0NjYy,U3BvcnRzYm9va05vZGU6MTA=,T3V0Y29tZU5vZGU6NjU5NDIwNA==,-120.0,-450.0,-425.0,-120.0,T3V0Y29tZU5vZGU6NjU5NDIwNQ==,-120.0,-120.0,325.0,350.0
T2ZmZXJUYWJsZU9mZmVyTm9kZToxMDM1Mjk1NDY=,RmlnaHROb2RlOjc0NjQw,U3BvcnRzYm9va05vZGU6MTA=,T3V0Y29tZU5vZGU6NjU5NDIxMg==,-135.0,-225.0,-225.0,-135.0,T3V0Y29tZU5vZGU6NjU5NDIxMw==,-105.0,-105.0,190.0,190.0
T2ZmZXJUYWJsZU9mZmVyTm9kZToxMDM1MzI2MTU=,RmlnaHROb2RlOjc0NjQw,U3BvcnRzYm9va05vZGU6Mg==,T3V0Y29tZU5vZGU6NjU5ODI5Nw==,-200.0,-245.0,-241.0,-200.0,T3V0Y29tZU5vZGU6NjU5ODI5OA==,136.0,136.0,161.0,163.0
T2ZmZXJUYWJsZU9mZmVyTm9kZToxMDM1Mjk2MTg=,RmlnaHROb2RlOjc0NjQw,U3BvcnRzYm9va05vZGU6MjE=,T3V0Y29tZU5vZGU6NjU5NDM1Nw==,123.0,-233.0,-233.0,123.0,T3V0Y29tZU5vZGU6NjU5NDM1Ng==,-179.0,-179.0,156.0,157.0
T2ZmZXJUYWJsZU9mZmVyTm9kZToxMDM1MzMwNTQ=,RmlnaHROb2RlOjc0NjQw,U3BvcnRzYm9va05vZGU6Mjc=,T3V0Y29tZU5vZGU6NjU5ODkzMQ==,-200.0,-200.0,-200.0,-200.0,T3V0Y29tZU5vZGU6NjU5ODkzMg==,150.0,150.0,150.0,150.0
T2ZmZXJUYWJsZU9mZmVyTm9kZToxMDM1MzI2MTg=,RmlnaHROb2RlOjc1NzE4,U3BvcnRzYm9va05vZGU6Mg==,T3V0Y29tZU5vZGU6NjU5ODMwNA==,-400.0,-400.0,-357.0,-357.0,T3V0Y29tZU5vZGU6NjU5ODMwMw==,245.0,224.0,224.0,245.0
T2ZmZXJUYWJsZU9mZmVyTm9kZToxMDM1Mjk1NDM=,RmlnaHROb2RlOjc1NzE4,U3BvcnRzYm9va05vZGU6MTA=,T3V0Y29tZU5vZGU6NjU5NDIwNg==,-400.0,-800.0,-600.0,-400.0,T3V0Y29tZU5vZGU6NjU5NDIwNw==,250.0,250.0,425.0,550.0
T2ZmZXJUYWJsZU9mZmVyTm9kZToxMDM1MzMwNTg=,RmlnaHROb2RlOjc1NzE4,U3BvcnRzYm9va05vZGU6Mjc=,T3V0Y29tZU5vZGU6NjU5ODkzOQ==,-400.0,-400.0,-400.0,-400.0,T3V0Y29tZU5vZGU6NjU5ODk0MA==,275.0,275.0,275.0,275.0
T2ZmZXJUYWJsZU9mZmVyTm9kZToxMDM1Mjk2MTc=,RmlnaHROb2RlOjc1NzE4,U3BvcnRzYm9va05vZGU6MjE=,T3V0Y29tZU5vZGU6NjU5NDM1NQ==,-400.0,-556.0,-556.0,-400.0,T3V0Y29tZU5vZGU6NjU5NDM1NA==,248.0,248.0,338.0,338.0
T2ZmZXJUYWJsZU9mZmVyTm9kZToxMDM1MzI2MjA=,RmlnaHROb2RlOjc0NjM5,U3BvcnRzYm9va05vZGU6Mg==,T3V0Y29tZU5vZGU6NjU5ODMwNw==,111.0,111.0,123.0,127.0,T3V0Y29tZU5vZGU6NjU5ODMwOA==,-160.0,-185.0,-179.0,-160.0
T2ZmZXJUYWJsZU9mZmVyTm9kZToxMDM1Mjk2MTM=,RmlnaHROb2RlOjc0NjM5,U3BvcnRzYm9va05vZGU6MjE=,T3V0Y29tZU5vZGU6NjU5NDM0Ng==,-105.0,-105.0,116.0,116.0,T3V0Y29tZU5vZGU6NjU5NDM0Nw==,-135.0,-244.0,-213.0,-135.0
T2ZmZXJUYWJsZU9mZmVyTm9kZToxMDM1MzMwNTY=,RmlnaHROb2RlOjc0NjM5,U3BvcnRzYm9va05vZGU6Mjc=,T3V0Y29tZU5vZGU6NjU5ODkzNQ==,120.0,120.0,120.0,120.0,T3V0Y29tZU5vZGU6NjU5ODkzNg==,-163.0,-163.0,-163.0,-163.0
T2ZmZXJUYWJsZU9mZmVyTm9kZToxMDM1Mjk1NDE=,RmlnaHROb2RlOjc0NjM5,U3BvcnRzYm9va05vZGU6MTA=,T3V0Y29tZU5vZGU6NjU5NDIwMg==,125.0,-155.0,195.0,200.0,T3V0Y29tZU5vZGU6NjU5NDIwMw==,-165.0,-235.0,-230.0,115.0
T2ZmZXJUYWJsZU9mZmVyTm9kZToxMDM1MzI4ODg=,RmlnaHROb2RlOjc1NzI3,U3BvcnRzYm9va05vZGU6Mg==,T3V0Y29tZU5vZGU6NjU5ODY1OA==,-140.0,-156.0,-156.0,-140.0,T3V0Y29tZU5vZGU6NjU5ODY1OQ==,-103.0,-103.0,108.0,108.0
T2ZmZXJUYWJsZU9mZmVyTm9kZToxMDM1MzI3MzY=,RmlnaHROb2RlOjc1NzI3,U3BvcnRzYm9va05vZGU6MjE=,T3V0Y29tZU5vZGU6NjU5ODQ3MA==,-145.0,-233.0,-227.0,-145.0,T3V0Y29tZU5vZGU6NjU5ODQ3MQ==,100.0,100.0,153.0,157.0
T2ZmZXJUYWJsZU9mZmVyTm9kZToxMDM1MzI1NjQ=,RmlnaHROb2RlOjc1NzI3,U3BvcnRzYm9va05vZGU6MTA=,T3V0Y29tZU5vZGU6NjU5ODIwMA==,-145.0,-200.0,-200.0,-145.0,T3V0Y29tZU5vZGU6NjU5ODIwMQ==,105.0,105.0,170.0,170.0
T2ZmZXJUYWJsZU9mZmVyTm9kZToxMDM1MzMwNjQ=,RmlnaHROb2RlOjc1NzI3,U3BvcnRzYm9va05vZGU6Mjc=,T3V0Y29tZU5vZGU6NjU5ODk1MQ==,-138.0,-200.0,-200.0,-138.0,T3V0Y29tZU5vZGU6NjU5ODk1Mg==,105.0,105.0,150.0,150.0
T2ZmZXJUYWJsZU9mZmVyTm9kZToxMDM1MzI1NjM=,RmlnaHROb2RlOjc1NzIy,U3BvcnRzYm9va05vZGU6MTA=,T3V0Y29tZU5vZGU6NjU5ODE5OA==,-145.0,-145.0,-135.0,-105.0,T3V0Y29tZU5vZGU6NjU5ODE5OQ==,105.0,-135.0,115.0,115.0
T2ZmZXJUYWJsZU9mZmVyTm9kZToxMDM1MzI4ODk=,RmlnaHROb2RlOjc1NzIy,U3BvcnRzYm9va05vZGU6Mg==,T3V0Y29tZU5vZGU6NjU5ODY2MQ==,-135.0,-145.0,-133.0,103.0,T3V0Y29tZU5vZGU6NjU5ODY2MA==,-106.0,-149.0,-108.0,101.0
T2ZmZXJUYWJsZU9mZmVyTm9kZToxMDM1MzI2MTQ=,RmlnaHROb2RlOjc1NzIy,U3BvcnRzYm9va05vZGU6MjE=,T3V0Y29tZU5vZGU6NjU5ODI5NQ==,-149.0,-152.0,-152.0,-120.0,T3V0Y29tZU5vZGU6NjU5ODI5Ng==,103.0,-120.0,105.0,105.0
T2ZmZXJUYWJsZU9mZmVyTm9kZToxMDM1MzMwNTk=,RmlnaHROb2RlOjc1NzIy,U3BvcnRzYm9va05vZGU6Mjc=,T3V0Y29tZU5vZGU6NjU5ODk0MQ==,-150.0,-150.0,-150.0,-150.0,T3V0Y29tZU5vZGU6NjU5ODk0Mg==,110.0,110.0,110.0,110.0
T2ZmZXJUYWJsZU9mZmVyTm9kZToxMDM1MzI1NjY=,RmlnaHROb2RlOjc1NzE5,U3BvcnRzYm9va05vZGU6MjE=,T3V0Y29tZU5vZGU6NjU5ODIwNA==,145.0,145.0,145.0,145.0,T3V0Y29tZU5vZGU6NjU5ODIwNQ==,-213.0,-213.0,-169.0,-169.0
T2ZmZXJUYWJsZU9mZmVyTm9kZToxMDM1MzQ0Mjc=,RmlnaHROb2RlOjc1NzE5,U3BvcnRzYm9va05vZGU6Mjc=,T3V0Y29tZU5vZGU6NjYwMDc5Ng==,163.0,105.0,105.0,163.0,T3V0Y29tZU5vZGU6NjYwMDc5Nw==,-225.0,-225.0,-138.0,-138.0
T2ZmZXJUYWJsZU9mZmVyTm9kZToxMDM1MzI4OTI=,RmlnaHROb2RlOjc1NzE5,U3BvcnRzYm9va05vZGU6Mg==,T3V0Y29tZU5vZGU6NjU5ODY2Ng==,142.0,-107.0,-101.0,142.0,T3V0Y29tZU5vZGU6NjU5ODY2Nw==,-210.0,-210.0,-142.0,-133.0
T2ZmZXJUYWJsZU9mZmVyTm9kZToxMDM1MzI1NjA=,RmlnaHROb2RlOjc1NzE5,U3BvcnRzYm9va05vZGU6MTA=,T3V0Y29tZU5vZGU6NjU5ODE5Mg==,150.0,-130.0,-120.0,150.0,T3V0Y29tZU5vZGU6NjU5ODE5Mw==,-200.0,-200.0,100.0,100.0
T2ZmZXJUYWJsZU9mZmVyTm9kZToxMDM1MzI1NTk=,RmlnaHROb2RlOjc1MTcy,U3BvcnRzYm9va05vZGU6MTA=,T3V0Y29tZU5vZGU6NjU5ODE5MA==,140.0,-172.0,-172.0,140.0,T3V0Y29tZU5vZGU6NjU5ODE5MQ==,-180.0,-180.0,147.0,147.0
T2ZmZXJUYWJsZU9mZmVyTm9kZToxMDM1MzI1Njc=,RmlnaHROb2RlOjc1MTcy,U3BvcnRzYm9va05vZGU6MjE=,T3V0Y29tZU5vZGU6NjU5ODIwNg==,133.0,-192.0,-167.0,133.0,T3V0Y29tZU5vZGU6NjU5ODIwNw==,-196.0,-196.0,115.0,131.0
T2ZmZXJUYWJsZU9mZmVyTm9kZToxMDM1MzMwNjA=,RmlnaHROb2RlOjc1MTcy,U3BvcnRzYm9va05vZGU6Mjc=,T3V0Y29tZU5vZGU6NjU5ODk0Mw==,-110.0,-163.0,-163.0,-110.0,T3V0Y29tZU5vZGU6NjU5ODk0NA==,-120.0,-120.0,120.0,120.0
T2ZmZXJUYWJsZU9mZmVyTm9kZToxMDM1MzI4OTM=,RmlnaHROb2RlOjc1MTcy,U3BvcnRzYm9va05vZGU6Mg==,T3V0Y29tZU5vZGU6NjU5ODY2OQ==,-130.0,-216.0,-197.0,-120.0,T3V0Y29tZU5vZGU6NjU5ODY2OA==,-110.0,-120.0,134.0,146.0
T2ZmZXJUYWJsZU9mZmVyTm9kZToxMDM1MzI4OTA=,RmlnaHROb2RlOjc1NzIx,U3BvcnRzYm9va05vZGU6Mg==,T3V0Y29tZU5vZGU6NjU5ODY2Mw==,-135.0,-135.0,-125.0,-120.0,T3V0Y29tZU5vZGU6NjU5ODY2Mg==,-106.0,-120.0,-115.0,-106.0
T2ZmZXJUYWJsZU9mZmVyTm9kZToxMDM1MzI1NjI=,RmlnaHROb2RlOjc1NzIx,U3BvcnRzYm9va05vZGU6MTA=,T3V0Y29tZU5vZGU6NjU5ODE5Ng==,-120.0,-133.0,-133.0,-110.0,T3V0Y29tZU5vZGU6NjU5ODE5Nw==,-120.0,-120.0,113.0,113.0
T2ZmZXJUYWJsZU9mZmVyTm9kZToxMDM1MzMwNjI=,RmlnaHROb2RlOjc1NzIx,U3BvcnRzYm9va05vZGU6Mjc=,T3V0Y29tZU5vZGU6NjU5ODk0Nw==,-125.0,-125.0,-125.0,-125.0,T3V0Y29tZU5vZGU6NjU5ODk0OA==,-105.0,-105.0,-105.0,-105.0
T2ZmZXJUYWJsZU9mZmVyTm9kZToxMDM1MzI3Mzk=,RmlnaHROb2RlOjc1NzIx,U3BvcnRzYm9va05vZGU6MjE=,T3V0Y29tZU5vZGU6NjU5ODQ3Ng==,-120.0,-141.0,-133.0,-120.0,T3V0Y29tZU5vZGU6NjU5ODQ3Nw==,-120.0,-120.0,-109.0,-102.0
T2ZmZXJUYWJsZU9mZmVyTm9kZToxMDM1MzI1NjE=,RmlnaHROb2RlOjc1NzIw,U3BvcnRzYm9va05vZGU6MTA=,T3V0Y29tZU5vZGU6NjU5ODE5NA==,125.0,125.0,175.0,210.0,T3V0Y29tZU5vZGU6NjU5ODE5NQ==,-165.0,-250.0,-205.0,-165.0
T2ZmZXJUYWJsZU9mZmVyTm9kZToxMDM1MzMwNjM=,RmlnaHROb2RlOjc1NzIw,U3BvcnRzYm9va05vZGU6Mjc=,T3V0Y29tZU5vZGU6NjU5ODk0OQ==,110.0,110.0,163.0,163.0,T3V0Y29tZU5vZGU6NjU5ODk1MA==,-150.0,-225.0,-225.0,-150.0
T2ZmZXJUYWJsZU9mZmVyTm9kZToxMDM1MzI4OTE=,RmlnaHROb2RlOjc1NzIw,U3BvcnRzYm9va05vZGU6Mg==,T3V0Y29tZU5vZGU6NjU5ODY2NA==,104.0,104.0,172.0,172.0,T3V0Y29tZU5vZGU6NjU5ODY2NQ==,-150.0,-260.0,-260.0,-150.0
T2ZmZXJUYWJsZU9mZmVyTm9kZToxMDM1MzI3Mzg=,RmlnaHROb2RlOjc1NzIw,U3BvcnRzYm9va05vZGU6MjE=,T3V0Y29tZU5vZGU6NjU5ODQ3NA==,117.0,117.0,144.0,171.0,T3V0Y29tZU5vZGU6NjU5ODQ3NQ==,-169.0,-256.0,-213.0,-169.0
T2ZmZXJUYWJsZU9mZmVyTm9kZToxMDM1MzMwNjE=,RmlnaHROb2RlOjc1NzIz,U3BvcnRzYm9va05vZGU6Mjc=,T3V0Y29tZU5vZGU6NjU5ODk0NQ==,-200.0,-200.0,-200.0,-200.0,T3V0Y29tZU5vZGU6NjU5ODk0Ng==,150.0,150.0,150.0,150.0
T2ZmZXJUYWJsZU9mZmVyTm9kZToxMDM1MzI1NjU=,RmlnaHROb2RlOjc1NzIz,U3BvcnRzYm9va05vZGU6MTA=,T3V0Y29tZU5vZGU6NjU5ODIwMg==,-200.0,-200.0,-190.0,-190.0,T3V0Y29tZU5vZGU6NjU5ODIwMw==,150.0,150.0,165.0,170.0
T2ZmZXJUYWJsZU9mZmVyTm9kZToxMDM1MzI4ODc=,RmlnaHROb2RlOjc1NzIz,U3BvcnRzYm9va05vZGU6Mg==,T3V0Y29tZU5vZGU6NjU5ODY1Nw==,-180.0,-205.0,-205.0,-170.0,T3V0Y29tZU5vZGU6NjU5ODY1Ng==,124.0,117.0,139.0,139.0
T2ZmZXJUYWJsZU9mZmVyTm9kZToxMDM1MzI3Mzc=,RmlnaHROb2RlOjc1NzIz,U3BvcnRzYm9va05vZGU6MjE=,T3V0Y29tZU5vZGU6NjU5ODQ3Mg==,-208.0,-233.0,-233.0,-208.0,T3V0Y29tZU5vZGU6NjU5ODQ3Mw==,143.0,143.0,151.0,157.0
T2ZmZXJUYWJsZU9mZmVyTm9kZToxMDM1Mzc0Mzc=,RmlnaHROb2RlOjc1Njkx,U3BvcnRzYm9va05vZGU6MjE=,T3V0Y29tZU5vZGU6NjYwNDk1MQ==,-256.0,-476.0,-370.0,-256.0,T3V0Y29tZU5vZGU6NjYwNDk1MA==,169.0,169.0,231.0,278.0
T2ZmZXJUYWJsZU9mZmVyTm9kZToxMDM1Mzc0MjY=,RmlnaHROb2RlOjc1Njkx,U3BvcnRzYm9va05vZGU6MTA=,T3V0Y29tZU5vZGU6NjYwNDkyOQ==,-135.0,-450.0,-420.0,-135.0,T3V0Y29tZU5vZGU6NjYwNDkyOA==,-105.0,-105.0,320.0,350.0
T2ZmZXJUYWJsZU9mZmVyTm9kZToxMDM1Mzk3NDg=,RmlnaHROb2RlOjc1Njkx,U3BvcnRzYm9va05vZGU6Mjc=,T3V0Y29tZU5vZGU6NjYwNzg5Nw==,-333.0,-333.0,-333.0,-333.0,T3V0Y29tZU5vZGU6NjYwNzg5OA==,225.0,225.0,225.0,225.0
T2ZmZXJUYWJsZU9mZmVyTm9kZToxMDM1Mzc2MzE=,RmlnaHROb2RlOjc0NDU3,U3BvcnRzYm9va05vZGU6MjE=,T3V0Y29tZU5vZGU6NjYwNTE3OA==,-312.0,-526.0,-526.0,-312.0,T3V0Y29tZU5vZGU6NjYwNTE3Nw==,199.0,192.0,309.0,320.0
T2ZmZXJUYWJsZU9mZmVyTm9kZToxMDM1Mzc0MzE=,RmlnaHROb2RlOjc0NDU3,U3BvcnRzYm9va05vZGU6MTA=,T3V0Y29tZU5vZGU6NjYwNDkzOQ==,-200.0,-475.0,-450.0,-200.0,T3V0Y29tZU5vZGU6NjYwNDkzOA==,150.0,150.0,350.0,375.0
T2ZmZXJUYWJsZU9mZmVyTm9kZToxMDM1Mzk3Mzg=,RmlnaHROb2RlOjc0NDU3,U3BvcnRzYm9va05vZGU6Mjc=,T3V0Y29tZU5vZGU6NjYwNzg3Nw==,-333.0,-333.0,-333.0,-333.0,T3V0Y29tZU5vZGU6NjYwNzg3OA==,225.0,225.0,225.0,225.0
T2ZmZXJUYWJsZU9mZmVyTm9kZToxMDM1Mzc2MzM=,RmlnaHROb2RlOjc1NzA1,U3BvcnRzYm9va05vZGU6MjE=,T3V0Y29tZU5vZGU6NjYwNTE4MQ==,-120.0,-244.0,-244.0,-120.0,T3V0Y29tZU5vZGU6NjYwNTE4Mg==,-120.0,-120.0,156.0,156.0
T2ZmZXJUYWJsZU9mZmVyTm9kZToxMDM1Mzc0MzI=,RmlnaHROb2RlOjc1NzA1,U3BvcnRzYm9va05vZGU6MTA=,T3V0Y29tZU5vZGU6NjYwNDk0MA==,-120.0,-225.0,-203.0,-120.0,T3V0Y29tZU5vZGU6NjYwNDk0MQ==,-120.0,-120.0,173.0,190.0
T2ZmZXJUYWJsZU9mZmVyTm9kZToxMDM1Mzk3NDc=,RmlnaHROb2RlOjc1NzA1,U3BvcnRzYm9va05vZGU6Mjc=,T3V0Y29tZU5vZGU6NjYwNzg5NQ==,-163.0,-163.0,-163.0,-163.0,T3V0Y29tZU5vZGU6NjYwNzg5Ng==,120.0,120.0,120.0,120.0
T2ZmZXJUYWJsZU9mZmVyTm9kZToxMDM1Mzk3NDY=,RmlnaHROb2RlOjc0NDU2,U3BvcnRzYm9va05vZGU6Mjc=,T3V0Y29tZU5vZGU6NjYwNzg5Mw==,-350.0,-350.0,-350.0,-350.0,T3V0Y29tZU5vZGU6NjYwNzg5NA==,240.0,240.0,240.0,240.0
T2ZmZXJUYWJsZU9mZmVyTm9kZToxMDM1Mzc0NDA=,RmlnaHROb2RlOjc0NDU2,U3BvcnRzYm9va05vZGU6MjE=,T3V0Y29tZU5vZGU6NjYwNDk1Nw==,-357.0,-455.0,-400.0,-357.0,T3V0Y29tZU5vZGU6NjYwNDk1Ng==,223.0,213.0,246.0,285.0
T2ZmZXJUYWJsZU9mZmVyTm9kZToxMDM1Mzc0MzA=,RmlnaHROb2RlOjc0NDU2,U3BvcnRzYm9va05vZGU6MTA=,T3V0Y29tZU5vZGU6NjYwNDkzNw==,-165.0,-600.0,-565.0,-165.0,T3V0Y29tZU5vZGU6NjYwNDkzNg==,125.0,125.0,415.0,425.0
T2ZmZXJUYWJsZU9mZmVyTm9kZToxMDM1Mzc0MzM=,RmlnaHROb2RlOjc1ODgz,U3BvcnRzYm9va05vZGU6MTA=,T3V0Y29tZU5vZGU6NjYwNDk0Mw==,-150.0,-150.0,-125.0,-120.0,T3V0Y29tZU5vZGU6NjYwNDk0Mg==,110.0,-120.0,105.0,120.0
T2ZmZXJUYWJsZU9mZmVyTm9kZToxMDM1Mzk3NDE=,RmlnaHROb2RlOjc1ODgz,U3BvcnRzYm9va05vZGU6Mjc=,T3V0Y29tZU5vZGU6NjYwNzg4Mw==,-138.0,-138.0,-138.0,-138.0,T3V0Y29tZU5vZGU6NjYwNzg4NA==,105.0,105.0,105.0,105.0
T2ZmZXJUYWJsZU9mZmVyTm9kZToxMDM1Mzc0Mzk=,RmlnaHROb2RlOjc1ODgz,U3BvcnRzYm9va05vZGU6MjE=,T3V0Y29tZU5vZGU6NjYwNDk1NQ==,-135.0,-159.0,-143.0,-135.0,T3V0Y29tZU5vZGU6NjYwNDk1NA==,-105.0,-105.0,-105.0,110.0
T2ZmZXJUYWJsZU9mZmVyTm9kZToxMDM1Mzk3NDk=,RmlnaHROb2RlOjc0NTAw,U3BvcnRzYm9va05vZGU6MjE=,T3V0Y29tZU5vZGU6NjYwNzkwMA==,118.0,109.0,132.0,132.0,T3V0Y29tZU5vZGU6NjYwNzg5OQ==,-172.0,-192.0,-192.0,-159.0
T2ZmZXJUYWJsZU9mZmVyTm9kZToxMDM1Mzk3NDI=,RmlnaHROb2RlOjc0NTAw,U3BvcnRzYm9va05vZGU6Mjc=,T3V0Y29tZU5vZGU6NjYwNzg4NQ==,130.0,130.0,130.0,130.0,T3V0Y29tZU5vZGU6NjYwNzg4Ng==,-175.0,-175.0,-175.0,-175.0
T2ZmZXJUYWJsZU9mZmVyTm9kZToxMDM1Mzc0MzU=,RmlnaHROb2RlOjc0NTAw,U3BvcnRzYm9va05vZGU6MTA=,T3V0Y29tZU5vZGU6NjYwNDk0Ng==,150.0,110.0,155.0,155.0,T3V0Y29tZU5vZGU6NjYwNDk0Nw==,-200.0,-200.0,-180.0,-150.0
T2ZmZXJUYWJsZU9mZmVyTm9kZToxMDM1Mzk3NDU=,RmlnaHROb2RlOjc0NTAx,U3BvcnRzYm9va05vZGU6Mjc=,T3V0Y29tZU5vZGU6NjYwNzg5MQ==,-163.0,-163.0,-163.0,-163.0,T3V0Y29tZU5vZGU6NjYwNzg5Mg==,120.0,120.0,120.0,120.0
T2ZmZXJUYWJsZU9mZmVyTm9kZToxMDM1Mzc0MzY=,RmlnaHROb2RlOjc0NTAx,U3BvcnRzYm9va05vZGU6MTA=,T3V0Y29tZU5vZGU6NjYwNDk0OA==,-120.0,-200.0,-190.0,-120.0,T3V0Y29tZU5vZGU6NjYwNDk0OQ==,-120.0,-120.0,165.0,170.0
T2ZmZXJUYWJsZU9mZmVyTm9kZToxMDM1Mzc2MzI=,RmlnaHROb2RlOjc0NTAx,U3BvcnRzYm9va05vZGU6MjE=,T3V0Y29tZU5vZGU6NjYwNTE4MA==,-120.0,-196.0,-196.0,-120.0,T3V0Y29tZU5vZGU6NjYwNTE3OQ==,-120.0,-120.0,134.0,134.0
T2ZmZXJUYWJsZU9mZmVyTm9kZToxMDM1Mzc0NDE=,RmlnaHROb2RlOjc1ODgy,U3BvcnRzYm9va05vZGU6MjE=,T3V0Y29tZU5vZGU6NjYwNDk1OQ==,-357.0,-714.0,-714.0,-357.0,T3V0Y29tZU5vZGU6NjYwNDk1OA==,223.0,223.0,372.0,398.0
T2ZmZXJUYWJsZU9mZmVyTm9kZToxMDM1Mzk3NDQ=,RmlnaHROb2RlOjc1ODgy,U3BvcnRzYm9va05vZGU6Mjc=,T3V0Y29tZU5vZGU6NjYwNzg4OQ==,-350.0,-350.0,-350.0,-350.0,T3V0Y29tZU5vZGU6NjYwNzg5MA==,240.0,240.0,240.0,240.0
T2ZmZXJUYWJsZU9mZmVyTm9kZToxMDM1Mzc0Mjk=,RmlnaHROb2RlOjc1ODgy,U3BvcnRzYm9va05vZGU6MTA=,T3V0Y29tZU5vZGU6NjYwNDkzNQ==,-165.0,-1000.0,-950.0,-165.0,T3V0Y29tZU5vZGU6NjYwNDkzNA==,125.0,125.0,650.0,700.0
T2ZmZXJUYWJsZU9mZmVyTm9kZToxMDM1Mzc0Mzg=,RmlnaHROb2RlOjc0NDU1,U3BvcnRzYm9va05vZGU6MjE=,T3V0Y29tZU5vZGU6NjYwNDk1Mg==,169.0,169.0,169.0,195.0,T3V0Y29tZU5vZGU6NjYwNDk1Mw==,-256.0,-303.0,-270.0,-256.0
T2ZmZXJUYWJsZU9mZmVyTm9kZToxMDM1Mzc0Mjg=,RmlnaHROb2RlOjc0NDU1,U3BvcnRzYm9va05vZGU6MTA=,T3V0Y29tZU5vZGU6NjYwNDkzMg==,170.0,170.0,185.0,220.0,T3V0Y29tZU5vZGU6NjYwNDkzMw==,-250.0,-260.0,-220.0,-205.0
T2ZmZXJUYWJsZU9mZmVyTm9kZToxMDM1Mzk3NDA=,RmlnaHROb2RlOjc0NDU1,U3BvcnRzYm9va05vZGU6Mjc=,T3V0Y29tZU5vZGU6NjYwNzg4MQ==,163.0,163.0,163.0,163.0,T3V0Y29tZU5vZGU6NjYwNzg4Mg==,-225.0,-225.0,-225.0,-225.0
T2ZmZXJUYWJsZU9mZmVyTm9kZToxMDM1Mzk3NDM=,RmlnaHROb2RlOjc0NDU0,U3BvcnRzYm9va05vZGU6Mjc=,T3V0Y29tZU5vZGU6NjYwNzg4Nw==,-125.0,-125.0,-125.0,-125.0,T3V0Y29tZU5vZGU6NjYwNzg4OA==,-105.0,-105.0,-105.0,-105.0
T2ZmZXJUYWJsZU9mZmVyTm9kZToxMDM1Mzc0Mjc=,RmlnaHROb2RlOjc0NDU0,U3BvcnRzYm9va05vZGU6MTA=,T3V0Y29tZU5vZGU6NjYwNDkzMQ==,-250.0,-250.0,-125.0,-125.0,T3V0Y29tZU5vZGU6NjYwNDkzMA==,170.0,-110.0,105.0,170.0
T2ZmZXJUYWJsZU9mZmVyTm9kZToxMDM1Mzg4Mjk=,RmlnaHROb2RlOjc0NDU0,U3BvcnRzYm9va05vZGU6MjE=,T3V0Y29tZU5vZGU6NjYwNjcyOA==,-156.0,-156.0,-139.0,-128.0,T3V0Y29tZU5vZGU6NjYwNjcyOQ==,108.0,-111.0,-103.0,108.0
T2ZmZXJUYWJsZU9mZmVyTm9kZToxMDM1MzkzOTQ=,RmlnaHROb2RlOjc1NzA2,U3BvcnRzYm9va05vZGU6MjE=,T3V0Y29tZU5vZGU6NjYwNzM4MA==,116.0,116.0,123.0,128.0,T3V0Y29tZU5vZGU6NjYwNzM4MQ==,-169.0,-185.0,-185.0,-169.0
T2ZmZXJUYWJsZU9mZmVyTm9kZToxMDM1Mzk3Mzk=,RmlnaHROb2RlOjc1NzA2,U3BvcnRzYm9va05vZGU6Mjc=,T3V0Y29tZU5vZGU6NjYwNzg3OQ==,120.0,120.0,120.0,120.0,T3V0Y29tZU5vZGU6NjYwNzg4MA==,-163.0,-163.0,-163.0,-163.0
T2ZmZXJUYWJsZU9mZmVyTm9kZToxMDM1Mzc0MzQ=,RmlnaHROb2RlOjc1NzA2,U3BvcnRzYm9va05vZGU6MTA=,T3V0Y29tZU5vZGU6NjYwNDk0NA==,-120.0,-120.0,135.0,140.0,T3V0Y29tZU5vZGU6NjYwNDk0NQ==,-120.0,-160.0,-155.0,-120.0
